Pre-optimization QS value:0.9439172044732463Post-optimization QS value:0.980946465214159=== Optimization Result ===
{ 'Objective values': { 'Fixed Psi error: ': [ { 'f': Array(0., dtype=float64),
                                                 'f0': Array(0., dtype=float64)}],
                        'Fixed current profile error: ': [ { 'f': Array(0., dtype=float64),
                                                             'f0': Array(0., dtype=float64)}],
                        'Fixed pressure profile error: ': [ { 'f': Array(0., dtype=float64),
                                                              'f0': Array(0., dtype=float64)}],
                        'Force error: ': [ { 'f0_max': Array(41866147.45480845, dtype=float64),
                                             'f0_max_norm': Array(0.00971997, dtype=float64),
                                             'f0_mean': Array(311279.28857158, dtype=float64),
                                             'f0_mean_norm': Array(7.22690466e-05, dtype=float64),
                                             'f0_min': Array(14.82537775, dtype=float64),
                                             'f0_min_norm': Array(3.44197624e-09, dtype=float64),
                                             'f_max': Array(41130571.63710347, dtype=float64),
                                             'f_max_norm': Array(0.0095492, dtype=float64),
                                             'f_mean': Array(309532.54023269, dtype=float64),
                                             'f_mean_norm': Array(7.18635077e-05, dtype=float64),
                                             'f_min': Array(21.34224479, dtype=float64),
                                             'f_min_norm': Array(4.95498332e-09, dtype=float64)}],
                        'Plasma volume: ': [ { 'f': Array(546.92180526, dtype=float64),
                                               'f0': Array(546.9605049, dtype=float64),
                                               'f0_norm': Array(0., dtype=float64),
                                               'f_norm': Array(0., dtype=float64)}],
                        'Quasi-symmetry (1,0) Boozer error: ': [ { 'f0_max': Array(0.00532511, dtype=float64),
                                                                   'f0_max_norm': Array(0.00086144, dtype=float64),
                                                                   'f0_mean': Array(2.33341372e-05, dtype=float64),
                                                                   'f0_mean_norm': Array(3.77476374e-06, dtype=float64),
                                                                   'f0_min': Array(-0.00505683, dtype=float64),
                                                                   'f0_min_norm': Array(-0.00081804, dtype=float64),
                                                                   'f_max': Array(0.00501696, dtype=float64),
                                                                   'f_max_norm': Array(0.00081159, dtype=float64),
                                                                   'f_mean': Array(2.26437927e-05, dtype=float64),
                                                                   'f_mean_norm': Array(3.66308669e-06, dtype=float64),
                                                                   'f_min': Array(-0.00508, dtype=float64),
                                                                   'f_min_norm': Array(-0.00082179, dtype=float64)}],
                        'R boundary error: ': [ { 'f': Array(0., dtype=float64),
                                                  'f0': Array(0., dtype=float64)}],
                        'Rotational transform: ': [ { 'f0_max': Array(0.08323283, dtype=float64),
                                                      'f0_mean': Array(0.08323283, dtype=float64),
                                                      'f0_min': Array(0.08323283, dtype=float64),
                                                      'f_max': Array(0.08311758, dtype=float64),
                                                      'f_mean': Array(0.08311758, dtype=float64),
                                                      'f_min': Array(0.08311758, dtype=float64)},
                                                    { 'f0_max': Array(0.05165098, dtype=float64),
                                                      'f0_mean': Array(0.05165098, dtype=float64),
                                                      'f0_min': Array(0.05165098, dtype=float64),
                                                      'f_max': Array(0.05220722, dtype=float64),
                                                      'f_mean': Array(0.05220722, dtype=float64),
                                                      'f_min': Array(0.05220722, dtype=float64)}],
                        'Total (sum of squares)': { 'f': Array(2.13707119, dtype=float64),
                                                    'f0': Array(2.15581982, dtype=float64)},
                        'Z boundary error: ': [ { 'f': Array(0., dtype=float64),
                                                  'f0': Array(0., dtype=float64)}]},
  'alltr': [ Array(0.01509151, dtype=float64),
             np.float64(0.0037728773535643328),
             np.float64(0.0009432193383910833),
             np.float64(0.0002358048345977708),
             np.float64(5.89512086494427e-05),
             np.float64(1.4737802162360673e-05),
             np.float64(3.6844505405901683e-06),
             np.float64(9.211126351475421e-07),
             np.float64(2.3027815878688552e-07),
             np.float64(5.756953969672138e-08),
             np.float64(1.4392384924180345e-08),
             np.float64(3.5980962310450862e-09),
             np.float64(8.995240577612717e-10),
             np.float64(2.2488101444031791e-10),
             np.float64(5.622025361007948e-11),
             np.float64(1.405506340251987e-11),
             np.float64(3.513765850629967e-12),
             np.float64(8.784414626574918e-13),
             np.float64(2.1961036566437294e-13),
             np.float64(5.490259141609324e-14),
             np.float64(1.3725647854023309e-14),
             np.float64(3.431411963505827e-15),
             np.float64(8.578529908764569e-16),
             np.float64(2.1446324771911425e-16),
             np.float64(5.361581192977856e-17)],
  'allx': [ Array([ 0.00000000e+00,  0.00000000e+00,  0.00000000e+00,  0.00000000e+00,
        0.00000000e+00,  0.00000000e+00,  0.00000000e+00,  0.00000000e+00,
        0.00000000e+00,  0.00000000e+00,  5.00000000e+01,  0.00000000e+00,
        0.00000000e+00,  0.00000000e+00,  0.00000000e+00,  0.00000000e+00,
        0.00000000e+00,  0.00000000e+00,  0.00000000e+00,  0.00000000e+00,
        0.00000000e+00,  0.00000000e+00,  0.00000000e+00,  0.00000000e+00,
        0.00000000e+00,  0.00000000e+00,  0.00000000e+00,  0.00000000e+00,
        0.00000000e+00,  0.00000000e+00,  0.00000000e+00,  0.00000000e+00,
        0.00000000e+00,  0.00000000e+00,  0.00000000e+00,  0.00000000e+00,
        0.00000000e+00,  0.00000000e+00,  0.00000000e+00,  0.00000000e+00,
        0.00000000e+00,  0.00000000e+00,  0.00000000e+00,  0.00000000e+00,
        0.00000000e+00,  0.00000000e+00,  0.00000000e+00,  7.22947537e-03,
       -6.16850844e-04,  9.15847047e-03, -2.42925203e-03,  0.00000000e+00,
        0.00000000e+00,  0.00000000e+00,  0.00000000e+00,  1.76090323e-03,
        1.04989005e-02, -3.70942836e-02,  2.33602845e-02,  0.00000000e+00,
        0.00000000e+00,  0.00000000e+00,  0.00000000e+00, -6.71358361e-02,
        2.54116595e-02, -2.88722411e-02, -1.06844393e-01,  0.00000000e+00,
        0.00000000e+00,  0.00000000e+00,  0.00000000e+00, -1.32455577e-02,
        1.42656511e-01,  1.01978127e-01,  5.16246851e-01,  8.00000000e+00,
        1.76368157e+00, -1.83808217e-02,  2.09227919e-02, -8.16537949e-02,
        0.00000000e+00,  0.00000000e+00,  0.00000000e+00,  0.00000000e+00,
        1.56607845e-01,  4.49192848e-02, -2.64363809e-01, -2.77542959e-02,
       -1.02636220e-02,  0.00000000e+00,  0.00000000e+00,  0.00000000e+00,
        0.00000000e+00,  4.26984162e-02, -8.70745233e-03,  7.10613801e-02,
       -3.49674895e-03,  3.10054768e-02,  0.00000000e+00,  0.00000000e+00,
        0.00000000e+00,  0.00000000e+00, -3.11107564e-02,  2.97926894e-02,
       -1.81598746e-03, -1.04046249e-02,  2.29898478e-02,  0.00000000e+00,
        0.00000000e+00,  0.00000000e+00,  0.00000000e+00,  5.56278182e-03,
       -3.98085429e-03,  2.92971088e-03,  4.37787813e-03, -5.24912604e-03,
        0.00000000e+00,  0.00000000e+00,  0.00000000e+00,  0.00000000e+00,
        0.00000000e+00,  0.00000000e+00,  0.00000000e+00,  0.00000000e+00,
        0.00000000e+00,  0.00000000e+00,  0.00000000e+00,  0.00000000e+00,
        0.00000000e+00,  0.00000000e+00,  0.00000000e+00,  0.00000000e+00,
        0.00000000e+00,  0.00000000e+00,  0.00000000e+00,  0.00000000e+00,
        0.00000000e+00,  0.00000000e+00,  0.00000000e+00,  0.00000000e+00,
        0.00000000e+00,  0.00000000e+00,  0.00000000e+00,  0.00000000e+00,
        0.00000000e+00,  0.00000000e+00,  0.00000000e+00,  0.00000000e+00,
        0.00000000e+00,  0.00000000e+00,  0.00000000e+00,  0.00000000e+00,
        0.00000000e+00,  0.00000000e+00,  0.00000000e+00,  0.00000000e+00,
        0.00000000e+00,  0.00000000e+00,  0.00000000e+00,  0.00000000e+00,
        0.00000000e+00,  0.00000000e+00,  0.00000000e+00,  0.00000000e+00,
        0.00000000e+00,  0.00000000e+00,  0.00000000e+00,  0.00000000e+00,
        0.00000000e+00,  0.00000000e+00,  0.00000000e+00,  0.00000000e+00,
        0.00000000e+00,  0.00000000e+00,  0.00000000e+00,  0.00000000e+00,
        0.00000000e+00,  0.00000000e+00,  0.00000000e+00,  0.00000000e+00,
        0.00000000e+00,  0.00000000e+00,  0.00000000e+00,  0.00000000e+00,
        0.00000000e+00,  0.00000000e+00,  0.00000000e+00,  0.00000000e+00,
        0.00000000e+00,  0.00000000e+00,  0.00000000e+00,  0.00000000e+00,
       -3.61455674e-03,  2.89277573e-03, -7.67954646e-03,  4.95023231e-03,
       -5.81476293e-03,  0.00000000e+00,  0.00000000e+00,  0.00000000e+00,
        0.00000000e+00,  7.58008341e-03, -1.23638146e-02,  2.57004651e-02,
       -1.56392656e-02,  7.72095025e-03,  0.00000000e+00,  0.00000000e+00,
        0.00000000e+00,  0.00000000e+00, -7.94696210e-02,  1.29198011e-01,
        7.13280687e-03, -1.13967716e-02, -3.68781867e-02,  0.00000000e+00,
        0.00000000e+00,  0.00000000e+00,  0.00000000e+00,  1.12854938e+00,
       -3.02983593e-01,  3.66735813e-01,  2.99188355e-01,  1.87114622e-03,
        0.00000000e+00,  0.00000000e+00,  0.00000000e+00,  0.00000000e+00,
        0.00000000e+00,  0.00000000e+00,  0.00000000e+00,  0.00000000e+00,
        7.98853455e-02,  4.74213658e-02, -3.19609819e-01, -1.82476942e+00,
        0.00000000e+00,  0.00000000e+00,  0.00000000e+00,  0.00000000e+00,
        8.21965681e-02,  3.04303717e-02,  4.40007051e-01, -5.95659419e-03,
        0.00000000e+00,  0.00000000e+00,  0.00000000e+00,  0.00000000e+00,
       -4.96546932e-02,  5.20058386e-02,  2.29358751e-02,  7.64415431e-03,
        0.00000000e+00,  0.00000000e+00,  0.00000000e+00,  0.00000000e+00,
       -1.09169141e-02, -2.27986757e-02,  4.29391367e-03, -1.28364707e-02,
        0.00000000e+00,  0.00000000e+00,  0.00000000e+00,  0.00000000e+00,
        4.44096929e-03,  1.45962476e-03, -3.72256970e-03,  6.44200826e-03,
        0.00000000e+00,  0.00000000e+00,  0.00000000e+00,  0.00000000e+00,
        0.00000000e+00,  0.00000000e+00,  0.00000000e+00,  0.00000000e+00,
        0.00000000e+00,  0.00000000e+00,  0.00000000e+00,  0.00000000e+00,
        0.00000000e+00,  0.00000000e+00,  0.00000000e+00,  0.00000000e+00,
        0.00000000e+00,  0.00000000e+00,  0.00000000e+00,  0.00000000e+00,
        0.00000000e+00,  0.00000000e+00,  0.00000000e+00,  0.00000000e+00,
        0.00000000e+00,  0.00000000e+00,  0.00000000e+00,  0.00000000e+00,
        0.00000000e+00,  0.00000000e+00,  0.00000000e+00,  0.00000000e+00],      dtype=float64),
            Array([ 0.00000000e+00,  0.00000000e+00,  0.00000000e+00,  0.00000000e+00,
        0.00000000e+00,  0.00000000e+00,  0.00000000e+00,  0.00000000e+00,
        0.00000000e+00,  0.00000000e+00,  5.00000000e+01, -5.30909207e-07,
        6.27111519e-07,  2.97737108e-06, -1.52367967e-06,  1.97104505e-06,
       -7.61812108e-07,  1.65725420e-06, -7.69676335e-07,  2.34429565e-07,
        6.48787871e-06, -1.09599707e-05,  6.25073330e-06, -2.12246679e-06,
        3.51888052e-07, -8.20416609e-07,  9.01770379e-07, -5.30843987e-07,
       -1.02420000e-05,  7.63942187e-06, -5.04222598e-06,  2.17741324e-06,
        1.76664422e-06, -4.69311582e-07,  1.14551058e-06, -8.69343510e-06,
        1.15274692e-05, -5.90776684e-06,  6.78610823e-06, -6.76623778e-06,
       -1.01346727e-07, -3.17263032e-06, -5.81132798e-07,  9.71113980e-06,
       -7.06773002e-06,  7.54963033e-06, -4.89761878e-06,  7.23203957e-03,
       -6.16531032e-04,  9.16120712e-03, -2.43194072e-03, -1.01541441e-05,
        3.55975827e-06, -4.75668542e-06,  1.40294462e-06,  1.75495935e-03,
        1.04998760e-02, -3.70959430e-02,  2.33627999e-02,  1.43587562e-05,
       -2.01807884e-05, -1.84703485e-06, -2.01243071e-06, -6.71353681e-02,
        2.54080845e-02, -2.88674250e-02, -1.06848075e-01,  5.95263907e-06,
        2.22747622e-05, -3.46847833e-05,  5.51341457e-05, -1.32585811e-02,
        1.42659469e-01,  1.01969119e-01,  5.16230985e-01,  8.00000000e+00,
        1.76354321e+00, -1.83810914e-02,  2.09226884e-02, -8.16551914e-02,
       -8.59387861e-06,  1.16810971e-05,  4.87032334e-06,  1.26778398e-06,
        1.56643694e-01,  4.49213455e-02, -2.64364281e-01, -2.77526642e-02,
       -1.02690006e-02,  7.28765643e-06, -1.80514812e-05,  2.20710660e-05,
        2.51702345e-06,  4.27013473e-02, -8.70796558e-03,  7.10585359e-02,
       -3.50046110e-03,  3.10054159e-02, -1.00031492e-05,  1.76966836e-05,
       -1.77515435e-05, -8.11451032e-06, -3.11106078e-02,  2.97960056e-02,
       -1.81398680e-03, -1.04021247e-02,  2.29842384e-02,  7.50892938e-06,
       -8.75221861e-06, -1.28304367e-05, -9.88843435e-07,  5.56291298e-03,
       -3.98128606e-03,  2.92793545e-03,  4.37646731e-03, -5.24759653e-03,
       -1.59190235e-06,  4.62718288e-06,  4.79671815e-06,  5.54834669e-06,
       -4.39339375e-06,  1.56472299e-06, -1.24356927e-06,  4.43445572e-06,
       -6.83284715e-06,  3.26260828e-06,  3.18422252e-06, -7.03422384e-06,
        3.20880263e-06, -9.69585560e-07,  1.10100631e-06, -2.39731764e-06,
       -6.64096020e-09,  2.66069157e-06, -2.38105150e-06, -1.32294430e-06,
        3.32219805e-06,  5.02648868e-07, -3.39937089e-08,  1.31323452e-06,
        1.50807146e-07,  1.50428267e-06, -3.22490347e-06,  6.46726905e-06,
       -4.18546163e-06,  9.76162394e-07, -6.29541427e-07, -2.42802048e-07,
        4.47475460e-07,  3.85971365e-07, -2.91392068e-06,  3.65720810e-06,
       -6.36330258e-06,  2.23712213e-06, -2.74720837e-06,  1.30178565e-06,
        4.34875659e-07, -1.09672736e-06, -1.79552983e-07,  1.32062437e-06,
       -2.29197662e-06,  2.40440650e-06, -1.55576647e-06,  1.11792842e-06,
       -3.39420132e-07,  3.34530027e-07, -1.48638157e-07,  1.06319654e-07,
       -8.50102387e-07,  1.48806788e-06, -1.19468562e-06,  6.32444291e-07,
       -5.93499882e-08,  1.20021108e-07, -1.13819036e-06,  1.70406850e-06,
       -8.87820489e-07,  1.35860776e-06, -1.78253174e-06,  1.43979513e-06,
       -5.57595524e-07,  1.09982365e-07,  4.65935726e-08,  3.69365193e-06,
       -2.29211285e-06,  5.16967055e-06, -3.82370009e-06,  1.57539308e-06,
       -1.08686385e-06,  5.59362700e-07, -1.97829855e-07, -8.13179937e-07,
       -3.61542307e-03,  2.89467193e-03, -7.67924126e-03,  4.95214373e-03,
       -5.81614722e-03,  1.61047890e-06, -9.06703029e-07,  2.19980070e-07,
        4.59104687e-07,  7.58087465e-03, -1.23648074e-02,  2.57021848e-02,
       -1.56423007e-02,  7.72250008e-03, -4.56476624e-07, -1.96749154e-07,
        7.19450300e-08, -3.97787812e-07, -7.94741150e-02,  1.29200709e-01,
        7.13130327e-03, -1.14001082e-02, -3.68779977e-02,  2.13718497e-06,
       -4.38953612e-07, -1.43400386e-07,  1.26551795e-06,  1.12854673e+00,
       -3.02970449e-01,  3.66742622e-01,  2.99179350e-01,  1.87655272e-03,
       -4.71280947e-06,  5.92141579e-06, -1.87344416e-06, -4.94606973e-06,
        5.12702926e-06, -1.29096082e-06,  2.99536226e-06, -3.21298434e-06,
        7.98892014e-02,  4.74186711e-02, -3.19607184e-01, -1.82477999e+00,
       -5.32572242e-07,  4.05114279e-06, -3.02611535e-06,  3.03676138e-06,
        8.21928986e-02,  3.04336528e-02,  4.40000400e-01, -5.95441964e-03,
       -3.27301038e-06, -3.33101435e-06,  3.12223797e-06, -3.76636122e-06,
       -4.96510218e-02,  5.20017771e-02,  2.29413073e-02,  7.64326070e-03,
       -5.36683979e-06,  1.56831906e-06, -3.08462055e-06,  3.07706410e-06,
       -1.09190442e-02, -2.27957652e-02,  4.28975196e-03, -1.28373136e-02,
        5.22693732e-06, -2.42905245e-06,  2.95658857e-06, -2.22394763e-06,
        4.44287233e-03,  1.45754153e-03, -3.72000454e-03,  6.44147786e-03,
       -2.18085562e-06,  2.30414995e-06, -1.84498271e-06,  1.28763680e-06,
       -1.30493729e-06,  1.83985743e-06, -2.82188549e-06,  2.09868147e-07,
        1.78722240e-06, -1.79558972e-06,  1.23665041e-06, -1.17925547e-06,
        1.19142189e-06, -1.32049875e-06,  2.13991493e-06, -9.65308585e-07,
       -1.76302957e-06,  1.04027327e-06, -5.97006332e-07,  7.79682732e-07,
       -9.01303097e-07,  1.09388734e-06, -1.09906670e-06, -1.25478695e-07,
        1.52273732e-06, -7.85116942e-07,  6.48630492e-07, -6.03056249e-07,
        8.17186643e-07, -8.13820273e-07,  1.00475717e-06, -1.10435877e-06],      dtype=float64)],
  'constr_violation': Array(0., dtype=float64),
  'cost': Array(2.13707119, dtype=float64),
  'f0se': Array([ 0.00000000e+00, -5.41155857e-01, -1.44114974e+00,  4.09409544e-02,
       -2.25144549e-02,  1.17013053e-01, -2.35990978e-02,  5.60075166e-02,
        1.03213244e-02,  8.40294169e-02,  0.00000000e+00, -3.19759334e-02,
        0.00000000e+00, -1.45098822e-02,  0.00000000e+00,  0.00000000e+00,
        0.00000000e+00,  0.00000000e+00,  0.00000000e+00,  0.00000000e+00,
        0.00000000e+00,  0.00000000e+00,  0.00000000e+00,  0.00000000e+00,
        2.03141756e-02,  0.00000000e+00,  6.33670743e-03,  2.71202022e-02,
        0.00000000e+00, -9.72816596e-03,  0.00000000e+00,  1.63359043e-03,
        2.59356424e-02,  4.77733914e-02,  1.96446060e-01,  1.18407908e-01,
        9.44432895e-02,  1.67784595e-02,  4.11751924e-04,  0.00000000e+00,
        0.00000000e+00, -6.53868252e-03, -3.51020113e-02,  3.24294172e-02,
        0.00000000e+00,  1.03506062e-02,  0.00000000e+00,  0.00000000e+00,
        0.00000000e+00,  0.00000000e+00,  0.00000000e+00,  0.00000000e+00,
        0.00000000e+00,  0.00000000e+00,  0.00000000e+00,  8.16861633e-03,
       -1.81785477e-02,  0.00000000e+00,  0.00000000e+00, -2.78559039e-02,
        0.00000000e+00,  0.00000000e+00,  4.05093787e-03,  0.00000000e+00,
       -5.15770436e-03,  0.00000000e+00,  1.73964803e-01, -1.80711249e-01,
        1.11959029e-01, -1.43887673e-02,  3.58282890e-02, -7.58393469e-02,
        3.38423409e-03, -1.40385778e-03,  2.11916585e-02,  0.00000000e+00,
        0.00000000e+00, -4.78890573e-03,  0.00000000e+00,  0.00000000e+00,
        0.00000000e+00,  0.00000000e+00,  0.00000000e+00,  0.00000000e+00,
        0.00000000e+00,  0.00000000e+00,  0.00000000e+00, -1.33553536e-02,
        1.01182521e-02,  0.00000000e+00,  0.00000000e+00,  1.43950069e-02,
        0.00000000e+00,  0.00000000e+00,  2.48599623e-02,  0.00000000e+00,
       -2.64337764e-03, -7.24983348e-02, -3.93753544e-01,  1.35575826e-01,
        1.40004151e-02,  6.19630450e-02,  0.00000000e+00,  2.32064311e-03,
        2.48814585e-02,  0.00000000e+00,  0.00000000e+00,  0.00000000e+00,
        0.00000000e+00,  1.45446481e-02,  0.00000000e+00,  0.00000000e+00,
        0.00000000e+00,  0.00000000e+00,  0.00000000e+00,  0.00000000e+00,
        0.00000000e+00,  0.00000000e+00, -5.84424677e-03,  1.47827018e-02,
        0.00000000e+00,  0.00000000e+00,  0.00000000e+00,  0.00000000e+00,
       -1.03465315e-02,  1.23546767e-02,  0.00000000e+00,  5.75769458e-02,
       -2.58910921e-02, -2.19332314e-02,  3.84793724e-01,  1.89959562e-03,
       -1.73136324e-01, -2.43307285e-02, -2.31894437e-02,  9.26562232e-02,
        1.33105182e-01, -1.42022134e-02,  0.00000000e+00,  0.00000000e+00,
        4.48577471e-03, -1.08141138e-02,  0.00000000e+00,  0.00000000e+00,
        0.00000000e+00,  0.00000000e+00,  0.00000000e+00,  0.00000000e+00,
        0.00000000e+00,  0.00000000e+00,  1.74752304e-02, -1.27836783e-03,
        0.00000000e+00,  0.00000000e+00,  0.00000000e+00, -2.92564809e-02,
        4.23818772e-02,  0.00000000e+00,  0.00000000e+00, -1.56513257e-02,
        2.30879797e-02,  0.00000000e+00,  0.00000000e+00, -2.04961778e-01,
        1.08515081e-01, -1.60335324e-01, -8.52550997e-02, -1.01924928e-01,
       -1.64709408e-01,  0.00000000e+00,  0.00000000e+00,  0.00000000e+00,
       -9.61977623e-04,  1.11414359e-02,  0.00000000e+00,  0.00000000e+00,
        0.00000000e+00,  0.00000000e+00,  0.00000000e+00,  0.00000000e+00,
        0.00000000e+00,  1.21646453e-02, -1.28139139e-02,  0.00000000e+00,
        0.00000000e+00,  0.00000000e+00, -1.17298448e-02,  2.42029954e-02,
        1.14783281e-02, -1.70514920e-03,  0.00000000e+00,  7.36049100e-02,
        0.00000000e+00, -1.68423882e-03,  5.13132748e-02,  8.31530568e-02,
        0.00000000e+00,  6.42727150e-02,  7.68712616e-02,  8.43435657e-02,
        1.39135587e-01,  0.00000000e+00, -1.87251828e-03, -2.08526431e-03,
        5.23199392e-03, -6.09325521e-03,  0.00000000e+00,  0.00000000e+00,
        0.00000000e+00,  0.00000000e+00,  0.00000000e+00,  0.00000000e+00,
        0.00000000e+00, -1.77647674e-02,  0.00000000e+00,  0.00000000e+00,
        0.00000000e+00, -1.86342451e-02,  2.24749053e-02,  0.00000000e+00,
       -2.20995769e-02,  0.00000000e+00,  5.49320534e-02, -2.33746678e-03,
       -5.55496060e-02,  0.00000000e+00, -4.34846977e-04,  0.00000000e+00,
        0.00000000e+00, -1.76752616e-01, -2.86128370e-02, -3.48853083e-04,
       -8.17033595e-02,  2.72112448e-03,  0.00000000e+00,  1.13552329e-02,
        0.00000000e+00,  5.49144634e-03,  0.00000000e+00,  0.00000000e+00,
        0.00000000e+00,  0.00000000e+00,  0.00000000e+00,  0.00000000e+00,
       -1.07225951e-02,  1.09140467e-02,  0.00000000e+00, -4.91796859e-04,
        0.00000000e+00,  3.78929128e-02, -9.26149907e-04, -4.30211943e-03,
        7.27206915e-03,  2.27224268e-02, -7.26708185e-03, -2.22062872e-02,
        3.49215962e-02,  2.77236393e-02,  5.66816067e-02, -1.33311064e-01,
        0.00000000e+00,  9.14465199e-02,  0.00000000e+00, -9.31649746e-03,
        4.90382652e-02, -3.88970367e-02,  0.00000000e+00, -4.35818133e-03,
        8.71085712e-04, -3.43805654e-04,  0.00000000e+00,  0.00000000e+00,
        0.00000000e+00,  0.00000000e+00,  0.00000000e+00,  0.00000000e+00,
        1.36092256e-02,  0.00000000e+00,  0.00000000e+00,  0.00000000e+00,
        1.80347955e-02, -3.44063121e-02,  0.00000000e+00,  0.00000000e+00,
        0.00000000e+00, -8.45718298e-03,  0.00000000e+00,  0.00000000e+00,
        0.00000000e+00, -1.12256014e-02, -6.64591485e-02,  1.78922434e-01,
        0.00000000e+00, -8.47895390e-02,  2.39614451e-02,  4.95328971e-02,
       -3.38197814e-02,  2.49294607e-02,  0.00000000e+00,  0.00000000e+00,
       -8.82228618e-03,  0.00000000e+00,  0.00000000e+00,  0.00000000e+00,
        0.00000000e+00,  0.00000000e+00,  0.00000000e+00,  4.80723722e-03,
       -5.71299770e-03,  0.00000000e+00,  0.00000000e+00,  0.00000000e+00,
       -2.76197000e-02,  1.92170255e-02,  0.00000000e+00,  0.00000000e+00,
        0.00000000e+00,  0.00000000e+00,  0.00000000e+00,  0.00000000e+00,
        1.43091518e-02,  7.73154426e-03,  8.13169263e-02, -2.75190657e-01,
        3.45135125e-03,  2.63268553e-02, -5.47784382e-02, -7.31562022e-02,
        3.68146018e-02, -1.86752233e-02,  0.00000000e+00,  0.00000000e+00,
        1.31456709e-02,  0.00000000e+00,  0.00000000e+00,  0.00000000e+00,
        0.00000000e+00,  0.00000000e+00,  0.00000000e+00, -4.46272342e-03,
        0.00000000e+00,  0.00000000e+00,  0.00000000e+00,  0.00000000e+00,
        2.24152049e-02, -4.95303390e-03,  0.00000000e+00,  0.00000000e+00,
        0.00000000e+00, -4.90215660e-04,  1.26752025e-02,  0.00000000e+00,
       -1.95013463e-03, -5.99258782e-03, -7.13765832e-02,  3.12355665e-01,
       -9.46386885e-03, -7.41378084e-03,  9.35366091e-02,  6.59445862e-02,
       -5.49046245e-02,  0.00000000e+00,  0.00000000e+00,  0.00000000e+00,
       -1.16606385e-02,  0.00000000e+00,  0.00000000e+00,  0.00000000e+00,
        0.00000000e+00,  0.00000000e+00,  0.00000000e+00,  0.00000000e+00,
        0.00000000e+00,  0.00000000e+00,  0.00000000e+00,  0.00000000e+00,
       -1.03189379e-02,  9.98483064e-03,  0.00000000e+00,  0.00000000e+00,
        0.00000000e+00,  9.28617369e-03, -3.23649390e-03,  0.00000000e+00,
        1.23865300e-02,  1.06064923e-02,  6.17655399e-02, -3.54135890e-01,
        3.05451516e-02,  0.00000000e+00, -1.01265382e-01, -5.67530582e-02,
        7.29755592e-02,  0.00000000e+00,  0.00000000e+00,  0.00000000e+00,
        1.01314967e-02,  0.00000000e+00,  0.00000000e+00,  0.00000000e+00,
        0.00000000e+00,  0.00000000e+00,  0.00000000e+00,  0.00000000e+00,
        0.00000000e+00,  0.00000000e+00,  0.00000000e+00,  0.00000000e+00,
        1.77422864e-02, -1.14700112e-02,  0.00000000e+00,  0.00000000e+00,
        0.00000000e+00, -8.10163610e-03,  2.86522156e-02,  0.00000000e+00,
       -6.53505259e-03, -1.82043134e-02, -6.73672685e-02,  3.75754994e-01,
       -4.50947271e-02,  0.00000000e+00,  1.02231641e-01,  2.22996661e-02,
       -9.45473593e-02,  0.00000000e+00, -4.24615120e-04,  0.00000000e+00,
       -5.31885407e-03,  7.44394904e-04,  0.00000000e+00,  0.00000000e+00,
        0.00000000e+00,  0.00000000e+00,  0.00000000e+00,  0.00000000e+00,
        0.00000000e+00,  0.00000000e+00,  0.00000000e+00,  0.00000000e+00,
       -1.73857420e-02,  3.59090410e-03,  0.00000000e+00,  0.00000000e+00,
        0.00000000e+00,  2.96895616e-02, -1.10611607e-02,  0.00000000e+00,
        0.00000000e+00,  6.25318340e-03,  5.52679280e-02, -3.81266627e-01,
        6.59228304e-02, -1.78334422e-02, -9.77474954e-02,  0.00000000e+00,
        1.10142479e-01,  0.00000000e+00,  0.00000000e+00,  0.00000000e+00,
        0.00000000e+00, -3.24064896e-03,  0.00000000e+00,  0.00000000e+00,
        0.00000000e+00,  0.00000000e+00,  0.00000000e+00,  0.00000000e+00,
        0.00000000e+00,  0.00000000e+00,  0.00000000e+00,  0.00000000e+00,
        1.55269245e-02,  0.00000000e+00,  0.00000000e+00,  0.00000000e+00,
        0.00000000e+00, -1.49092248e-02,  2.69928737e-02,  0.00000000e+00,
       -1.46640890e-03, -8.89559877e-03, -4.51821827e-02,  3.75465940e-01,
       -8.63069655e-02,  2.90289105e-02,  8.11346730e-02,  0.00000000e+00,
       -1.18864913e-01,  0.00000000e+00,  0.00000000e+00,  3.59331894e-03,
        0.00000000e+00,  3.96927918e-03,  0.00000000e+00,  0.00000000e+00,
        0.00000000e+00,  0.00000000e+00,  0.00000000e+00,  0.00000000e+00,
        0.00000000e+00,  0.00000000e+00,  0.00000000e+00,  3.24128729e-03,
       -1.08121405e-02,  0.00000000e+00,  0.00000000e+00,  0.00000000e+00,
        0.00000000e+00,  3.37327147e-02, -2.53226780e-02,  0.00000000e+00,
        0.00000000e+00,  2.93108190e-03,  3.56712936e-02, -3.63143792e-01,
        1.04716296e-01, -4.44643328e-02, -6.55449512e-02,  1.10439214e-02,
        1.18175928e-01,  0.00000000e+00,  0.00000000e+00, -8.51222863e-03,
        0.00000000e+00, -4.12235371e-03,  0.00000000e+00,  0.00000000e+00,
        0.00000000e+00,  0.00000000e+00,  0.00000000e+00], dtype=float64),
  'fse': Array([ 0.00000000e+00, -5.06472688e-01, -1.43378341e+00,  2.10826714e-02,
       -1.27166970e-02,  1.05917418e-01, -1.70856263e-02,  4.64220013e-02,
        1.71358378e-02,  7.62919919e-02,  0.00000000e+00, -3.99125956e-02,
        7.02762346e-03, -2.15690306e-02,  0.00000000e+00,  0.00000000e+00,
        0.00000000e+00,  0.00000000e+00,  0.00000000e+00,  0.00000000e+00,
        0.00000000e+00,  0.00000000e+00,  0.00000000e+00, -2.64009888e-03,
        2.74413144e-02, -4.58056594e-03,  1.35624544e-02,  1.94544832e-02,
        0.00000000e+00, -1.64914781e-02,  0.00000000e+00,  0.00000000e+00,
        3.86580429e-02,  3.71441947e-02,  2.03277670e-01,  1.19064978e-01,
        8.82982503e-02,  2.49468976e-02,  0.00000000e+00,  0.00000000e+00,
        0.00000000e+00,  0.00000000e+00, -4.41305102e-02,  4.05291832e-02,
       -1.52502289e-03,  1.70383594e-02, -7.96820725e-04,  0.00000000e+00,
        0.00000000e+00,  0.00000000e+00,  0.00000000e+00,  0.00000000e+00,
        0.00000000e+00,  0.00000000e+00,  0.00000000e+00,  1.47828154e-02,
       -2.71242155e-02,  1.82377360e-03,  0.00000000e+00, -1.92708696e-02,
        0.00000000e+00,  0.00000000e+00,  0.00000000e+00,  4.02532658e-03,
       -1.32229784e-02,  0.00000000e+00,  1.84338312e-01, -1.82741645e-01,
        1.13518264e-01, -2.50645813e-02,  4.32741080e-02, -8.39163830e-02,
        7.20655262e-03, -9.67899399e-03,  3.00992074e-02,  0.00000000e+00,
        0.00000000e+00, -1.25132173e-02,  3.53316869e-03,  0.00000000e+00,
        0.00000000e+00,  0.00000000e+00,  0.00000000e+00,  0.00000000e+00,
        0.00000000e+00,  0.00000000e+00,  0.00000000e+00, -2.12274887e-02,
        1.78344551e-02,  0.00000000e+00,  0.00000000e+00,  5.50666855e-03,
        0.00000000e+00,  0.00000000e+00,  3.45842292e-02,  0.00000000e+00,
        0.00000000e+00, -7.33370897e-02, -3.79747102e-01,  1.24686636e-01,
        1.78879005e-02,  6.94025325e-02,  0.00000000e+00,  6.67227842e-03,
        1.52776067e-02,  3.61328954e-03, -4.32419970e-03,  0.00000000e+00,
       -1.32132933e-03,  2.19889216e-02, -1.19116445e-03,  0.00000000e+00,
        0.00000000e+00,  0.00000000e+00,  0.00000000e+00,  0.00000000e+00,
        0.00000000e+00,  0.00000000e+00, -1.26174154e-02,  2.22000538e-02,
       -4.46531911e-03,  0.00000000e+00,  0.00000000e+00,  2.46561892e-03,
       -2.16811746e-02,  2.03202621e-02,  0.00000000e+00,  6.85786505e-02,
       -3.81186171e-02, -1.70098195e-02,  3.49664589e-01,  3.00496632e-02,
       -1.69686320e-01, -2.51521930e-02, -1.09561916e-02,  8.97828459e-02,
        1.46825591e-01, -2.08772056e-02,  0.00000000e+00,  0.00000000e+00,
        1.13418869e-02, -1.79154947e-02,  0.00000000e+00,  0.00000000e+00,
        0.00000000e+00,  0.00000000e+00,  0.00000000e+00,  0.00000000e+00,
        0.00000000e+00, -1.73227696e-03,  2.43927716e-02, -7.83957064e-03,
        0.00000000e+00,  0.00000000e+00,  0.00000000e+00, -3.76975172e-02,
        4.69519627e-02,  0.00000000e+00,  0.00000000e+00, -2.43012282e-02,
        2.88948447e-02,  0.00000000e+00,  0.00000000e+00, -2.13832326e-01,
        9.41048558e-02, -1.52980047e-01, -1.01257182e-01, -9.37307456e-02,
       -1.71837572e-01,  0.00000000e+00,  0.00000000e+00,  0.00000000e+00,
       -9.11346109e-03,  1.92069771e-02,  0.00000000e+00,  0.00000000e+00,
        0.00000000e+00,  0.00000000e+00,  0.00000000e+00,  0.00000000e+00,
        0.00000000e+00,  1.86819090e-02, -1.90309526e-02,  0.00000000e+00,
        0.00000000e+00,  0.00000000e+00, -2.10487189e-02,  3.05234996e-02,
        8.41060153e-03,  0.00000000e+00,  0.00000000e+00,  8.08707451e-02,
        0.00000000e+00,  0.00000000e+00,  3.55022377e-02,  8.19456121e-02,
        0.00000000e+00,  5.50620181e-02,  8.41348341e-02,  7.39926690e-02,
        1.43323617e-01,  0.00000000e+00,  0.00000000e+00, -1.16850214e-02,
        1.24725812e-02, -1.29113022e-02,  0.00000000e+00,  0.00000000e+00,
        0.00000000e+00,  0.00000000e+00,  0.00000000e+00,  0.00000000e+00,
        4.83189340e-03, -2.38188302e-02,  0.00000000e+00,  0.00000000e+00,
        0.00000000e+00, -2.85203873e-02,  3.01430562e-02,  0.00000000e+00,
       -1.40816937e-02, -6.42586248e-03,  6.36931849e-02, -1.10676152e-03,
       -5.00210927e-02,  0.00000000e+00,  0.00000000e+00,  0.00000000e+00,
        0.00000000e+00, -1.70199456e-01, -3.68672834e-02,  0.00000000e+00,
       -8.55033305e-02,  1.19488981e-02,  0.00000000e+00,  1.76176748e-02,
       -6.62323689e-03,  1.30758508e-02, -5.41270846e-04,  0.00000000e+00,
        0.00000000e+00,  0.00000000e+00,  0.00000000e+00,  0.00000000e+00,
       -1.67343853e-02,  1.54852849e-02,  0.00000000e+00,  0.00000000e+00,
       -7.73528936e-03,  4.68363054e-02, -6.00027115e-03,  0.00000000e+00,
        0.00000000e+00,  3.09673269e-02, -1.02962601e-02, -1.54872474e-02,
        2.09413508e-02,  3.59368486e-02,  4.35353934e-02, -1.35878297e-01,
        0.00000000e+00,  8.03500086e-02,  4.07749163e-03, -2.07875497e-02,
        5.36854931e-02, -4.80350530e-02,  0.00000000e+00, -1.20099621e-02,
        9.48085371e-03, -7.38303676e-03,  4.38399235e-04,  0.00000000e+00,
        0.00000000e+00,  0.00000000e+00,  0.00000000e+00, -2.08325544e-03,
        1.84255008e-02,  0.00000000e+00,  0.00000000e+00,  0.00000000e+00,
        2.70531824e-02, -4.04728245e-02,  0.00000000e+00,  0.00000000e+00,
        0.00000000e+00, -1.47150336e-02,  0.00000000e+00,  0.00000000e+00,
        0.00000000e+00, -1.62991414e-02, -5.17599554e-02,  1.83050087e-01,
        0.00000000e+00, -7.70538109e-02,  1.71348767e-02,  6.19821181e-02,
       -4.04314760e-02,  3.04958904e-02,  0.00000000e+00,  3.94023746e-03,
       -1.68789304e-02,  5.69496240e-03, -3.23641629e-03,  0.00000000e+00,
        0.00000000e+00,  0.00000000e+00,  0.00000000e+00,  9.91196293e-03,
       -9.66587089e-03,  0.00000000e+00,  0.00000000e+00,  0.00000000e+00,
       -3.40120836e-02,  2.52943730e-02,  0.00000000e+00,  0.00000000e+00,
        0.00000000e+00,  0.00000000e+00, -7.90806575e-03,  0.00000000e+00,
        8.75846577e-03,  1.51014771e-02,  6.74155672e-02, -2.79990714e-01,
        7.02472839e-03,  1.72757394e-02, -4.67945925e-02, -8.28833502e-02,
        4.32675217e-02, -2.45249391e-02,  0.00000000e+00, -5.76666473e-04,
        2.14029069e-02, -1.70311130e-03,  2.36032427e-03,  0.00000000e+00,
        0.00000000e+00,  0.00000000e+00,  0.00000000e+00, -8.68478876e-03,
        0.00000000e+00,  0.00000000e+00,  0.00000000e+00, -3.83964729e-03,
        2.83304289e-02, -1.22577180e-02,  0.00000000e+00,  0.00000000e+00,
        0.00000000e+00, -1.12000105e-02,  2.04151540e-02,  0.00000000e+00,
        0.00000000e+00, -1.32297493e-02, -5.70941787e-02,  3.15440309e-01,
       -1.41299789e-02, -4.26792019e-04,  8.62951342e-02,  7.51803202e-02,
       -6.39154636e-02,  0.00000000e+00,  0.00000000e+00,  0.00000000e+00,
       -1.92055357e-02,  2.41268052e-03, -2.23220854e-03,  0.00000000e+00,
        0.00000000e+00,  0.00000000e+00,  0.00000000e+00,  2.17901864e-03,
        0.00000000e+00,  0.00000000e+00,  0.00000000e+00,  3.01511623e-03,
       -1.69122687e-02,  1.85369894e-02,  0.00000000e+00,  0.00000000e+00,
        0.00000000e+00,  1.82673696e-02, -1.25285248e-02,  0.00000000e+00,
        6.39447185e-03,  1.84387915e-02,  5.08490709e-02, -3.59712393e-01,
        3.55124550e-02,  0.00000000e+00, -9.22955606e-02, -6.58733990e-02,
        8.13169151e-02,  0.00000000e+00,  7.83549168e-03,  0.00000000e+00,
        1.78927529e-02, -5.71110739e-03,  2.48975997e-04,  0.00000000e+00,
        0.00000000e+00,  0.00000000e+00,  0.00000000e+00,  0.00000000e+00,
        0.00000000e+00,  0.00000000e+00,  0.00000000e+00,  0.00000000e+00,
        2.56233604e-02, -1.90101946e-02,  0.00000000e+00,  0.00000000e+00,
        0.00000000e+00, -1.87592461e-02,  3.71306135e-02,  0.00000000e+00,
        0.00000000e+00, -2.46991825e-02, -5.70193976e-02,  3.80334608e-01,
       -4.97378910e-02,  1.62411844e-03,  9.38287311e-02,  2.99707931e-02,
       -1.04033060e-01,  0.00000000e+00, -7.83729318e-03,  0.00000000e+00,
       -1.26831896e-02,  8.08774917e-03,  0.00000000e+00,  0.00000000e+00,
        0.00000000e+00,  0.00000000e+00,  0.00000000e+00,  0.00000000e+00,
        0.00000000e+00,  0.00000000e+00,  0.00000000e+00,  6.35576323e-03,
       -2.44088513e-02,  9.93767490e-03,  0.00000000e+00,  0.00000000e+00,
        0.00000000e+00,  3.86628469e-02, -1.81197785e-02,  0.00000000e+00,
        0.00000000e+00,  1.22768097e-02,  4.44652802e-02, -3.85896077e-01,
        7.16125040e-02, -2.31647941e-02, -8.95171239e-02, -4.89140329e-03,
        1.19077210e-01,  0.00000000e+00,  3.77954930e-03, -4.81038091e-03,
        7.39296452e-03, -1.05019069e-02,  0.00000000e+00,  0.00000000e+00,
        0.00000000e+00,  0.00000000e+00,  0.00000000e+00,  0.00000000e+00,
        0.00000000e+00,  0.00000000e+00,  0.00000000e+00, -5.77919559e-03,
        2.17900021e-02, -7.18652715e-03,  0.00000000e+00,  0.00000000e+00,
        2.59720409e-03, -2.34552123e-02,  3.68305356e-02, -1.30875185e-04,
        0.00000000e+00, -1.57729109e-02, -3.57277573e-02,  3.80796867e-01,
       -9.18071868e-02,  3.39784377e-02,  7.26112811e-02,  0.00000000e+00,
       -1.27988637e-01,  0.00000000e+00,  0.00000000e+00,  1.19810895e-02,
       -3.39830931e-03,  1.11471135e-02,  0.00000000e+00,  0.00000000e+00,
        0.00000000e+00,  0.00000000e+00,  0.00000000e+00,  0.00000000e+00,
        0.00000000e+00,  0.00000000e+00,  0.00000000e+00,  9.72747977e-03,
       -1.74961569e-02,  1.17329228e-03,  0.00000000e+00,  0.00000000e+00,
        0.00000000e+00,  4.38892722e-02, -3.27070054e-02,  1.57968272e-03,
        0.00000000e+00,  9.30125198e-03,  2.63320792e-02, -3.68723057e-01,
        1.10686806e-01, -4.94019252e-02, -5.79034489e-02,  2.38130912e-03,
        1.26511340e-01, -3.78265525e-03,  0.00000000e+00, -1.60677829e-02,
        2.19361108e-03, -1.19448405e-02,  0.00000000e+00,  0.00000000e+00,
        0.00000000e+00,  0.00000000e+00,  0.00000000e+00], dtype=float64),
  'fun': Array([ 0.00000000e+00, -5.06472688e-01, -1.43378341e+00,  2.10826714e-02,
       -1.27166970e-02,  1.05917418e-01, -1.70856263e-02,  4.64220013e-02,
        1.71358378e-02,  7.62919919e-02,  0.00000000e+00, -3.99125956e-02,
        7.02762346e-03, -2.15690306e-02,  0.00000000e+00,  0.00000000e+00,
        0.00000000e+00,  0.00000000e+00,  0.00000000e+00,  0.00000000e+00,
        0.00000000e+00,  0.00000000e+00,  0.00000000e+00, -2.64009888e-03,
        2.74413144e-02, -4.58056594e-03,  1.35624544e-02,  1.94544832e-02,
        0.00000000e+00, -1.64914781e-02,  0.00000000e+00,  0.00000000e+00,
        3.86580429e-02,  3.71441947e-02,  2.03277670e-01,  1.19064978e-01,
        8.82982503e-02,  2.49468976e-02,  0.00000000e+00,  0.00000000e+00,
        0.00000000e+00,  0.00000000e+00, -4.41305102e-02,  4.05291832e-02,
       -1.52502289e-03,  1.70383594e-02, -7.96820725e-04,  0.00000000e+00,
        0.00000000e+00,  0.00000000e+00,  0.00000000e+00,  0.00000000e+00,
        0.00000000e+00,  0.00000000e+00,  0.00000000e+00,  1.47828154e-02,
       -2.71242155e-02,  1.82377360e-03,  0.00000000e+00, -1.92708696e-02,
        0.00000000e+00,  0.00000000e+00,  0.00000000e+00,  4.02532658e-03,
       -1.32229784e-02,  0.00000000e+00,  1.84338312e-01, -1.82741645e-01,
        1.13518264e-01, -2.50645813e-02,  4.32741080e-02, -8.39163830e-02,
        7.20655262e-03, -9.67899399e-03,  3.00992074e-02,  0.00000000e+00,
        0.00000000e+00, -1.25132173e-02,  3.53316869e-03,  0.00000000e+00,
        0.00000000e+00,  0.00000000e+00,  0.00000000e+00,  0.00000000e+00,
        0.00000000e+00,  0.00000000e+00,  0.00000000e+00, -2.12274887e-02,
        1.78344551e-02,  0.00000000e+00,  0.00000000e+00,  5.50666855e-03,
        0.00000000e+00,  0.00000000e+00,  3.45842292e-02,  0.00000000e+00,
        0.00000000e+00, -7.33370897e-02, -3.79747102e-01,  1.24686636e-01,
        1.78879005e-02,  6.94025325e-02,  0.00000000e+00,  6.67227842e-03,
        1.52776067e-02,  3.61328954e-03, -4.32419970e-03,  0.00000000e+00,
       -1.32132933e-03,  2.19889216e-02, -1.19116445e-03,  0.00000000e+00,
        0.00000000e+00,  0.00000000e+00,  0.00000000e+00,  0.00000000e+00,
        0.00000000e+00,  0.00000000e+00, -1.26174154e-02,  2.22000538e-02,
       -4.46531911e-03,  0.00000000e+00,  0.00000000e+00,  2.46561892e-03,
       -2.16811746e-02,  2.03202621e-02,  0.00000000e+00,  6.85786505e-02,
       -3.81186171e-02, -1.70098195e-02,  3.49664589e-01,  3.00496632e-02,
       -1.69686320e-01, -2.51521930e-02, -1.09561916e-02,  8.97828459e-02,
        1.46825591e-01, -2.08772056e-02,  0.00000000e+00,  0.00000000e+00,
        1.13418869e-02, -1.79154947e-02,  0.00000000e+00,  0.00000000e+00,
        0.00000000e+00,  0.00000000e+00,  0.00000000e+00,  0.00000000e+00,
        0.00000000e+00, -1.73227696e-03,  2.43927716e-02, -7.83957064e-03,
        0.00000000e+00,  0.00000000e+00,  0.00000000e+00, -3.76975172e-02,
        4.69519627e-02,  0.00000000e+00,  0.00000000e+00, -2.43012282e-02,
        2.88948447e-02,  0.00000000e+00,  0.00000000e+00, -2.13832326e-01,
        9.41048558e-02, -1.52980047e-01, -1.01257182e-01, -9.37307456e-02,
       -1.71837572e-01,  0.00000000e+00,  0.00000000e+00,  0.00000000e+00,
       -9.11346109e-03,  1.92069771e-02,  0.00000000e+00,  0.00000000e+00,
        0.00000000e+00,  0.00000000e+00,  0.00000000e+00,  0.00000000e+00,
        0.00000000e+00,  1.86819090e-02, -1.90309526e-02,  0.00000000e+00,
        0.00000000e+00,  0.00000000e+00, -2.10487189e-02,  3.05234996e-02,
        8.41060153e-03,  0.00000000e+00,  0.00000000e+00,  8.08707451e-02,
        0.00000000e+00,  0.00000000e+00,  3.55022377e-02,  8.19456121e-02,
        0.00000000e+00,  5.50620181e-02,  8.41348341e-02,  7.39926690e-02,
        1.43323617e-01,  0.00000000e+00,  0.00000000e+00, -1.16850214e-02,
        1.24725812e-02, -1.29113022e-02,  0.00000000e+00,  0.00000000e+00,
        0.00000000e+00,  0.00000000e+00,  0.00000000e+00,  0.00000000e+00,
        4.83189340e-03, -2.38188302e-02,  0.00000000e+00,  0.00000000e+00,
        0.00000000e+00, -2.85203873e-02,  3.01430562e-02,  0.00000000e+00,
       -1.40816937e-02, -6.42586248e-03,  6.36931849e-02, -1.10676152e-03,
       -5.00210927e-02,  0.00000000e+00,  0.00000000e+00,  0.00000000e+00,
        0.00000000e+00, -1.70199456e-01, -3.68672834e-02,  0.00000000e+00,
       -8.55033305e-02,  1.19488981e-02,  0.00000000e+00,  1.76176748e-02,
       -6.62323689e-03,  1.30758508e-02, -5.41270846e-04,  0.00000000e+00,
        0.00000000e+00,  0.00000000e+00,  0.00000000e+00,  0.00000000e+00,
       -1.67343853e-02,  1.54852849e-02,  0.00000000e+00,  0.00000000e+00,
       -7.73528936e-03,  4.68363054e-02, -6.00027115e-03,  0.00000000e+00,
        0.00000000e+00,  3.09673269e-02, -1.02962601e-02, -1.54872474e-02,
        2.09413508e-02,  3.59368486e-02,  4.35353934e-02, -1.35878297e-01,
        0.00000000e+00,  8.03500086e-02,  4.07749163e-03, -2.07875497e-02,
        5.36854931e-02, -4.80350530e-02,  0.00000000e+00, -1.20099621e-02,
        9.48085371e-03, -7.38303676e-03,  4.38399235e-04,  0.00000000e+00,
        0.00000000e+00,  0.00000000e+00,  0.00000000e+00, -2.08325544e-03,
        1.84255008e-02,  0.00000000e+00,  0.00000000e+00,  0.00000000e+00,
        2.70531824e-02, -4.04728245e-02,  0.00000000e+00,  0.00000000e+00,
        0.00000000e+00, -1.47150336e-02,  0.00000000e+00,  0.00000000e+00,
        0.00000000e+00, -1.62991414e-02, -5.17599554e-02,  1.83050087e-01,
        0.00000000e+00, -7.70538109e-02,  1.71348767e-02,  6.19821181e-02,
       -4.04314760e-02,  3.04958904e-02,  0.00000000e+00,  3.94023746e-03,
       -1.68789304e-02,  5.69496240e-03, -3.23641629e-03,  0.00000000e+00,
        0.00000000e+00,  0.00000000e+00,  0.00000000e+00,  9.91196293e-03,
       -9.66587089e-03,  0.00000000e+00,  0.00000000e+00,  0.00000000e+00,
       -3.40120836e-02,  2.52943730e-02,  0.00000000e+00,  0.00000000e+00,
        0.00000000e+00,  0.00000000e+00, -7.90806575e-03,  0.00000000e+00,
        8.75846577e-03,  1.51014771e-02,  6.74155672e-02, -2.79990714e-01,
        7.02472839e-03,  1.72757394e-02, -4.67945925e-02, -8.28833502e-02,
        4.32675217e-02, -2.45249391e-02,  0.00000000e+00, -5.76666473e-04,
        2.14029069e-02, -1.70311130e-03,  2.36032427e-03,  0.00000000e+00,
        0.00000000e+00,  0.00000000e+00,  0.00000000e+00, -8.68478876e-03,
        0.00000000e+00,  0.00000000e+00,  0.00000000e+00, -3.83964729e-03,
        2.83304289e-02, -1.22577180e-02,  0.00000000e+00,  0.00000000e+00,
        0.00000000e+00, -1.12000105e-02,  2.04151540e-02,  0.00000000e+00,
        0.00000000e+00, -1.32297493e-02, -5.70941787e-02,  3.15440309e-01,
       -1.41299789e-02, -4.26792019e-04,  8.62951342e-02,  7.51803202e-02,
       -6.39154636e-02,  0.00000000e+00,  0.00000000e+00,  0.00000000e+00,
       -1.92055357e-02,  2.41268052e-03, -2.23220854e-03,  0.00000000e+00,
        0.00000000e+00,  0.00000000e+00,  0.00000000e+00,  2.17901864e-03,
        0.00000000e+00,  0.00000000e+00,  0.00000000e+00,  3.01511623e-03,
       -1.69122687e-02,  1.85369894e-02,  0.00000000e+00,  0.00000000e+00,
        0.00000000e+00,  1.82673696e-02, -1.25285248e-02,  0.00000000e+00,
        6.39447185e-03,  1.84387915e-02,  5.08490709e-02, -3.59712393e-01,
        3.55124550e-02,  0.00000000e+00, -9.22955606e-02, -6.58733990e-02,
        8.13169151e-02,  0.00000000e+00,  7.83549168e-03,  0.00000000e+00,
        1.78927529e-02, -5.71110739e-03,  2.48975997e-04,  0.00000000e+00,
        0.00000000e+00,  0.00000000e+00,  0.00000000e+00,  0.00000000e+00,
        0.00000000e+00,  0.00000000e+00,  0.00000000e+00,  0.00000000e+00,
        2.56233604e-02, -1.90101946e-02,  0.00000000e+00,  0.00000000e+00,
        0.00000000e+00, -1.87592461e-02,  3.71306135e-02,  0.00000000e+00,
        0.00000000e+00, -2.46991825e-02, -5.70193976e-02,  3.80334608e-01,
       -4.97378910e-02,  1.62411844e-03,  9.38287311e-02,  2.99707931e-02,
       -1.04033060e-01,  0.00000000e+00, -7.83729318e-03,  0.00000000e+00,
       -1.26831896e-02,  8.08774917e-03,  0.00000000e+00,  0.00000000e+00,
        0.00000000e+00,  0.00000000e+00,  0.00000000e+00,  0.00000000e+00,
        0.00000000e+00,  0.00000000e+00,  0.00000000e+00,  6.35576323e-03,
       -2.44088513e-02,  9.93767490e-03,  0.00000000e+00,  0.00000000e+00,
        0.00000000e+00,  3.86628469e-02, -1.81197785e-02,  0.00000000e+00,
        0.00000000e+00,  1.22768097e-02,  4.44652802e-02, -3.85896077e-01,
        7.16125040e-02, -2.31647941e-02, -8.95171239e-02, -4.89140329e-03,
        1.19077210e-01,  0.00000000e+00,  3.77954930e-03, -4.81038091e-03,
        7.39296452e-03, -1.05019069e-02,  0.00000000e+00,  0.00000000e+00,
        0.00000000e+00,  0.00000000e+00,  0.00000000e+00,  0.00000000e+00,
        0.00000000e+00,  0.00000000e+00,  0.00000000e+00, -5.77919559e-03,
        2.17900021e-02, -7.18652715e-03,  0.00000000e+00,  0.00000000e+00,
        2.59720409e-03, -2.34552123e-02,  3.68305356e-02, -1.30875185e-04,
        0.00000000e+00, -1.57729109e-02, -3.57277573e-02,  3.80796867e-01,
       -9.18071868e-02,  3.39784377e-02,  7.26112811e-02,  0.00000000e+00,
       -1.27988637e-01,  0.00000000e+00,  0.00000000e+00,  1.19810895e-02,
       -3.39830931e-03,  1.11471135e-02,  0.00000000e+00,  0.00000000e+00,
        0.00000000e+00,  0.00000000e+00,  0.00000000e+00,  0.00000000e+00,
        0.00000000e+00,  0.00000000e+00,  0.00000000e+00,  9.72747977e-03,
       -1.74961569e-02,  1.17329228e-03,  0.00000000e+00,  0.00000000e+00,
        0.00000000e+00,  4.38892722e-02, -3.27070054e-02,  1.57968272e-03,
        0.00000000e+00,  9.30125198e-03,  2.63320792e-02, -3.68723057e-01,
        1.10686806e-01, -4.94019252e-02, -5.79034489e-02,  2.38130912e-03,
        1.26511340e-01, -3.78265525e-03,  0.00000000e+00, -1.60677829e-02,
        2.19361108e-03, -1.19448405e-02,  0.00000000e+00,  0.00000000e+00,
        0.00000000e+00,  0.00000000e+00,  0.00000000e+00], dtype=float64),
  'history': [ [ { 'G': Array([], shape=(0,), dtype=float64),
                   'I': Array([], shape=(0,), dtype=float64),
                   'L_lmn': Array([ 1.13445644e-05, -1.17068375e-04,  5.73026752e-05, -7.76461567e-05,
        3.02995081e-05,  1.75745952e-04,  3.16450880e-05,  2.74147559e-05,
       -2.25252715e-04,  2.68641641e-05,  6.56695861e-05,  1.17757233e-04,
        1.87661440e-05, -2.95727266e-05, -1.14492229e-04, -1.85483536e-05,
       -1.33180982e-04,  2.94166740e-05,  1.12289426e-04, -1.72352478e-05,
       -1.82283098e-05,  4.10630169e-05, -3.83152475e-05, -4.18860840e-05,
        2.19410231e-05,  1.05489070e-04,  3.10947960e-06, -1.09967191e-04,
       -2.80014986e-04,  2.67834392e-04,  4.10895754e-04, -4.07012656e-05,
        3.38017050e-04,  3.46205423e-04, -3.16357006e-04, -5.28736977e-04,
       -1.87228832e-04, -9.12352012e-05,  1.04795183e-04, -5.48271066e-05,
        1.45910341e-04,  3.09763103e-04,  1.55041533e-05, -1.07209959e-04,
       -5.55788590e-05,  1.78429666e-05,  1.53277832e-05,  4.13457703e-07,
        6.04020134e-07, -1.68122739e-05,  6.73568076e-04, -6.00580676e-04,
       -9.83682531e-05, -7.16737928e-04,  2.13600400e-04,  4.43290224e-05,
       -5.00720067e-04,  9.09185380e-04, -2.06717878e-04,  2.60603760e-04,
       -3.94632515e-04,  3.30036784e-04,  6.71426312e-06, -3.26280216e-05,
        7.66165090e-05, -1.40243538e-04, -3.39400331e-05,  2.02999860e-04,
        8.04616474e-05,  6.60860637e-05, -1.11541389e-04, -9.26355039e-05,
        2.30902086e-05, -1.22320951e-04, -5.19496347e-05, -2.53915440e-04,
       -6.10223366e-04, -3.20195531e-03, -2.32763086e-03,  1.14432344e-03,
        9.31948006e-04,  3.05778297e-03,  1.70781506e-03, -1.20606674e-04,
        3.99771921e-04, -5.57354888e-05, -3.92667655e-04,  1.33058914e-04,
       -1.55162608e-04, -1.26450126e-04,  5.89408522e-04, -2.33346298e-04,
       -1.46532535e-04,  4.85869741e-05,  1.01433172e-04,  1.92202627e-04,
        4.50702331e-05, -1.36833663e-04,  1.67439372e-04,  6.35708833e-07,
        7.56539120e-03,  3.24145104e-03, -4.91181572e-03,  4.41873462e-03,
       -6.58475887e-03, -4.87229498e-04, -1.10074220e-03, -1.81418332e-03,
        7.94814113e-04,  7.03226797e-04, -2.14888249e-04,  1.75054706e-03,
       -5.86115912e-04, -1.14663800e-03,  1.02819883e-03, -6.88172458e-04,
       -4.25751709e-04,  2.16316441e-04,  4.23729964e-05,  3.76045737e-04,
        7.91522638e-05,  1.67264493e-04,  2.65035979e-05, -6.75772742e-05,
       -1.22397368e-04, -1.79603034e-02, -2.04995131e-02,  6.60087038e-03,
       -8.04396405e-03,  4.07004498e-02, -6.93980326e-03,  8.57793248e-04,
        5.19206569e-03,  1.69982967e-03, -4.54543719e-03, -2.54304666e-03,
       -1.18103247e-03, -8.77377534e-04,  9.03960270e-05,  3.22871272e-03,
        2.39655321e-03,  1.36477164e-03, -4.53042513e-04, -5.40564487e-04,
        8.46253781e-04,  6.10918682e-05, -9.69354793e-04,  1.94082015e-04,
        3.10881997e-04, -1.40673696e-04, -3.62244231e-02,  7.62826291e-03,
        6.27240147e-02, -1.45676466e-02, -3.43485498e-02,  2.48420482e-02,
       -7.21845960e-03, -1.25643337e-02, -4.14801110e-03,  2.29641801e-03,
        1.36493528e-02, -1.79026022e-02,  5.54061915e-03,  3.41657574e-03,
       -4.82931899e-03,  1.56071336e-03, -2.06504829e-03, -1.92095743e-03,
       -2.25120348e-04, -1.76190346e-03, -2.28013074e-03, -4.80171273e-04,
        3.16424846e-04, -2.21148742e-04, -1.56818494e-04,  1.42827312e-01,
       -9.67075511e-02, -9.66155836e-02, -2.86247435e-01, -1.56109852e-01,
        4.44091015e-02,  1.35963019e-02,  2.36816069e-02,  2.10239484e-02,
        2.46319407e-02,  1.11225638e-02, -9.57286032e-03, -1.14618410e-02,
       -1.19415146e-03, -4.95141132e-03,  5.59160901e-04, -5.73099932e-04,
       -3.06474289e-05,  1.82227495e-03,  1.87998695e-04,  8.74058588e-03,
        1.06909357e-03,  1.03268046e-04, -5.56343099e-04, -7.82302670e-04,
        4.58714572e-01, -1.75698888e-01, -5.48077444e-02, -9.72345461e-02,
       -8.83151336e-03, -2.53451758e-02,  1.53680186e-02,  3.15783390e-03,
        7.48417909e-03, -3.46680008e-03,  1.72558288e-03,  3.62429170e-03,
        1.33360181e-04, -8.73267622e-04, -1.97850324e-03, -3.12847491e-03,
        5.83205580e-04,  1.74352013e-04,  3.55758345e-04,  4.40922231e-05,
       -3.91510393e-01, -3.54535839e-02,  1.02773859e-02, -1.36301873e-02,
       -1.33159532e-02, -4.14549196e-03,  1.60113027e-03,  1.21226714e-02,
       -1.92302385e-03, -2.94982726e-03, -2.44320777e-03,  1.50560860e-02,
       -1.07052355e-04,  1.56424008e-04,  5.96898514e-07,  1.47665470e-03,
       -4.13251972e-04,  5.73676157e-04, -2.17328467e-04, -1.20678290e-03,
        3.69419606e-03, -5.00288438e-02,  2.54332583e-02,  2.01939133e-03,
       -1.36083610e-03,  2.95704315e-04, -1.32771232e-02, -5.32316220e-03,
       -6.55651709e-04,  7.52083921e-05, -2.20060522e-03, -2.70493528e-03,
       -3.82184186e-04, -5.38132806e-04, -1.59626485e-04,  2.69253432e-03,
        6.65403969e-05,  2.63757225e-05, -7.29965799e-04, -2.31444826e-04,
       -1.06994341e-02,  1.20426184e-02,  1.26210395e-02,  1.63808572e-02,
        4.13286776e-03, -4.00407354e-03, -4.32922937e-03, -1.66113377e-03,
        1.11029613e-03,  1.82334838e-03,  1.89924190e-03, -2.07853638e-03,
        3.74027168e-04,  7.25064405e-04,  1.76492897e-03,  8.70547938e-06,
        2.76327958e-04, -4.23099917e-04, -1.87152137e-06,  1.18418279e-03,
        3.66282571e-03, -3.06709259e-03, -2.06995489e-03, -5.98999245e-03,
       -2.83009586e-03,  5.36870493e-03,  1.70570780e-03, -1.05711777e-03,
       -1.58256422e-03,  1.18433256e-04,  4.94527421e-04, -3.40839707e-04,
        2.72262530e-04, -8.05515744e-05, -5.03126564e-04, -7.82058718e-05,
       -2.58281442e-04,  1.36797302e-04,  6.90169612e-04,  5.46103367e-04,
       -2.54775005e-03, -2.04146913e-04,  1.04907543e-03,  2.78318437e-03,
        1.19149084e-04, -3.75935705e-05,  2.27798097e-04, -5.66995281e-04,
        4.67104399e-04,  1.54305880e-04, -3.53368719e-04,  1.78326353e-04,
        1.78539993e-05,  5.62120118e-05, -1.18357587e-04, -7.63673376e-05,
        7.39609208e-05, -2.49941479e-05, -1.59639398e-04, -3.06580541e-04,
       -9.99482857e-04,  2.33234152e-04,  5.47834162e-04,  9.50784207e-04,
       -1.96306531e-04,  1.48370134e-05, -6.60350595e-04, -7.85055217e-04,
        2.39095056e-04,  1.03478344e-04,  1.79852667e-04, -4.89736620e-04,
        9.00750891e-06,  1.67435619e-04,  6.95434289e-05,  1.30212943e-04,
       -9.61432368e-05, -2.85441990e-05, -9.93468785e-05, -1.12011824e-04,
       -1.16819005e-04,  1.97785326e-04,  3.38814753e-04, -7.97108558e-05,
        6.95893290e-05, -1.10780051e-04,  1.74246288e-04, -4.48337128e-04,
       -1.16814396e-04,  9.81584637e-06, -2.51410879e-04,  2.82161721e-05,
        3.20636660e-05, -2.09620612e-05, -1.25974756e-04,  9.96716674e-05,
        1.83376533e-05, -1.69470908e-05,  5.62713497e-05,  1.12563063e-04,
       -2.18542881e-05,  6.09582988e-05, -4.40704910e-07,  4.55841180e-06,
       -8.71833181e-05, -1.35165352e-04,  4.34250811e-05,  7.92523591e-05,
        1.39320964e-06,  8.02972661e-06,  3.43547783e-06,  4.11105578e-05,
        9.09231658e-06, -1.38524348e-05,  1.03149564e-05, -9.87456501e-06,
       -5.46607082e-06, -6.62560935e-06, -4.18112642e-05, -3.85671231e-05],      dtype=float64),
                   'Phi_mn': Array([], shape=(0,), dtype=float64),
                   'Psi': Array([50.], dtype=float64),
                   'R_lmn': Array([-4.43803871e-06,  8.87764329e-05,  7.84555848e-05, -3.40474090e-05,
        8.42265499e-06, -2.14638988e-05,  6.92192614e-05, -1.09599266e-04,
       -4.01089526e-05,  9.66596472e-05,  2.67142424e-05, -3.14002567e-05,
        0.00000000e+00, -6.92192614e-05,  3.11436807e-05,  7.85944004e-05,
        0.00000000e+00, -9.66596472e-05, -3.51368974e-05, -3.59122774e-05,
       -4.54637115e-04,  4.37302462e-04,  3.00012274e-04,  9.64935277e-05,
       -2.32349201e-04, -2.40783290e-04, -1.56968081e-04, -2.53964614e-04,
        3.62592898e-04, -6.35980572e-05,  2.52789376e-04, -8.25922897e-05,
        0.00000000e+00,  1.56968081e-04, -4.60476604e-05, -4.44931094e-06,
        0.00000000e+00,  6.35980572e-05, -2.04401753e-05, -1.13926882e-04,
       -1.43272038e-03, -2.32586430e-04,  8.61412420e-04,  9.85359184e-04,
       -4.43948953e-04, -3.80984991e-04,  4.06594256e-04, -7.50315593e-04,
        6.11732593e-04, -6.36563222e-05,  4.83632793e-04,  4.88320444e-04,
        0.00000000e+00, -4.06594256e-04, -1.11096826e-04, -1.64371394e-04,
        0.00000000e+00,  6.36563222e-05, -3.96838400e-05,  1.25250977e-04,
        7.55788231e-04,  1.94289978e-03,  1.49162680e-04,  2.05975505e-03,
        3.22614268e-04, -1.25098789e-03, -5.75043047e-05, -3.70526455e-04,
       -2.78533142e-03,  2.26193312e-04, -4.53921337e-04, -7.80173026e-04,
        0.00000000e+00,  5.75043047e-05,  2.21363776e-04, -3.02118565e-05,
        0.00000000e+00, -2.26193312e-04,  1.31307069e-04,  8.82611350e-05,
       -1.59179125e-02,  6.84316088e-03, -4.77745731e-03,  1.27399907e-02,
        4.28583700e-03,  2.74926320e-03,  3.09048232e-05,  3.73977496e-03,
        6.98625094e-04, -2.11336426e-04,  3.18634267e-03, -2.09106035e-04,
        0.00000000e+00, -3.09048232e-05,  4.20831511e-04,  5.00446966e-05,
        0.00000000e+00,  2.11336426e-04, -2.42704297e-04, -2.24847578e-04,
        3.60827359e-02, -1.24645873e-02,  8.09057018e-03, -1.46294963e-02,
        5.10735054e-03, -2.58471535e-02,  1.04848177e-03,  3.68675344e-04,
        1.81056218e-03,  4.56915608e-04, -2.92740405e-03,  1.03963081e-03,
        0.00000000e+00, -1.04848177e-03,  2.03965498e-03,  9.64826197e-05,
        0.00000000e+00, -4.56915608e-04, -4.19043255e-04,  1.77826440e-04,
       -2.26558497e-02, -5.54621145e-02,  3.92612142e-02, -8.90801313e-02,
       -6.59510078e-02,  2.67237849e-02, -8.91189115e-04, -1.18702072e-02,
        5.06400190e-03, -7.40076888e-04, -1.60666998e-03, -1.57515844e-04,
        0.00000000e+00,  8.91189115e-04, -1.97934756e-03, -1.72413552e-04,
        0.00000000e+00,  7.40076888e-04,  4.21841699e-04,  2.36043599e-05,
        4.63392094e-01,  4.05601872e-02,  1.64360840e-01,  5.59388766e-02,
       -5.10452516e-03,  6.81431847e-02,  1.63782993e-03, -1.77201819e-02,
       -2.82640614e-03, -1.03259905e-05, -8.74884763e-03, -6.95101159e-03,
        0.00000000e+00, -1.63782993e-03, -3.98414691e-03, -2.57713662e-04,
        0.00000000e+00,  1.03259905e-05,  6.07815090e-04,  2.25766376e-04,
        7.91722257e+00,  1.92384623e+00,  8.13185767e-02, -5.41495058e-03,
       -1.57273463e-01,  3.46805073e-02,  4.61924521e-03, -8.32922003e-03,
       -7.81306632e-02, -1.94683967e-03, -1.44113255e-02, -1.16611089e-03,
       -3.38575820e-03, -5.36345522e-03, -3.49761740e-03,  2.90319398e-04,
       -9.44359977e-04,  6.53610097e-04,  1.16611089e-03,  0.00000000e+00,
        2.25366761e-04,  7.26804093e-04, -2.55142767e-05, -2.90319398e-04,
        0.00000000e+00, -2.03558769e-02,  7.49325326e-02,  1.94669427e-01,
       -2.86437811e-01, -3.43816423e-02, -3.52124626e-02, -1.87893944e-02,
        2.64884467e-02, -1.27255356e-02,  4.08501174e-03,  6.54800050e-03,
       -5.71796987e-04,  1.07320249e-03, -4.80760395e-03,  2.27639488e-03,
        3.06840737e-04,  2.83382821e-04,  9.10166199e-04,  5.71796987e-04,
        0.00000000e+00,  1.04864360e-05,  3.93159342e-04,  1.85518672e-04,
       -3.06840737e-04,  0.00000000e+00,  1.43778416e-02, -8.45018081e-02,
        2.07399295e-02,  6.13735750e-02,  7.03270134e-02, -8.55586140e-03,
        3.76668433e-03,  3.04401890e-03,  2.74454621e-02,  5.54956381e-03,
        5.50460178e-03,  2.17732827e-03,  4.12998246e-03,  7.63074642e-03,
        4.03293052e-03, -6.96979249e-04, -8.22214201e-05, -4.45489324e-04,
       -2.17732827e-03,  0.00000000e+00, -3.16021593e-04, -9.86960228e-04,
       -4.72915796e-04,  6.96979249e-04,  0.00000000e+00, -1.00408730e-02,
        3.19094940e-02, -1.84089541e-02, -1.41468667e-02,  8.46899999e-04,
       -6.48749948e-03, -2.50951797e-03,  1.26783253e-02,  2.61803561e-02,
       -3.93896312e-03, -4.12472347e-03,  1.06913576e-04,  1.25667853e-05,
        1.25123367e-04, -3.40108792e-03,  7.10177170e-05,  9.75258523e-04,
        2.07598069e-04, -1.06913576e-04,  0.00000000e+00, -1.63978149e-04,
       -4.72569451e-04,  2.10579600e-04, -7.10177170e-05,  0.00000000e+00,
        1.20538538e-03,  2.04719779e-03,  4.33761676e-03,  7.07053809e-03,
       -6.36478012e-03,  5.06456400e-03,  1.00723946e-03, -2.87886350e-03,
       -4.19269628e-03,  4.14946625e-04,  5.26346462e-04, -3.76258975e-04,
       -1.25807637e-03, -1.72632225e-03, -8.96298967e-04,  1.36965998e-05,
       -7.82185937e-05, -1.21303233e-03,  3.76258975e-04,  0.00000000e+00,
        2.70616586e-04,  4.64358545e-04, -1.60130790e-04, -1.36965998e-05,
        0.00000000e+00,  1.02426957e-03, -1.87787238e-03, -8.04622906e-04,
       -1.55751107e-03,  1.01713168e-03, -2.24487066e-03, -9.10848013e-04,
        1.20425504e-03,  8.02306062e-04,  1.12149184e-03,  1.62291681e-03,
       -5.63315252e-04,  6.82377252e-04,  1.96112743e-04, -9.71050849e-04,
        1.78225311e-04, -2.60751144e-04,  6.21953842e-04,  5.63315252e-04,
        0.00000000e+00,  8.82409420e-06,  1.57143283e-04,  1.68744787e-04,
       -1.78225311e-04,  0.00000000e+00,  1.08843944e-03, -4.70349968e-04,
        2.05677345e-04, -8.88943013e-04,  5.68424002e-04,  1.20048491e-03,
       -1.21686690e-03,  6.33266340e-04,  5.09051076e-04, -1.66409147e-04,
       -7.58849215e-04,  2.87985206e-05, -3.42360829e-05,  3.88293752e-04,
       -4.73264757e-04, -1.18237207e-04,  6.83351127e-05, -4.41635692e-04,
       -2.87985206e-05,  0.00000000e+00, -4.30138008e-05, -1.32617079e-04,
       -3.57863192e-05,  1.18237207e-04,  0.00000000e+00, -8.58578012e-05,
       -1.48386445e-04, -3.63126653e-05, -2.88416485e-04,  2.26834790e-04,
        1.45344757e-04,  3.19340484e-04,  2.50351021e-04,  1.02043044e-04,
       -1.93571503e-04, -1.03929051e-04,  4.60162801e-05, -9.37059800e-05,
        8.26459251e-05, -1.25821725e-04,  4.42182195e-05,  1.15123158e-04,
       -4.14157057e-05, -4.60162801e-05,  0.00000000e+00, -1.03464037e-04,
       -4.45804612e-05,  2.37786807e-05, -4.42182195e-05,  0.00000000e+00,
        1.01936932e-06,  4.43672721e-05,  1.45899566e-05,  3.65502787e-05,
        2.30582890e-06,  1.00059170e-04, -3.06624126e-05, -5.35824312e-05,
       -1.74017193e-04, -4.30176538e-05, -1.18603809e-04,  2.83056794e-05,
       -6.96919288e-06, -1.01330706e-06,  1.64344570e-04, -7.76422784e-05,
       -3.65544721e-06,  1.85446395e-05, -2.83056794e-05,  0.00000000e+00,
        2.20222796e-05,  1.80454596e-05,  9.67262285e-06,  7.76422784e-05,
        0.00000000e+00], dtype=float64),
                   'Ra_n': Array([ 7.84413436e+00, -2.34877414e-01, -7.04140762e-03,  5.68201820e-03,
       -5.96298969e-04,  2.44491307e-04, -3.42882524e-04,  2.60037291e-04,
       -1.52415274e-05], dtype=float64),
                   'Rb_lmn': Array([ 0.00000000e+00,  0.00000000e+00,  0.00000000e+00,  0.00000000e+00,
        0.00000000e+00,  0.00000000e+00,  0.00000000e+00,  0.00000000e+00,
        0.00000000e+00,  0.00000000e+00,  0.00000000e+00,  0.00000000e+00,
        0.00000000e+00,  0.00000000e+00,  0.00000000e+00,  0.00000000e+00,
        0.00000000e+00,  0.00000000e+00,  0.00000000e+00,  0.00000000e+00,
        0.00000000e+00,  0.00000000e+00,  0.00000000e+00,  0.00000000e+00,
        0.00000000e+00,  0.00000000e+00,  0.00000000e+00,  0.00000000e+00,
        0.00000000e+00,  0.00000000e+00,  0.00000000e+00,  0.00000000e+00,
        0.00000000e+00,  0.00000000e+00,  0.00000000e+00,  0.00000000e+00,
        7.22947537e-03, -6.16850844e-04,  9.15847047e-03, -2.42925203e-03,
        0.00000000e+00,  0.00000000e+00,  0.00000000e+00,  0.00000000e+00,
        1.76090323e-03,  1.04989005e-02, -3.70942836e-02,  2.33602845e-02,
        0.00000000e+00,  0.00000000e+00,  0.00000000e+00,  0.00000000e+00,
       -6.71358361e-02,  2.54116595e-02, -2.88722411e-02, -1.06844393e-01,
        0.00000000e+00,  0.00000000e+00,  0.00000000e+00,  0.00000000e+00,
       -1.32455577e-02,  1.42656511e-01,  1.01978127e-01,  5.16246851e-01,
        8.00000000e+00,  1.76368157e+00, -1.83808217e-02,  2.09227919e-02,
       -8.16537949e-02,  0.00000000e+00,  0.00000000e+00,  0.00000000e+00,
        0.00000000e+00,  1.56607845e-01,  4.49192848e-02, -2.64363809e-01,
       -2.77542959e-02, -1.02636220e-02,  0.00000000e+00,  0.00000000e+00,
        0.00000000e+00,  0.00000000e+00,  4.26984162e-02, -8.70745233e-03,
        7.10613801e-02, -3.49674895e-03,  3.10054768e-02,  0.00000000e+00,
        0.00000000e+00,  0.00000000e+00,  0.00000000e+00, -3.11107564e-02,
        2.97926894e-02, -1.81598746e-03, -1.04046249e-02,  2.29898478e-02,
        0.00000000e+00,  0.00000000e+00,  0.00000000e+00,  0.00000000e+00,
        5.56278182e-03, -3.98085429e-03,  2.92971088e-03,  4.37787813e-03,
       -5.24912604e-03,  0.00000000e+00,  0.00000000e+00,  0.00000000e+00,
        0.00000000e+00,  0.00000000e+00,  0.00000000e+00,  0.00000000e+00,
        0.00000000e+00,  0.00000000e+00,  0.00000000e+00,  0.00000000e+00,
        0.00000000e+00,  0.00000000e+00,  0.00000000e+00,  0.00000000e+00,
        0.00000000e+00,  0.00000000e+00,  0.00000000e+00,  0.00000000e+00,
        0.00000000e+00,  0.00000000e+00,  0.00000000e+00,  0.00000000e+00,
        0.00000000e+00,  0.00000000e+00,  0.00000000e+00,  0.00000000e+00,
        0.00000000e+00,  0.00000000e+00,  0.00000000e+00,  0.00000000e+00,
        0.00000000e+00,  0.00000000e+00,  0.00000000e+00,  0.00000000e+00,
        0.00000000e+00,  0.00000000e+00,  0.00000000e+00,  0.00000000e+00,
        0.00000000e+00], dtype=float64),
                   'Te_l': Array([], shape=(0,), dtype=float64),
                   'Ti_l': Array([], shape=(0,), dtype=float64),
                   'Z_lmn': Array([-5.34957817e-05,  2.14344674e-04, -7.12088339e-05, -5.21237713e-05,
       -1.36528330e-04,  1.25006168e-04,  3.75714471e-05, -1.31288607e-05,
       -1.00413360e-04, -2.03444002e-04, -8.44498324e-05,  4.89231498e-05,
        1.16209079e-04,  7.65057373e-05,  7.09533215e-05,  1.98739424e-05,
        1.25627658e-04, -4.05563360e-05, -4.89231498e-05,  0.00000000e+00,
       -2.90759103e-05, -1.12531053e-05,  2.94600383e-05, -1.98739424e-05,
        0.00000000e+00,  6.38781073e-05, -4.02344593e-04, -4.34297542e-05,
        3.22541508e-04,  2.78381404e-04, -3.59155889e-04, -6.23179566e-05,
       -3.55563932e-04, -3.30515376e-04,  1.87443138e-04,  1.46039350e-04,
       -6.64749596e-05,  1.53652444e-05,  9.67595749e-05,  4.41189804e-04,
       -9.49036749e-05, -6.34799494e-05,  2.13116540e-04,  6.64749596e-05,
        0.00000000e+00,  2.65043591e-05, -6.37371509e-05, -1.10674428e-04,
        9.49036749e-05,  0.00000000e+00, -6.65327524e-04,  1.02879932e-03,
        2.93772876e-04, -8.40704106e-05, -3.31907896e-04,  5.30194749e-04,
        4.87452872e-04, -2.91744679e-04, -3.23624910e-04, -6.05924046e-04,
       -3.95400516e-04,  1.75069854e-04, -1.51182668e-04,  2.26641563e-04,
        3.06858349e-04, -9.64068544e-05, -9.09673765e-05, -1.34794233e-04,
       -1.75069854e-04,  0.00000000e+00,  3.52844453e-05,  1.49173527e-04,
        1.67665611e-05,  9.64068544e-05,  0.00000000e+00,  2.72425654e-03,
       -8.77982361e-04,  1.13233102e-04,  7.54717921e-04,  2.32203597e-03,
        3.52752667e-03, -1.91988291e-03,  3.37869837e-04, -3.58092904e-04,
       -1.58802170e-03, -3.45002678e-03,  3.39252717e-04, -7.16234144e-04,
       -8.46432256e-04,  2.30012612e-04, -4.52344279e-05,  1.43968082e-04,
       -7.74998820e-05, -3.39252717e-04,  0.00000000e+00, -2.01372589e-04,
       -2.46155502e-04,  1.28080292e-04,  4.52344279e-05,  0.00000000e+00,
       -6.01856831e-03, -3.50819146e-04, -2.05006827e-03, -1.33391785e-02,
        5.58555134e-03, -3.05908078e-03,  3.20172344e-03,  4.92557912e-03,
       -4.85805403e-03, -2.07090359e-03,  7.60989909e-03, -9.67667443e-04,
        1.22163638e-03,  5.41452617e-04, -8.03741143e-04, -2.12330515e-05,
       -2.71052879e-04,  3.99414006e-04,  9.67667443e-04,  0.00000000e+00,
        3.07200285e-05,  1.92600278e-04, -1.52967759e-04,  2.12330515e-05,
        0.00000000e+00,  2.25786039e-02, -7.77583869e-03,  5.02574732e-03,
        5.05227990e-02, -1.05689361e-02, -4.48181039e-03, -2.03386235e-02,
       -2.44576905e-02,  5.71874902e-03,  4.58972219e-03, -1.17675054e-02,
        1.11881670e-03,  1.74746473e-04, -2.39570681e-04,  1.92474216e-03,
        2.61923380e-04,  1.39123800e-03,  6.10050211e-04, -1.11881670e-03,
        0.00000000e+00,  1.39609219e-04, -1.25072721e-04,  7.74590737e-05,
       -2.61923380e-04,  0.00000000e+00, -7.68042445e-02,  1.53101238e-01,
       -2.86968865e-02,  5.62248756e-03, -3.07006402e-02, -1.28420655e-02,
        2.67723235e-02,  6.99076992e-04, -2.90053324e-02,  8.23960460e-03,
        2.35788767e-03, -1.98648625e-04, -8.30989708e-04,  6.29089254e-04,
       -7.64470760e-03, -7.60721186e-04, -1.44219192e-03, -9.12593818e-04,
        1.98648625e-04,  0.00000000e+00,  9.01762700e-05,  1.82153058e-04,
       -2.28146715e-04,  7.60721186e-04,  0.00000000e+00,  9.92387908e-01,
       -5.25960292e-01,  7.83130275e-02,  2.27653043e-01,  2.25667156e-01,
        3.12918204e-01,  5.89678779e-02,  1.44199580e-01,  1.28199808e-03,
       -2.36549309e-03, -1.09046649e-02,  2.10515659e-04, -8.82577215e-04,
       -4.57099574e-03,  3.25053377e-04, -6.46954718e-05, -3.24964132e-04,
       -2.82518419e-03, -2.10515659e-04,  0.00000000e+00, -2.36855849e-04,
       -5.45814196e-04,  2.64094760e-04,  6.46954718e-05,  0.00000000e+00,
       -1.73014728e+00, -3.99372035e-01,  2.25905732e-02, -9.75955397e-02,
        7.98171335e-02,  7.81183292e-02,  6.86579545e-04,  2.59063390e-02,
        2.50713387e-03, -3.61796807e-04, -7.57261945e-07,  1.92523119e-03,
        0.00000000e+00, -6.86579545e-04, -1.07554637e-03,  4.66266339e-04,
        0.00000000e+00,  3.61796807e-04,  6.89692211e-05, -2.81344335e-04,
        1.26973703e-02,  4.20277349e-01,  2.44285852e-02, -3.04440931e-02,
        8.83373502e-02,  1.58019490e-02,  2.46612919e-04,  8.36051183e-03,
        1.15757307e-02,  7.53013513e-04, -6.05936083e-03,  4.29552997e-03,
        0.00000000e+00, -2.46612919e-04, -2.35872540e-03,  2.14397962e-04,
        0.00000000e+00, -7.53013513e-04, -8.14212239e-05, -3.67777125e-04,
       -2.66087692e-02,  3.62747033e-02,  5.71588512e-02,  4.03492170e-02,
       -4.70124272e-02, -1.04564400e-02, -1.67650876e-03, -3.81250030e-03,
       -6.08673635e-03,  4.06513346e-05, -2.75292861e-03, -2.97525931e-03,
        0.00000000e+00,  1.67650876e-03, -1.34051231e-03, -9.55711110e-06,
        0.00000000e+00, -4.06513346e-05,  1.10662642e-04,  9.28711607e-05,
        3.28536457e-03,  3.29594904e-03, -2.31871314e-02, -1.73902938e-02,
       -1.03467863e-02, -1.64293781e-03, -7.19751452e-04,  7.47899666e-04,
        2.06508835e-03,  2.60095606e-04, -5.99537962e-04,  2.47098037e-03,
        0.00000000e+00,  7.19751452e-04, -3.59443945e-04, -7.96629765e-04,
        0.00000000e+00, -2.60095606e-04,  2.94102028e-05,  1.69922077e-04,
        9.48384399e-03, -6.60058776e-03,  2.28359605e-03, -2.67543759e-03,
        3.08470994e-03,  6.35681209e-04,  6.41459020e-04, -1.17334266e-03,
       -1.02542829e-03, -4.38308419e-04,  1.29085717e-03,  2.69419838e-03,
        0.00000000e+00, -6.41459020e-04,  3.49371374e-04,  6.59030146e-04,
        0.00000000e+00,  4.38308419e-04,  6.54021791e-05, -4.51861532e-04,
       -3.15404742e-03,  2.32925574e-03,  1.03237875e-04,  2.79757019e-03,
       -9.71601088e-05, -8.01017590e-04,  6.01929159e-05, -2.13044957e-04,
        2.86492523e-04, -7.50609771e-05,  1.43067567e-04, -1.64376394e-03,
        0.00000000e+00, -6.01929159e-05,  1.09807082e-04,  6.99847079e-05,
        0.00000000e+00,  7.50609771e-05, -4.59074581e-05,  1.15525789e-04,
       -8.48877179e-05,  1.67154180e-05, -4.89014729e-05,  1.83296641e-04,
       -9.26949120e-04, -5.05539991e-04,  1.51332424e-04, -2.20841038e-04,
       -1.65434561e-04,  1.43548910e-04,  8.27051372e-04,  2.88348581e-04,
        0.00000000e+00, -1.51332424e-04,  2.69742511e-04,  6.70256379e-05,
        0.00000000e+00, -1.43548910e-04,  9.98977474e-05,  2.00475992e-04,
       -2.93885218e-04,  1.36594134e-04, -2.07970491e-04, -8.13711133e-06,
       -1.41293370e-04, -1.43462166e-04, -2.50486236e-04,  6.98824025e-05,
        2.70011664e-04, -8.79671433e-05,  1.88392274e-04,  1.02869422e-04,
        0.00000000e+00,  2.50486236e-04,  1.38088089e-04,  3.20106655e-05,
        0.00000000e+00,  8.79671433e-05, -4.70989041e-05, -9.60013899e-05,
       -1.78999915e-05, -2.26612893e-05, -4.51528472e-05, -2.16336559e-05,
       -1.53168645e-04,  3.68465842e-05,  5.74215894e-05,  9.55755155e-05,
        1.76247641e-05, -2.92670871e-06,  1.34916596e-04,  3.95587199e-05,
        0.00000000e+00, -5.74215894e-05, -5.04226683e-05,  2.19088834e-05,
        0.00000000e+00,  2.92670871e-06,  1.82520493e-05, -5.37440148e-05],      dtype=float64),
                   'Za_n': Array([-9.00004898e-05,  5.61290197e-05, -2.85180415e-04,  1.20600208e-03,
       -1.95769295e-03, -2.82090418e-03, -2.04138686e-02,  9.73688480e-01],      dtype=float64),
                   'Zb_lmn': Array([ 0.00000000e+00,  0.00000000e+00,  0.00000000e+00,  0.00000000e+00,
        0.00000000e+00,  0.00000000e+00,  0.00000000e+00,  0.00000000e+00,
        0.00000000e+00,  0.00000000e+00,  0.00000000e+00,  0.00000000e+00,
        0.00000000e+00,  0.00000000e+00,  0.00000000e+00,  0.00000000e+00,
        0.00000000e+00,  0.00000000e+00,  0.00000000e+00,  0.00000000e+00,
        0.00000000e+00,  0.00000000e+00,  0.00000000e+00,  0.00000000e+00,
        0.00000000e+00,  0.00000000e+00,  0.00000000e+00,  0.00000000e+00,
        0.00000000e+00,  0.00000000e+00,  0.00000000e+00,  0.00000000e+00,
        0.00000000e+00,  0.00000000e+00,  0.00000000e+00,  0.00000000e+00,
       -3.61455674e-03,  2.89277573e-03, -7.67954646e-03,  4.95023231e-03,
       -5.81476293e-03,  0.00000000e+00,  0.00000000e+00,  0.00000000e+00,
        0.00000000e+00,  7.58008341e-03, -1.23638146e-02,  2.57004651e-02,
       -1.56392656e-02,  7.72095025e-03,  0.00000000e+00,  0.00000000e+00,
        0.00000000e+00,  0.00000000e+00, -7.94696210e-02,  1.29198011e-01,
        7.13280687e-03, -1.13967716e-02, -3.68781867e-02,  0.00000000e+00,
        0.00000000e+00,  0.00000000e+00,  0.00000000e+00,  1.12854938e+00,
       -3.02983593e-01,  3.66735813e-01,  2.99188355e-01,  1.87114622e-03,
        0.00000000e+00,  0.00000000e+00,  0.00000000e+00,  0.00000000e+00,
        0.00000000e+00,  0.00000000e+00,  0.00000000e+00,  0.00000000e+00,
        7.98853455e-02,  4.74213658e-02, -3.19609819e-01, -1.82476942e+00,
        0.00000000e+00,  0.00000000e+00,  0.00000000e+00,  0.00000000e+00,
        8.21965681e-02,  3.04303717e-02,  4.40007051e-01, -5.95659419e-03,
        0.00000000e+00,  0.00000000e+00,  0.00000000e+00,  0.00000000e+00,
       -4.96546932e-02,  5.20058386e-02,  2.29358751e-02,  7.64415431e-03,
        0.00000000e+00,  0.00000000e+00,  0.00000000e+00,  0.00000000e+00,
       -1.09169141e-02, -2.27986757e-02,  4.29391367e-03, -1.28364707e-02,
        0.00000000e+00,  0.00000000e+00,  0.00000000e+00,  0.00000000e+00,
        4.44096929e-03,  1.45962476e-03, -3.72256970e-03,  6.44200826e-03,
        0.00000000e+00,  0.00000000e+00,  0.00000000e+00,  0.00000000e+00,
        0.00000000e+00,  0.00000000e+00,  0.00000000e+00,  0.00000000e+00,
        0.00000000e+00,  0.00000000e+00,  0.00000000e+00,  0.00000000e+00,
        0.00000000e+00,  0.00000000e+00,  0.00000000e+00,  0.00000000e+00,
        0.00000000e+00,  0.00000000e+00,  0.00000000e+00,  0.00000000e+00,
        0.00000000e+00,  0.00000000e+00,  0.00000000e+00,  0.00000000e+00,
        0.00000000e+00,  0.00000000e+00,  0.00000000e+00,  0.00000000e+00,
        0.00000000e+00,  0.00000000e+00,  0.00000000e+00,  0.00000000e+00],      dtype=float64),
                   'Zeff_l': Array([], shape=(0,), dtype=float64),
                   'a_lmn': Array([], shape=(0,), dtype=float64),
                   'c_l': Array([0., 0., 0., 0., 0.], dtype=float64),
                   'i_l': Array([], shape=(0,), dtype=float64),
                   'ne_l': Array([], shape=(0,), dtype=float64),
                   'ni_l': Array([], shape=(0,), dtype=float64),
                   'p_l': Array([0., 0., 0., 0., 0.], dtype=float64)}],
               [ { 'G': Array([], shape=(0,), dtype=float64),
                   'I': Array([], shape=(0,), dtype=float64),
                   'L_lmn': Array([ 1.13445644e-05, -1.17068375e-04,  5.73026752e-05, -7.76461567e-05,
        3.02995081e-05,  1.75745952e-04,  3.16450880e-05,  2.74147559e-05,
       -2.25252715e-04,  2.68641641e-05,  6.56695861e-05,  1.17757233e-04,
        1.87661440e-05, -2.95727266e-05, -1.14492229e-04, -1.85483536e-05,
       -1.33180982e-04,  2.94166740e-05,  1.12289426e-04, -1.72352478e-05,
       -1.82283098e-05,  4.10630169e-05, -3.83152475e-05, -4.18860840e-05,
        2.19410231e-05,  1.05489070e-04,  3.10947960e-06, -1.09967191e-04,
       -2.80014986e-04,  2.67834392e-04,  4.10895754e-04, -4.07012656e-05,
        3.38017050e-04,  3.46205423e-04, -3.16357006e-04, -5.28736977e-04,
       -1.87228832e-04, -9.12352012e-05,  1.04795183e-04, -5.48271066e-05,
        1.45910341e-04,  3.09763103e-04,  1.55041533e-05, -1.07209959e-04,
       -5.55788590e-05,  1.78429666e-05,  1.53277832e-05,  4.13457703e-07,
        6.04020134e-07, -1.68122739e-05,  6.73568076e-04, -6.00580676e-04,
       -9.83682531e-05, -7.16737928e-04,  2.13600400e-04,  4.43290224e-05,
       -5.00720067e-04,  9.09185380e-04, -2.06717878e-04,  2.60603760e-04,
       -3.94632515e-04,  3.30036784e-04,  6.71426312e-06, -3.26280216e-05,
        7.66165090e-05, -1.40243538e-04, -3.39400331e-05,  2.02999860e-04,
        8.04616474e-05,  6.60860637e-05, -1.11541389e-04, -9.26355039e-05,
        2.30902086e-05, -1.22320951e-04, -5.19496347e-05, -2.53915440e-04,
       -6.10223366e-04, -3.20195531e-03, -2.32763086e-03,  1.14432344e-03,
        9.31948006e-04,  3.05778297e-03,  1.70781506e-03, -1.20606674e-04,
        3.99771921e-04, -5.57354888e-05, -3.92667655e-04,  1.33058914e-04,
       -1.55162608e-04, -1.26450126e-04,  5.89408522e-04, -2.33346298e-04,
       -1.46532535e-04,  4.85869741e-05,  1.01433172e-04,  1.92202627e-04,
        4.50702331e-05, -1.36833663e-04,  1.67439372e-04,  6.35708833e-07,
        7.56539120e-03,  3.24145104e-03, -4.91181572e-03,  4.41873462e-03,
       -6.58475887e-03, -4.87229498e-04, -1.10074220e-03, -1.81418332e-03,
        7.94814113e-04,  7.03226797e-04, -2.14888249e-04,  1.75054706e-03,
       -5.86115912e-04, -1.14663800e-03,  1.02819883e-03, -6.88172458e-04,
       -4.25751709e-04,  2.16316441e-04,  4.23729964e-05,  3.76045737e-04,
        7.91522638e-05,  1.67264493e-04,  2.65035979e-05, -6.75772742e-05,
       -1.22397368e-04, -1.79603034e-02, -2.04995131e-02,  6.60087038e-03,
       -8.04396405e-03,  4.07004498e-02, -6.93980326e-03,  8.57793248e-04,
        5.19206569e-03,  1.69982967e-03, -4.54543719e-03, -2.54304666e-03,
       -1.18103247e-03, -8.77377534e-04,  9.03960270e-05,  3.22871272e-03,
        2.39655321e-03,  1.36477164e-03, -4.53042513e-04, -5.40564487e-04,
        8.46253781e-04,  6.10918682e-05, -9.69354793e-04,  1.94082015e-04,
        3.10881997e-04, -1.40673696e-04, -3.62244231e-02,  7.62826291e-03,
        6.27240147e-02, -1.45676466e-02, -3.43485498e-02,  2.48420482e-02,
       -7.21845960e-03, -1.25643337e-02, -4.14801110e-03,  2.29641801e-03,
        1.36493528e-02, -1.79026022e-02,  5.54061915e-03,  3.41657574e-03,
       -4.82931899e-03,  1.56071336e-03, -2.06504829e-03, -1.92095743e-03,
       -2.25120348e-04, -1.76190346e-03, -2.28013074e-03, -4.80171273e-04,
        3.16424846e-04, -2.21148742e-04, -1.56818494e-04,  1.42827312e-01,
       -9.67075511e-02, -9.66155836e-02, -2.86247435e-01, -1.56109852e-01,
        4.44091015e-02,  1.35963019e-02,  2.36816069e-02,  2.10239484e-02,
        2.46319407e-02,  1.11225638e-02, -9.57286032e-03, -1.14618410e-02,
       -1.19415146e-03, -4.95141132e-03,  5.59160901e-04, -5.73099932e-04,
       -3.06474289e-05,  1.82227495e-03,  1.87998695e-04,  8.74058588e-03,
        1.06909357e-03,  1.03268046e-04, -5.56343099e-04, -7.82302670e-04,
        4.58714572e-01, -1.75698888e-01, -5.48077444e-02, -9.72345461e-02,
       -8.83151336e-03, -2.53451758e-02,  1.53680186e-02,  3.15783390e-03,
        7.48417909e-03, -3.46680008e-03,  1.72558288e-03,  3.62429170e-03,
        1.33360181e-04, -8.73267622e-04, -1.97850324e-03, -3.12847491e-03,
        5.83205580e-04,  1.74352013e-04,  3.55758345e-04,  4.40922231e-05,
       -3.91510393e-01, -3.54535839e-02,  1.02773859e-02, -1.36301873e-02,
       -1.33159532e-02, -4.14549196e-03,  1.60113027e-03,  1.21226714e-02,
       -1.92302385e-03, -2.94982726e-03, -2.44320777e-03,  1.50560860e-02,
       -1.07052355e-04,  1.56424008e-04,  5.96898514e-07,  1.47665470e-03,
       -4.13251972e-04,  5.73676157e-04, -2.17328467e-04, -1.20678290e-03,
        3.69419606e-03, -5.00288438e-02,  2.54332583e-02,  2.01939133e-03,
       -1.36083610e-03,  2.95704315e-04, -1.32771232e-02, -5.32316220e-03,
       -6.55651709e-04,  7.52083921e-05, -2.20060522e-03, -2.70493528e-03,
       -3.82184186e-04, -5.38132806e-04, -1.59626485e-04,  2.69253432e-03,
        6.65403969e-05,  2.63757225e-05, -7.29965799e-04, -2.31444826e-04,
       -1.06994341e-02,  1.20426184e-02,  1.26210395e-02,  1.63808572e-02,
        4.13286776e-03, -4.00407354e-03, -4.32922937e-03, -1.66113377e-03,
        1.11029613e-03,  1.82334838e-03,  1.89924190e-03, -2.07853638e-03,
        3.74027168e-04,  7.25064405e-04,  1.76492897e-03,  8.70547938e-06,
        2.76327958e-04, -4.23099917e-04, -1.87152137e-06,  1.18418279e-03,
        3.66282571e-03, -3.06709259e-03, -2.06995489e-03, -5.98999245e-03,
       -2.83009586e-03,  5.36870493e-03,  1.70570780e-03, -1.05711777e-03,
       -1.58256422e-03,  1.18433256e-04,  4.94527421e-04, -3.40839707e-04,
        2.72262530e-04, -8.05515744e-05, -5.03126564e-04, -7.82058718e-05,
       -2.58281442e-04,  1.36797302e-04,  6.90169612e-04,  5.46103367e-04,
       -2.54775005e-03, -2.04146913e-04,  1.04907543e-03,  2.78318437e-03,
        1.19149084e-04, -3.75935705e-05,  2.27798097e-04, -5.66995281e-04,
        4.67104399e-04,  1.54305880e-04, -3.53368719e-04,  1.78326353e-04,
        1.78539993e-05,  5.62120118e-05, -1.18357587e-04, -7.63673376e-05,
        7.39609208e-05, -2.49941479e-05, -1.59639398e-04, -3.06580541e-04,
       -9.99482857e-04,  2.33234152e-04,  5.47834162e-04,  9.50784207e-04,
       -1.96306531e-04,  1.48370134e-05, -6.60350595e-04, -7.85055217e-04,
        2.39095056e-04,  1.03478344e-04,  1.79852667e-04, -4.89736620e-04,
        9.00750891e-06,  1.67435619e-04,  6.95434289e-05,  1.30212943e-04,
       -9.61432368e-05, -2.85441990e-05, -9.93468785e-05, -1.12011824e-04,
       -1.16819005e-04,  1.97785326e-04,  3.38814753e-04, -7.97108558e-05,
        6.95893290e-05, -1.10780051e-04,  1.74246288e-04, -4.48337128e-04,
       -1.16814396e-04,  9.81584637e-06, -2.51410879e-04,  2.82161721e-05,
        3.20636660e-05, -2.09620612e-05, -1.25974756e-04,  9.96716674e-05,
        1.83376533e-05, -1.69470908e-05,  5.62713497e-05,  1.12563063e-04,
       -2.18542881e-05,  6.09582988e-05, -4.40704910e-07,  4.55841180e-06,
       -8.71833181e-05, -1.35165352e-04,  4.34250811e-05,  7.92523591e-05,
        1.39320964e-06,  8.02972661e-06,  3.43547783e-06,  4.11105578e-05,
        9.09231658e-06, -1.38524348e-05,  1.03149564e-05, -9.87456501e-06,
       -5.46607082e-06, -6.62560935e-06, -4.18112642e-05, -3.85671231e-05],      dtype=float64),
                   'Phi_mn': Array([], shape=(0,), dtype=float64),
                   'Psi': Array([50.], dtype=float64),
                   'R_lmn': Array([-4.43803871e-06,  8.87764329e-05,  7.84555848e-05, -3.40474090e-05,
        8.42265499e-06, -2.14638988e-05,  6.92192614e-05, -1.09599266e-04,
       -4.01089526e-05,  9.66596472e-05,  2.67142424e-05, -3.14002567e-05,
        0.00000000e+00, -6.92192614e-05,  3.11436807e-05,  7.85944004e-05,
        0.00000000e+00, -9.66596472e-05, -3.51368974e-05, -3.59122774e-05,
       -4.54637115e-04,  4.37302462e-04,  3.00012274e-04,  9.64935277e-05,
       -2.32349201e-04, -2.40783290e-04, -1.56968081e-04, -2.53964614e-04,
        3.62592898e-04, -6.35980572e-05,  2.52789376e-04, -8.25922897e-05,
        0.00000000e+00,  1.56968081e-04, -4.60476604e-05, -4.44931094e-06,
        0.00000000e+00,  6.35980572e-05, -2.04401753e-05, -1.13926882e-04,
       -1.43272038e-03, -2.32586430e-04,  8.61412420e-04,  9.85359184e-04,
       -4.43948953e-04, -3.80984991e-04,  4.06594256e-04, -7.50315593e-04,
        6.11732593e-04, -6.36563222e-05,  4.83632793e-04,  4.88320444e-04,
        0.00000000e+00, -4.06594256e-04, -1.11096826e-04, -1.64371394e-04,
        0.00000000e+00,  6.36563222e-05, -3.96838400e-05,  1.25250977e-04,
        7.55788231e-04,  1.94289978e-03,  1.49162680e-04,  2.05975505e-03,
        3.22614268e-04, -1.25098789e-03, -5.75043047e-05, -3.70526455e-04,
       -2.78533142e-03,  2.26193312e-04, -4.53921337e-04, -7.80173026e-04,
        0.00000000e+00,  5.75043047e-05,  2.21363776e-04, -3.02118565e-05,
        0.00000000e+00, -2.26193312e-04,  1.31307069e-04,  8.82611350e-05,
       -1.59179125e-02,  6.84316088e-03, -4.77745731e-03,  1.27399907e-02,
        4.28583700e-03,  2.74926320e-03,  3.09048232e-05,  3.73977496e-03,
        6.98625094e-04, -2.11336426e-04,  3.18634267e-03, -2.09106035e-04,
        0.00000000e+00, -3.09048232e-05,  4.20831511e-04,  5.00446966e-05,
        0.00000000e+00,  2.11336426e-04, -2.42704297e-04, -2.24847578e-04,
        3.60827359e-02, -1.24645873e-02,  8.09057018e-03, -1.46294963e-02,
        5.10735054e-03, -2.58471535e-02,  1.04848177e-03,  3.68675344e-04,
        1.81056218e-03,  4.56915608e-04, -2.92740405e-03,  1.03963081e-03,
        0.00000000e+00, -1.04848177e-03,  2.03965498e-03,  9.64826197e-05,
        0.00000000e+00, -4.56915608e-04, -4.19043255e-04,  1.77826440e-04,
       -2.26558497e-02, -5.54621145e-02,  3.92612142e-02, -8.90801313e-02,
       -6.59510078e-02,  2.67237849e-02, -8.91189115e-04, -1.18702072e-02,
        5.06400190e-03, -7.40076888e-04, -1.60666998e-03, -1.57515844e-04,
        0.00000000e+00,  8.91189115e-04, -1.97934756e-03, -1.72413552e-04,
        0.00000000e+00,  7.40076888e-04,  4.21841699e-04,  2.36043599e-05,
        4.63392094e-01,  4.05601872e-02,  1.64360840e-01,  5.59388766e-02,
       -5.10452516e-03,  6.81431847e-02,  1.63782993e-03, -1.77201819e-02,
       -2.82640614e-03, -1.03259905e-05, -8.74884763e-03, -6.95101159e-03,
        0.00000000e+00, -1.63782993e-03, -3.98414691e-03, -2.57713662e-04,
        0.00000000e+00,  1.03259905e-05,  6.07815090e-04,  2.25766376e-04,
        7.91722257e+00,  1.92384623e+00,  8.13185767e-02, -5.41495058e-03,
       -1.57273463e-01,  3.46805073e-02,  4.61924521e-03, -8.32922003e-03,
       -7.81306632e-02, -1.94683967e-03, -1.44113255e-02, -1.16611089e-03,
       -3.38575820e-03, -5.36345522e-03, -3.49761740e-03,  2.90319398e-04,
       -9.44359977e-04,  6.53610097e-04,  1.16611089e-03,  0.00000000e+00,
        2.25366761e-04,  7.26804093e-04, -2.55142767e-05, -2.90319398e-04,
        0.00000000e+00, -2.03558769e-02,  7.49325326e-02,  1.94669427e-01,
       -2.86437811e-01, -3.43816423e-02, -3.52124626e-02, -1.87893944e-02,
        2.64884467e-02, -1.27255356e-02,  4.08501174e-03,  6.54800050e-03,
       -5.71796987e-04,  1.07320249e-03, -4.80760395e-03,  2.27639488e-03,
        3.06840737e-04,  2.83382821e-04,  9.10166199e-04,  5.71796987e-04,
        0.00000000e+00,  1.04864360e-05,  3.93159342e-04,  1.85518672e-04,
       -3.06840737e-04,  0.00000000e+00,  1.43778416e-02, -8.45018081e-02,
        2.07399295e-02,  6.13735750e-02,  7.03270134e-02, -8.55586140e-03,
        3.76668433e-03,  3.04401890e-03,  2.74454621e-02,  5.54956381e-03,
        5.50460178e-03,  2.17732827e-03,  4.12998246e-03,  7.63074642e-03,
        4.03293052e-03, -6.96979249e-04, -8.22214201e-05, -4.45489324e-04,
       -2.17732827e-03,  0.00000000e+00, -3.16021593e-04, -9.86960228e-04,
       -4.72915796e-04,  6.96979249e-04,  0.00000000e+00, -1.00408730e-02,
        3.19094940e-02, -1.84089541e-02, -1.41468667e-02,  8.46899999e-04,
       -6.48749948e-03, -2.50951797e-03,  1.26783253e-02,  2.61803561e-02,
       -3.93896312e-03, -4.12472347e-03,  1.06913576e-04,  1.25667853e-05,
        1.25123367e-04, -3.40108792e-03,  7.10177170e-05,  9.75258523e-04,
        2.07598069e-04, -1.06913576e-04,  0.00000000e+00, -1.63978149e-04,
       -4.72569451e-04,  2.10579600e-04, -7.10177170e-05,  0.00000000e+00,
        1.20538538e-03,  2.04719779e-03,  4.33761676e-03,  7.07053809e-03,
       -6.36478012e-03,  5.06456400e-03,  1.00723946e-03, -2.87886350e-03,
       -4.19269628e-03,  4.14946625e-04,  5.26346462e-04, -3.76258975e-04,
       -1.25807637e-03, -1.72632225e-03, -8.96298967e-04,  1.36965998e-05,
       -7.82185937e-05, -1.21303233e-03,  3.76258975e-04,  0.00000000e+00,
        2.70616586e-04,  4.64358545e-04, -1.60130790e-04, -1.36965998e-05,
        0.00000000e+00,  1.02426957e-03, -1.87787238e-03, -8.04622906e-04,
       -1.55751107e-03,  1.01713168e-03, -2.24487066e-03, -9.10848013e-04,
        1.20425504e-03,  8.02306062e-04,  1.12149184e-03,  1.62291681e-03,
       -5.63315252e-04,  6.82377252e-04,  1.96112743e-04, -9.71050849e-04,
        1.78225311e-04, -2.60751144e-04,  6.21953842e-04,  5.63315252e-04,
        0.00000000e+00,  8.82409420e-06,  1.57143283e-04,  1.68744787e-04,
       -1.78225311e-04,  0.00000000e+00,  1.08843944e-03, -4.70349968e-04,
        2.05677345e-04, -8.88943013e-04,  5.68424002e-04,  1.20048491e-03,
       -1.21686690e-03,  6.33266340e-04,  5.09051076e-04, -1.66409147e-04,
       -7.58849215e-04,  2.87985206e-05, -3.42360829e-05,  3.88293752e-04,
       -4.73264757e-04, -1.18237207e-04,  6.83351127e-05, -4.41635692e-04,
       -2.87985206e-05,  0.00000000e+00, -4.30138008e-05, -1.32617079e-04,
       -3.57863192e-05,  1.18237207e-04,  0.00000000e+00, -8.58578012e-05,
       -1.48386445e-04, -3.63126653e-05, -2.88416485e-04,  2.26834790e-04,
        1.45344757e-04,  3.19340484e-04,  2.50351021e-04,  1.02043044e-04,
       -1.93571503e-04, -1.03929051e-04,  4.60162801e-05, -9.37059800e-05,
        8.26459251e-05, -1.25821725e-04,  4.42182195e-05,  1.15123158e-04,
       -4.14157057e-05, -4.60162801e-05,  0.00000000e+00, -1.03464037e-04,
       -4.45804612e-05,  2.37786807e-05, -4.42182195e-05,  0.00000000e+00,
        1.01936932e-06,  4.43672721e-05,  1.45899566e-05,  3.65502787e-05,
        2.30582890e-06,  1.00059170e-04, -3.06624126e-05, -5.35824312e-05,
       -1.74017193e-04, -4.30176538e-05, -1.18603809e-04,  2.83056794e-05,
       -6.96919288e-06, -1.01330706e-06,  1.64344570e-04, -7.76422784e-05,
       -3.65544721e-06,  1.85446395e-05, -2.83056794e-05,  0.00000000e+00,
        2.20222796e-05,  1.80454596e-05,  9.67262285e-06,  7.76422784e-05,
        0.00000000e+00], dtype=float64),
                   'Ra_n': Array([ 7.84413436e+00, -2.34877414e-01, -7.04140762e-03,  5.68201820e-03,
       -5.96298969e-04,  2.44491307e-04, -3.42882524e-04,  2.60037291e-04,
       -1.52415274e-05], dtype=float64),
                   'Rb_lmn': Array([ 0.00000000e+00,  0.00000000e+00,  0.00000000e+00,  0.00000000e+00,
        0.00000000e+00,  0.00000000e+00,  0.00000000e+00,  0.00000000e+00,
        0.00000000e+00,  0.00000000e+00,  0.00000000e+00,  0.00000000e+00,
        0.00000000e+00,  0.00000000e+00,  0.00000000e+00,  0.00000000e+00,
        0.00000000e+00,  0.00000000e+00,  0.00000000e+00,  0.00000000e+00,
        0.00000000e+00,  0.00000000e+00,  0.00000000e+00,  0.00000000e+00,
        0.00000000e+00,  0.00000000e+00,  0.00000000e+00,  0.00000000e+00,
        0.00000000e+00,  0.00000000e+00,  0.00000000e+00,  0.00000000e+00,
        0.00000000e+00,  0.00000000e+00,  0.00000000e+00,  0.00000000e+00,
        7.22947537e-03, -6.16850844e-04,  9.15847047e-03, -2.42925203e-03,
        0.00000000e+00,  0.00000000e+00,  0.00000000e+00,  0.00000000e+00,
        1.76090323e-03,  1.04989005e-02, -3.70942836e-02,  2.33602845e-02,
        0.00000000e+00,  0.00000000e+00,  0.00000000e+00,  0.00000000e+00,
       -6.71358361e-02,  2.54116595e-02, -2.88722411e-02, -1.06844393e-01,
        0.00000000e+00,  0.00000000e+00,  0.00000000e+00,  0.00000000e+00,
       -1.32455577e-02,  1.42656511e-01,  1.01978127e-01,  5.16246851e-01,
        8.00000000e+00,  1.76368157e+00, -1.83808217e-02,  2.09227919e-02,
       -8.16537949e-02,  0.00000000e+00,  0.00000000e+00,  0.00000000e+00,
        0.00000000e+00,  1.56607845e-01,  4.49192848e-02, -2.64363809e-01,
       -2.77542959e-02, -1.02636220e-02,  0.00000000e+00,  0.00000000e+00,
        0.00000000e+00,  0.00000000e+00,  4.26984162e-02, -8.70745233e-03,
        7.10613801e-02, -3.49674895e-03,  3.10054768e-02,  0.00000000e+00,
        0.00000000e+00,  0.00000000e+00,  0.00000000e+00, -3.11107564e-02,
        2.97926894e-02, -1.81598746e-03, -1.04046249e-02,  2.29898478e-02,
        0.00000000e+00,  0.00000000e+00,  0.00000000e+00,  0.00000000e+00,
        5.56278182e-03, -3.98085429e-03,  2.92971088e-03,  4.37787813e-03,
       -5.24912604e-03,  0.00000000e+00,  0.00000000e+00,  0.00000000e+00,
        0.00000000e+00,  0.00000000e+00,  0.00000000e+00,  0.00000000e+00,
        0.00000000e+00,  0.00000000e+00,  0.00000000e+00,  0.00000000e+00,
        0.00000000e+00,  0.00000000e+00,  0.00000000e+00,  0.00000000e+00,
        0.00000000e+00,  0.00000000e+00,  0.00000000e+00,  0.00000000e+00,
        0.00000000e+00,  0.00000000e+00,  0.00000000e+00,  0.00000000e+00,
        0.00000000e+00,  0.00000000e+00,  0.00000000e+00,  0.00000000e+00,
        0.00000000e+00,  0.00000000e+00,  0.00000000e+00,  0.00000000e+00,
        0.00000000e+00,  0.00000000e+00,  0.00000000e+00,  0.00000000e+00,
        0.00000000e+00,  0.00000000e+00,  0.00000000e+00,  0.00000000e+00,
        0.00000000e+00], dtype=float64),
                   'Te_l': Array([], shape=(0,), dtype=float64),
                   'Ti_l': Array([], shape=(0,), dtype=float64),
                   'Z_lmn': Array([-5.34957817e-05,  2.14344674e-04, -7.12088339e-05, -5.21237713e-05,
       -1.36528330e-04,  1.25006168e-04,  3.75714471e-05, -1.31288607e-05,
       -1.00413360e-04, -2.03444002e-04, -8.44498324e-05,  4.89231498e-05,
        1.16209079e-04,  7.65057373e-05,  7.09533215e-05,  1.98739424e-05,
        1.25627658e-04, -4.05563360e-05, -4.89231498e-05,  0.00000000e+00,
       -2.90759103e-05, -1.12531053e-05,  2.94600383e-05, -1.98739424e-05,
        0.00000000e+00,  6.38781073e-05, -4.02344593e-04, -4.34297542e-05,
        3.22541508e-04,  2.78381404e-04, -3.59155889e-04, -6.23179566e-05,
       -3.55563932e-04, -3.30515376e-04,  1.87443138e-04,  1.46039350e-04,
       -6.64749596e-05,  1.53652444e-05,  9.67595749e-05,  4.41189804e-04,
       -9.49036749e-05, -6.34799494e-05,  2.13116540e-04,  6.64749596e-05,
        0.00000000e+00,  2.65043591e-05, -6.37371509e-05, -1.10674428e-04,
        9.49036749e-05,  0.00000000e+00, -6.65327524e-04,  1.02879932e-03,
        2.93772876e-04, -8.40704106e-05, -3.31907896e-04,  5.30194749e-04,
        4.87452872e-04, -2.91744679e-04, -3.23624910e-04, -6.05924046e-04,
       -3.95400516e-04,  1.75069854e-04, -1.51182668e-04,  2.26641563e-04,
        3.06858349e-04, -9.64068544e-05, -9.09673765e-05, -1.34794233e-04,
       -1.75069854e-04,  0.00000000e+00,  3.52844453e-05,  1.49173527e-04,
        1.67665611e-05,  9.64068544e-05,  0.00000000e+00,  2.72425654e-03,
       -8.77982361e-04,  1.13233102e-04,  7.54717921e-04,  2.32203597e-03,
        3.52752667e-03, -1.91988291e-03,  3.37869837e-04, -3.58092904e-04,
       -1.58802170e-03, -3.45002678e-03,  3.39252717e-04, -7.16234144e-04,
       -8.46432256e-04,  2.30012612e-04, -4.52344279e-05,  1.43968082e-04,
       -7.74998820e-05, -3.39252717e-04,  0.00000000e+00, -2.01372589e-04,
       -2.46155502e-04,  1.28080292e-04,  4.52344279e-05,  0.00000000e+00,
       -6.01856831e-03, -3.50819146e-04, -2.05006827e-03, -1.33391785e-02,
        5.58555134e-03, -3.05908078e-03,  3.20172344e-03,  4.92557912e-03,
       -4.85805403e-03, -2.07090359e-03,  7.60989909e-03, -9.67667443e-04,
        1.22163638e-03,  5.41452617e-04, -8.03741143e-04, -2.12330515e-05,
       -2.71052879e-04,  3.99414006e-04,  9.67667443e-04,  0.00000000e+00,
        3.07200285e-05,  1.92600278e-04, -1.52967759e-04,  2.12330515e-05,
        0.00000000e+00,  2.25786039e-02, -7.77583869e-03,  5.02574732e-03,
        5.05227990e-02, -1.05689361e-02, -4.48181039e-03, -2.03386235e-02,
       -2.44576905e-02,  5.71874902e-03,  4.58972219e-03, -1.17675054e-02,
        1.11881670e-03,  1.74746473e-04, -2.39570681e-04,  1.92474216e-03,
        2.61923380e-04,  1.39123800e-03,  6.10050211e-04, -1.11881670e-03,
        0.00000000e+00,  1.39609219e-04, -1.25072721e-04,  7.74590737e-05,
       -2.61923380e-04,  0.00000000e+00, -7.68042445e-02,  1.53101238e-01,
       -2.86968865e-02,  5.62248756e-03, -3.07006402e-02, -1.28420655e-02,
        2.67723235e-02,  6.99076992e-04, -2.90053324e-02,  8.23960460e-03,
        2.35788767e-03, -1.98648625e-04, -8.30989708e-04,  6.29089254e-04,
       -7.64470760e-03, -7.60721186e-04, -1.44219192e-03, -9.12593818e-04,
        1.98648625e-04,  0.00000000e+00,  9.01762700e-05,  1.82153058e-04,
       -2.28146715e-04,  7.60721186e-04,  0.00000000e+00,  9.92387908e-01,
       -5.25960292e-01,  7.83130275e-02,  2.27653043e-01,  2.25667156e-01,
        3.12918204e-01,  5.89678779e-02,  1.44199580e-01,  1.28199808e-03,
       -2.36549309e-03, -1.09046649e-02,  2.10515659e-04, -8.82577215e-04,
       -4.57099574e-03,  3.25053377e-04, -6.46954718e-05, -3.24964132e-04,
       -2.82518419e-03, -2.10515659e-04,  0.00000000e+00, -2.36855849e-04,
       -5.45814196e-04,  2.64094760e-04,  6.46954718e-05,  0.00000000e+00,
       -1.73014728e+00, -3.99372035e-01,  2.25905732e-02, -9.75955397e-02,
        7.98171335e-02,  7.81183292e-02,  6.86579545e-04,  2.59063390e-02,
        2.50713387e-03, -3.61796807e-04, -7.57261945e-07,  1.92523119e-03,
        0.00000000e+00, -6.86579545e-04, -1.07554637e-03,  4.66266339e-04,
        0.00000000e+00,  3.61796807e-04,  6.89692211e-05, -2.81344335e-04,
        1.26973703e-02,  4.20277349e-01,  2.44285852e-02, -3.04440931e-02,
        8.83373502e-02,  1.58019490e-02,  2.46612919e-04,  8.36051183e-03,
        1.15757307e-02,  7.53013513e-04, -6.05936083e-03,  4.29552997e-03,
        0.00000000e+00, -2.46612919e-04, -2.35872540e-03,  2.14397962e-04,
        0.00000000e+00, -7.53013513e-04, -8.14212239e-05, -3.67777125e-04,
       -2.66087692e-02,  3.62747033e-02,  5.71588512e-02,  4.03492170e-02,
       -4.70124272e-02, -1.04564400e-02, -1.67650876e-03, -3.81250030e-03,
       -6.08673635e-03,  4.06513346e-05, -2.75292861e-03, -2.97525931e-03,
        0.00000000e+00,  1.67650876e-03, -1.34051231e-03, -9.55711110e-06,
        0.00000000e+00, -4.06513346e-05,  1.10662642e-04,  9.28711607e-05,
        3.28536457e-03,  3.29594904e-03, -2.31871314e-02, -1.73902938e-02,
       -1.03467863e-02, -1.64293781e-03, -7.19751452e-04,  7.47899666e-04,
        2.06508835e-03,  2.60095606e-04, -5.99537962e-04,  2.47098037e-03,
        0.00000000e+00,  7.19751452e-04, -3.59443945e-04, -7.96629765e-04,
        0.00000000e+00, -2.60095606e-04,  2.94102028e-05,  1.69922077e-04,
        9.48384399e-03, -6.60058776e-03,  2.28359605e-03, -2.67543759e-03,
        3.08470994e-03,  6.35681209e-04,  6.41459020e-04, -1.17334266e-03,
       -1.02542829e-03, -4.38308419e-04,  1.29085717e-03,  2.69419838e-03,
        0.00000000e+00, -6.41459020e-04,  3.49371374e-04,  6.59030146e-04,
        0.00000000e+00,  4.38308419e-04,  6.54021791e-05, -4.51861532e-04,
       -3.15404742e-03,  2.32925574e-03,  1.03237875e-04,  2.79757019e-03,
       -9.71601088e-05, -8.01017590e-04,  6.01929159e-05, -2.13044957e-04,
        2.86492523e-04, -7.50609771e-05,  1.43067567e-04, -1.64376394e-03,
        0.00000000e+00, -6.01929159e-05,  1.09807082e-04,  6.99847079e-05,
        0.00000000e+00,  7.50609771e-05, -4.59074581e-05,  1.15525789e-04,
       -8.48877179e-05,  1.67154180e-05, -4.89014729e-05,  1.83296641e-04,
       -9.26949120e-04, -5.05539991e-04,  1.51332424e-04, -2.20841038e-04,
       -1.65434561e-04,  1.43548910e-04,  8.27051372e-04,  2.88348581e-04,
        0.00000000e+00, -1.51332424e-04,  2.69742511e-04,  6.70256379e-05,
        0.00000000e+00, -1.43548910e-04,  9.98977474e-05,  2.00475992e-04,
       -2.93885218e-04,  1.36594134e-04, -2.07970491e-04, -8.13711133e-06,
       -1.41293370e-04, -1.43462166e-04, -2.50486236e-04,  6.98824025e-05,
        2.70011664e-04, -8.79671433e-05,  1.88392274e-04,  1.02869422e-04,
        0.00000000e+00,  2.50486236e-04,  1.38088089e-04,  3.20106655e-05,
        0.00000000e+00,  8.79671433e-05, -4.70989041e-05, -9.60013899e-05,
       -1.78999915e-05, -2.26612893e-05, -4.51528472e-05, -2.16336559e-05,
       -1.53168645e-04,  3.68465842e-05,  5.74215894e-05,  9.55755155e-05,
        1.76247641e-05, -2.92670871e-06,  1.34916596e-04,  3.95587199e-05,
        0.00000000e+00, -5.74215894e-05, -5.04226683e-05,  2.19088834e-05,
        0.00000000e+00,  2.92670871e-06,  1.82520493e-05, -5.37440148e-05],      dtype=float64),
                   'Za_n': Array([-9.00004898e-05,  5.61290197e-05, -2.85180415e-04,  1.20600208e-03,
       -1.95769295e-03, -2.82090418e-03, -2.04138686e-02,  9.73688480e-01],      dtype=float64),
                   'Zb_lmn': Array([ 0.00000000e+00,  0.00000000e+00,  0.00000000e+00,  0.00000000e+00,
        0.00000000e+00,  0.00000000e+00,  0.00000000e+00,  0.00000000e+00,
        0.00000000e+00,  0.00000000e+00,  0.00000000e+00,  0.00000000e+00,
        0.00000000e+00,  0.00000000e+00,  0.00000000e+00,  0.00000000e+00,
        0.00000000e+00,  0.00000000e+00,  0.00000000e+00,  0.00000000e+00,
        0.00000000e+00,  0.00000000e+00,  0.00000000e+00,  0.00000000e+00,
        0.00000000e+00,  0.00000000e+00,  0.00000000e+00,  0.00000000e+00,
        0.00000000e+00,  0.00000000e+00,  0.00000000e+00,  0.00000000e+00,
        0.00000000e+00,  0.00000000e+00,  0.00000000e+00,  0.00000000e+00,
       -3.61455674e-03,  2.89277573e-03, -7.67954646e-03,  4.95023231e-03,
       -5.81476293e-03,  0.00000000e+00,  0.00000000e+00,  0.00000000e+00,
        0.00000000e+00,  7.58008341e-03, -1.23638146e-02,  2.57004651e-02,
       -1.56392656e-02,  7.72095025e-03,  0.00000000e+00,  0.00000000e+00,
        0.00000000e+00,  0.00000000e+00, -7.94696210e-02,  1.29198011e-01,
        7.13280687e-03, -1.13967716e-02, -3.68781867e-02,  0.00000000e+00,
        0.00000000e+00,  0.00000000e+00,  0.00000000e+00,  1.12854938e+00,
       -3.02983593e-01,  3.66735813e-01,  2.99188355e-01,  1.87114622e-03,
        0.00000000e+00,  0.00000000e+00,  0.00000000e+00,  0.00000000e+00,
        0.00000000e+00,  0.00000000e+00,  0.00000000e+00,  0.00000000e+00,
        7.98853455e-02,  4.74213658e-02, -3.19609819e-01, -1.82476942e+00,
        0.00000000e+00,  0.00000000e+00,  0.00000000e+00,  0.00000000e+00,
        8.21965681e-02,  3.04303717e-02,  4.40007051e-01, -5.95659419e-03,
        0.00000000e+00,  0.00000000e+00,  0.00000000e+00,  0.00000000e+00,
       -4.96546932e-02,  5.20058386e-02,  2.29358751e-02,  7.64415431e-03,
        0.00000000e+00,  0.00000000e+00,  0.00000000e+00,  0.00000000e+00,
       -1.09169141e-02, -2.27986757e-02,  4.29391367e-03, -1.28364707e-02,
        0.00000000e+00,  0.00000000e+00,  0.00000000e+00,  0.00000000e+00,
        4.44096929e-03,  1.45962476e-03, -3.72256970e-03,  6.44200826e-03,
        0.00000000e+00,  0.00000000e+00,  0.00000000e+00,  0.00000000e+00,
        0.00000000e+00,  0.00000000e+00,  0.00000000e+00,  0.00000000e+00,
        0.00000000e+00,  0.00000000e+00,  0.00000000e+00,  0.00000000e+00,
        0.00000000e+00,  0.00000000e+00,  0.00000000e+00,  0.00000000e+00,
        0.00000000e+00,  0.00000000e+00,  0.00000000e+00,  0.00000000e+00,
        0.00000000e+00,  0.00000000e+00,  0.00000000e+00,  0.00000000e+00,
        0.00000000e+00,  0.00000000e+00,  0.00000000e+00,  0.00000000e+00,
        0.00000000e+00,  0.00000000e+00,  0.00000000e+00,  0.00000000e+00],      dtype=float64),
                   'Zeff_l': Array([], shape=(0,), dtype=float64),
                   'a_lmn': Array([], shape=(0,), dtype=float64),
                   'c_l': Array([0., 0., 0., 0., 0.], dtype=float64),
                   'i_l': Array([], shape=(0,), dtype=float64),
                   'ne_l': Array([], shape=(0,), dtype=float64),
                   'ni_l': Array([], shape=(0,), dtype=float64),
                   'p_l': Array([0., 0., 0., 0., 0.], dtype=float64)}],
               [ { 'G': Array([], shape=(0,), dtype=float64),
                   'I': Array([], shape=(0,), dtype=float64),
                   'L_lmn': Array([ 1.07242456e-05, -1.17484131e-04,  5.40864145e-05, -7.44033459e-05,
        3.13013457e-05,  1.82654062e-04,  3.60240131e-05,  2.69754354e-05,
       -2.27000834e-04,  3.27879281e-05,  5.89673495e-05,  1.15057961e-04,
        1.83543430e-05, -2.75611689e-05, -1.07792723e-04, -2.15614151e-05,
       -1.31136318e-04,  3.24017831e-05,  1.12536091e-04, -1.56945639e-05,
       -1.78279753e-05,  4.29658455e-05, -3.83164999e-05, -4.43810927e-05,
        2.29251290e-05,  1.27156339e-04, -1.69520159e-05, -1.28593832e-04,
       -3.00671763e-04,  2.91808654e-04,  3.91030632e-04, -4.25820030e-05,
        3.61904213e-04,  3.11789439e-04, -3.30461297e-04, -5.08861010e-04,
       -1.89809744e-04, -8.57128794e-05,  1.16142281e-04, -1.14151013e-05,
        1.36662559e-04,  3.13474622e-04,  2.32025365e-05, -7.81514241e-05,
       -6.11230058e-05,  2.65073851e-05,  1.34756491e-05,  1.39461111e-06,
       -3.65705229e-07, -1.46732040e-05,  7.35887946e-04, -6.80663089e-04,
       -2.25281150e-04, -7.98856753e-04,  2.42259504e-04,  2.38145886e-05,
       -4.43053556e-04,  9.60257067e-04, -2.00577614e-04,  3.33159677e-04,
       -3.82307897e-04,  3.14453504e-04,  5.22521793e-06, -1.44041777e-05,
        7.49977955e-05, -1.16614083e-04, -1.54678868e-05,  2.29487585e-04,
        9.15341138e-05,  7.43173082e-05, -1.24194357e-04, -8.38946148e-05,
        3.96990414e-05, -1.11926272e-04, -5.69084495e-05, -5.49201522e-05,
       -7.14843553e-04, -3.53253448e-03, -2.60379210e-03,  1.20454006e-03,
        7.07720614e-04,  3.18704975e-03,  1.99668837e-03, -1.39845037e-04,
        4.38346959e-04,  1.45245920e-04, -4.01632209e-04,  1.54686069e-04,
       -1.38050651e-04, -1.10429627e-04,  5.47742940e-04, -2.33132696e-04,
       -1.45046685e-04,  5.57359585e-05,  1.15093390e-04,  2.14546238e-04,
        3.45521091e-05, -1.46191414e-04,  1.87512841e-04,  1.29664359e-05,
        7.91399617e-03,  3.51479105e-03, -5.25596402e-03,  4.53174416e-03,
       -7.08792044e-03, -3.25964760e-04, -1.15475261e-03, -2.00837251e-03,
        8.01339387e-04,  8.98443867e-04, -4.02645108e-04,  1.74742722e-03,
       -5.78039841e-04, -1.08380403e-03,  9.65651285e-04, -6.87539833e-04,
       -4.23949480e-04,  2.53321575e-04,  5.41329864e-05,  3.53433749e-04,
        7.80261680e-05,  1.93895114e-04,  3.27581264e-05, -4.13988019e-05,
       -1.30485010e-04, -1.64960742e-02, -1.96370891e-02,  5.54114120e-03,
       -8.32258035e-03,  4.01625992e-02, -7.14711252e-03,  4.24554695e-04,
        5.65152434e-03,  1.76917912e-03, -4.73872930e-03, -2.43299342e-03,
       -1.22082916e-03, -9.85265501e-04,  1.42567964e-06,  3.16442530e-03,
        2.35346344e-03,  1.41926658e-03, -5.00006895e-04, -6.28383614e-04,
        7.93366483e-04,  9.33747628e-05, -9.95724818e-04,  2.00352695e-04,
        3.21770639e-04, -1.32216744e-04, -3.39270167e-02,  9.51066693e-03,
        6.13143208e-02, -1.37832125e-02, -3.60560509e-02,  2.53512071e-02,
       -7.99977321e-03, -1.33303841e-02, -4.32223331e-03,  1.84536836e-03,
        1.35345903e-02, -1.79669876e-02,  5.71256666e-03,  3.44862757e-03,
       -5.03097401e-03,  1.80794092e-03, -2.14197943e-03, -2.03202262e-03,
       -2.37889138e-04, -1.70218454e-03, -2.37070442e-03, -4.34972950e-04,
        2.44540775e-04, -2.59916672e-04, -1.58956470e-04,  1.43296319e-01,
       -9.48618349e-02, -9.45431743e-02, -2.85937118e-01, -1.57314095e-01,
        4.59357819e-02,  1.41348407e-02,  2.31684883e-02,  2.15921254e-02,
        2.53189752e-02,  1.25372396e-02, -1.00655846e-02, -1.07674260e-02,
       -5.95667363e-04, -5.12826188e-03,  4.12042867e-04, -5.45760576e-04,
       -1.67758928e-04,  1.81366894e-03,  2.18834590e-04,  8.35110994e-03,
        1.05434747e-03,  6.90889581e-05, -6.12648321e-04, -7.46192925e-04,
        4.57625194e-01, -1.80899067e-01, -5.47615007e-02, -1.07972048e-01,
       -8.49864295e-03, -2.64955228e-02,  1.56874301e-02,  3.52246897e-03,
        7.26552110e-03, -3.57227579e-03,  2.21890664e-03,  4.00563213e-03,
        1.21229421e-04, -8.59520809e-04, -1.95020018e-03, -2.86884541e-03,
        5.98459462e-04,  1.41632188e-04,  3.97443329e-04,  3.64728950e-05,
       -3.91661957e-01, -3.37111926e-02,  1.29135020e-02, -1.53202592e-02,
       -1.38369256e-02, -2.39515698e-03,  1.53962557e-03,  1.21081993e-02,
       -2.09489122e-03, -3.10803931e-03, -2.11474595e-03,  1.47906122e-02,
       -9.38402642e-05,  1.19330542e-04, -1.69210267e-05,  1.69810171e-03,
       -4.00875533e-04,  5.68101319e-04, -2.68625850e-04, -1.12732752e-03,
        3.74611431e-03, -4.99900893e-02,  2.52482314e-02,  2.27149128e-03,
       -1.39303588e-03,  4.52622465e-04, -1.33336292e-02, -4.75293521e-03,
       -3.51291845e-04,  2.30358726e-04, -2.14527380e-03, -2.72470900e-03,
       -2.87825616e-04, -6.26954752e-04, -1.23204444e-04,  2.43765863e-03,
        6.36814219e-05, -8.94904032e-07, -7.68677970e-04, -3.28383735e-04,
       -1.06876945e-02,  1.17443956e-02,  1.25915014e-02,  1.62960825e-02,
        4.07141935e-03, -3.61979365e-03, -4.43526114e-03, -1.61844570e-03,
        1.17022740e-03,  1.81860135e-03,  1.73266330e-03, -2.26143333e-03,
        3.25458418e-04,  7.55102637e-04,  1.65570805e-03, -1.91812336e-05,
        2.42804330e-04, -3.86341459e-04, -3.59904858e-05,  1.17785114e-03,
        4.15761616e-03, -3.25510671e-03, -2.24853954e-03, -6.42939816e-03,
       -2.76364662e-03,  5.57971579e-03,  1.70475228e-03, -8.76464111e-04,
       -1.61859658e-03,  1.28035013e-04,  4.84168570e-04, -2.86459439e-04,
        2.71066820e-04, -1.02808634e-05, -5.24243795e-04, -1.52589904e-04,
       -2.35484107e-04,  1.65557876e-04,  6.89630370e-04,  5.25471225e-04,
       -2.64180801e-03, -4.13324332e-04,  1.06150480e-03,  2.85125560e-03,
        1.32846677e-04,  1.43213791e-04,  2.07738438e-04, -5.41315622e-04,
        5.17993639e-04,  1.38733118e-04, -4.05950852e-04,  1.77258567e-04,
        8.86836988e-06,  6.26855597e-05, -1.34982389e-04, -7.13447183e-05,
        6.64031263e-05, -3.10587474e-05, -1.64521697e-04, -2.88356145e-04,
       -9.88982464e-04,  2.53119838e-04,  4.88093082e-04,  9.32024308e-04,
       -2.17358093e-04,  1.24322133e-05, -6.65391972e-04, -7.57550113e-04,
        2.47046833e-04,  1.01046889e-04,  2.18121221e-04, -4.90271696e-04,
        1.64270482e-05,  1.83763234e-04,  8.87075547e-05,  1.33946199e-04,
       -9.30230932e-05, -2.49423074e-05, -9.56412437e-05, -1.18342083e-04,
       -1.13363557e-04,  1.71735359e-04,  3.31534193e-04, -9.37622070e-05,
        6.77919402e-05, -9.68695145e-05,  1.68438062e-04, -4.44209830e-04,
       -1.04580205e-04,  7.96513684e-06, -2.50369942e-04,  2.27175410e-05,
        3.13703589e-05, -2.13560519e-05, -1.25199742e-04,  9.67937012e-05,
        1.23548337e-05, -1.55580525e-05,  7.00424887e-05,  1.22064149e-04,
       -2.18753356e-05,  6.41742144e-05, -3.33098239e-06,  1.87062047e-06,
       -9.01976685e-05, -1.37390092e-04,  4.09109553e-05,  8.19231805e-05,
        6.37521590e-06,  8.47142358e-06,  7.42895780e-06,  4.42885721e-05,
        8.37169642e-06, -6.47544959e-06,  1.42067962e-05, -7.71065064e-06,
       -4.50870742e-06, -8.40499767e-06, -4.54397556e-05, -4.41181205e-05],      dtype=float64),
                   'Phi_mn': Array([], shape=(0,), dtype=float64),
                   'Psi': Array([50.], dtype=float64),
                   'R_lmn': Array([-5.87309036e-07,  8.81746699e-05,  7.70023754e-05, -3.59812069e-05,
        2.89616797e-06, -1.94870616e-05,  6.77169366e-05, -1.08081922e-04,
       -4.17165043e-05,  9.71284121e-05,  3.86477966e-05, -3.21195979e-05,
        6.27111519e-07, -6.92406163e-05,  3.03177341e-05,  7.75153439e-05,
       -5.30909207e-07, -9.41510411e-05, -3.95729195e-05, -3.49107561e-05,
       -4.74850132e-04,  4.28573656e-04,  2.74209690e-04,  1.13542155e-04,
       -2.43121078e-04, -2.51843167e-04, -1.34488705e-04, -2.31758812e-04,
        3.67231341e-04, -6.90502785e-05,  2.61730367e-04, -6.23084167e-05,
        6.48787871e-06,  1.40739438e-04, -4.20989893e-05, -5.02159398e-06,
        2.34429565e-07,  5.80903077e-05, -2.07317552e-05, -1.15242489e-04,
       -1.54997200e-03, -1.80602082e-04,  8.88261175e-04,  1.14074565e-03,
       -4.36102871e-04, -4.63837585e-04,  3.80795242e-04, -7.72133381e-04,
        5.61096856e-04, -5.83932576e-05,  4.85171171e-04,  5.18153408e-04,
       -1.02420000e-05, -3.85837468e-04, -1.14361150e-04, -1.50724996e-04,
       -5.30843987e-07,  6.60326795e-05, -4.68908868e-05,  1.25816947e-04,
        4.79804660e-04,  1.93740005e-03,  2.60716117e-04,  2.46431966e-03,
        4.34320680e-04, -1.34144344e-03, -6.10005249e-05, -4.81452919e-04,
       -2.89413186e-03,  2.20181986e-04, -5.80961223e-04, -6.92824331e-04,
        1.15274692e-05,  6.77866332e-05,  2.20635455e-04, -5.05735935e-05,
       -8.69343510e-06, -2.26089753e-04,  1.39874305e-04,  9.36950937e-05,
       -1.61816198e-02,  6.96582017e-03, -4.80551675e-03,  1.31107961e-02,
        4.19631721e-03,  2.73264084e-03, -2.41586970e-05,  3.77971948e-03,
        5.59571018e-04, -2.21625579e-04,  3.28592886e-03, -3.19212227e-04,
       -7.06773002e-06,  1.92610782e-05,  4.09266240e-04,  7.93119003e-05,
        9.71113980e-06,  2.29175210e-04, -2.50206505e-04, -2.18041658e-04,
        3.38138626e-02, -1.25978567e-02,  8.29751124e-03, -1.27411166e-02,
        5.28508073e-03, -2.57506495e-02,  1.03790735e-03,  7.03589784e-05,
        2.26187401e-03,  4.64688077e-04, -3.12942069e-03,  1.10032470e-03,
        3.55975827e-06, -1.03650441e-03,  2.13200577e-03,  2.81798683e-05,
       -1.01541441e-05, -4.69444763e-04, -4.00700682e-04,  1.52238481e-04,
       -2.49082990e-02, -5.60452283e-02,  3.89455095e-02, -8.69256494e-02,
       -6.60126296e-02,  2.75640194e-02, -8.34846520e-04, -1.14084295e-02,
        5.17057380e-03, -7.32172859e-04, -1.52701001e-03, -3.83438078e-04,
       -2.01807884e-05,  8.32834089e-04, -2.12899550e-03, -1.84699946e-04,
        1.43587562e-05,  7.30325824e-04,  4.04271544e-04, -2.77792421e-06,
        4.61692373e-01,  4.04796604e-02,  1.63984754e-01,  5.71046414e-02,
       -5.27768814e-03,  6.83584466e-02,  1.67210050e-03, -1.72520482e-02,
       -2.26008068e-03, -2.72132187e-05, -8.60832460e-03, -7.07184766e-03,
        2.22747622e-05, -1.61696635e-03, -4.07323722e-03, -3.05947957e-04,
        5.95263907e-06, -7.47156460e-06,  6.27431664e-04,  2.02859172e-04,
        7.91729095e+00,  1.92776455e+00,  8.36640174e-02, -5.39829615e-03,
       -1.61251852e-01,  3.46818366e-02,  2.28684200e-03, -8.25347343e-03,
       -7.81093124e-02, -1.95006306e-03, -1.43536481e-02, -1.32820447e-03,
       -3.45218172e-03, -5.46842821e-03, -3.51775749e-03,  2.82253917e-04,
       -1.01941956e-03,  5.94499956e-04,  1.31961059e-03,  4.87032334e-06,
        2.10375115e-04,  7.39106401e-04, -2.81215053e-05, -2.70572820e-04,
        1.26778398e-06, -2.02568431e-02,  7.51886582e-02,  1.94856713e-01,
       -2.85945252e-01, -3.51941818e-02, -3.41097316e-02, -1.88862907e-02,
        2.60925097e-02, -1.23036624e-02,  4.80104687e-03,  5.45638957e-03,
       -4.61047582e-04,  9.30557665e-04, -4.88353981e-03,  1.81020793e-03,
        3.26533189e-04,  1.25822225e-04,  9.00677804e-04,  4.68335239e-04,
        2.20710660e-05, -4.41994584e-07,  3.72000276e-04,  2.24453812e-04,
       -3.44584670e-04,  2.51702345e-06,  1.44790696e-02, -8.41449326e-02,
        2.05325000e-02,  6.12275077e-02,  7.02496839e-02, -8.66477488e-03,
        3.76455043e-03,  3.03790968e-03,  2.71239003e-02,  5.15506338e-03,
        5.66079022e-03,  2.04851856e-03,  4.24729886e-03,  7.79528550e-03,
        4.35488127e-03, -7.17204160e-04,  3.22197369e-05, -4.96476444e-04,
       -2.05852171e-03, -1.77515435e-05, -3.22071637e-04, -1.00216706e-03,
       -4.73365676e-04,  7.34900844e-04, -8.11451032e-06, -1.01616481e-02,
        3.14364815e-02, -1.84838325e-02, -1.43002571e-02,  9.42514031e-04,
       -6.83949686e-03, -2.40216055e-03,  1.27024144e-02,  2.60430716e-02,
       -3.65043978e-03, -3.81163441e-03,  1.70964826e-04,  8.14381001e-05,
        2.43818931e-04, -3.27408452e-03,  5.86788541e-05,  1.06744984e-03,
        2.49006566e-04, -1.63455897e-04, -1.28304367e-05, -1.44404731e-04,
       -4.59963094e-04,  2.15251239e-04, -6.74310727e-05, -9.88843435e-07,
        8.57397243e-04,  1.85145083e-03,  4.30393280e-03,  7.37662358e-03,
       -6.27459698e-03,  4.75280432e-03,  1.32809884e-03, -3.24993193e-03,
       -4.23700392e-03,  4.59208825e-04,  8.32004244e-04, -3.67907462e-04,
       -1.21326171e-03, -1.68526810e-03, -8.32214918e-04, -1.09540000e-05,
       -1.73487315e-05, -1.20834125e-03,  3.66315560e-04,  4.79671815e-06,
        2.86745808e-04,  4.86511905e-04, -1.78377692e-04,  1.55811829e-05,
        5.54834669e-06,  1.01202218e-03, -1.92036724e-03, -8.11531601e-04,
       -1.66478217e-03,  1.09226997e-03, -2.49981631e-03, -9.08166558e-04,
        1.28183359e-03,  7.88100413e-04,  1.09655429e-03,  1.87603508e-03,
       -5.53266634e-04,  6.82607253e-04,  2.30745914e-04, -9.61780039e-04,
        1.90117622e-04, -2.66892294e-04,  6.28215690e-04,  5.56529242e-04,
       -7.03422384e-06,  2.06753350e-05,  1.50959100e-04,  1.66846778e-04,
       -1.86933399e-04,  3.20880263e-06,  1.09904097e-03, -5.09264463e-04,
        2.18225102e-04, -8.09492111e-04,  6.32665780e-04,  1.27644350e-03,
       -1.22204140e-03,  6.05131865e-04,  5.04146193e-04, -1.80982453e-04,
       -8.29422735e-04,  1.74192961e-05, -4.86619719e-05,  3.44235565e-04,
       -4.69786818e-04, -1.17894318e-04,  5.86821433e-05, -4.47027408e-04,
       -1.98003476e-05,  3.32219805e-06, -4.75322794e-05, -1.42272637e-04,
       -3.16986830e-05,  1.16571373e-04,  5.02648868e-07, -8.26917798e-05,
       -1.37626611e-04, -3.03370889e-05, -2.56418404e-04,  2.46283758e-04,
        1.40777983e-04,  3.19355972e-04,  2.30147752e-04,  9.40756141e-05,
       -2.10530486e-04, -8.96045324e-05,  5.85519551e-05, -1.01704930e-04,
        7.94439352e-05, -1.22635851e-04,  4.70128688e-05,  1.03186574e-04,
       -4.96691683e-05, -5.20846860e-05,  9.76162394e-07, -1.04656167e-04,
       -5.30224757e-05,  2.53353331e-05, -5.11983304e-05, -6.29541427e-07,
        4.10536066e-06,  4.15755988e-05,  1.59585246e-05,  5.06529575e-05,
        7.71529265e-06,  1.03622260e-04, -3.55860047e-05, -6.71106393e-05,
       -1.57667273e-04, -4.35277888e-05, -1.25797429e-04,  2.56597286e-05,
       -7.31410130e-06, -1.94817915e-07,  1.49338322e-04, -7.51604630e-05,
       -5.31562718e-06,  1.92612484e-05, -3.20230311e-05, -2.74720837e-06,
        2.25934186e-05,  1.70384711e-05,  1.19861592e-05,  7.73975851e-05,
        1.30178565e-06], dtype=float64),
                   'Ra_n': Array([ 7.83957633e+00, -2.34930846e-01, -6.85825044e-03,  5.69418110e-03,
       -6.18429200e-04,  2.53455303e-04, -3.40095846e-04,  2.64050043e-04,
       -1.75316487e-05], dtype=float64),
                   'Rb_lmn': Array([-5.30909207e-07,  6.27111519e-07,  2.97737108e-06, -1.52367967e-06,
        1.97104505e-06, -7.61812108e-07,  1.65725420e-06, -7.69676335e-07,
        2.34429565e-07,  6.48787871e-06, -1.09599707e-05,  6.25073330e-06,
       -2.12246679e-06,  3.51888052e-07, -8.20416609e-07,  9.01770379e-07,
       -5.30843987e-07, -1.02420000e-05,  7.63942187e-06, -5.04222598e-06,
        2.17741324e-06,  1.76664422e-06, -4.69311582e-07,  1.14551058e-06,
       -8.69343510e-06,  1.15274692e-05, -5.90776684e-06,  6.78610823e-06,
       -6.76623778e-06, -1.01346727e-07, -3.17263032e-06, -5.81132798e-07,
        9.71113980e-06, -7.06773002e-06,  7.54963033e-06, -4.89761878e-06,
        7.23203957e-03, -6.16531032e-04,  9.16120712e-03, -2.43194072e-03,
       -1.01541441e-05,  3.55975827e-06, -4.75668542e-06,  1.40294462e-06,
        1.75495935e-03,  1.04998760e-02, -3.70959430e-02,  2.33627999e-02,
        1.43587562e-05, -2.01807884e-05, -1.84703485e-06, -2.01243071e-06,
       -6.71353681e-02,  2.54080845e-02, -2.88674250e-02, -1.06848075e-01,
        5.95263907e-06,  2.22747622e-05, -3.46847833e-05,  5.51341457e-05,
       -1.32585811e-02,  1.42659469e-01,  1.01969119e-01,  5.16230985e-01,
        8.00000000e+00,  1.76354321e+00, -1.83810914e-02,  2.09226884e-02,
       -8.16551914e-02, -8.59387861e-06,  1.16810971e-05,  4.87032334e-06,
        1.26778398e-06,  1.56643694e-01,  4.49213455e-02, -2.64364281e-01,
       -2.77526642e-02, -1.02690006e-02,  7.28765643e-06, -1.80514812e-05,
        2.20710660e-05,  2.51702345e-06,  4.27013473e-02, -8.70796558e-03,
        7.10585359e-02, -3.50046110e-03,  3.10054159e-02, -1.00031492e-05,
        1.76966836e-05, -1.77515435e-05, -8.11451032e-06, -3.11106078e-02,
        2.97960056e-02, -1.81398680e-03, -1.04021247e-02,  2.29842384e-02,
        7.50892938e-06, -8.75221861e-06, -1.28304367e-05, -9.88843435e-07,
        5.56291298e-03, -3.98128606e-03,  2.92793545e-03,  4.37646731e-03,
       -5.24759653e-03, -1.59190235e-06,  4.62718288e-06,  4.79671815e-06,
        5.54834669e-06, -4.39339375e-06,  1.56472299e-06, -1.24356927e-06,
        4.43445572e-06, -6.83284715e-06,  3.26260828e-06,  3.18422252e-06,
       -7.03422384e-06,  3.20880263e-06, -9.69585560e-07,  1.10100631e-06,
       -2.39731764e-06, -6.64096020e-09,  2.66069157e-06, -2.38105150e-06,
       -1.32294430e-06,  3.32219805e-06,  5.02648868e-07, -3.39937089e-08,
        1.31323452e-06,  1.50807146e-07,  1.50428267e-06, -3.22490347e-06,
        6.46726905e-06, -4.18546163e-06,  9.76162394e-07, -6.29541427e-07,
       -2.42802048e-07,  4.47475460e-07,  3.85971365e-07, -2.91392068e-06,
        3.65720810e-06, -6.36330258e-06,  2.23712213e-06, -2.74720837e-06,
        1.30178565e-06], dtype=float64),
                   'Te_l': Array([], shape=(0,), dtype=float64),
                   'Ti_l': Array([], shape=(0,), dtype=float64),
                   'Z_lmn': Array([-5.59372920e-05,  2.11000911e-04, -7.07773697e-05, -4.66298388e-05,
       -1.33874495e-04,  1.27159106e-04,  4.15534748e-05, -1.85350759e-05,
       -1.05483177e-04, -2.04836057e-04, -8.46416040e-05,  5.23323276e-05,
        1.14732661e-04,  7.47958313e-05,  8.00877174e-05,  1.70348157e-05,
        1.26612913e-04, -4.11968772e-05, -4.99279211e-05,  1.11792842e-06,
       -2.91365982e-05, -9.81046966e-06,  2.31034832e-05, -1.85905821e-05,
       -3.39420132e-07,  7.60957372e-05, -4.14729396e-04, -4.60549024e-05,
        3.50815974e-04,  3.14128030e-04, -3.30131937e-04, -7.36745227e-05,
       -3.78392813e-04, -2.95717626e-04,  1.75073377e-04,  1.19360264e-04,
       -3.83118435e-05,  1.70865891e-05,  9.96343220e-05,  4.09322225e-04,
       -8.36343706e-05, -7.46206497e-05,  2.09921571e-04,  3.71171578e-05,
       -5.93499882e-08,  2.68816287e-05, -7.19511632e-05, -1.12116531e-04,
        8.42668149e-05,  1.20021108e-07, -6.49205822e-04,  1.04424571e-03,
        3.35437347e-04,  5.98065370e-05, -2.53359105e-04,  6.08220979e-04,
        4.75069341e-04, -3.71100950e-04, -3.03762676e-04, -6.80279821e-04,
       -4.36620966e-04,  1.50170721e-04, -1.92055260e-04,  1.59577987e-04,
        2.91594489e-04, -9.08550680e-05, -1.08902711e-04, -1.70241406e-04,
       -1.48730926e-04,  1.09982365e-07,  2.96162035e-05,  1.50828606e-04,
        1.03856549e-05,  9.02974725e-05,  4.65935726e-08,  2.86264887e-03,
       -8.89322581e-04,  1.37682964e-04,  9.22901528e-04,  2.58295666e-03,
        3.80748768e-03, -2.04385380e-03,  3.27673294e-04, -1.25619024e-04,
       -1.80170421e-03, -3.72165536e-03,  3.76723526e-04, -7.53321359e-04,
       -9.76147363e-04, -1.15151263e-05, -4.86404981e-05,  1.05778016e-04,
       -8.96560129e-05, -3.77810390e-04, -1.97829855e-07, -1.99463019e-04,
       -2.69257788e-04,  1.38709543e-04,  4.91998608e-05, -8.13179937e-07,
       -6.23698891e-03, -9.08968632e-04, -2.03870330e-03, -1.34180477e-02,
        5.98132131e-03, -3.15941992e-03,  3.41969910e-03,  5.05791547e-03,
       -4.94610066e-03, -1.90994599e-03,  7.78434590e-03, -1.03658855e-03,
        1.21175933e-03,  4.71025001e-04, -7.03232242e-04, -7.19921546e-06,
       -2.67734765e-04,  3.27217756e-04,  1.03819902e-03,  2.19980070e-07,
        2.88107064e-05,  2.09865981e-04, -1.66814315e-04,  6.29251243e-06,
        4.59104687e-07,  2.23317016e-02, -9.81841753e-03,  4.96766164e-03,
        4.99404773e-02, -9.07026340e-03, -4.35254951e-03, -2.00754621e-02,
       -2.39263815e-02,  6.14872184e-03,  5.08797833e-03, -1.19237251e-02,
        1.22252268e-03,  2.07156623e-04, -1.45452629e-04,  1.50347447e-03,
        2.57432729e-04,  1.43589522e-03,  6.33973992e-04, -1.22297916e-03,
        7.19450300e-08,  1.49816908e-04, -1.66458474e-04,  7.03037753e-05,
       -2.57629478e-04, -3.97787812e-07, -7.76738900e-02,  1.49636694e-01,
       -2.88913901e-02,  3.35412319e-03, -2.85967800e-02, -1.36312333e-02,
        2.75289651e-02,  2.62914345e-03, -2.92167899e-02,  9.50216348e-03,
        3.23111707e-03, -2.56688984e-04, -5.16870672e-04,  9.43182793e-04,
       -7.43997678e-03, -7.41487119e-04, -1.34136895e-03, -9.99991990e-04,
        2.58826169e-04, -1.43400386e-07,  7.90707521e-05,  2.04853842e-04,
       -2.21231046e-04,  7.41048165e-04,  1.26551795e-06,  9.92145151e-01,
       -5.26914359e-01,  7.74892571e-02,  2.26654439e-01,  2.25867022e-01,
        3.12581816e-01,  5.98523921e-02,  1.44843365e-01,  1.63015501e-03,
       -1.64789525e-03, -1.05331999e-02,  3.12071530e-04, -7.08312011e-04,
       -4.18267369e-03, -4.28478370e-06, -4.43688910e-05, -2.75216179e-04,
       -2.86926581e-03, -3.16784339e-04, -1.87344416e-06, -2.31754164e-04,
       -5.72508932e-04,  2.50682491e-04,  5.02903068e-05, -4.94606973e-06,
       -1.72717690e+00, -4.00294490e-01,  2.21933462e-02, -1.00600788e-01,
        7.99333212e-02,  7.86573175e-02,  7.53408536e-04,  2.62193089e-02,
        2.48915152e-03, -3.47138516e-04, -1.26315457e-04,  2.32629334e-03,
       -1.29096082e-06, -7.56621520e-04, -9.93984037e-04,  5.08543966e-04,
        5.12702926e-06,  3.50133878e-04,  8.21956759e-05, -2.96305057e-04,
        1.22425051e-02,  4.18836872e-01,  2.39138510e-02, -3.09208917e-02,
        8.80694857e-02,  1.69170324e-02,  2.69253836e-04,  8.78135539e-03,
        1.24352430e-02,  7.28423044e-04, -5.77853195e-03,  4.61194295e-03,
        4.05114279e-06, -2.66217074e-04, -2.26155368e-03,  2.88723955e-04,
       -5.32572242e-07, -7.31449160e-04, -9.80551445e-05, -3.65447559e-04,
       -2.60701619e-02,  3.61514489e-02,  5.72763739e-02,  3.99519398e-02,
       -4.66754235e-02, -1.04022897e-02, -1.53527306e-03, -3.94366840e-03,
       -6.28771333e-03,  7.80568053e-05, -3.06598565e-03, -2.92657942e-03,
       -3.33101435e-06,  1.53150670e-03, -1.33092840e-03,  4.91961015e-05,
       -3.27301038e-06, -7.49345673e-05,  9.03873821e-05,  1.18727551e-04,
        2.90641285e-03,  3.45858423e-03, -2.27598461e-02, -1.70075740e-02,
       -1.02309161e-02, -1.55227959e-03, -6.72627731e-04,  3.73958551e-04,
        2.10325523e-03,  2.90600391e-04, -7.24000372e-04,  2.22475459e-03,
        1.56831906e-06,  6.75704795e-04, -4.09877649e-04, -8.39407682e-04,
       -5.36683979e-06, -2.93685012e-04,  3.58722167e-05,  1.58692730e-04,
        9.47573585e-03, -6.70292899e-03,  2.49379510e-03, -2.53713151e-03,
        3.23355489e-03,  8.47478937e-04,  6.36493041e-04, -1.37329273e-03,
       -1.13482528e-03, -4.18435204e-04,  1.12931112e-03,  2.58906288e-03,
       -2.42905245e-06, -6.38716989e-04,  3.37039164e-04,  6.37698811e-04,
        5.22693732e-06,  4.21391793e-04,  8.00063217e-05, -4.53617371e-04,
       -3.09034529e-03,  2.46372467e-03,  2.84013370e-04,  2.73500888e-03,
       -8.56124692e-05, -8.98871854e-04,  9.54981162e-05, -3.67195378e-04,
        2.85917274e-04, -6.16017938e-05,  1.30397728e-04, -1.69181256e-03,
        2.30414995e-06, -9.42104794e-05,  8.50218653e-05,  6.96290112e-05,
       -2.18085562e-06,  5.97568111e-05, -4.60901958e-05,  1.24137854e-04,
       -1.45794492e-04,  7.42918397e-05, -2.62354300e-05,  2.68098139e-04,
       -8.90758811e-04, -5.39913431e-04,  1.40286436e-04, -2.65747249e-04,
       -1.80584288e-04,  1.27766559e-04,  7.96562656e-04,  2.65031201e-04,
       -1.79558972e-06, -1.41465691e-04,  2.90662180e-04,  5.73153323e-05,
        1.78722240e-06, -1.26529909e-04,  9.53875773e-05,  2.02730306e-04,
       -2.94904039e-04,  1.40361308e-04, -1.77500062e-04,  4.93649553e-06,
       -1.47548715e-04, -1.45076485e-04, -2.54434289e-04,  4.34480773e-05,
        2.60572056e-04, -8.60598213e-05,  1.93477609e-04,  9.64501059e-05,
        1.04027327e-06,  2.55213972e-04,  1.35145872e-04,  2.92700092e-05,
       -1.76302957e-06,  8.54628150e-05, -4.68301969e-05, -9.28339964e-05,
       -2.66846148e-05, -1.20260340e-05, -5.23768531e-05, -1.60795395e-05,
       -1.51716910e-04,  2.96900794e-05,  6.03467878e-05,  1.05343104e-04,
        2.31443020e-05, -1.27576894e-06,  1.37978812e-04,  4.02480675e-05,
       -7.85116942e-07, -6.09498441e-05, -5.37800713e-05,  1.85154936e-05,
        1.52273732e-06,  1.92439943e-06,  1.45552849e-05, -5.69073558e-05],      dtype=float64),
                   'Za_n': Array([-8.74757063e-05,  5.82711565e-05, -2.87902364e-04,  1.23497044e-03,
       -1.96153514e-03, -2.76876188e-03, -2.06575933e-02,  9.74984844e-01],      dtype=float64),
                   'Zb_lmn': Array([ 4.34875659e-07, -1.09672736e-06, -1.79552983e-07,  1.32062437e-06,
       -2.29197662e-06,  2.40440650e-06, -1.55576647e-06,  1.11792842e-06,
       -3.39420132e-07,  3.34530027e-07, -1.48638157e-07,  1.06319654e-07,
       -8.50102387e-07,  1.48806788e-06, -1.19468562e-06,  6.32444291e-07,
       -5.93499882e-08,  1.20021108e-07, -1.13819036e-06,  1.70406850e-06,
       -8.87820489e-07,  1.35860776e-06, -1.78253174e-06,  1.43979513e-06,
       -5.57595524e-07,  1.09982365e-07,  4.65935726e-08,  3.69365193e-06,
       -2.29211285e-06,  5.16967055e-06, -3.82370009e-06,  1.57539308e-06,
       -1.08686385e-06,  5.59362700e-07, -1.97829855e-07, -8.13179937e-07,
       -3.61542307e-03,  2.89467193e-03, -7.67924126e-03,  4.95214373e-03,
       -5.81614722e-03,  1.61047890e-06, -9.06703029e-07,  2.19980070e-07,
        4.59104687e-07,  7.58087465e-03, -1.23648074e-02,  2.57021848e-02,
       -1.56423007e-02,  7.72250008e-03, -4.56476624e-07, -1.96749154e-07,
        7.19450300e-08, -3.97787812e-07, -7.94741150e-02,  1.29200709e-01,
        7.13130327e-03, -1.14001082e-02, -3.68779977e-02,  2.13718497e-06,
       -4.38953612e-07, -1.43400386e-07,  1.26551795e-06,  1.12854673e+00,
       -3.02970449e-01,  3.66742622e-01,  2.99179350e-01,  1.87655272e-03,
       -4.71280947e-06,  5.92141579e-06, -1.87344416e-06, -4.94606973e-06,
        5.12702926e-06, -1.29096082e-06,  2.99536226e-06, -3.21298434e-06,
        7.98892014e-02,  4.74186711e-02, -3.19607184e-01, -1.82477999e+00,
       -5.32572242e-07,  4.05114279e-06, -3.02611535e-06,  3.03676138e-06,
        8.21928986e-02,  3.04336528e-02,  4.40000400e-01, -5.95441964e-03,
       -3.27301038e-06, -3.33101435e-06,  3.12223797e-06, -3.76636122e-06,
       -4.96510218e-02,  5.20017771e-02,  2.29413073e-02,  7.64326070e-03,
       -5.36683979e-06,  1.56831906e-06, -3.08462055e-06,  3.07706410e-06,
       -1.09190442e-02, -2.27957652e-02,  4.28975196e-03, -1.28373136e-02,
        5.22693732e-06, -2.42905245e-06,  2.95658857e-06, -2.22394763e-06,
        4.44287233e-03,  1.45754153e-03, -3.72000454e-03,  6.44147786e-03,
       -2.18085562e-06,  2.30414995e-06, -1.84498271e-06,  1.28763680e-06,
       -1.30493729e-06,  1.83985743e-06, -2.82188549e-06,  2.09868147e-07,
        1.78722240e-06, -1.79558972e-06,  1.23665041e-06, -1.17925547e-06,
        1.19142189e-06, -1.32049875e-06,  2.13991493e-06, -9.65308585e-07,
       -1.76302957e-06,  1.04027327e-06, -5.97006332e-07,  7.79682732e-07,
       -9.01303097e-07,  1.09388734e-06, -1.09906670e-06, -1.25478695e-07,
        1.52273732e-06, -7.85116942e-07,  6.48630492e-07, -6.03056249e-07,
        8.17186643e-07, -8.13820273e-07,  1.00475717e-06, -1.10435877e-06],      dtype=float64),
                   'Zeff_l': Array([], shape=(0,), dtype=float64),
                   'a_lmn': Array([], shape=(0,), dtype=float64),
                   'c_l': Array([0., 0., 0., 0., 0.], dtype=float64),
                   'i_l': Array([], shape=(0,), dtype=float64),
                   'ne_l': Array([], shape=(0,), dtype=float64),
                   'ni_l': Array([], shape=(0,), dtype=float64),
                   'p_l': Array([0., 0., 0., 0., 0.], dtype=float64)}]],
  'message': 'A bad approximation caused failure to predict improvement.',
  'nfev': 25,
  'nit': 2,
  'njev': 1,
  'optimality': Array(0.61805692, dtype=float64),
  'penalty_param': Array([10.], dtype=float64),
  's': Array([], shape=(0,), dtype=float64),
  'success': False,
  'v': Array([1., 1., 1., 1., 1., 1., 1., 1., 1., 1., 1., 1., 1., 1., 1., 1., 1.,
       1., 1., 1., 1., 1., 1., 1., 1., 1., 1., 1., 1., 1., 1., 1., 1., 1.,
       1., 1., 1., 1., 1., 1., 1., 1., 1., 1., 1., 1., 1., 1., 1., 1., 1.,
       1., 1., 1., 1., 1., 1., 1., 1., 1., 1., 1., 1., 1., 1., 1., 1., 1.,
       1., 1., 1., 1., 1., 1., 1., 1., 1., 1., 1., 1., 1., 1., 1., 1., 1.,
       1., 1., 1., 1., 1., 1., 1., 1., 1., 1., 1., 1., 1., 1., 1., 1., 1.,
       1., 1., 1., 1., 1., 1., 1., 1., 1., 1., 1., 1., 1., 1., 1., 1., 1.,
       1., 1., 1., 1., 1., 1., 1., 1., 1., 1., 1., 1., 1., 1., 1., 1., 1.,
       1., 1., 1., 1., 1., 1., 1., 1., 1., 1., 1., 1., 1., 1., 1., 1., 1.,
       1., 1., 1., 1., 1., 1., 1., 1., 1., 1., 1., 1., 1., 1., 1., 1., 1.,
       1., 1., 1., 1., 1., 1., 1., 1., 1., 1., 1., 1., 1., 1., 1., 1., 1.,
       1., 1., 1., 1., 1., 1., 1., 1., 1., 1., 1., 1., 1., 1., 1., 1., 1.,
       1., 1., 1., 1., 1., 1., 1., 1., 1., 1., 1., 1., 1., 1., 1., 1., 1.,
       1., 1., 1., 1., 1., 1., 1., 1., 1., 1., 1., 1., 1., 1., 1., 1., 1.,
       1., 1., 1., 1., 1., 1., 1., 1., 1., 1., 1., 1., 1., 1., 1., 1., 1.,
       1., 1., 1., 1., 1., 1., 1., 1., 1., 1., 1., 1., 1., 1., 1., 1., 1.,
       1., 1., 1., 1., 1., 1., 1., 1., 1., 1., 1., 1., 1., 1., 1., 1.],      dtype=float64),
  'x': Array([-5.30909207e-07,  6.27111519e-07,  2.97737108e-06, -1.52367967e-06,
        1.97104505e-06, -7.61812108e-07,  1.65725420e-06, -7.69676335e-07,
        2.34429565e-07,  6.48787871e-06, -1.09599707e-05,  6.25073330e-06,
       -2.12246679e-06,  3.51888052e-07, -8.20416609e-07,  9.01770379e-07,
       -5.30843987e-07, -1.02420000e-05,  7.63942187e-06, -5.04222598e-06,
        2.17741324e-06,  1.76664422e-06, -4.69311582e-07,  1.14551058e-06,
       -8.69343510e-06,  1.15274692e-05, -5.90776684e-06,  6.78610823e-06,
       -6.76623778e-06, -1.01346727e-07, -3.17263032e-06, -5.81132798e-07,
        9.71113980e-06, -7.06773002e-06,  7.54963033e-06, -4.89761878e-06,
        7.23203957e-03, -6.16531032e-04,  9.16120712e-03, -2.43194072e-03,
       -1.01541441e-05,  3.55975827e-06, -4.75668542e-06,  1.40294462e-06,
        1.75495935e-03,  1.04998760e-02, -3.70959430e-02,  2.33627999e-02,
        1.43587562e-05, -2.01807884e-05, -1.84703485e-06, -2.01243071e-06,
       -6.71353681e-02,  2.54080845e-02, -2.88674250e-02, -1.06848075e-01,
        5.95263907e-06,  2.22747622e-05, -3.46847833e-05,  5.51341457e-05,
       -1.32585811e-02,  1.42659469e-01,  1.01969119e-01,  5.16230985e-01,
        1.76354321e+00, -1.83810914e-02,  2.09226884e-02, -8.16551914e-02,
       -8.59387861e-06,  1.16810971e-05,  4.87032334e-06,  1.26778398e-06,
        1.56643694e-01,  4.49213455e-02, -2.64364281e-01, -2.77526642e-02,
       -1.02690006e-02,  7.28765643e-06, -1.80514812e-05,  2.20710660e-05,
        2.51702345e-06,  4.27013473e-02, -8.70796558e-03,  7.10585359e-02,
       -3.50046110e-03,  3.10054159e-02, -1.00031492e-05,  1.76966836e-05,
       -1.77515435e-05, -8.11451032e-06, -3.11106078e-02,  2.97960056e-02,
       -1.81398680e-03, -1.04021247e-02,  2.29842384e-02,  7.50892938e-06,
       -8.75221861e-06, -1.28304367e-05, -9.88843435e-07,  5.56291298e-03,
       -3.98128606e-03,  2.92793545e-03,  4.37646731e-03, -5.24759653e-03,
       -1.59190235e-06,  4.62718288e-06,  4.79671815e-06,  5.54834669e-06,
       -4.39339375e-06,  1.56472299e-06, -1.24356927e-06,  4.43445572e-06,
       -6.83284715e-06,  3.26260828e-06,  3.18422252e-06, -7.03422384e-06,
        3.20880263e-06, -9.69585560e-07,  1.10100631e-06, -2.39731764e-06,
       -6.64096020e-09,  2.66069157e-06, -2.38105150e-06, -1.32294430e-06,
        3.32219805e-06,  5.02648868e-07, -3.39937089e-08,  1.31323452e-06,
        1.50807146e-07,  1.50428267e-06, -3.22490347e-06,  6.46726905e-06,
       -4.18546163e-06,  9.76162394e-07, -6.29541427e-07, -2.42802048e-07,
        4.47475460e-07,  3.85971365e-07, -2.91392068e-06,  3.65720810e-06,
       -6.36330258e-06,  2.23712213e-06, -2.74720837e-06,  1.30178565e-06,
        4.34875659e-07, -1.09672736e-06, -1.79552983e-07,  1.32062437e-06,
       -2.29197662e-06,  2.40440650e-06, -1.55576647e-06,  1.11792842e-06,
       -3.39420132e-07,  3.34530027e-07, -1.48638157e-07,  1.06319654e-07,
       -8.50102387e-07,  1.48806788e-06, -1.19468562e-06,  6.32444291e-07,
       -5.93499882e-08,  1.20021108e-07, -1.13819036e-06,  1.70406850e-06,
       -8.87820489e-07,  1.35860776e-06, -1.78253174e-06,  1.43979513e-06,
       -5.57595524e-07,  1.09982365e-07,  4.65935726e-08,  3.69365193e-06,
       -2.29211285e-06,  5.16967055e-06, -3.82370009e-06,  1.57539308e-06,
       -1.08686385e-06,  5.59362700e-07, -1.97829855e-07, -8.13179937e-07,
       -3.61542307e-03,  2.89467193e-03, -7.67924126e-03,  4.95214373e-03,
       -5.81614722e-03,  1.61047890e-06, -9.06703029e-07,  2.19980070e-07,
        4.59104687e-07,  7.58087465e-03, -1.23648074e-02,  2.57021848e-02,
       -1.56423007e-02,  7.72250008e-03, -4.56476624e-07, -1.96749154e-07,
        7.19450300e-08, -3.97787812e-07, -7.94741150e-02,  1.29200709e-01,
        7.13130327e-03, -1.14001082e-02, -3.68779977e-02,  2.13718497e-06,
       -4.38953612e-07, -1.43400386e-07,  1.26551795e-06,  1.12854673e+00,
       -3.02970449e-01,  3.66742622e-01,  2.99179350e-01,  1.87655272e-03,
       -4.71280947e-06,  5.92141579e-06, -1.87344416e-06, -4.94606973e-06,
        5.12702926e-06, -1.29096082e-06,  2.99536226e-06, -3.21298434e-06,
        7.98892014e-02,  4.74186711e-02, -3.19607184e-01, -1.82477999e+00,
       -5.32572242e-07,  4.05114279e-06, -3.02611535e-06,  3.03676138e-06,
        8.21928986e-02,  3.04336528e-02,  4.40000400e-01, -5.95441964e-03,
       -3.27301038e-06, -3.33101435e-06,  3.12223797e-06, -3.76636122e-06,
       -4.96510218e-02,  5.20017771e-02,  2.29413073e-02,  7.64326070e-03,
       -5.36683979e-06,  1.56831906e-06, -3.08462055e-06,  3.07706410e-06,
       -1.09190442e-02, -2.27957652e-02,  4.28975196e-03, -1.28373136e-02,
        5.22693732e-06, -2.42905245e-06,  2.95658857e-06, -2.22394763e-06,
        4.44287233e-03,  1.45754153e-03, -3.72000454e-03,  6.44147786e-03,
       -2.18085562e-06,  2.30414995e-06, -1.84498271e-06,  1.28763680e-06,
       -1.30493729e-06,  1.83985743e-06, -2.82188549e-06,  2.09868147e-07,
        1.78722240e-06, -1.79558972e-06,  1.23665041e-06, -1.17925547e-06,
        1.19142189e-06, -1.32049875e-06,  2.13991493e-06, -9.65308585e-07,
       -1.76302957e-06,  1.04027327e-06, -5.97006332e-07,  7.79682732e-07,
       -9.01303097e-07,  1.09388734e-06, -1.09906670e-06, -1.25478695e-07,
        1.52273732e-06, -7.85116942e-07,  6.48630492e-07, -6.03056249e-07,
        8.17186643e-07, -8.13820273e-07,  1.00475717e-06, -1.10435877e-06],      dtype=float64),
  'x_scale': 'auto',
  'y': Array([0.], dtype=float64)}
