Pre-optimization QS value:1957.9681787676172Post-optimization QS value:0.9586825002130916=== Optimization Result ===
{ 'Objective values': { 'Fixed Psi error: ': [ { 'f': Array(0., dtype=float64),
                                                 'f0': Array(0., dtype=float64)}],
                        'Fixed current profile error: ': [ { 'f': Array(0., dtype=float64),
                                                             'f0': Array(0., dtype=float64)}],
                        'Fixed pressure profile error: ': [ { 'f': Array(0., dtype=float64),
                                                              'f0': Array(0., dtype=float64)}],
                        'Force error: ': [ { 'f0_max': Array(2851.11947339, dtype=float64),
                                             'f0_max_norm': Array(6.68640647e-07, dtype=float64),
                                             'f0_mean': Array(81.07009268, dtype=float64),
                                             'f0_mean_norm': Array(1.90124475e-08, dtype=float64),
                                             'f0_min': Array(0.03514373, dtype=float64),
                                             'f0_min_norm': Array(8.24185913e-12, dtype=float64),
                                             'f_max': Array(41866147.45480845, dtype=float64),
                                             'f_max_norm': Array(0.00981839, dtype=float64),
                                             'f_mean': Array(311279.28857158, dtype=float64),
                                             'f_mean_norm': Array(7.30007938e-05, dtype=float64),
                                             'f_min': Array(14.82537775, dtype=float64),
                                             'f_min_norm': Array(3.47682735e-09, dtype=float64)}],
                        'Plasma volume: ': [ { 'f': Array(546.9605049, dtype=float64),
                                               'f0': Array(511.64029215, dtype=float64),
                                               'f0_norm': Array(0., dtype=float64),
                                               'f_norm': Array(0., dtype=float64)}],
                        'Quasi-symmetry (1,0) Boozer error: ': [ { 'f0_max': Array(0.3015993, dtype=float64),
                                                                   'f0_max_norm': Array(0.04911851, dtype=float64),
                                                                   'f0_mean': Array(-0.00090906, dtype=float64),
                                                                   'f0_mean_norm': Array(-0.00014805, dtype=float64),
                                                                   'f0_min': Array(-0.66411831, dtype=float64),
                                                                   'f0_min_norm': Array(-0.10815842, dtype=float64),
                                                                   'f_max': Array(0.00532511, dtype=float64),
                                                                   'f_max_norm': Array(0.00086725, dtype=float64),
                                                                   'f_mean': Array(2.33341372e-05, dtype=float64),
                                                                   'f_mean_norm': Array(3.8002014e-06, dtype=float64),
                                                                   'f_min': Array(-0.00505683, dtype=float64),
                                                                   'f_min_norm': Array(-0.00082356, dtype=float64)}],
                        'R boundary error: ': [ { 'f': Array(0., dtype=float64),
                                                  'f0': Array(0., dtype=float64)}],
                        'Rotational transform: ': [ { 'f0_max': Array(-0.12248242, dtype=float64),
                                                      'f0_mean': Array(-0.12248242, dtype=float64),
                                                      'f0_min': Array(-0.12248242, dtype=float64),
                                                      'f_max': Array(0.08323283, dtype=float64),
                                                      'f_mean': Array(0.08323283, dtype=float64),
                                                      'f_min': Array(0.08323283, dtype=float64)},
                                                    { 'f0_max': Array(-0.13193312, dtype=float64),
                                                      'f0_mean': Array(-0.13193312, dtype=float64),
                                                      'f0_min': Array(-0.13193312, dtype=float64),
                                                      'f_max': Array(0.05165098, dtype=float64),
                                                      'f_mean': Array(0.05165098, dtype=float64),
                                                      'f_min': Array(0.05165098, dtype=float64)}],
                        'Total (sum of squares)': { 'f': Array(2.13712726, dtype=float64),
                                                    'f0': Array(2004.44930838, dtype=float64)},
                        'Z boundary error: ': [ { 'f': Array(0., dtype=float64),
                                                  'f0': Array(0., dtype=float64)}]},
  'alltr': [ Array(0.17994721, dtype=float64),
             np.float64(0.719788827455635),
             np.float64(2.8791553098225395),
             np.float64(11.516621239290158),
             np.float64(46.06648495716064),
             np.float64(11.51662123929016),
             np.float64(46.06648495716064),
             np.float64(11.51662123929016),
             np.float64(46.06648495716064),
             np.float64(11.51662123929016),
             np.float64(46.06648495716064),
             np.float64(11.516621239290162),
             np.float64(46.06648495716065),
             np.float64(11.516621239290162),
             np.float64(46.06648495716064),
             np.float64(11.51662123929016),
             np.float64(46.06648495716064),
             np.float64(11.51662123929016),
             np.float64(2.87915530982254),
             np.float64(2.87915530982254),
             np.float64(11.51662123929016),
             np.float64(2.8791553098225395),
             np.float64(11.516621239290158),
             np.float64(2.879155309822539),
             np.float64(0.7197888274556348),
             np.float64(2.879155309822539),
             np.float64(0.7197888274556348),
             np.float64(0.1799472068639087),
             np.float64(0.04498680171597717),
             np.float64(0.011246700428994293),
             np.float64(0.011246700428994293),
             np.float64(0.0028116751072485733),
             np.float64(0.0007029187768121433),
             np.float64(0.00017572969420303583),
             np.float64(4.393242355075896e-05),
             np.float64(1.098310588768974e-05),
             np.float64(2.745776471922435e-06),
             np.float64(6.864441179806087e-07),
             np.float64(1.7161102949515215e-07),
             np.float64(4.2902757373788045e-08),
             np.float64(1.0725689343447011e-08),
             np.float64(2.681422335861753e-09),
             np.float64(6.703555839654382e-10),
             np.float64(1.6758889599135955e-10),
             np.float64(4.189722399783989e-11),
             np.float64(1.0474305999459972e-11),
             np.float64(2.618576499864993e-12),
             np.float64(6.546441249662483e-13),
             np.float64(1.636610312415621e-13),
             np.float64(4.091525781039053e-14),
             np.float64(1.0228814452597634e-14),
             np.float64(2.5572036131494084e-15),
             np.float64(6.393009032873521e-16),
             np.float64(1.5982522582183803e-16),
             np.float64(3.995630645545951e-17)],
  'allx': [ Array([ 0. ,  0. ,  0. ,  0. ,  0. ,  0. ,  0. ,  0. ,  0. ,  0. , 50. ,
        0. ,  0. ,  0. ,  0. ,  0. ,  0. ,  0. ,  0. ,  0. ,  0. ,  0. ,
        0. ,  0. ,  0. ,  0. ,  0. ,  0. ,  0. ,  0. ,  0. ,  0. ,  0. ,
        0. ,  0. ,  0. ,  0. ,  0. ,  0. ,  0. ,  0. ,  0. ,  0. ,  0. ,
        0. ,  0. ,  0. ,  0. ,  0. ,  0. ,  0. ,  0. ,  0. ,  0. ,  0. ,
        0. ,  0. ,  0. ,  0. ,  0. ,  0. ,  0. ,  0. ,  0. ,  0. ,  0. ,
        0. ,  0. ,  0. ,  0. ,  0. ,  0. ,  0. ,  0. ,  0. ,  8. ,  1.8,
        0. ,  0. ,  0. ,  0. ,  0. ,  0. ,  0. ,  1.7,  0. ,  0. ,  0. ,
        0. ,  0. ,  0. ,  0. ,  0. ,  0. ,  0. ,  0. ,  0. ,  0. ,  0. ,
        0. ,  0. ,  0. ,  0. ,  0. ,  0. ,  0. ,  0. ,  0. ,  0. ,  0. ,
        0. ,  0. ,  0. ,  0. ,  0. ,  0. ,  0. ,  0. ,  0. ,  0. ,  0. ,
        0. ,  0. ,  0. ,  0. ,  0. ,  0. ,  0. ,  0. ,  0. ,  0. ,  0. ,
        0. ,  0. ,  0. ,  0. ,  0. ,  0. ,  0. ,  0. ,  0. ,  0. ,  0. ,
        0. ,  0. ,  0. ,  0. ,  0. ,  0. ,  0. ,  0. ,  0. ,  0. ,  0. ,
        0. ,  0. ,  0. ,  0. ,  0. ,  0. ,  0. ,  0. ,  0. ,  0. ,  0. ,
        0. ,  0. ,  0. ,  0. ,  0. ,  0. ,  0. ,  0. ,  0. ,  0. ,  0. ,
        0. ,  0. ,  0. ,  0. ,  0. ,  0. ,  0. ,  0. ,  0. ,  0. ,  0. ,
        0. ,  0. ,  0. ,  0. ,  0. ,  0. ,  0. ,  0. ,  0. ,  0. ,  0. ,
        0. ,  0. ,  0. ,  0. ,  0. ,  0. ,  0. ,  0. ,  0. ,  0. ,  0. ,
        0. ,  0. ,  0. ,  0. ,  0. ,  0. ,  0. ,  0. ,  0. ,  0. ,  1.7,
        0. ,  0. ,  0. ,  0. ,  0. ,  0. ,  0. ,  0. ,  0. ,  0. ,  0. ,
        0. ,  0. ,  0. ,  0. , -1.8,  0. ,  0. ,  0. ,  0. ,  0. ,  0. ,
        0. ,  0. ,  0. ,  0. ,  0. ,  0. ,  0. ,  0. ,  0. ,  0. ,  0. ,
        0. ,  0. ,  0. ,  0. ,  0. ,  0. ,  0. ,  0. ,  0. ,  0. ,  0. ,
        0. ,  0. ,  0. ,  0. ,  0. ,  0. ,  0. ,  0. ,  0. ,  0. ,  0. ,
        0. ,  0. ,  0. ,  0. ,  0. ,  0. ,  0. ,  0. ,  0. ,  0. ,  0. ,
        0. ,  0. ,  0. ,  0. ,  0. ,  0. ,  0. ,  0. ,  0. ,  0. ,  0. ,
        0. ,  0. ,  0. ], dtype=float64),
            Array([ 0.00000000e+00,  0.00000000e+00,  0.00000000e+00,  0.00000000e+00,
        0.00000000e+00,  0.00000000e+00,  0.00000000e+00,  0.00000000e+00,
        0.00000000e+00,  0.00000000e+00,  5.00000000e+01,  0.00000000e+00,
        0.00000000e+00,  0.00000000e+00,  0.00000000e+00,  0.00000000e+00,
        0.00000000e+00,  0.00000000e+00,  0.00000000e+00,  0.00000000e+00,
        0.00000000e+00,  0.00000000e+00,  0.00000000e+00,  0.00000000e+00,
        0.00000000e+00,  0.00000000e+00,  0.00000000e+00,  0.00000000e+00,
        0.00000000e+00,  0.00000000e+00,  0.00000000e+00,  0.00000000e+00,
        0.00000000e+00,  0.00000000e+00,  0.00000000e+00,  0.00000000e+00,
        0.00000000e+00,  0.00000000e+00,  0.00000000e+00,  0.00000000e+00,
        0.00000000e+00,  0.00000000e+00,  0.00000000e+00,  0.00000000e+00,
        0.00000000e+00,  0.00000000e+00,  0.00000000e+00, -3.99752554e-05,
       -2.82849344e-05, -1.06258249e-05, -4.48042418e-05,  0.00000000e+00,
        0.00000000e+00,  0.00000000e+00,  0.00000000e+00,  2.59150290e-05,
        9.40641089e-05,  6.69410575e-05,  5.51464351e-05,  0.00000000e+00,
        0.00000000e+00,  0.00000000e+00,  0.00000000e+00, -2.15777636e-04,
        3.70971091e-04, -4.65446662e-04,  5.78336996e-04,  0.00000000e+00,
        0.00000000e+00,  0.00000000e+00,  0.00000000e+00, -5.61764897e-04,
        1.13457585e-03,  9.27717253e-04,  1.34273586e-03,  8.00000000e+00,
        1.80184327e+00,  1.00517372e-03,  2.20940641e-04, -2.16287407e-04,
        0.00000000e+00,  0.00000000e+00,  0.00000000e+00,  0.00000000e+00,
        1.69834925e+00, -8.34329948e-05, -1.56148237e-03, -8.87243286e-04,
        4.92268804e-04,  0.00000000e+00,  0.00000000e+00,  0.00000000e+00,
        0.00000000e+00,  2.90703065e-04, -1.79695618e-05,  5.08202885e-04,
       -3.95725201e-04,  2.50084542e-04,  0.00000000e+00,  0.00000000e+00,
        0.00000000e+00,  0.00000000e+00, -3.22455840e-05,  1.90958075e-06,
       -6.58847301e-05, -9.26326881e-05,  9.76541844e-06,  0.00000000e+00,
        0.00000000e+00,  0.00000000e+00,  0.00000000e+00,  2.74173128e-06,
        7.61622466e-06,  9.64298892e-06,  2.58186316e-05,  5.33461349e-05,
        0.00000000e+00,  0.00000000e+00,  0.00000000e+00,  0.00000000e+00,
        0.00000000e+00,  0.00000000e+00,  0.00000000e+00,  0.00000000e+00,
        0.00000000e+00,  0.00000000e+00,  0.00000000e+00,  0.00000000e+00,
        0.00000000e+00,  0.00000000e+00,  0.00000000e+00,  0.00000000e+00,
        0.00000000e+00,  0.00000000e+00,  0.00000000e+00,  0.00000000e+00,
        0.00000000e+00,  0.00000000e+00,  0.00000000e+00,  0.00000000e+00,
        0.00000000e+00,  0.00000000e+00,  0.00000000e+00,  0.00000000e+00,
        0.00000000e+00,  0.00000000e+00,  0.00000000e+00,  0.00000000e+00,
        0.00000000e+00,  0.00000000e+00,  0.00000000e+00,  0.00000000e+00,
        0.00000000e+00,  0.00000000e+00,  0.00000000e+00,  0.00000000e+00,
        0.00000000e+00,  0.00000000e+00,  0.00000000e+00,  0.00000000e+00,
        0.00000000e+00,  0.00000000e+00,  0.00000000e+00,  0.00000000e+00,
        0.00000000e+00,  0.00000000e+00,  0.00000000e+00,  0.00000000e+00,
        0.00000000e+00,  0.00000000e+00,  0.00000000e+00,  0.00000000e+00,
        0.00000000e+00,  0.00000000e+00,  0.00000000e+00,  0.00000000e+00,
        0.00000000e+00,  0.00000000e+00,  0.00000000e+00,  0.00000000e+00,
        0.00000000e+00,  0.00000000e+00,  0.00000000e+00,  0.00000000e+00,
        0.00000000e+00,  0.00000000e+00,  0.00000000e+00,  0.00000000e+00,
        0.00000000e+00,  0.00000000e+00,  0.00000000e+00,  0.00000000e+00,
        2.75444767e-06,  4.53114407e-05,  1.20305767e-06, -4.11757377e-05,
       -1.10857833e-05,  0.00000000e+00,  0.00000000e+00,  0.00000000e+00,
        0.00000000e+00, -3.27289962e-05, -5.50579811e-05,  5.26724552e-05,
       -8.22153810e-06,  6.81470250e-05,  0.00000000e+00,  0.00000000e+00,
        0.00000000e+00,  0.00000000e+00,  2.81249214e-04, -5.78138024e-04,
       -4.01204954e-04,  3.58965709e-04, -3.95761282e-04,  0.00000000e+00,
        0.00000000e+00,  0.00000000e+00,  0.00000000e+00,  1.69858329e+00,
       -1.34268181e-03,  1.90848457e-03,  9.25707661e-04, -5.90316977e-04,
        0.00000000e+00,  0.00000000e+00,  0.00000000e+00,  0.00000000e+00,
        0.00000000e+00,  0.00000000e+00,  0.00000000e+00,  0.00000000e+00,
        1.55189577e-04, -1.51974945e-04, -1.32528049e-03, -1.80207840e+00,
        0.00000000e+00,  0.00000000e+00,  0.00000000e+00,  0.00000000e+00,
       -4.66719620e-04,  7.45660977e-04,  1.64316117e-03,  5.27525864e-05,
        0.00000000e+00,  0.00000000e+00,  0.00000000e+00,  0.00000000e+00,
       -2.63324448e-04,  3.63712227e-04, -3.86300176e-04, -1.10793790e-06,
        0.00000000e+00,  0.00000000e+00,  0.00000000e+00,  0.00000000e+00,
        1.06123921e-04, -1.14124753e-05,  5.26120124e-05, -4.16429120e-06,
        0.00000000e+00,  0.00000000e+00,  0.00000000e+00,  0.00000000e+00,
        3.86728459e-06, -4.26081825e-05,  2.12954381e-07,  1.20092381e-05,
        0.00000000e+00,  0.00000000e+00,  0.00000000e+00,  0.00000000e+00,
        0.00000000e+00,  0.00000000e+00,  0.00000000e+00,  0.00000000e+00,
        0.00000000e+00,  0.00000000e+00,  0.00000000e+00,  0.00000000e+00,
        0.00000000e+00,  0.00000000e+00,  0.00000000e+00,  0.00000000e+00,
        0.00000000e+00,  0.00000000e+00,  0.00000000e+00,  0.00000000e+00,
        0.00000000e+00,  0.00000000e+00,  0.00000000e+00,  0.00000000e+00,
        0.00000000e+00,  0.00000000e+00,  0.00000000e+00,  0.00000000e+00,
        0.00000000e+00,  0.00000000e+00,  0.00000000e+00,  0.00000000e+00],      dtype=float64),
            Array([ 0.00000000e+00,  0.00000000e+00,  0.00000000e+00,  0.00000000e+00,
        0.00000000e+00,  0.00000000e+00,  0.00000000e+00,  0.00000000e+00,
        0.00000000e+00,  0.00000000e+00,  5.00000000e+01,  0.00000000e+00,
        0.00000000e+00,  0.00000000e+00,  0.00000000e+00,  0.00000000e+00,
        0.00000000e+00,  0.00000000e+00,  0.00000000e+00,  0.00000000e+00,
        0.00000000e+00,  0.00000000e+00,  0.00000000e+00,  0.00000000e+00,
        0.00000000e+00,  0.00000000e+00,  0.00000000e+00,  0.00000000e+00,
        0.00000000e+00,  0.00000000e+00,  0.00000000e+00,  0.00000000e+00,
        0.00000000e+00,  0.00000000e+00,  0.00000000e+00,  0.00000000e+00,
        0.00000000e+00,  0.00000000e+00,  0.00000000e+00,  0.00000000e+00,
        0.00000000e+00,  0.00000000e+00,  0.00000000e+00,  0.00000000e+00,
        0.00000000e+00,  0.00000000e+00,  0.00000000e+00, -2.63202089e-04,
       -1.31701733e-04, -5.05322062e-05, -2.18567564e-04,  0.00000000e+00,
        0.00000000e+00,  0.00000000e+00,  0.00000000e+00,  2.74619880e-05,
        4.79111510e-04,  3.21548893e-04,  2.75963933e-04,  0.00000000e+00,
        0.00000000e+00,  0.00000000e+00,  0.00000000e+00, -1.17157872e-03,
        1.84631329e-03, -2.32203091e-03,  2.91532365e-03,  0.00000000e+00,
        0.00000000e+00,  0.00000000e+00,  0.00000000e+00, -3.07186679e-03,
        5.51058848e-03,  4.65162876e-03,  6.76085848e-03,  8.00000000e+00,
        1.80920429e+00,  5.11129668e-03,  1.13231551e-03, -1.09088729e-03,
        0.00000000e+00,  0.00000000e+00,  0.00000000e+00,  0.00000000e+00,
        1.69173274e+00, -4.06628620e-04, -7.85774365e-03, -4.46012030e-03,
        2.49386860e-03,  0.00000000e+00,  0.00000000e+00,  0.00000000e+00,
        0.00000000e+00,  1.43481030e-03, -9.00034150e-05,  2.51926164e-03,
       -1.96792381e-03,  1.00942561e-03,  0.00000000e+00,  0.00000000e+00,
        0.00000000e+00,  0.00000000e+00, -1.55211384e-04,  8.86257355e-06,
       -3.15512805e-04, -4.68350205e-04, -6.05493163e-05,  0.00000000e+00,
        0.00000000e+00,  0.00000000e+00,  0.00000000e+00,  1.14526222e-05,
        3.72569294e-05,  4.28318272e-05,  1.30841639e-04,  2.13262696e-04,
        0.00000000e+00,  0.00000000e+00,  0.00000000e+00,  0.00000000e+00,
        0.00000000e+00,  0.00000000e+00,  0.00000000e+00,  0.00000000e+00,
        0.00000000e+00,  0.00000000e+00,  0.00000000e+00,  0.00000000e+00,
        0.00000000e+00,  0.00000000e+00,  0.00000000e+00,  0.00000000e+00,
        0.00000000e+00,  0.00000000e+00,  0.00000000e+00,  0.00000000e+00,
        0.00000000e+00,  0.00000000e+00,  0.00000000e+00,  0.00000000e+00,
        0.00000000e+00,  0.00000000e+00,  0.00000000e+00,  0.00000000e+00,
        0.00000000e+00,  0.00000000e+00,  0.00000000e+00,  0.00000000e+00,
        0.00000000e+00,  0.00000000e+00,  0.00000000e+00,  0.00000000e+00,
        0.00000000e+00,  0.00000000e+00,  0.00000000e+00,  0.00000000e+00,
        0.00000000e+00,  0.00000000e+00,  0.00000000e+00,  0.00000000e+00,
        0.00000000e+00,  0.00000000e+00,  0.00000000e+00,  0.00000000e+00,
        0.00000000e+00,  0.00000000e+00,  0.00000000e+00,  0.00000000e+00,
        0.00000000e+00,  0.00000000e+00,  0.00000000e+00,  0.00000000e+00,
        0.00000000e+00,  0.00000000e+00,  0.00000000e+00,  0.00000000e+00,
        0.00000000e+00,  0.00000000e+00,  0.00000000e+00,  0.00000000e+00,
        0.00000000e+00,  0.00000000e+00,  0.00000000e+00,  0.00000000e+00,
        0.00000000e+00,  0.00000000e+00,  0.00000000e+00,  0.00000000e+00,
        0.00000000e+00,  0.00000000e+00,  0.00000000e+00,  0.00000000e+00,
        1.26805714e-05,  2.18901481e-04,  7.03483481e-06, -2.05430798e-04,
        9.49210542e-06,  0.00000000e+00,  0.00000000e+00,  0.00000000e+00,
        0.00000000e+00, -1.57664716e-04, -2.82601547e-04,  2.56102605e-04,
       -4.35929749e-05,  4.11425694e-04,  0.00000000e+00,  0.00000000e+00,
        0.00000000e+00,  0.00000000e+00,  1.39974402e-03, -2.89555428e-03,
       -1.99520197e-03,  1.77095895e-03, -1.37995814e-03,  0.00000000e+00,
        0.00000000e+00,  0.00000000e+00,  0.00000000e+00,  1.69290371e+00,
       -6.79260898e-03,  9.53960573e-03,  4.67839283e-03, -2.52424365e-03,
        0.00000000e+00,  0.00000000e+00,  0.00000000e+00,  0.00000000e+00,
        0.00000000e+00,  0.00000000e+00,  0.00000000e+00,  0.00000000e+00,
        7.71757779e-04, -7.88614730e-04, -6.65103717e-03, -1.81037946e+00,
        0.00000000e+00,  0.00000000e+00,  0.00000000e+00,  0.00000000e+00,
       -2.40642489e-03,  3.81499074e-03,  8.30254259e-03,  2.52478676e-04,
        0.00000000e+00,  0.00000000e+00,  0.00000000e+00,  0.00000000e+00,
       -1.41355519e-03,  1.83136451e-03, -1.90527060e-03, -5.94296413e-06,
        0.00000000e+00,  0.00000000e+00,  0.00000000e+00,  0.00000000e+00,
        3.85089440e-04, -4.72650979e-05,  2.54103159e-04, -2.03327561e-05,
        0.00000000e+00,  0.00000000e+00,  0.00000000e+00,  0.00000000e+00,
       -1.71021632e-05, -2.01755859e-04,  4.01999507e-06,  5.73529812e-05,
        0.00000000e+00,  0.00000000e+00,  0.00000000e+00,  0.00000000e+00,
        0.00000000e+00,  0.00000000e+00,  0.00000000e+00,  0.00000000e+00,
        0.00000000e+00,  0.00000000e+00,  0.00000000e+00,  0.00000000e+00,
        0.00000000e+00,  0.00000000e+00,  0.00000000e+00,  0.00000000e+00,
        0.00000000e+00,  0.00000000e+00,  0.00000000e+00,  0.00000000e+00,
        0.00000000e+00,  0.00000000e+00,  0.00000000e+00,  0.00000000e+00,
        0.00000000e+00,  0.00000000e+00,  0.00000000e+00,  0.00000000e+00,
        0.00000000e+00,  0.00000000e+00,  0.00000000e+00,  0.00000000e+00],      dtype=float64),
            Array([ 0.00000000e+00,  0.00000000e+00,  0.00000000e+00,  0.00000000e+00,
        0.00000000e+00,  0.00000000e+00,  0.00000000e+00,  0.00000000e+00,
        0.00000000e+00,  0.00000000e+00,  5.00000000e+01,  0.00000000e+00,
        0.00000000e+00,  0.00000000e+00,  0.00000000e+00,  0.00000000e+00,
        0.00000000e+00,  0.00000000e+00,  0.00000000e+00,  0.00000000e+00,
        0.00000000e+00,  0.00000000e+00,  0.00000000e+00,  0.00000000e+00,
        0.00000000e+00,  0.00000000e+00,  0.00000000e+00,  0.00000000e+00,
        0.00000000e+00,  0.00000000e+00,  0.00000000e+00,  0.00000000e+00,
        0.00000000e+00,  0.00000000e+00,  0.00000000e+00,  0.00000000e+00,
        0.00000000e+00,  0.00000000e+00,  0.00000000e+00,  0.00000000e+00,
        0.00000000e+00,  0.00000000e+00,  0.00000000e+00,  0.00000000e+00,
        0.00000000e+00,  0.00000000e+00,  0.00000000e+00, -8.25440422e-04,
       -3.47188486e-04, -1.31502876e-04, -5.56809168e-04,  0.00000000e+00,
        0.00000000e+00,  0.00000000e+00,  0.00000000e+00, -8.04212494e-04,
        1.46894812e-03,  1.13640013e-03,  7.36545088e-04,  0.00000000e+00,
        0.00000000e+00,  0.00000000e+00,  0.00000000e+00, -5.59535500e-03,
        7.55060633e-03, -9.55321185e-03,  1.25117891e-02,  0.00000000e+00,
        0.00000000e+00,  0.00000000e+00,  0.00000000e+00, -1.27888875e-02,
        2.30443009e-02,  1.96114363e-02,  2.91290502e-02,  8.00000000e+00,
        1.83836776e+00,  2.24181408e-02,  5.09549713e-03, -4.60613077e-03,
        0.00000000e+00,  0.00000000e+00,  0.00000000e+00,  0.00000000e+00,
        1.66503485e+00, -1.51242860e-03, -3.18411406e-02, -1.86023340e-02,
        1.01282661e-02,  0.00000000e+00,  0.00000000e+00,  0.00000000e+00,
        0.00000000e+00,  5.69524838e-03, -3.79033748e-04,  1.00302808e-02,
       -8.34527278e-03,  3.26607582e-03,  0.00000000e+00,  0.00000000e+00,
        0.00000000e+00,  0.00000000e+00, -5.44225379e-04,  2.32876536e-05,
       -1.07657976e-03, -1.48174845e-03, -4.60019241e-04,  0.00000000e+00,
        0.00000000e+00,  0.00000000e+00,  0.00000000e+00,  2.00132894e-05,
        6.53856738e-05,  1.11304437e-04,  3.93089978e-04,  1.03239918e-05,
        0.00000000e+00,  0.00000000e+00,  0.00000000e+00,  0.00000000e+00,
        0.00000000e+00,  0.00000000e+00,  0.00000000e+00,  0.00000000e+00,
        0.00000000e+00,  0.00000000e+00,  0.00000000e+00,  0.00000000e+00,
        0.00000000e+00,  0.00000000e+00,  0.00000000e+00,  0.00000000e+00,
        0.00000000e+00,  0.00000000e+00,  0.00000000e+00,  0.00000000e+00,
        0.00000000e+00,  0.00000000e+00,  0.00000000e+00,  0.00000000e+00,
        0.00000000e+00,  0.00000000e+00,  0.00000000e+00,  0.00000000e+00,
        0.00000000e+00,  0.00000000e+00,  0.00000000e+00,  0.00000000e+00,
        0.00000000e+00,  0.00000000e+00,  0.00000000e+00,  0.00000000e+00,
        0.00000000e+00,  0.00000000e+00,  0.00000000e+00,  0.00000000e+00,
        0.00000000e+00,  0.00000000e+00,  0.00000000e+00,  0.00000000e+00,
        0.00000000e+00,  0.00000000e+00,  0.00000000e+00,  0.00000000e+00,
        0.00000000e+00,  0.00000000e+00,  0.00000000e+00,  0.00000000e+00,
        0.00000000e+00,  0.00000000e+00,  0.00000000e+00,  0.00000000e+00,
        0.00000000e+00,  0.00000000e+00,  0.00000000e+00,  0.00000000e+00,
        0.00000000e+00,  0.00000000e+00,  0.00000000e+00,  0.00000000e+00,
        0.00000000e+00,  0.00000000e+00,  0.00000000e+00,  0.00000000e+00,
        0.00000000e+00,  0.00000000e+00,  0.00000000e+00,  0.00000000e+00,
        0.00000000e+00,  0.00000000e+00,  0.00000000e+00,  0.00000000e+00,
        2.12305550e-05,  5.52883380e-04,  6.22919715e-05, -5.91952576e-04,
        3.11884695e-05,  0.00000000e+00,  0.00000000e+00,  0.00000000e+00,
        0.00000000e+00, -5.64512720e-04, -8.18374357e-04,  9.52627973e-04,
       -1.04418016e-04,  2.37059148e-03,  0.00000000e+00,  0.00000000e+00,
        0.00000000e+00,  0.00000000e+00,  5.74429239e-03, -1.21628669e-02,
       -7.97542231e-03,  6.73012196e-03, -3.91827825e-03,  0.00000000e+00,
        0.00000000e+00,  0.00000000e+00,  0.00000000e+00,  1.66999900e+00,
       -2.97551455e-02,  4.02065645e-02,  1.99088940e-02, -7.37436932e-03,
        0.00000000e+00,  0.00000000e+00,  0.00000000e+00,  0.00000000e+00,
        0.00000000e+00,  0.00000000e+00,  0.00000000e+00,  0.00000000e+00,
        2.73597321e-03, -3.41899469e-03, -2.81450342e-02, -1.84351357e+00,
        0.00000000e+00,  0.00000000e+00,  0.00000000e+00,  0.00000000e+00,
       -1.15290134e-02,  1.68489765e-02,  3.61012771e-02,  8.53510143e-04,
        0.00000000e+00,  0.00000000e+00,  0.00000000e+00,  0.00000000e+00,
       -6.92023004e-03,  7.80053355e-03, -7.33346088e-03, -3.78340402e-05,
        0.00000000e+00,  0.00000000e+00,  0.00000000e+00,  0.00000000e+00,
        9.29195364e-04, -8.33042121e-06,  9.02448494e-04, -7.73650052e-05,
        0.00000000e+00,  0.00000000e+00,  0.00000000e+00,  0.00000000e+00,
       -6.33547410e-04, -5.76447057e-04,  4.84491570e-05,  9.73477348e-05,
        0.00000000e+00,  0.00000000e+00,  0.00000000e+00,  0.00000000e+00,
        0.00000000e+00,  0.00000000e+00,  0.00000000e+00,  0.00000000e+00,
        0.00000000e+00,  0.00000000e+00,  0.00000000e+00,  0.00000000e+00,
        0.00000000e+00,  0.00000000e+00,  0.00000000e+00,  0.00000000e+00,
        0.00000000e+00,  0.00000000e+00,  0.00000000e+00,  0.00000000e+00,
        0.00000000e+00,  0.00000000e+00,  0.00000000e+00,  0.00000000e+00,
        0.00000000e+00,  0.00000000e+00,  0.00000000e+00,  0.00000000e+00,
        0.00000000e+00,  0.00000000e+00,  0.00000000e+00,  0.00000000e+00],      dtype=float64),
            Array([ 0.00000000e+00,  0.00000000e+00,  0.00000000e+00,  0.00000000e+00,
        0.00000000e+00,  0.00000000e+00,  0.00000000e+00,  0.00000000e+00,
        0.00000000e+00,  0.00000000e+00,  5.00000000e+01,  0.00000000e+00,
        0.00000000e+00,  0.00000000e+00,  0.00000000e+00,  0.00000000e+00,
        0.00000000e+00,  0.00000000e+00,  0.00000000e+00,  0.00000000e+00,
        0.00000000e+00,  0.00000000e+00,  0.00000000e+00,  0.00000000e+00,
        0.00000000e+00,  0.00000000e+00,  0.00000000e+00,  0.00000000e+00,
        0.00000000e+00,  0.00000000e+00,  0.00000000e+00,  0.00000000e+00,
        0.00000000e+00,  0.00000000e+00,  0.00000000e+00,  0.00000000e+00,
        0.00000000e+00,  0.00000000e+00,  0.00000000e+00,  0.00000000e+00,
        0.00000000e+00,  0.00000000e+00,  0.00000000e+00,  0.00000000e+00,
        0.00000000e+00,  0.00000000e+00,  0.00000000e+00,  1.53249289e-03,
       -5.82292043e-04,  5.30430410e-05, -9.61152833e-04,  0.00000000e+00,
        0.00000000e+00,  0.00000000e+00,  0.00000000e+00,  2.20539085e-03,
        4.98276297e-03,  6.20484692e-04,  2.49380456e-03,  0.00000000e+00,
        0.00000000e+00,  0.00000000e+00,  0.00000000e+00, -3.10555887e-02,
        3.10808907e-02, -3.57584604e-02,  5.02336377e-02,  0.00000000e+00,
        0.00000000e+00,  0.00000000e+00,  0.00000000e+00, -3.36197410e-02,
        1.11263925e-01,  7.74943921e-02,  1.28660809e-01,  8.00000000e+00,
        1.94752447e+00,  8.34480888e-02,  1.73113033e-02, -1.55563838e-02,
        0.00000000e+00,  0.00000000e+00,  0.00000000e+00,  0.00000000e+00,
        1.55563839e+00, -2.03927171e-03, -1.00253032e-01, -8.57424216e-02,
        4.40057545e-02,  0.00000000e+00,  0.00000000e+00,  0.00000000e+00,
        0.00000000e+00,  1.59286675e-02, -1.31413246e-03,  3.17428223e-02,
       -4.22006887e-02,  2.12936584e-02,  0.00000000e+00,  0.00000000e+00,
        0.00000000e+00,  0.00000000e+00, -5.44616551e-04, -1.41689299e-04,
       -5.48582122e-04, -5.64647367e-03, -2.14025555e-03,  0.00000000e+00,
        0.00000000e+00,  0.00000000e+00,  0.00000000e+00, -1.28003182e-04,
        9.64551569e-05, -1.86216807e-04,  1.90087051e-04,  1.51337115e-03,
        0.00000000e+00,  0.00000000e+00,  0.00000000e+00,  0.00000000e+00,
        0.00000000e+00,  0.00000000e+00,  0.00000000e+00,  0.00000000e+00,
        0.00000000e+00,  0.00000000e+00,  0.00000000e+00,  0.00000000e+00,
        0.00000000e+00,  0.00000000e+00,  0.00000000e+00,  0.00000000e+00,
        0.00000000e+00,  0.00000000e+00,  0.00000000e+00,  0.00000000e+00,
        0.00000000e+00,  0.00000000e+00,  0.00000000e+00,  0.00000000e+00,
        0.00000000e+00,  0.00000000e+00,  0.00000000e+00,  0.00000000e+00,
        0.00000000e+00,  0.00000000e+00,  0.00000000e+00,  0.00000000e+00,
        0.00000000e+00,  0.00000000e+00,  0.00000000e+00,  0.00000000e+00,
        0.00000000e+00,  0.00000000e+00,  0.00000000e+00,  0.00000000e+00,
        0.00000000e+00,  0.00000000e+00,  0.00000000e+00,  0.00000000e+00,
        0.00000000e+00,  0.00000000e+00,  0.00000000e+00,  0.00000000e+00,
        0.00000000e+00,  0.00000000e+00,  0.00000000e+00,  0.00000000e+00,
        0.00000000e+00,  0.00000000e+00,  0.00000000e+00,  0.00000000e+00,
        0.00000000e+00,  0.00000000e+00,  0.00000000e+00,  0.00000000e+00,
        0.00000000e+00,  0.00000000e+00,  0.00000000e+00,  0.00000000e+00,
        0.00000000e+00,  0.00000000e+00,  0.00000000e+00,  0.00000000e+00,
        0.00000000e+00,  0.00000000e+00,  0.00000000e+00,  0.00000000e+00,
        0.00000000e+00,  0.00000000e+00,  0.00000000e+00,  0.00000000e+00,
       -8.79397234e-05,  9.18943934e-04,  2.73490431e-04, -8.75159169e-04,
       -3.47627874e-03,  0.00000000e+00,  0.00000000e+00,  0.00000000e+00,
        0.00000000e+00, -4.89056288e-04, -3.67733549e-03,  1.30618861e-03,
        2.09023058e-03, -1.72546976e-03,  0.00000000e+00,  0.00000000e+00,
        0.00000000e+00,  0.00000000e+00,  2.03118116e-02, -4.79829535e-02,
       -2.50597201e-02,  2.20468887e-02, -2.00351296e-02,  0.00000000e+00,
        0.00000000e+00,  0.00000000e+00,  0.00000000e+00,  1.57514197e+00,
       -1.32945623e-01,  1.63267468e-01,  9.43211639e-02, -3.92356352e-02,
        0.00000000e+00,  0.00000000e+00,  0.00000000e+00,  0.00000000e+00,
        0.00000000e+00,  0.00000000e+00,  0.00000000e+00,  0.00000000e+00,
        2.78307430e-03, -2.00128531e-03, -1.08073992e-01, -1.97732345e+00,
        0.00000000e+00,  0.00000000e+00,  0.00000000e+00,  0.00000000e+00,
       -4.42059399e-02,  8.31283909e-02,  1.55619787e-01, -7.10640603e-04,
        0.00000000e+00,  0.00000000e+00,  0.00000000e+00,  0.00000000e+00,
       -2.84945246e-02,  3.31755829e-02, -1.57497613e-02, -7.09964103e-04,
        0.00000000e+00,  0.00000000e+00,  0.00000000e+00,  0.00000000e+00,
        5.91472385e-04,  2.80651102e-03,  1.09798829e-03, -1.96892656e-04,
        0.00000000e+00,  0.00000000e+00,  0.00000000e+00,  0.00000000e+00,
        1.07337693e-03, -1.80051147e-03,  4.30960524e-04,  1.79907660e-04,
        0.00000000e+00,  0.00000000e+00,  0.00000000e+00,  0.00000000e+00,
        0.00000000e+00,  0.00000000e+00,  0.00000000e+00,  0.00000000e+00,
        0.00000000e+00,  0.00000000e+00,  0.00000000e+00,  0.00000000e+00,
        0.00000000e+00,  0.00000000e+00,  0.00000000e+00,  0.00000000e+00,
        0.00000000e+00,  0.00000000e+00,  0.00000000e+00,  0.00000000e+00,
        0.00000000e+00,  0.00000000e+00,  0.00000000e+00,  0.00000000e+00,
        0.00000000e+00,  0.00000000e+00,  0.00000000e+00,  0.00000000e+00,
        0.00000000e+00,  0.00000000e+00,  0.00000000e+00,  0.00000000e+00],      dtype=float64),
            Array([ 0.00000000e+00,  0.00000000e+00,  0.00000000e+00,  0.00000000e+00,
        0.00000000e+00,  0.00000000e+00,  0.00000000e+00,  0.00000000e+00,
        0.00000000e+00,  0.00000000e+00,  5.00000000e+01,  0.00000000e+00,
        0.00000000e+00,  0.00000000e+00,  0.00000000e+00,  0.00000000e+00,
        0.00000000e+00,  0.00000000e+00,  0.00000000e+00,  0.00000000e+00,
        0.00000000e+00,  0.00000000e+00,  0.00000000e+00,  0.00000000e+00,
        0.00000000e+00,  0.00000000e+00,  0.00000000e+00,  0.00000000e+00,
        0.00000000e+00,  0.00000000e+00,  0.00000000e+00,  0.00000000e+00,
        0.00000000e+00,  0.00000000e+00,  0.00000000e+00,  0.00000000e+00,
        0.00000000e+00,  0.00000000e+00,  0.00000000e+00,  0.00000000e+00,
        0.00000000e+00,  0.00000000e+00,  0.00000000e+00,  0.00000000e+00,
        0.00000000e+00,  0.00000000e+00,  0.00000000e+00,  6.63455755e-03,
        1.25221475e-03, -6.59732962e-04, -3.47537872e-04,  0.00000000e+00,
        0.00000000e+00,  0.00000000e+00,  0.00000000e+00,  1.08850139e-02,
        1.37503009e-02, -6.59950951e-03,  7.72624961e-03,  0.00000000e+00,
        0.00000000e+00,  0.00000000e+00,  0.00000000e+00, -5.65179420e-02,
        4.38424552e-02, -5.56157463e-02,  6.57784539e-02,  0.00000000e+00,
        0.00000000e+00,  0.00000000e+00,  0.00000000e+00,  3.06712646e-03,
        1.98572237e-01,  1.52469484e-01,  2.52088603e-01,  8.00000000e+00,
        1.98225386e+00,  6.04668770e-02, -1.06853034e-02, -1.21380848e-02,
        0.00000000e+00,  0.00000000e+00,  0.00000000e+00,  0.00000000e+00,
        1.40824079e+00,  2.47992226e-03, -1.54450219e-01, -1.54005791e-01,
        4.90470770e-02,  0.00000000e+00,  0.00000000e+00,  0.00000000e+00,
        0.00000000e+00,  2.28894186e-02, -3.13157279e-03,  4.53526866e-02,
       -7.03339885e-02,  3.58410221e-02,  0.00000000e+00,  0.00000000e+00,
        0.00000000e+00,  0.00000000e+00, -3.37057143e-04, -5.51117377e-04,
        2.76855064e-03, -1.41528252e-02, -3.06945181e-03,  0.00000000e+00,
        0.00000000e+00,  0.00000000e+00,  0.00000000e+00,  2.29022696e-04,
       -1.38634750e-04, -9.84493082e-04,  2.82841846e-03,  3.85060368e-03,
        0.00000000e+00,  0.00000000e+00,  0.00000000e+00,  0.00000000e+00,
        0.00000000e+00,  0.00000000e+00,  0.00000000e+00,  0.00000000e+00,
        0.00000000e+00,  0.00000000e+00,  0.00000000e+00,  0.00000000e+00,
        0.00000000e+00,  0.00000000e+00,  0.00000000e+00,  0.00000000e+00,
        0.00000000e+00,  0.00000000e+00,  0.00000000e+00,  0.00000000e+00,
        0.00000000e+00,  0.00000000e+00,  0.00000000e+00,  0.00000000e+00,
        0.00000000e+00,  0.00000000e+00,  0.00000000e+00,  0.00000000e+00,
        0.00000000e+00,  0.00000000e+00,  0.00000000e+00,  0.00000000e+00,
        0.00000000e+00,  0.00000000e+00,  0.00000000e+00,  0.00000000e+00,
        0.00000000e+00,  0.00000000e+00,  0.00000000e+00,  0.00000000e+00,
        0.00000000e+00,  0.00000000e+00,  0.00000000e+00,  0.00000000e+00,
        0.00000000e+00,  0.00000000e+00,  0.00000000e+00,  0.00000000e+00,
        0.00000000e+00,  0.00000000e+00,  0.00000000e+00,  0.00000000e+00,
        0.00000000e+00,  0.00000000e+00,  0.00000000e+00,  0.00000000e+00,
        0.00000000e+00,  0.00000000e+00,  0.00000000e+00,  0.00000000e+00,
        0.00000000e+00,  0.00000000e+00,  0.00000000e+00,  0.00000000e+00,
        0.00000000e+00,  0.00000000e+00,  0.00000000e+00,  0.00000000e+00,
        0.00000000e+00,  0.00000000e+00,  0.00000000e+00,  0.00000000e+00,
        0.00000000e+00,  0.00000000e+00,  0.00000000e+00,  0.00000000e+00,
        1.00402021e-05, -4.50869411e-04,  7.60331683e-04, -7.14634378e-04,
       -2.40300096e-03,  0.00000000e+00,  0.00000000e+00,  0.00000000e+00,
        0.00000000e+00,  1.50199844e-03, -1.08614269e-02, -6.81360412e-04,
        1.21582230e-02, -1.63983984e-02,  0.00000000e+00,  0.00000000e+00,
        0.00000000e+00,  0.00000000e+00,  3.00980738e-02, -5.72065542e-02,
       -2.81484242e-02,  4.02631246e-02, -5.59819934e-02,  0.00000000e+00,
        0.00000000e+00,  0.00000000e+00,  0.00000000e+00,  1.46090439e+00,
       -2.48154420e-01,  2.62751746e-01,  1.95155036e-01, -1.68277569e-02,
        0.00000000e+00,  0.00000000e+00,  0.00000000e+00,  0.00000000e+00,
        0.00000000e+00,  0.00000000e+00,  0.00000000e+00,  0.00000000e+00,
        9.41777186e-03,  3.70274028e-02, -1.24517734e-01, -2.03268473e+00,
        0.00000000e+00,  0.00000000e+00,  0.00000000e+00,  0.00000000e+00,
        1.15976738e-02,  1.51609558e-01,  2.21375015e-01, -7.16376205e-03,
        0.00000000e+00,  0.00000000e+00,  0.00000000e+00,  0.00000000e+00,
       -8.02737356e-02,  6.10641912e-02, -3.67509242e-03, -6.17561075e-04,
        0.00000000e+00,  0.00000000e+00,  0.00000000e+00,  0.00000000e+00,
       -2.24747815e-02,  1.15852302e-02,  2.19267094e-03, -5.14420506e-04,
        0.00000000e+00,  0.00000000e+00,  0.00000000e+00,  0.00000000e+00,
        8.08703019e-04,  2.81099139e-04, -1.11120459e-03,  6.01777828e-04,
        0.00000000e+00,  0.00000000e+00,  0.00000000e+00,  0.00000000e+00,
        0.00000000e+00,  0.00000000e+00,  0.00000000e+00,  0.00000000e+00,
        0.00000000e+00,  0.00000000e+00,  0.00000000e+00,  0.00000000e+00,
        0.00000000e+00,  0.00000000e+00,  0.00000000e+00,  0.00000000e+00,
        0.00000000e+00,  0.00000000e+00,  0.00000000e+00,  0.00000000e+00,
        0.00000000e+00,  0.00000000e+00,  0.00000000e+00,  0.00000000e+00,
        0.00000000e+00,  0.00000000e+00,  0.00000000e+00,  0.00000000e+00,
        0.00000000e+00,  0.00000000e+00,  0.00000000e+00,  0.00000000e+00],      dtype=float64),
            Array([ 0.00000000e+00,  0.00000000e+00,  0.00000000e+00,  0.00000000e+00,
        0.00000000e+00,  0.00000000e+00,  0.00000000e+00,  0.00000000e+00,
        0.00000000e+00,  0.00000000e+00,  5.00000000e+01,  0.00000000e+00,
        0.00000000e+00,  0.00000000e+00,  0.00000000e+00,  0.00000000e+00,
        0.00000000e+00,  0.00000000e+00,  0.00000000e+00,  0.00000000e+00,
        0.00000000e+00,  0.00000000e+00,  0.00000000e+00,  0.00000000e+00,
        0.00000000e+00,  0.00000000e+00,  0.00000000e+00,  0.00000000e+00,
        0.00000000e+00,  0.00000000e+00,  0.00000000e+00,  0.00000000e+00,
        0.00000000e+00,  0.00000000e+00,  0.00000000e+00,  0.00000000e+00,
        0.00000000e+00,  0.00000000e+00,  0.00000000e+00,  0.00000000e+00,
        0.00000000e+00,  0.00000000e+00,  0.00000000e+00,  0.00000000e+00,
        0.00000000e+00,  0.00000000e+00,  0.00000000e+00,  7.33600899e-03,
       -1.20893889e-03, -1.51986964e-03, -8.20209930e-04,  0.00000000e+00,
        0.00000000e+00,  0.00000000e+00,  0.00000000e+00,  6.45465133e-03,
        1.96283225e-02, -1.49609962e-02,  9.74503641e-03,  0.00000000e+00,
        0.00000000e+00,  0.00000000e+00,  0.00000000e+00, -9.02208552e-02,
        4.26343287e-02, -7.40407480e-02,  5.55369590e-02,  0.00000000e+00,
        0.00000000e+00,  0.00000000e+00,  0.00000000e+00,  6.32588971e-03,
        2.39432480e-01,  1.59750999e-01,  3.57681550e-01,  8.00000000e+00,
        1.91886405e+00,  5.23701939e-02, -1.10189897e-02, -4.49734282e-02,
        0.00000000e+00,  0.00000000e+00,  0.00000000e+00,  0.00000000e+00,
        1.22349293e+00,  5.20695031e-03, -2.08176616e-01, -1.79988915e-01,
        4.44981378e-02,  0.00000000e+00,  0.00000000e+00,  0.00000000e+00,
        0.00000000e+00,  2.94483689e-02, -4.88952323e-03,  6.64258395e-02,
       -6.62813779e-02,  6.42178720e-02,  0.00000000e+00,  0.00000000e+00,
        0.00000000e+00,  0.00000000e+00, -1.10209062e-03, -2.04475132e-03,
        7.30387263e-03, -2.32618782e-02, -2.74007346e-03,  0.00000000e+00,
        0.00000000e+00,  0.00000000e+00,  0.00000000e+00,  7.68221788e-04,
       -1.02105635e-03, -3.53886460e-04,  3.66897260e-03,  3.57553391e-04,
        0.00000000e+00,  0.00000000e+00,  0.00000000e+00,  0.00000000e+00,
        0.00000000e+00,  0.00000000e+00,  0.00000000e+00,  0.00000000e+00,
        0.00000000e+00,  0.00000000e+00,  0.00000000e+00,  0.00000000e+00,
        0.00000000e+00,  0.00000000e+00,  0.00000000e+00,  0.00000000e+00,
        0.00000000e+00,  0.00000000e+00,  0.00000000e+00,  0.00000000e+00,
        0.00000000e+00,  0.00000000e+00,  0.00000000e+00,  0.00000000e+00,
        0.00000000e+00,  0.00000000e+00,  0.00000000e+00,  0.00000000e+00,
        0.00000000e+00,  0.00000000e+00,  0.00000000e+00,  0.00000000e+00,
        0.00000000e+00,  0.00000000e+00,  0.00000000e+00,  0.00000000e+00,
        0.00000000e+00,  0.00000000e+00,  0.00000000e+00,  0.00000000e+00,
        0.00000000e+00,  0.00000000e+00,  0.00000000e+00,  0.00000000e+00,
        0.00000000e+00,  0.00000000e+00,  0.00000000e+00,  0.00000000e+00,
        0.00000000e+00,  0.00000000e+00,  0.00000000e+00,  0.00000000e+00,
        0.00000000e+00,  0.00000000e+00,  0.00000000e+00,  0.00000000e+00,
        0.00000000e+00,  0.00000000e+00,  0.00000000e+00,  0.00000000e+00,
        0.00000000e+00,  0.00000000e+00,  0.00000000e+00,  0.00000000e+00,
        0.00000000e+00,  0.00000000e+00,  0.00000000e+00,  0.00000000e+00,
        0.00000000e+00,  0.00000000e+00,  0.00000000e+00,  0.00000000e+00,
        0.00000000e+00,  0.00000000e+00,  0.00000000e+00,  0.00000000e+00,
        3.28982517e-04, -3.58419470e-03, -2.55570118e-05,  3.00176095e-03,
       -1.13097088e-02,  0.00000000e+00,  0.00000000e+00,  0.00000000e+00,
        0.00000000e+00,  2.94474980e-03, -1.58455266e-02,  1.82355098e-03,
        1.65710068e-02, -4.00647925e-02,  0.00000000e+00,  0.00000000e+00,
        0.00000000e+00,  0.00000000e+00,  3.47305290e-02, -3.94490068e-02,
       -2.31565581e-02,  5.22625987e-02, -8.32396409e-02,  0.00000000e+00,
        0.00000000e+00,  0.00000000e+00,  0.00000000e+00,  1.34042791e+00,
       -3.27417588e-01,  3.45576744e-01,  2.46902986e-01, -6.02900383e-02,
        0.00000000e+00,  0.00000000e+00,  0.00000000e+00,  0.00000000e+00,
        0.00000000e+00,  0.00000000e+00,  0.00000000e+00,  0.00000000e+00,
       -1.22212732e-02,  5.89872030e-02, -1.78348599e-01, -1.98466876e+00,
        0.00000000e+00,  0.00000000e+00,  0.00000000e+00,  0.00000000e+00,
        1.56478963e-02,  1.86800709e-01,  3.12970193e-01, -1.16147723e-02,
        0.00000000e+00,  0.00000000e+00,  0.00000000e+00,  0.00000000e+00,
       -1.42195781e-01,  7.83036938e-02,  1.03856011e-02, -2.21694303e-04,
        0.00000000e+00,  0.00000000e+00,  0.00000000e+00,  0.00000000e+00,
       -3.30436581e-02,  1.50755893e-02,  7.72097726e-03, -2.54510308e-04,
        0.00000000e+00,  0.00000000e+00,  0.00000000e+00,  0.00000000e+00,
       -4.80964342e-03,  4.36473807e-03, -2.52334637e-03,  1.27666857e-03,
        0.00000000e+00,  0.00000000e+00,  0.00000000e+00,  0.00000000e+00,
        0.00000000e+00,  0.00000000e+00,  0.00000000e+00,  0.00000000e+00,
        0.00000000e+00,  0.00000000e+00,  0.00000000e+00,  0.00000000e+00,
        0.00000000e+00,  0.00000000e+00,  0.00000000e+00,  0.00000000e+00,
        0.00000000e+00,  0.00000000e+00,  0.00000000e+00,  0.00000000e+00,
        0.00000000e+00,  0.00000000e+00,  0.00000000e+00,  0.00000000e+00,
        0.00000000e+00,  0.00000000e+00,  0.00000000e+00,  0.00000000e+00,
        0.00000000e+00,  0.00000000e+00,  0.00000000e+00,  0.00000000e+00],      dtype=float64),
            Array([ 0.00000000e+00,  0.00000000e+00,  0.00000000e+00,  0.00000000e+00,
        0.00000000e+00,  0.00000000e+00,  0.00000000e+00,  0.00000000e+00,
        0.00000000e+00,  0.00000000e+00,  5.00000000e+01,  0.00000000e+00,
        0.00000000e+00,  0.00000000e+00,  0.00000000e+00,  0.00000000e+00,
        0.00000000e+00,  0.00000000e+00,  0.00000000e+00,  0.00000000e+00,
        0.00000000e+00,  0.00000000e+00,  0.00000000e+00,  0.00000000e+00,
        0.00000000e+00,  0.00000000e+00,  0.00000000e+00,  0.00000000e+00,
        0.00000000e+00,  0.00000000e+00,  0.00000000e+00,  0.00000000e+00,
        0.00000000e+00,  0.00000000e+00,  0.00000000e+00,  0.00000000e+00,
        0.00000000e+00,  0.00000000e+00,  0.00000000e+00,  0.00000000e+00,
        0.00000000e+00,  0.00000000e+00,  0.00000000e+00,  0.00000000e+00,
        0.00000000e+00,  0.00000000e+00,  0.00000000e+00,  1.25406699e-02,
       -2.36188804e-03, -2.30110569e-03, -8.08729192e-04,  0.00000000e+00,
        0.00000000e+00,  0.00000000e+00,  0.00000000e+00,  1.03836894e-02,
        2.37156047e-02, -2.29897957e-02,  1.17465489e-02,  0.00000000e+00,
        0.00000000e+00,  0.00000000e+00,  0.00000000e+00, -8.95275710e-02,
        2.21266335e-02, -8.29902289e-02,  1.54455131e-02,  0.00000000e+00,
        0.00000000e+00,  0.00000000e+00,  0.00000000e+00,  1.45715715e-02,
        2.34785604e-01,  1.39586851e-01,  4.41342231e-01,  8.00000000e+00,
        1.82823749e+00,  3.89076678e-02,  1.74736809e-02, -5.79006444e-02,
        0.00000000e+00,  0.00000000e+00,  0.00000000e+00,  0.00000000e+00,
        1.00623684e+00,  6.06980078e-03, -2.35811819e-01, -1.88057159e-01,
        4.39143667e-02,  0.00000000e+00,  0.00000000e+00,  0.00000000e+00,
        0.00000000e+00,  3.20455800e-02, -6.45168116e-03,  8.30970757e-02,
       -4.22454736e-02,  7.39197342e-02,  0.00000000e+00,  0.00000000e+00,
        0.00000000e+00,  0.00000000e+00, -4.76109960e-03, -1.42736335e-03,
        9.75539022e-03, -2.43488046e-02, -4.51011258e-03,  0.00000000e+00,
        0.00000000e+00,  0.00000000e+00,  0.00000000e+00, -2.62216766e-04,
       -2.33785148e-03, -1.36575739e-04,  1.58979144e-03, -8.85807941e-03,
        0.00000000e+00,  0.00000000e+00,  0.00000000e+00,  0.00000000e+00,
        0.00000000e+00,  0.00000000e+00,  0.00000000e+00,  0.00000000e+00,
        0.00000000e+00,  0.00000000e+00,  0.00000000e+00,  0.00000000e+00,
        0.00000000e+00,  0.00000000e+00,  0.00000000e+00,  0.00000000e+00,
        0.00000000e+00,  0.00000000e+00,  0.00000000e+00,  0.00000000e+00,
        0.00000000e+00,  0.00000000e+00,  0.00000000e+00,  0.00000000e+00,
        0.00000000e+00,  0.00000000e+00,  0.00000000e+00,  0.00000000e+00,
        0.00000000e+00,  0.00000000e+00,  0.00000000e+00,  0.00000000e+00,
        0.00000000e+00,  0.00000000e+00,  0.00000000e+00,  0.00000000e+00,
        0.00000000e+00,  0.00000000e+00,  0.00000000e+00,  0.00000000e+00,
        0.00000000e+00,  0.00000000e+00,  0.00000000e+00,  0.00000000e+00,
        0.00000000e+00,  0.00000000e+00,  0.00000000e+00,  0.00000000e+00,
        0.00000000e+00,  0.00000000e+00,  0.00000000e+00,  0.00000000e+00,
        0.00000000e+00,  0.00000000e+00,  0.00000000e+00,  0.00000000e+00,
        0.00000000e+00,  0.00000000e+00,  0.00000000e+00,  0.00000000e+00,
        0.00000000e+00,  0.00000000e+00,  0.00000000e+00,  0.00000000e+00,
        0.00000000e+00,  0.00000000e+00,  0.00000000e+00,  0.00000000e+00,
        0.00000000e+00,  0.00000000e+00,  0.00000000e+00,  0.00000000e+00,
        0.00000000e+00,  0.00000000e+00,  0.00000000e+00,  0.00000000e+00,
        1.33076603e-03, -3.86191662e-03,  7.82321295e-04,  2.90356339e-03,
       -2.04927026e-02,  0.00000000e+00,  0.00000000e+00,  0.00000000e+00,
        0.00000000e+00,  4.12075462e-03, -1.83068844e-02,  9.15603676e-03,
        1.64944619e-02, -6.01241823e-02,  0.00000000e+00,  0.00000000e+00,
        0.00000000e+00,  0.00000000e+00,  2.60546017e-02, -1.10533392e-02,
       -3.18762994e-03,  4.76173221e-02, -9.83590936e-02,  0.00000000e+00,
        0.00000000e+00,  0.00000000e+00,  0.00000000e+00,  1.23367208e+00,
       -3.74244035e-01,  4.11777013e-01,  2.70615388e-01, -8.30268937e-02,
        0.00000000e+00,  0.00000000e+00,  0.00000000e+00,  0.00000000e+00,
        0.00000000e+00,  0.00000000e+00,  0.00000000e+00,  0.00000000e+00,
       -8.38244997e-03,  7.28245701e-02, -2.09368399e-01, -1.89426832e+00,
        0.00000000e+00,  0.00000000e+00,  0.00000000e+00,  0.00000000e+00,
        4.27952268e-02,  1.96382723e-01,  3.28652281e-01, -1.43901780e-02,
        0.00000000e+00,  0.00000000e+00,  0.00000000e+00,  0.00000000e+00,
       -1.69644476e-01,  8.18719361e-02,  3.01953062e-02,  1.74433042e-03,
        0.00000000e+00,  0.00000000e+00,  0.00000000e+00,  0.00000000e+00,
       -4.22060094e-02,  6.96777057e-03,  1.38681487e-02, -5.88590715e-04,
        0.00000000e+00,  0.00000000e+00,  0.00000000e+00,  0.00000000e+00,
       -1.82549373e-02,  6.89918733e-03, -2.69929193e-03,  2.51573373e-03,
        0.00000000e+00,  0.00000000e+00,  0.00000000e+00,  0.00000000e+00,
        0.00000000e+00,  0.00000000e+00,  0.00000000e+00,  0.00000000e+00,
        0.00000000e+00,  0.00000000e+00,  0.00000000e+00,  0.00000000e+00,
        0.00000000e+00,  0.00000000e+00,  0.00000000e+00,  0.00000000e+00,
        0.00000000e+00,  0.00000000e+00,  0.00000000e+00,  0.00000000e+00,
        0.00000000e+00,  0.00000000e+00,  0.00000000e+00,  0.00000000e+00,
        0.00000000e+00,  0.00000000e+00,  0.00000000e+00,  0.00000000e+00,
        0.00000000e+00,  0.00000000e+00,  0.00000000e+00,  0.00000000e+00],      dtype=float64),
            Array([ 0.00000000e+00,  0.00000000e+00,  0.00000000e+00,  0.00000000e+00,
        0.00000000e+00,  0.00000000e+00,  0.00000000e+00,  0.00000000e+00,
        0.00000000e+00,  0.00000000e+00,  5.00000000e+01,  0.00000000e+00,
        0.00000000e+00,  0.00000000e+00,  0.00000000e+00,  0.00000000e+00,
        0.00000000e+00,  0.00000000e+00,  0.00000000e+00,  0.00000000e+00,
        0.00000000e+00,  0.00000000e+00,  0.00000000e+00,  0.00000000e+00,
        0.00000000e+00,  0.00000000e+00,  0.00000000e+00,  0.00000000e+00,
        0.00000000e+00,  0.00000000e+00,  0.00000000e+00,  0.00000000e+00,
        0.00000000e+00,  0.00000000e+00,  0.00000000e+00,  0.00000000e+00,
        0.00000000e+00,  0.00000000e+00,  0.00000000e+00,  0.00000000e+00,
        0.00000000e+00,  0.00000000e+00,  0.00000000e+00,  0.00000000e+00,
        0.00000000e+00,  0.00000000e+00,  0.00000000e+00,  1.48160925e-02,
       -1.53778018e-03, -2.16462878e-04, -3.13554195e-03,  0.00000000e+00,
        0.00000000e+00,  0.00000000e+00,  0.00000000e+00,  9.47936259e-03,
        2.71013051e-02, -2.51432326e-02,  1.41874702e-02,  0.00000000e+00,
        0.00000000e+00,  0.00000000e+00,  0.00000000e+00, -6.92193289e-02,
        6.14800470e-03, -7.75018169e-02, -4.09790899e-02,  0.00000000e+00,
        0.00000000e+00,  0.00000000e+00,  0.00000000e+00, -4.18662028e-04,
        2.16039244e-01,  1.10639480e-01,  4.72661882e-01,  8.00000000e+00,
        1.75347699e+00,  2.70444703e-02,  3.80368364e-02, -6.36797735e-02,
        0.00000000e+00,  0.00000000e+00,  0.00000000e+00,  0.00000000e+00,
        7.59846521e-01,  9.41236935e-03, -2.48830172e-01, -1.86488153e-01,
        4.13764117e-02,  0.00000000e+00,  0.00000000e+00,  0.00000000e+00,
        0.00000000e+00,  2.41524224e-02, -6.33267456e-03,  8.85472547e-02,
       -2.76393198e-02,  7.39364293e-02,  0.00000000e+00,  0.00000000e+00,
        0.00000000e+00,  0.00000000e+00, -1.07780324e-02,  2.23086376e-03,
        9.48847391e-03, -2.16071836e-02, -5.19842621e-03,  0.00000000e+00,
        0.00000000e+00,  0.00000000e+00,  0.00000000e+00, -1.68894009e-03,
       -2.75582910e-03,  3.46570263e-03,  1.26966464e-05, -1.12218413e-02,
        0.00000000e+00,  0.00000000e+00,  0.00000000e+00,  0.00000000e+00,
        0.00000000e+00,  0.00000000e+00,  0.00000000e+00,  0.00000000e+00,
        0.00000000e+00,  0.00000000e+00,  0.00000000e+00,  0.00000000e+00,
        0.00000000e+00,  0.00000000e+00,  0.00000000e+00,  0.00000000e+00,
        0.00000000e+00,  0.00000000e+00,  0.00000000e+00,  0.00000000e+00,
        0.00000000e+00,  0.00000000e+00,  0.00000000e+00,  0.00000000e+00,
        0.00000000e+00,  0.00000000e+00,  0.00000000e+00,  0.00000000e+00,
        0.00000000e+00,  0.00000000e+00,  0.00000000e+00,  0.00000000e+00,
        0.00000000e+00,  0.00000000e+00,  0.00000000e+00,  0.00000000e+00,
        0.00000000e+00,  0.00000000e+00,  0.00000000e+00,  0.00000000e+00,
        0.00000000e+00,  0.00000000e+00,  0.00000000e+00,  0.00000000e+00,
        0.00000000e+00,  0.00000000e+00,  0.00000000e+00,  0.00000000e+00,
        0.00000000e+00,  0.00000000e+00,  0.00000000e+00,  0.00000000e+00,
        0.00000000e+00,  0.00000000e+00,  0.00000000e+00,  0.00000000e+00,
        0.00000000e+00,  0.00000000e+00,  0.00000000e+00,  0.00000000e+00,
        0.00000000e+00,  0.00000000e+00,  0.00000000e+00,  0.00000000e+00,
        0.00000000e+00,  0.00000000e+00,  0.00000000e+00,  0.00000000e+00,
        0.00000000e+00,  0.00000000e+00,  0.00000000e+00,  0.00000000e+00,
        0.00000000e+00,  0.00000000e+00,  0.00000000e+00,  0.00000000e+00,
        1.77451993e-03,  1.91023784e-03,  5.13425565e-04,  3.28830442e-03,
       -2.14765327e-02,  0.00000000e+00,  0.00000000e+00,  0.00000000e+00,
        0.00000000e+00,  2.33569497e-03, -1.53967344e-02,  1.41659907e-02,
        1.29293288e-02, -5.93040226e-02,  0.00000000e+00,  0.00000000e+00,
        0.00000000e+00,  0.00000000e+00,  5.39573533e-04,  2.12210984e-02,
        1.66706734e-02,  4.00005362e-02, -9.18701848e-02,  0.00000000e+00,
        0.00000000e+00,  0.00000000e+00,  0.00000000e+00,  1.18000102e+00,
       -3.80401299e-01,  4.23460217e-01,  2.82385725e-01, -8.15930106e-02,
        0.00000000e+00,  0.00000000e+00,  0.00000000e+00,  0.00000000e+00,
        0.00000000e+00,  0.00000000e+00,  0.00000000e+00,  0.00000000e+00,
        9.62444083e-04,  9.11227284e-02, -2.29945883e-01, -1.86710252e+00,
        0.00000000e+00,  0.00000000e+00,  0.00000000e+00,  0.00000000e+00,
        6.24597386e-02,  1.73654220e-01,  3.37904194e-01, -1.66278124e-02,
        0.00000000e+00,  0.00000000e+00,  0.00000000e+00,  0.00000000e+00,
       -1.57052996e-01,  8.38039061e-02,  4.66055288e-02,  3.32446308e-03,
        0.00000000e+00,  0.00000000e+00,  0.00000000e+00,  0.00000000e+00,
       -4.34710252e-02, -3.80642206e-03,  1.65158398e-02, -8.99329581e-04,
        0.00000000e+00,  0.00000000e+00,  0.00000000e+00,  0.00000000e+00,
       -2.00351506e-02,  5.35870851e-03, -4.01809986e-03,  3.48604443e-03,
        0.00000000e+00,  0.00000000e+00,  0.00000000e+00,  0.00000000e+00,
        0.00000000e+00,  0.00000000e+00,  0.00000000e+00,  0.00000000e+00,
        0.00000000e+00,  0.00000000e+00,  0.00000000e+00,  0.00000000e+00,
        0.00000000e+00,  0.00000000e+00,  0.00000000e+00,  0.00000000e+00,
        0.00000000e+00,  0.00000000e+00,  0.00000000e+00,  0.00000000e+00,
        0.00000000e+00,  0.00000000e+00,  0.00000000e+00,  0.00000000e+00,
        0.00000000e+00,  0.00000000e+00,  0.00000000e+00,  0.00000000e+00,
        0.00000000e+00,  0.00000000e+00,  0.00000000e+00,  0.00000000e+00],      dtype=float64),
            Array([ 0.00000000e+00,  0.00000000e+00,  0.00000000e+00,  0.00000000e+00,
        0.00000000e+00,  0.00000000e+00,  0.00000000e+00,  0.00000000e+00,
        0.00000000e+00,  0.00000000e+00,  5.00000000e+01,  0.00000000e+00,
        0.00000000e+00,  0.00000000e+00,  0.00000000e+00,  0.00000000e+00,
        0.00000000e+00,  0.00000000e+00,  0.00000000e+00,  0.00000000e+00,
        0.00000000e+00,  0.00000000e+00,  0.00000000e+00,  0.00000000e+00,
        0.00000000e+00,  0.00000000e+00,  0.00000000e+00,  0.00000000e+00,
        0.00000000e+00,  0.00000000e+00,  0.00000000e+00,  0.00000000e+00,
        0.00000000e+00,  0.00000000e+00,  0.00000000e+00,  0.00000000e+00,
        0.00000000e+00,  0.00000000e+00,  0.00000000e+00,  0.00000000e+00,
        0.00000000e+00,  0.00000000e+00,  0.00000000e+00,  0.00000000e+00,
        0.00000000e+00,  0.00000000e+00,  0.00000000e+00,  1.04063976e-02,
       -1.12237067e-03,  1.84697756e-03, -6.56264013e-03,  0.00000000e+00,
        0.00000000e+00,  0.00000000e+00,  0.00000000e+00,  4.52035874e-03,
        2.69070920e-02, -2.51925416e-02,  1.94563115e-02,  0.00000000e+00,
        0.00000000e+00,  0.00000000e+00,  0.00000000e+00, -5.65727398e-02,
        9.54123432e-03, -6.77611748e-02, -7.44958316e-02,  0.00000000e+00,
        0.00000000e+00,  0.00000000e+00,  0.00000000e+00, -8.51816671e-03,
        1.91370172e-01,  9.46212794e-02,  4.86001084e-01,  8.00000000e+00,
        1.72145263e+00,  2.03379793e-02,  3.90701378e-02, -7.18556507e-02,
        0.00000000e+00,  0.00000000e+00,  0.00000000e+00,  0.00000000e+00,
        5.57765151e-01,  1.74505421e-02, -2.55127854e-01, -1.58745568e-01,
        3.39745916e-02,  0.00000000e+00,  0.00000000e+00,  0.00000000e+00,
        0.00000000e+00,  1.74163706e-02, -4.56331951e-03,  8.57225827e-02,
       -2.90522299e-02,  7.30690637e-02,  0.00000000e+00,  0.00000000e+00,
        0.00000000e+00,  0.00000000e+00, -1.84018286e-02,  9.48967090e-03,
        5.12053673e-03, -1.61662329e-02,  6.25287475e-03,  0.00000000e+00,
        0.00000000e+00,  0.00000000e+00,  0.00000000e+00,  8.99037835e-04,
       -4.18496414e-03,  5.83776083e-03, -1.10677718e-03, -1.05974936e-02,
        0.00000000e+00,  0.00000000e+00,  0.00000000e+00,  0.00000000e+00,
        0.00000000e+00,  0.00000000e+00,  0.00000000e+00,  0.00000000e+00,
        0.00000000e+00,  0.00000000e+00,  0.00000000e+00,  0.00000000e+00,
        0.00000000e+00,  0.00000000e+00,  0.00000000e+00,  0.00000000e+00,
        0.00000000e+00,  0.00000000e+00,  0.00000000e+00,  0.00000000e+00,
        0.00000000e+00,  0.00000000e+00,  0.00000000e+00,  0.00000000e+00,
        0.00000000e+00,  0.00000000e+00,  0.00000000e+00,  0.00000000e+00,
        0.00000000e+00,  0.00000000e+00,  0.00000000e+00,  0.00000000e+00,
        0.00000000e+00,  0.00000000e+00,  0.00000000e+00,  0.00000000e+00,
        0.00000000e+00,  0.00000000e+00,  0.00000000e+00,  0.00000000e+00,
        0.00000000e+00,  0.00000000e+00,  0.00000000e+00,  0.00000000e+00,
        0.00000000e+00,  0.00000000e+00,  0.00000000e+00,  0.00000000e+00,
        0.00000000e+00,  0.00000000e+00,  0.00000000e+00,  0.00000000e+00,
        0.00000000e+00,  0.00000000e+00,  0.00000000e+00,  0.00000000e+00,
        0.00000000e+00,  0.00000000e+00,  0.00000000e+00,  0.00000000e+00,
        0.00000000e+00,  0.00000000e+00,  0.00000000e+00,  0.00000000e+00,
        0.00000000e+00,  0.00000000e+00,  0.00000000e+00,  0.00000000e+00,
        0.00000000e+00,  0.00000000e+00,  0.00000000e+00,  0.00000000e+00,
        0.00000000e+00,  0.00000000e+00,  0.00000000e+00,  0.00000000e+00,
       -1.30864637e-03,  6.28143738e-03, -1.00016137e-03,  5.46378476e-03,
       -1.68777043e-02,  0.00000000e+00,  0.00000000e+00,  0.00000000e+00,
        0.00000000e+00,  3.17408841e-03, -1.28480069e-02,  1.92153699e-02,
        1.06803750e-03, -3.72049212e-02,  0.00000000e+00,  0.00000000e+00,
        0.00000000e+00,  0.00000000e+00, -2.99878969e-02,  5.52595848e-02,
        2.35258816e-02,  2.53247761e-02, -7.62995734e-02,  0.00000000e+00,
        0.00000000e+00,  0.00000000e+00,  0.00000000e+00,  1.14889322e+00,
       -3.75318206e-01,  4.17132700e-01,  2.99352503e-01, -6.11693015e-02,
        0.00000000e+00,  0.00000000e+00,  0.00000000e+00,  0.00000000e+00,
        0.00000000e+00,  0.00000000e+00,  0.00000000e+00,  0.00000000e+00,
        2.28654791e-02,  9.06717465e-02, -2.53241119e-01, -1.87789442e+00,
        0.00000000e+00,  0.00000000e+00,  0.00000000e+00,  0.00000000e+00,
        6.64429414e-02,  1.41469095e-01,  3.61893696e-01, -1.52411916e-02,
        0.00000000e+00,  0.00000000e+00,  0.00000000e+00,  0.00000000e+00,
       -1.24217700e-01,  7.11827998e-02,  5.10661646e-02,  2.65318753e-03,
        0.00000000e+00,  0.00000000e+00,  0.00000000e+00,  0.00000000e+00,
       -3.34901433e-02, -8.46748002e-03,  1.37143748e-02, -2.24971585e-03,
        0.00000000e+00,  0.00000000e+00,  0.00000000e+00,  0.00000000e+00,
       -8.71976314e-03,  1.54371584e-03, -5.27701419e-03,  4.54846342e-03,
        0.00000000e+00,  0.00000000e+00,  0.00000000e+00,  0.00000000e+00,
        0.00000000e+00,  0.00000000e+00,  0.00000000e+00,  0.00000000e+00,
        0.00000000e+00,  0.00000000e+00,  0.00000000e+00,  0.00000000e+00,
        0.00000000e+00,  0.00000000e+00,  0.00000000e+00,  0.00000000e+00,
        0.00000000e+00,  0.00000000e+00,  0.00000000e+00,  0.00000000e+00,
        0.00000000e+00,  0.00000000e+00,  0.00000000e+00,  0.00000000e+00,
        0.00000000e+00,  0.00000000e+00,  0.00000000e+00,  0.00000000e+00,
        0.00000000e+00,  0.00000000e+00,  0.00000000e+00,  0.00000000e+00],      dtype=float64),
            Array([ 0.00000000e+00,  0.00000000e+00,  0.00000000e+00,  0.00000000e+00,
        0.00000000e+00,  0.00000000e+00,  0.00000000e+00,  0.00000000e+00,
        0.00000000e+00,  0.00000000e+00,  5.00000000e+01,  0.00000000e+00,
        0.00000000e+00,  0.00000000e+00,  0.00000000e+00,  0.00000000e+00,
        0.00000000e+00,  0.00000000e+00,  0.00000000e+00,  0.00000000e+00,
        0.00000000e+00,  0.00000000e+00,  0.00000000e+00,  0.00000000e+00,
        0.00000000e+00,  0.00000000e+00,  0.00000000e+00,  0.00000000e+00,
        0.00000000e+00,  0.00000000e+00,  0.00000000e+00,  0.00000000e+00,
        0.00000000e+00,  0.00000000e+00,  0.00000000e+00,  0.00000000e+00,
        0.00000000e+00,  0.00000000e+00,  0.00000000e+00,  0.00000000e+00,
        0.00000000e+00,  0.00000000e+00,  0.00000000e+00,  0.00000000e+00,
        0.00000000e+00,  0.00000000e+00,  0.00000000e+00,  1.12857024e-02,
       -1.93989680e-03,  6.90945802e-03, -7.04762983e-03,  0.00000000e+00,
        0.00000000e+00,  0.00000000e+00,  0.00000000e+00,  2.58359668e-03,
        2.08967091e-02, -2.99914317e-02,  2.27865198e-02,  0.00000000e+00,
        0.00000000e+00,  0.00000000e+00,  0.00000000e+00, -4.50384384e-02,
        1.16241720e-02, -5.35710024e-02, -9.80682760e-02,  0.00000000e+00,
        0.00000000e+00,  0.00000000e+00,  0.00000000e+00, -1.60573871e-02,
        1.69337358e-01,  8.48702305e-02,  5.01587416e-01,  8.00000000e+00,
        1.72842661e+00,  4.10810371e-03,  3.02087868e-02, -8.10117047e-02,
        0.00000000e+00,  0.00000000e+00,  0.00000000e+00,  0.00000000e+00,
        3.83855383e-01,  2.83502152e-02, -2.56971903e-01, -1.18293235e-01,
        2.94897168e-02,  0.00000000e+00,  0.00000000e+00,  0.00000000e+00,
        0.00000000e+00,  1.92224862e-02, -3.34466627e-03,  7.73283822e-02,
       -2.23559024e-02,  5.39503167e-02,  0.00000000e+00,  0.00000000e+00,
        0.00000000e+00,  0.00000000e+00, -2.53676996e-02,  1.89873832e-02,
        2.61843012e-04, -1.29823465e-02,  1.66798451e-02,  0.00000000e+00,
        0.00000000e+00,  0.00000000e+00,  0.00000000e+00,  3.16981293e-03,
       -2.94430276e-03,  5.08459276e-03,  2.49907698e-03, -6.58640711e-03,
        0.00000000e+00,  0.00000000e+00,  0.00000000e+00,  0.00000000e+00,
        0.00000000e+00,  0.00000000e+00,  0.00000000e+00,  0.00000000e+00,
        0.00000000e+00,  0.00000000e+00,  0.00000000e+00,  0.00000000e+00,
        0.00000000e+00,  0.00000000e+00,  0.00000000e+00,  0.00000000e+00,
        0.00000000e+00,  0.00000000e+00,  0.00000000e+00,  0.00000000e+00,
        0.00000000e+00,  0.00000000e+00,  0.00000000e+00,  0.00000000e+00,
        0.00000000e+00,  0.00000000e+00,  0.00000000e+00,  0.00000000e+00,
        0.00000000e+00,  0.00000000e+00,  0.00000000e+00,  0.00000000e+00,
        0.00000000e+00,  0.00000000e+00,  0.00000000e+00,  0.00000000e+00,
        0.00000000e+00,  0.00000000e+00,  0.00000000e+00,  0.00000000e+00,
        0.00000000e+00,  0.00000000e+00,  0.00000000e+00,  0.00000000e+00,
        0.00000000e+00,  0.00000000e+00,  0.00000000e+00,  0.00000000e+00,
        0.00000000e+00,  0.00000000e+00,  0.00000000e+00,  0.00000000e+00,
        0.00000000e+00,  0.00000000e+00,  0.00000000e+00,  0.00000000e+00,
        0.00000000e+00,  0.00000000e+00,  0.00000000e+00,  0.00000000e+00,
        0.00000000e+00,  0.00000000e+00,  0.00000000e+00,  0.00000000e+00,
        0.00000000e+00,  0.00000000e+00,  0.00000000e+00,  0.00000000e+00,
        0.00000000e+00,  0.00000000e+00,  0.00000000e+00,  0.00000000e+00,
        0.00000000e+00,  0.00000000e+00,  0.00000000e+00,  0.00000000e+00,
       -2.78642972e-03,  7.54844932e-04, -3.11795606e-03,  5.53142130e-03,
       -1.15952704e-02,  0.00000000e+00,  0.00000000e+00,  0.00000000e+00,
        0.00000000e+00,  4.29517453e-03, -1.13650156e-02,  2.33310878e-02,
       -5.98068528e-03, -1.49894621e-02,  0.00000000e+00,  0.00000000e+00,
        0.00000000e+00,  0.00000000e+00, -5.46600734e-02,  7.87643115e-02,
        2.27089860e-02,  1.22132673e-02, -5.72790404e-02,  0.00000000e+00,
        0.00000000e+00,  0.00000000e+00,  0.00000000e+00,  1.15669951e+00,
       -3.68966911e-01,  4.02635715e-01,  3.01960018e-01, -3.79864719e-02,
        0.00000000e+00,  0.00000000e+00,  0.00000000e+00,  0.00000000e+00,
        0.00000000e+00,  0.00000000e+00,  0.00000000e+00,  0.00000000e+00,
        4.89895904e-02,  7.67801076e-02, -2.75484163e-01, -1.88227835e+00,
        0.00000000e+00,  0.00000000e+00,  0.00000000e+00,  0.00000000e+00,
        7.37302046e-02,  9.89349080e-02,  3.99269463e-01, -1.33380055e-02,
        0.00000000e+00,  0.00000000e+00,  0.00000000e+00,  0.00000000e+00,
       -9.00803208e-02,  5.85843376e-02,  4.87178223e-02,  2.47385493e-03,
        0.00000000e+00,  0.00000000e+00,  0.00000000e+00,  0.00000000e+00,
       -2.51003900e-02, -1.19784810e-02,  9.45130963e-03, -5.95102349e-03,
        0.00000000e+00,  0.00000000e+00,  0.00000000e+00,  0.00000000e+00,
       -1.21030210e-03, -1.47006595e-03, -3.87563319e-03,  5.73805839e-03,
        0.00000000e+00,  0.00000000e+00,  0.00000000e+00,  0.00000000e+00,
        0.00000000e+00,  0.00000000e+00,  0.00000000e+00,  0.00000000e+00,
        0.00000000e+00,  0.00000000e+00,  0.00000000e+00,  0.00000000e+00,
        0.00000000e+00,  0.00000000e+00,  0.00000000e+00,  0.00000000e+00,
        0.00000000e+00,  0.00000000e+00,  0.00000000e+00,  0.00000000e+00,
        0.00000000e+00,  0.00000000e+00,  0.00000000e+00,  0.00000000e+00,
        0.00000000e+00,  0.00000000e+00,  0.00000000e+00,  0.00000000e+00,
        0.00000000e+00,  0.00000000e+00,  0.00000000e+00,  0.00000000e+00],      dtype=float64),
            Array([ 0.00000000e+00,  0.00000000e+00,  0.00000000e+00,  0.00000000e+00,
        0.00000000e+00,  0.00000000e+00,  0.00000000e+00,  0.00000000e+00,
        0.00000000e+00,  0.00000000e+00,  5.00000000e+01,  0.00000000e+00,
        0.00000000e+00,  0.00000000e+00,  0.00000000e+00,  0.00000000e+00,
        0.00000000e+00,  0.00000000e+00,  0.00000000e+00,  0.00000000e+00,
        0.00000000e+00,  0.00000000e+00,  0.00000000e+00,  0.00000000e+00,
        0.00000000e+00,  0.00000000e+00,  0.00000000e+00,  0.00000000e+00,
        0.00000000e+00,  0.00000000e+00,  0.00000000e+00,  0.00000000e+00,
        0.00000000e+00,  0.00000000e+00,  0.00000000e+00,  0.00000000e+00,
        0.00000000e+00,  0.00000000e+00,  0.00000000e+00,  0.00000000e+00,
        0.00000000e+00,  0.00000000e+00,  0.00000000e+00,  0.00000000e+00,
        0.00000000e+00,  0.00000000e+00,  0.00000000e+00,  1.09566344e-02,
       -2.84841135e-03,  7.75512959e-03, -5.97259525e-03,  0.00000000e+00,
        0.00000000e+00,  0.00000000e+00,  0.00000000e+00,  2.38977553e-03,
        1.99914581e-02, -3.17434620e-02,  2.37901662e-02,  0.00000000e+00,
        0.00000000e+00,  0.00000000e+00,  0.00000000e+00, -4.60215823e-02,
        1.43205623e-02, -5.11853829e-02, -1.02349763e-01,  0.00000000e+00,
        0.00000000e+00,  0.00000000e+00,  0.00000000e+00, -1.77449782e-02,
        1.66557446e-01,  8.74306382e-02,  5.06167084e-01,  8.00000000e+00,
        1.73799256e+00,  1.24580828e-03,  3.16479782e-02, -8.40905082e-02,
        0.00000000e+00,  0.00000000e+00,  0.00000000e+00,  0.00000000e+00,
        3.45277736e-01,  2.98784784e-02, -2.57150429e-01, -1.04286143e-01,
        2.26878906e-02,  0.00000000e+00,  0.00000000e+00,  0.00000000e+00,
        0.00000000e+00,  2.19691290e-02, -4.30438112e-03,  7.66289273e-02,
       -1.67346742e-02,  4.92592915e-02,  0.00000000e+00,  0.00000000e+00,
        0.00000000e+00,  0.00000000e+00, -2.68262614e-02,  1.96291769e-02,
       -9.18361594e-04, -1.18792166e-02,  1.80320841e-02,  0.00000000e+00,
        0.00000000e+00,  0.00000000e+00,  0.00000000e+00,  3.75952897e-03,
       -3.10944822e-03,  5.31851673e-03,  3.44065302e-03, -6.69744662e-03,
        0.00000000e+00,  0.00000000e+00,  0.00000000e+00,  0.00000000e+00,
        0.00000000e+00,  0.00000000e+00,  0.00000000e+00,  0.00000000e+00,
        0.00000000e+00,  0.00000000e+00,  0.00000000e+00,  0.00000000e+00,
        0.00000000e+00,  0.00000000e+00,  0.00000000e+00,  0.00000000e+00,
        0.00000000e+00,  0.00000000e+00,  0.00000000e+00,  0.00000000e+00,
        0.00000000e+00,  0.00000000e+00,  0.00000000e+00,  0.00000000e+00,
        0.00000000e+00,  0.00000000e+00,  0.00000000e+00,  0.00000000e+00,
        0.00000000e+00,  0.00000000e+00,  0.00000000e+00,  0.00000000e+00,
        0.00000000e+00,  0.00000000e+00,  0.00000000e+00,  0.00000000e+00,
        0.00000000e+00,  0.00000000e+00,  0.00000000e+00,  0.00000000e+00,
        0.00000000e+00,  0.00000000e+00,  0.00000000e+00,  0.00000000e+00,
        0.00000000e+00,  0.00000000e+00,  0.00000000e+00,  0.00000000e+00,
        0.00000000e+00,  0.00000000e+00,  0.00000000e+00,  0.00000000e+00,
        0.00000000e+00,  0.00000000e+00,  0.00000000e+00,  0.00000000e+00,
        0.00000000e+00,  0.00000000e+00,  0.00000000e+00,  0.00000000e+00,
        0.00000000e+00,  0.00000000e+00,  0.00000000e+00,  0.00000000e+00,
        0.00000000e+00,  0.00000000e+00,  0.00000000e+00,  0.00000000e+00,
        0.00000000e+00,  0.00000000e+00,  0.00000000e+00,  0.00000000e+00,
        0.00000000e+00,  0.00000000e+00,  0.00000000e+00,  0.00000000e+00,
       -2.82898849e-03,  7.09597439e-04, -3.53072061e-03,  4.56007312e-03,
       -1.08506551e-02,  0.00000000e+00,  0.00000000e+00,  0.00000000e+00,
        0.00000000e+00,  4.49845332e-03, -1.12522850e-02,  2.38898632e-02,
       -8.03507140e-03, -1.03644506e-02,  0.00000000e+00,  0.00000000e+00,
        0.00000000e+00,  0.00000000e+00, -5.82359852e-02,  8.75440933e-02,
        2.18135138e-02,  9.25116375e-03, -5.57930185e-02,  0.00000000e+00,
        0.00000000e+00,  0.00000000e+00,  0.00000000e+00,  1.16057944e+00,
       -3.61451776e-01,  3.91703383e-01,  3.05141072e-01, -3.17081338e-02,
        0.00000000e+00,  0.00000000e+00,  0.00000000e+00,  0.00000000e+00,
        0.00000000e+00,  0.00000000e+00,  0.00000000e+00,  0.00000000e+00,
        5.53782968e-02,  7.08464993e-02, -2.82546549e-01, -1.86966875e+00,
        0.00000000e+00,  0.00000000e+00,  0.00000000e+00,  0.00000000e+00,
        7.73032569e-02,  8.81664922e-02,  4.06324573e-01, -1.21392146e-02,
        0.00000000e+00,  0.00000000e+00,  0.00000000e+00,  0.00000000e+00,
       -8.21798907e-02,  5.45227074e-02,  4.38773922e-02,  3.49668792e-03,
        0.00000000e+00,  0.00000000e+00,  0.00000000e+00,  0.00000000e+00,
       -2.56667134e-02, -1.28968229e-02,  8.77953171e-03, -5.91780481e-03,
        0.00000000e+00,  0.00000000e+00,  0.00000000e+00,  0.00000000e+00,
       -9.61902511e-04, -1.80979376e-03, -3.82888584e-03,  6.26961517e-03,
        0.00000000e+00,  0.00000000e+00,  0.00000000e+00,  0.00000000e+00,
        0.00000000e+00,  0.00000000e+00,  0.00000000e+00,  0.00000000e+00,
        0.00000000e+00,  0.00000000e+00,  0.00000000e+00,  0.00000000e+00,
        0.00000000e+00,  0.00000000e+00,  0.00000000e+00,  0.00000000e+00,
        0.00000000e+00,  0.00000000e+00,  0.00000000e+00,  0.00000000e+00,
        0.00000000e+00,  0.00000000e+00,  0.00000000e+00,  0.00000000e+00,
        0.00000000e+00,  0.00000000e+00,  0.00000000e+00,  0.00000000e+00,
        0.00000000e+00,  0.00000000e+00,  0.00000000e+00,  0.00000000e+00],      dtype=float64),
            Array([ 0.00000000e+00,  0.00000000e+00,  0.00000000e+00,  0.00000000e+00,
        0.00000000e+00,  0.00000000e+00,  0.00000000e+00,  0.00000000e+00,
        0.00000000e+00,  0.00000000e+00,  5.00000000e+01,  0.00000000e+00,
        0.00000000e+00,  0.00000000e+00,  0.00000000e+00,  0.00000000e+00,
        0.00000000e+00,  0.00000000e+00,  0.00000000e+00,  0.00000000e+00,
        0.00000000e+00,  0.00000000e+00,  0.00000000e+00,  0.00000000e+00,
        0.00000000e+00,  0.00000000e+00,  0.00000000e+00,  0.00000000e+00,
        0.00000000e+00,  0.00000000e+00,  0.00000000e+00,  0.00000000e+00,
        0.00000000e+00,  0.00000000e+00,  0.00000000e+00,  0.00000000e+00,
        0.00000000e+00,  0.00000000e+00,  0.00000000e+00,  0.00000000e+00,
        0.00000000e+00,  0.00000000e+00,  0.00000000e+00,  0.00000000e+00,
        0.00000000e+00,  0.00000000e+00,  0.00000000e+00,  1.05698719e-02,
       -2.23746328e-03,  9.21979764e-03, -6.03802968e-03,  0.00000000e+00,
        0.00000000e+00,  0.00000000e+00,  0.00000000e+00,  2.97643649e-03,
        1.85917224e-02, -3.37152780e-02,  2.59344123e-02,  0.00000000e+00,
        0.00000000e+00,  0.00000000e+00,  0.00000000e+00, -4.70730444e-02,
        1.49205269e-02, -4.88902358e-02, -1.03343961e-01,  0.00000000e+00,
        0.00000000e+00,  0.00000000e+00,  0.00000000e+00, -1.49194854e-02,
        1.61269324e-01,  8.86961942e-02,  5.13531014e-01,  8.00000000e+00,
        1.74817192e+00, -3.65342007e-03,  3.00750959e-02, -8.43397237e-02,
        0.00000000e+00,  0.00000000e+00,  0.00000000e+00,  0.00000000e+00,
        3.11390453e-01,  3.21488895e-02, -2.56888883e-01, -9.30934733e-02,
        1.59225020e-02,  0.00000000e+00,  0.00000000e+00,  0.00000000e+00,
        0.00000000e+00,  2.55285622e-02, -4.81901292e-03,  7.35669856e-02,
       -1.34830527e-02,  4.29382813e-02,  0.00000000e+00,  0.00000000e+00,
        0.00000000e+00,  0.00000000e+00, -2.75256374e-02,  2.23880183e-02,
       -4.17707986e-04, -1.23522437e-02,  1.76126292e-02,  0.00000000e+00,
        0.00000000e+00,  0.00000000e+00,  0.00000000e+00,  3.86264491e-03,
       -2.84835382e-03,  4.51568759e-03,  3.38803774e-03, -6.60748755e-03,
        0.00000000e+00,  0.00000000e+00,  0.00000000e+00,  0.00000000e+00,
        0.00000000e+00,  0.00000000e+00,  0.00000000e+00,  0.00000000e+00,
        0.00000000e+00,  0.00000000e+00,  0.00000000e+00,  0.00000000e+00,
        0.00000000e+00,  0.00000000e+00,  0.00000000e+00,  0.00000000e+00,
        0.00000000e+00,  0.00000000e+00,  0.00000000e+00,  0.00000000e+00,
        0.00000000e+00,  0.00000000e+00,  0.00000000e+00,  0.00000000e+00,
        0.00000000e+00,  0.00000000e+00,  0.00000000e+00,  0.00000000e+00,
        0.00000000e+00,  0.00000000e+00,  0.00000000e+00,  0.00000000e+00,
        0.00000000e+00,  0.00000000e+00,  0.00000000e+00,  0.00000000e+00,
        0.00000000e+00,  0.00000000e+00,  0.00000000e+00,  0.00000000e+00,
        0.00000000e+00,  0.00000000e+00,  0.00000000e+00,  0.00000000e+00,
        0.00000000e+00,  0.00000000e+00,  0.00000000e+00,  0.00000000e+00,
        0.00000000e+00,  0.00000000e+00,  0.00000000e+00,  0.00000000e+00,
        0.00000000e+00,  0.00000000e+00,  0.00000000e+00,  0.00000000e+00,
        0.00000000e+00,  0.00000000e+00,  0.00000000e+00,  0.00000000e+00,
        0.00000000e+00,  0.00000000e+00,  0.00000000e+00,  0.00000000e+00,
        0.00000000e+00,  0.00000000e+00,  0.00000000e+00,  0.00000000e+00,
        0.00000000e+00,  0.00000000e+00,  0.00000000e+00,  0.00000000e+00,
        0.00000000e+00,  0.00000000e+00,  0.00000000e+00,  0.00000000e+00,
       -2.88124822e-03,  8.98213744e-04, -4.11971045e-03,  4.44056974e-03,
       -1.04169891e-02,  0.00000000e+00,  0.00000000e+00,  0.00000000e+00,
        0.00000000e+00,  4.81544884e-03, -1.05422042e-02,  2.45843825e-02,
       -1.02370883e-02, -6.19398976e-03,  0.00000000e+00,  0.00000000e+00,
        0.00000000e+00,  0.00000000e+00, -6.38741164e-02,  9.30129652e-02,
        1.99769961e-02,  3.72742407e-03, -5.18812520e-02,  0.00000000e+00,
        0.00000000e+00,  0.00000000e+00,  0.00000000e+00,  1.16334471e+00,
       -3.54288371e-01,  3.84605485e-01,  3.04898702e-01, -2.10645975e-02,
        0.00000000e+00,  0.00000000e+00,  0.00000000e+00,  0.00000000e+00,
        0.00000000e+00,  0.00000000e+00,  0.00000000e+00,  0.00000000e+00,
        5.99410035e-02,  6.61914971e-02, -2.89445415e-01, -1.85996312e+00,
        0.00000000e+00,  0.00000000e+00,  0.00000000e+00,  0.00000000e+00,
        7.91038690e-02,  7.75344930e-02,  4.11973257e-01, -1.12924342e-02,
        0.00000000e+00,  0.00000000e+00,  0.00000000e+00,  0.00000000e+00,
       -7.43046615e-02,  5.32549493e-02,  4.20760670e-02,  4.12493136e-03,
        0.00000000e+00,  0.00000000e+00,  0.00000000e+00,  0.00000000e+00,
       -2.35006294e-02, -1.40849450e-02,  7.50809907e-03, -8.07883425e-03,
        0.00000000e+00,  0.00000000e+00,  0.00000000e+00,  0.00000000e+00,
        1.52629085e-04, -1.33884536e-03, -3.04593886e-03,  6.21071793e-03,
        0.00000000e+00,  0.00000000e+00,  0.00000000e+00,  0.00000000e+00,
        0.00000000e+00,  0.00000000e+00,  0.00000000e+00,  0.00000000e+00,
        0.00000000e+00,  0.00000000e+00,  0.00000000e+00,  0.00000000e+00,
        0.00000000e+00,  0.00000000e+00,  0.00000000e+00,  0.00000000e+00,
        0.00000000e+00,  0.00000000e+00,  0.00000000e+00,  0.00000000e+00,
        0.00000000e+00,  0.00000000e+00,  0.00000000e+00,  0.00000000e+00,
        0.00000000e+00,  0.00000000e+00,  0.00000000e+00,  0.00000000e+00,
        0.00000000e+00,  0.00000000e+00,  0.00000000e+00,  0.00000000e+00],      dtype=float64),
            Array([ 0.00000000e+00,  0.00000000e+00,  0.00000000e+00,  0.00000000e+00,
        0.00000000e+00,  0.00000000e+00,  0.00000000e+00,  0.00000000e+00,
        0.00000000e+00,  0.00000000e+00,  5.00000000e+01,  0.00000000e+00,
        0.00000000e+00,  0.00000000e+00,  0.00000000e+00,  0.00000000e+00,
        0.00000000e+00,  0.00000000e+00,  0.00000000e+00,  0.00000000e+00,
        0.00000000e+00,  0.00000000e+00,  0.00000000e+00,  0.00000000e+00,
        0.00000000e+00,  0.00000000e+00,  0.00000000e+00,  0.00000000e+00,
        0.00000000e+00,  0.00000000e+00,  0.00000000e+00,  0.00000000e+00,
        0.00000000e+00,  0.00000000e+00,  0.00000000e+00,  0.00000000e+00,
        0.00000000e+00,  0.00000000e+00,  0.00000000e+00,  0.00000000e+00,
        0.00000000e+00,  0.00000000e+00,  0.00000000e+00,  0.00000000e+00,
        0.00000000e+00,  0.00000000e+00,  0.00000000e+00,  7.65902776e-03,
       -1.39532251e-03,  1.00630786e-02, -4.89296287e-03,  0.00000000e+00,
        0.00000000e+00,  0.00000000e+00,  0.00000000e+00,  2.04000395e-03,
        1.02699178e-02, -3.87773729e-02,  2.50830627e-02,  0.00000000e+00,
        0.00000000e+00,  0.00000000e+00,  0.00000000e+00, -6.52570142e-02,
        2.29484111e-02, -3.36623109e-02, -1.18212013e-01,  0.00000000e+00,
        0.00000000e+00,  0.00000000e+00,  0.00000000e+00, -1.99000958e-03,
        1.37327780e-01,  1.04919505e-01,  5.28598768e-01,  8.00000000e+00,
        1.78569041e+00, -2.32417683e-02,  1.69236012e-02, -7.06838360e-02,
        0.00000000e+00,  0.00000000e+00,  0.00000000e+00,  0.00000000e+00,
        1.68886026e-01,  4.26642789e-02, -2.56557834e-01, -3.86960498e-02,
       -1.11819441e-02,  0.00000000e+00,  0.00000000e+00,  0.00000000e+00,
        0.00000000e+00,  4.40457913e-02, -8.54140545e-03,  6.90657741e-02,
       -2.70604410e-03,  2.48908918e-02,  0.00000000e+00,  0.00000000e+00,
        0.00000000e+00,  0.00000000e+00, -3.19295960e-02,  2.87420612e-02,
       -2.70298144e-03, -1.24488827e-02,  2.27855274e-02,  0.00000000e+00,
        0.00000000e+00,  0.00000000e+00,  0.00000000e+00,  4.43144841e-03,
       -2.18268268e-03,  2.09009659e-03,  2.49021267e-03, -3.64982555e-03,
        0.00000000e+00,  0.00000000e+00,  0.00000000e+00,  0.00000000e+00,
        0.00000000e+00,  0.00000000e+00,  0.00000000e+00,  0.00000000e+00,
        0.00000000e+00,  0.00000000e+00,  0.00000000e+00,  0.00000000e+00,
        0.00000000e+00,  0.00000000e+00,  0.00000000e+00,  0.00000000e+00,
        0.00000000e+00,  0.00000000e+00,  0.00000000e+00,  0.00000000e+00,
        0.00000000e+00,  0.00000000e+00,  0.00000000e+00,  0.00000000e+00,
        0.00000000e+00,  0.00000000e+00,  0.00000000e+00,  0.00000000e+00,
        0.00000000e+00,  0.00000000e+00,  0.00000000e+00,  0.00000000e+00,
        0.00000000e+00,  0.00000000e+00,  0.00000000e+00,  0.00000000e+00,
        0.00000000e+00,  0.00000000e+00,  0.00000000e+00,  0.00000000e+00,
        0.00000000e+00,  0.00000000e+00,  0.00000000e+00,  0.00000000e+00,
        0.00000000e+00,  0.00000000e+00,  0.00000000e+00,  0.00000000e+00,
        0.00000000e+00,  0.00000000e+00,  0.00000000e+00,  0.00000000e+00,
        0.00000000e+00,  0.00000000e+00,  0.00000000e+00,  0.00000000e+00,
        0.00000000e+00,  0.00000000e+00,  0.00000000e+00,  0.00000000e+00,
        0.00000000e+00,  0.00000000e+00,  0.00000000e+00,  0.00000000e+00,
        0.00000000e+00,  0.00000000e+00,  0.00000000e+00,  0.00000000e+00,
        0.00000000e+00,  0.00000000e+00,  0.00000000e+00,  0.00000000e+00,
        0.00000000e+00,  0.00000000e+00,  0.00000000e+00,  0.00000000e+00,
       -2.56387498e-03,  6.70694822e-04, -6.46065121e-03,  4.75362443e-03,
       -5.48348525e-03,  0.00000000e+00,  0.00000000e+00,  0.00000000e+00,
        0.00000000e+00,  6.75737508e-03, -9.44284762e-03,  2.39011602e-02,
       -1.38650619e-02,  7.15620251e-03,  0.00000000e+00,  0.00000000e+00,
        0.00000000e+00,  0.00000000e+00, -7.63870894e-02,  1.22419300e-01,
        1.13683030e-02, -8.57935873e-03, -3.78460598e-02,  0.00000000e+00,
        0.00000000e+00,  0.00000000e+00,  0.00000000e+00,  1.16223231e+00,
       -3.21718450e-01,  3.56236901e-01,  3.00715483e-01,  6.58760098e-04,
        0.00000000e+00,  0.00000000e+00,  0.00000000e+00,  0.00000000e+00,
        0.00000000e+00,  0.00000000e+00,  0.00000000e+00,  0.00000000e+00,
        7.99057740e-02,  4.72381134e-02, -3.19077253e-01, -1.82516455e+00,
        0.00000000e+00,  0.00000000e+00,  0.00000000e+00,  0.00000000e+00,
        8.21613179e-02,  3.06317998e-02,  4.39817664e-01, -7.14389709e-03,
        0.00000000e+00,  0.00000000e+00,  0.00000000e+00,  0.00000000e+00,
       -4.97044658e-02,  5.21557556e-02,  2.27031108e-02,  7.26959634e-03,
        0.00000000e+00,  0.00000000e+00,  0.00000000e+00,  0.00000000e+00,
       -1.07931548e-02, -2.28459328e-02,  4.77695496e-03, -1.31750655e-02,
        0.00000000e+00,  0.00000000e+00,  0.00000000e+00,  0.00000000e+00,
        3.96803008e-03,  1.68463965e-03, -3.67922578e-03,  5.96617190e-03,
        0.00000000e+00,  0.00000000e+00,  0.00000000e+00,  0.00000000e+00,
        0.00000000e+00,  0.00000000e+00,  0.00000000e+00,  0.00000000e+00,
        0.00000000e+00,  0.00000000e+00,  0.00000000e+00,  0.00000000e+00,
        0.00000000e+00,  0.00000000e+00,  0.00000000e+00,  0.00000000e+00,
        0.00000000e+00,  0.00000000e+00,  0.00000000e+00,  0.00000000e+00,
        0.00000000e+00,  0.00000000e+00,  0.00000000e+00,  0.00000000e+00,
        0.00000000e+00,  0.00000000e+00,  0.00000000e+00,  0.00000000e+00,
        0.00000000e+00,  0.00000000e+00,  0.00000000e+00,  0.00000000e+00],      dtype=float64),
            Array([ 0.00000000e+00,  0.00000000e+00,  0.00000000e+00,  0.00000000e+00,
        0.00000000e+00,  0.00000000e+00,  0.00000000e+00,  0.00000000e+00,
        0.00000000e+00,  0.00000000e+00,  5.00000000e+01,  0.00000000e+00,
        0.00000000e+00,  0.00000000e+00,  0.00000000e+00,  0.00000000e+00,
        0.00000000e+00,  0.00000000e+00,  0.00000000e+00,  0.00000000e+00,
        0.00000000e+00,  0.00000000e+00,  0.00000000e+00,  0.00000000e+00,
        0.00000000e+00,  0.00000000e+00,  0.00000000e+00,  0.00000000e+00,
        0.00000000e+00,  0.00000000e+00,  0.00000000e+00,  0.00000000e+00,
        0.00000000e+00,  0.00000000e+00,  0.00000000e+00,  0.00000000e+00,
        0.00000000e+00,  0.00000000e+00,  0.00000000e+00,  0.00000000e+00,
        0.00000000e+00,  0.00000000e+00,  0.00000000e+00,  0.00000000e+00,
        0.00000000e+00,  0.00000000e+00,  0.00000000e+00,  7.27787848e-03,
       -7.15107969e-04,  9.08261806e-03, -2.83519898e-03,  0.00000000e+00,
        0.00000000e+00,  0.00000000e+00,  0.00000000e+00,  2.03200421e-03,
        1.04982252e-02, -3.69171950e-02,  2.31168311e-02,  0.00000000e+00,
        0.00000000e+00,  0.00000000e+00,  0.00000000e+00, -6.67719797e-02,
        2.50627126e-02, -3.01342281e-02, -1.07017622e-01,  0.00000000e+00,
        0.00000000e+00,  0.00000000e+00,  0.00000000e+00, -1.15029352e-02,
        1.41528806e-01,  1.01754026e-01,  5.14743794e-01,  8.00000000e+00,
        1.77188425e+00, -1.82591914e-02,  1.97412297e-02, -8.02915741e-02,
        0.00000000e+00,  0.00000000e+00,  0.00000000e+00,  0.00000000e+00,
        1.59278368e-01,  4.43224899e-02, -2.62421847e-01, -2.74112251e-02,
       -9.82994645e-03,  0.00000000e+00,  0.00000000e+00,  0.00000000e+00,
        0.00000000e+00,  4.30534993e-02, -8.58550777e-03,  7.12073704e-02,
       -4.52597542e-03,  3.09802087e-02,  0.00000000e+00,  0.00000000e+00,
        0.00000000e+00,  0.00000000e+00, -3.11784771e-02,  2.96912781e-02,
       -1.70957523e-03, -1.09896801e-02,  2.30096030e-02,  0.00000000e+00,
        0.00000000e+00,  0.00000000e+00,  0.00000000e+00,  5.44779207e-03,
       -3.75326609e-03,  2.57892867e-03,  4.22016613e-03, -5.05930008e-03,
        0.00000000e+00,  0.00000000e+00,  0.00000000e+00,  0.00000000e+00,
        0.00000000e+00,  0.00000000e+00,  0.00000000e+00,  0.00000000e+00,
        0.00000000e+00,  0.00000000e+00,  0.00000000e+00,  0.00000000e+00,
        0.00000000e+00,  0.00000000e+00,  0.00000000e+00,  0.00000000e+00,
        0.00000000e+00,  0.00000000e+00,  0.00000000e+00,  0.00000000e+00,
        0.00000000e+00,  0.00000000e+00,  0.00000000e+00,  0.00000000e+00,
        0.00000000e+00,  0.00000000e+00,  0.00000000e+00,  0.00000000e+00,
        0.00000000e+00,  0.00000000e+00,  0.00000000e+00,  0.00000000e+00,
        0.00000000e+00,  0.00000000e+00,  0.00000000e+00,  0.00000000e+00,
        0.00000000e+00,  0.00000000e+00,  0.00000000e+00,  0.00000000e+00,
        0.00000000e+00,  0.00000000e+00,  0.00000000e+00,  0.00000000e+00,
        0.00000000e+00,  0.00000000e+00,  0.00000000e+00,  0.00000000e+00,
        0.00000000e+00,  0.00000000e+00,  0.00000000e+00,  0.00000000e+00,
        0.00000000e+00,  0.00000000e+00,  0.00000000e+00,  0.00000000e+00,
        0.00000000e+00,  0.00000000e+00,  0.00000000e+00,  0.00000000e+00,
        0.00000000e+00,  0.00000000e+00,  0.00000000e+00,  0.00000000e+00,
        0.00000000e+00,  0.00000000e+00,  0.00000000e+00,  0.00000000e+00,
        0.00000000e+00,  0.00000000e+00,  0.00000000e+00,  0.00000000e+00,
        0.00000000e+00,  0.00000000e+00,  0.00000000e+00,  0.00000000e+00,
       -3.47546810e-03,  2.12131982e-03, -7.36877153e-03,  4.82279296e-03,
       -5.72321988e-03,  0.00000000e+00,  0.00000000e+00,  0.00000000e+00,
        0.00000000e+00,  7.15150781e-03, -1.09808134e-02,  2.52827482e-02,
       -1.53460481e-02,  7.59763734e-03,  0.00000000e+00,  0.00000000e+00,
        0.00000000e+00,  0.00000000e+00, -7.88877653e-02,  1.26617057e-01,
        8.11633265e-03, -1.10191337e-02, -3.69382319e-02,  0.00000000e+00,
        0.00000000e+00,  0.00000000e+00,  0.00000000e+00,  1.13921148e+00,
       -3.02435074e-01,  3.64231048e-01,  2.99241251e-01,  1.37809740e-03,
        0.00000000e+00,  0.00000000e+00,  0.00000000e+00,  0.00000000e+00,
        0.00000000e+00,  0.00000000e+00,  0.00000000e+00,  0.00000000e+00,
        7.98954410e-02,  4.73674190e-02, -3.19518678e-01, -1.82487745e+00,
        0.00000000e+00,  0.00000000e+00,  0.00000000e+00,  0.00000000e+00,
        8.21734589e-02,  3.04748749e-02,  4.39986737e-01, -5.99176052e-03,
        0.00000000e+00,  0.00000000e+00,  0.00000000e+00,  0.00000000e+00,
       -4.96507738e-02,  5.20177773e-02,  2.29045374e-02,  7.52264293e-03,
        0.00000000e+00,  0.00000000e+00,  0.00000000e+00,  0.00000000e+00,
       -1.09113913e-02, -2.28049572e-02,  4.37803417e-03, -1.28846036e-02,
        0.00000000e+00,  0.00000000e+00,  0.00000000e+00,  0.00000000e+00,
        4.36738017e-03,  1.51702159e-03, -3.72347683e-03,  6.24829090e-03,
        0.00000000e+00,  0.00000000e+00,  0.00000000e+00,  0.00000000e+00,
        0.00000000e+00,  0.00000000e+00,  0.00000000e+00,  0.00000000e+00,
        0.00000000e+00,  0.00000000e+00,  0.00000000e+00,  0.00000000e+00,
        0.00000000e+00,  0.00000000e+00,  0.00000000e+00,  0.00000000e+00,
        0.00000000e+00,  0.00000000e+00,  0.00000000e+00,  0.00000000e+00,
        0.00000000e+00,  0.00000000e+00,  0.00000000e+00,  0.00000000e+00,
        0.00000000e+00,  0.00000000e+00,  0.00000000e+00,  0.00000000e+00,
        0.00000000e+00,  0.00000000e+00,  0.00000000e+00,  0.00000000e+00],      dtype=float64),
            Array([ 0.00000000e+00,  0.00000000e+00,  0.00000000e+00,  0.00000000e+00,
        0.00000000e+00,  0.00000000e+00,  0.00000000e+00,  0.00000000e+00,
        0.00000000e+00,  0.00000000e+00,  5.00000000e+01,  0.00000000e+00,
        0.00000000e+00,  0.00000000e+00,  0.00000000e+00,  0.00000000e+00,
        0.00000000e+00,  0.00000000e+00,  0.00000000e+00,  0.00000000e+00,
        0.00000000e+00,  0.00000000e+00,  0.00000000e+00,  0.00000000e+00,
        0.00000000e+00,  0.00000000e+00,  0.00000000e+00,  0.00000000e+00,
        0.00000000e+00,  0.00000000e+00,  0.00000000e+00,  0.00000000e+00,
        0.00000000e+00,  0.00000000e+00,  0.00000000e+00,  0.00000000e+00,
        0.00000000e+00,  0.00000000e+00,  0.00000000e+00,  0.00000000e+00,
        0.00000000e+00,  0.00000000e+00,  0.00000000e+00,  0.00000000e+00,
        0.00000000e+00,  0.00000000e+00,  0.00000000e+00,  7.22707350e-03,
       -6.17466701e-04,  9.14982996e-03, -2.42350351e-03,  0.00000000e+00,
        0.00000000e+00,  0.00000000e+00,  0.00000000e+00,  1.76552140e-03,
        1.04970420e-02, -3.70905038e-02,  2.33543286e-02,  0.00000000e+00,
        0.00000000e+00,  0.00000000e+00,  0.00000000e+00, -6.71367895e-02,
        2.54186395e-02, -2.88830800e-02, -1.06840369e-01,  0.00000000e+00,
        0.00000000e+00,  0.00000000e+00,  0.00000000e+00, -1.32273612e-02,
        1.42649588e-01,  1.01996851e-01,  5.16276866e-01,  8.00000000e+00,
        1.76374802e+00, -1.83823125e-02,  2.09271601e-02, -8.16575549e-02,
        0.00000000e+00,  0.00000000e+00,  0.00000000e+00,  0.00000000e+00,
        1.56539665e-01,  4.49130604e-02, -2.64357861e-01, -2.77601447e-02,
       -1.02364530e-02,  0.00000000e+00,  0.00000000e+00,  0.00000000e+00,
        0.00000000e+00,  4.26934268e-02, -8.70670673e-03,  7.10712000e-02,
       -3.48456070e-03,  3.10010369e-02,  0.00000000e+00,  0.00000000e+00,
        0.00000000e+00,  0.00000000e+00, -3.11123501e-02,  2.97821808e-02,
       -1.82405306e-03, -1.04126738e-02,  2.30173322e-02,  0.00000000e+00,
        0.00000000e+00,  0.00000000e+00,  0.00000000e+00,  5.56258640e-03,
       -3.97957669e-03,  2.93608720e-03,  4.38326433e-03, -5.25751985e-03,
        0.00000000e+00,  0.00000000e+00,  0.00000000e+00,  0.00000000e+00,
        0.00000000e+00,  0.00000000e+00,  0.00000000e+00,  0.00000000e+00,
        0.00000000e+00,  0.00000000e+00,  0.00000000e+00,  0.00000000e+00,
        0.00000000e+00,  0.00000000e+00,  0.00000000e+00,  0.00000000e+00,
        0.00000000e+00,  0.00000000e+00,  0.00000000e+00,  0.00000000e+00,
        0.00000000e+00,  0.00000000e+00,  0.00000000e+00,  0.00000000e+00,
        0.00000000e+00,  0.00000000e+00,  0.00000000e+00,  0.00000000e+00,
        0.00000000e+00,  0.00000000e+00,  0.00000000e+00,  0.00000000e+00,
        0.00000000e+00,  0.00000000e+00,  0.00000000e+00,  0.00000000e+00,
        0.00000000e+00,  0.00000000e+00,  0.00000000e+00,  0.00000000e+00,
        0.00000000e+00,  0.00000000e+00,  0.00000000e+00,  0.00000000e+00,
        0.00000000e+00,  0.00000000e+00,  0.00000000e+00,  0.00000000e+00,
        0.00000000e+00,  0.00000000e+00,  0.00000000e+00,  0.00000000e+00,
        0.00000000e+00,  0.00000000e+00,  0.00000000e+00,  0.00000000e+00,
        0.00000000e+00,  0.00000000e+00,  0.00000000e+00,  0.00000000e+00,
        0.00000000e+00,  0.00000000e+00,  0.00000000e+00,  0.00000000e+00,
        0.00000000e+00,  0.00000000e+00,  0.00000000e+00,  0.00000000e+00,
        0.00000000e+00,  0.00000000e+00,  0.00000000e+00,  0.00000000e+00,
        0.00000000e+00,  0.00000000e+00,  0.00000000e+00,  0.00000000e+00,
       -3.61082749e-03,  2.88389192e-03, -7.67942989e-03,  4.94659492e-03,
       -5.81274572e-03,  0.00000000e+00,  0.00000000e+00,  0.00000000e+00,
        0.00000000e+00,  7.57685053e-03, -1.23587001e-02,  2.56929350e-02,
       -1.56336393e-02,  7.71882349e-03,  0.00000000e+00,  0.00000000e+00,
        0.00000000e+00,  0.00000000e+00, -7.94506604e-02,  1.29186649e-01,
        7.14015952e-03, -1.13935597e-02, -3.68774489e-02,  0.00000000e+00,
        0.00000000e+00,  0.00000000e+00,  0.00000000e+00,  1.12857467e+00,
       -3.03026291e-01,  3.66713071e-01,  2.99201218e-01,  1.86280944e-03,
        0.00000000e+00,  0.00000000e+00,  0.00000000e+00,  0.00000000e+00,
        0.00000000e+00,  0.00000000e+00,  0.00000000e+00,  0.00000000e+00,
        7.98848275e-02,  4.74217922e-02, -3.19610324e-01, -1.82476747e+00,
        0.00000000e+00,  0.00000000e+00,  0.00000000e+00,  0.00000000e+00,
        8.21971485e-02,  3.04297369e-02,  4.40008386e-01, -5.95926397e-03,
        0.00000000e+00,  0.00000000e+00,  0.00000000e+00,  0.00000000e+00,
       -4.96556603e-02,  5.20071281e-02,  2.29337721e-02,  7.64616992e-03,
        0.00000000e+00,  0.00000000e+00,  0.00000000e+00,  0.00000000e+00,
       -1.09155348e-02, -2.28008828e-02,  4.29775883e-03, -1.28347003e-02,
        0.00000000e+00,  0.00000000e+00,  0.00000000e+00,  0.00000000e+00,
        4.43703321e-03,  1.46482327e-03, -3.73033797e-03,  6.44492975e-03,
        0.00000000e+00,  0.00000000e+00,  0.00000000e+00,  0.00000000e+00,
        0.00000000e+00,  0.00000000e+00,  0.00000000e+00,  0.00000000e+00,
        0.00000000e+00,  0.00000000e+00,  0.00000000e+00,  0.00000000e+00,
        0.00000000e+00,  0.00000000e+00,  0.00000000e+00,  0.00000000e+00,
        0.00000000e+00,  0.00000000e+00,  0.00000000e+00,  0.00000000e+00,
        0.00000000e+00,  0.00000000e+00,  0.00000000e+00,  0.00000000e+00,
        0.00000000e+00,  0.00000000e+00,  0.00000000e+00,  0.00000000e+00,
        0.00000000e+00,  0.00000000e+00,  0.00000000e+00,  0.00000000e+00],      dtype=float64),
            Array([ 0.00000000e+00,  0.00000000e+00,  0.00000000e+00,  0.00000000e+00,
        0.00000000e+00,  0.00000000e+00,  0.00000000e+00,  0.00000000e+00,
        0.00000000e+00,  0.00000000e+00,  5.00000000e+01,  0.00000000e+00,
        0.00000000e+00,  0.00000000e+00,  0.00000000e+00,  0.00000000e+00,
        0.00000000e+00,  0.00000000e+00,  0.00000000e+00,  0.00000000e+00,
        0.00000000e+00,  0.00000000e+00,  0.00000000e+00,  0.00000000e+00,
        0.00000000e+00,  0.00000000e+00,  0.00000000e+00,  0.00000000e+00,
        0.00000000e+00,  0.00000000e+00,  0.00000000e+00,  0.00000000e+00,
        0.00000000e+00,  0.00000000e+00,  0.00000000e+00,  0.00000000e+00,
        0.00000000e+00,  0.00000000e+00,  0.00000000e+00,  0.00000000e+00,
        0.00000000e+00,  0.00000000e+00,  0.00000000e+00,  0.00000000e+00,
        0.00000000e+00,  0.00000000e+00,  0.00000000e+00,  7.22947537e-03,
       -6.16850844e-04,  9.15847047e-03, -2.42925203e-03,  0.00000000e+00,
        0.00000000e+00,  0.00000000e+00,  0.00000000e+00,  1.76090323e-03,
        1.04989005e-02, -3.70942836e-02,  2.33602845e-02,  0.00000000e+00,
        0.00000000e+00,  0.00000000e+00,  0.00000000e+00, -6.71358361e-02,
        2.54116595e-02, -2.88722411e-02, -1.06844393e-01,  0.00000000e+00,
        0.00000000e+00,  0.00000000e+00,  0.00000000e+00, -1.32455577e-02,
        1.42656511e-01,  1.01978127e-01,  5.16246851e-01,  8.00000000e+00,
        1.76368157e+00, -1.83808217e-02,  2.09227919e-02, -8.16537949e-02,
        0.00000000e+00,  0.00000000e+00,  0.00000000e+00,  0.00000000e+00,
        1.56607845e-01,  4.49192848e-02, -2.64363809e-01, -2.77542959e-02,
       -1.02636220e-02,  0.00000000e+00,  0.00000000e+00,  0.00000000e+00,
        0.00000000e+00,  4.26984162e-02, -8.70745233e-03,  7.10613801e-02,
       -3.49674895e-03,  3.10054768e-02,  0.00000000e+00,  0.00000000e+00,
        0.00000000e+00,  0.00000000e+00, -3.11107564e-02,  2.97926894e-02,
       -1.81598746e-03, -1.04046249e-02,  2.29898478e-02,  0.00000000e+00,
        0.00000000e+00,  0.00000000e+00,  0.00000000e+00,  5.56278182e-03,
       -3.98085429e-03,  2.92971088e-03,  4.37787813e-03, -5.24912604e-03,
        0.00000000e+00,  0.00000000e+00,  0.00000000e+00,  0.00000000e+00,
        0.00000000e+00,  0.00000000e+00,  0.00000000e+00,  0.00000000e+00,
        0.00000000e+00,  0.00000000e+00,  0.00000000e+00,  0.00000000e+00,
        0.00000000e+00,  0.00000000e+00,  0.00000000e+00,  0.00000000e+00,
        0.00000000e+00,  0.00000000e+00,  0.00000000e+00,  0.00000000e+00,
        0.00000000e+00,  0.00000000e+00,  0.00000000e+00,  0.00000000e+00,
        0.00000000e+00,  0.00000000e+00,  0.00000000e+00,  0.00000000e+00,
        0.00000000e+00,  0.00000000e+00,  0.00000000e+00,  0.00000000e+00,
        0.00000000e+00,  0.00000000e+00,  0.00000000e+00,  0.00000000e+00,
        0.00000000e+00,  0.00000000e+00,  0.00000000e+00,  0.00000000e+00,
        0.00000000e+00,  0.00000000e+00,  0.00000000e+00,  0.00000000e+00,
        0.00000000e+00,  0.00000000e+00,  0.00000000e+00,  0.00000000e+00,
        0.00000000e+00,  0.00000000e+00,  0.00000000e+00,  0.00000000e+00,
        0.00000000e+00,  0.00000000e+00,  0.00000000e+00,  0.00000000e+00,
        0.00000000e+00,  0.00000000e+00,  0.00000000e+00,  0.00000000e+00,
        0.00000000e+00,  0.00000000e+00,  0.00000000e+00,  0.00000000e+00,
        0.00000000e+00,  0.00000000e+00,  0.00000000e+00,  0.00000000e+00,
        0.00000000e+00,  0.00000000e+00,  0.00000000e+00,  0.00000000e+00,
        0.00000000e+00,  0.00000000e+00,  0.00000000e+00,  0.00000000e+00,
       -3.61455674e-03,  2.89277573e-03, -7.67954646e-03,  4.95023231e-03,
       -5.81476293e-03,  0.00000000e+00,  0.00000000e+00,  0.00000000e+00,
        0.00000000e+00,  7.58008341e-03, -1.23638146e-02,  2.57004651e-02,
       -1.56392656e-02,  7.72095025e-03,  0.00000000e+00,  0.00000000e+00,
        0.00000000e+00,  0.00000000e+00, -7.94696210e-02,  1.29198011e-01,
        7.13280687e-03, -1.13967716e-02, -3.68781867e-02,  0.00000000e+00,
        0.00000000e+00,  0.00000000e+00,  0.00000000e+00,  1.12854938e+00,
       -3.02983593e-01,  3.66735813e-01,  2.99188355e-01,  1.87114622e-03,
        0.00000000e+00,  0.00000000e+00,  0.00000000e+00,  0.00000000e+00,
        0.00000000e+00,  0.00000000e+00,  0.00000000e+00,  0.00000000e+00,
        7.98853455e-02,  4.74213658e-02, -3.19609819e-01, -1.82476942e+00,
        0.00000000e+00,  0.00000000e+00,  0.00000000e+00,  0.00000000e+00,
        8.21965681e-02,  3.04303717e-02,  4.40007051e-01, -5.95659419e-03,
        0.00000000e+00,  0.00000000e+00,  0.00000000e+00,  0.00000000e+00,
       -4.96546932e-02,  5.20058386e-02,  2.29358751e-02,  7.64415431e-03,
        0.00000000e+00,  0.00000000e+00,  0.00000000e+00,  0.00000000e+00,
       -1.09169141e-02, -2.27986757e-02,  4.29391367e-03, -1.28364707e-02,
        0.00000000e+00,  0.00000000e+00,  0.00000000e+00,  0.00000000e+00,
        4.44096929e-03,  1.45962476e-03, -3.72256970e-03,  6.44200826e-03,
        0.00000000e+00,  0.00000000e+00,  0.00000000e+00,  0.00000000e+00,
        0.00000000e+00,  0.00000000e+00,  0.00000000e+00,  0.00000000e+00,
        0.00000000e+00,  0.00000000e+00,  0.00000000e+00,  0.00000000e+00,
        0.00000000e+00,  0.00000000e+00,  0.00000000e+00,  0.00000000e+00,
        0.00000000e+00,  0.00000000e+00,  0.00000000e+00,  0.00000000e+00,
        0.00000000e+00,  0.00000000e+00,  0.00000000e+00,  0.00000000e+00,
        0.00000000e+00,  0.00000000e+00,  0.00000000e+00,  0.00000000e+00,
        0.00000000e+00,  0.00000000e+00,  0.00000000e+00,  0.00000000e+00],      dtype=float64)],
  'constr_violation': Array(0., dtype=float64),
  'cost': Array(2.13712726, dtype=float64),
  'f0se': Array([ 0.00000000e+00, -6.67447265e+00, -6.95799354e+00, -1.19848912e+01,
        1.36225290e+00, -1.13565510e-01,  0.00000000e+00,  0.00000000e+00,
        0.00000000e+00,  0.00000000e+00,  0.00000000e+00,  0.00000000e+00,
        0.00000000e+00,  0.00000000e+00,  0.00000000e+00,  0.00000000e+00,
        0.00000000e+00,  0.00000000e+00,  0.00000000e+00,  0.00000000e+00,
        0.00000000e+00,  0.00000000e+00,  0.00000000e+00,  0.00000000e+00,
        0.00000000e+00,  0.00000000e+00,  0.00000000e+00,  0.00000000e+00,
        0.00000000e+00,  6.53366109e-02, -4.10324448e-01,  1.86437508e+00,
       -7.36786781e+00,  2.45342557e+01, -5.40542081e+01,  1.37623751e+00,
       -1.07854492e-01,  7.48113945e-03,  0.00000000e+00,  0.00000000e+00,
        0.00000000e+00,  0.00000000e+00,  0.00000000e+00,  0.00000000e+00,
        0.00000000e+00,  0.00000000e+00,  0.00000000e+00,  0.00000000e+00,
        0.00000000e+00,  0.00000000e+00,  0.00000000e+00,  0.00000000e+00,
        0.00000000e+00,  0.00000000e+00,  0.00000000e+00,  0.00000000e+00,
        0.00000000e+00,  0.00000000e+00,  0.00000000e+00, -8.28181635e-03,
        9.13607857e-02, -3.34056295e-01,  9.39463732e-01, -2.15963521e+00,
        4.00060926e+00, -6.32869421e+00,  1.07876924e+01, -1.98336534e-01,
        1.64166129e-05,  0.00000000e+00,  0.00000000e+00,  0.00000000e+00,
        0.00000000e+00,  0.00000000e+00,  0.00000000e+00,  0.00000000e+00,
        0.00000000e+00,  0.00000000e+00,  0.00000000e+00,  0.00000000e+00,
        0.00000000e+00,  0.00000000e+00,  0.00000000e+00,  0.00000000e+00,
        0.00000000e+00,  0.00000000e+00,  0.00000000e+00,  0.00000000e+00,
        0.00000000e+00,  0.00000000e+00, -6.75112509e-03,  5.98708485e-02,
       -1.76333434e-01,  3.91092017e-01, -7.03998282e-01,  1.02286446e+00,
       -1.18760001e+00,  1.23283027e+00, -1.88194680e+00,  1.13315484e-02,
        0.00000000e+00,  0.00000000e+00,  0.00000000e+00,  0.00000000e+00,
        0.00000000e+00,  0.00000000e+00,  0.00000000e+00,  0.00000000e+00,
        0.00000000e+00,  0.00000000e+00,  0.00000000e+00,  0.00000000e+00,
        0.00000000e+00,  0.00000000e+00,  0.00000000e+00,  0.00000000e+00,
        0.00000000e+00,  0.00000000e+00,  0.00000000e+00,  0.00000000e+00,
        0.00000000e+00,  0.00000000e+00,  2.26680068e-02, -6.89077730e-02,
        1.37625580e-01, -2.18166835e-01,  2.82875687e-01, -2.98718096e-01,
        2.54708093e-01, -2.00095680e-01,  3.13017985e-01,  0.00000000e+00,
        0.00000000e+00,  0.00000000e+00,  0.00000000e+00,  0.00000000e+00,
        0.00000000e+00,  0.00000000e+00,  0.00000000e+00,  0.00000000e+00,
        0.00000000e+00,  0.00000000e+00,  0.00000000e+00,  0.00000000e+00,
        0.00000000e+00,  0.00000000e+00,  0.00000000e+00,  0.00000000e+00,
        0.00000000e+00,  0.00000000e+00,  0.00000000e+00,  0.00000000e+00,
        0.00000000e+00,  0.00000000e+00, -1.52870358e-02,  3.65842687e-02,
       -5.74156586e-02,  7.03946341e-02, -6.94683481e-02,  5.44119593e-02,
       -3.14141624e-02,  1.35326106e-02, -3.61214385e-02,  0.00000000e+00,
        0.00000000e+00,  0.00000000e+00,  0.00000000e+00,  0.00000000e+00,
        0.00000000e+00,  0.00000000e+00,  0.00000000e+00,  0.00000000e+00,
        0.00000000e+00,  0.00000000e+00,  0.00000000e+00,  0.00000000e+00,
        0.00000000e+00,  0.00000000e+00,  0.00000000e+00,  0.00000000e+00,
        0.00000000e+00,  0.00000000e+00,  0.00000000e+00,  0.00000000e+00,
        0.00000000e+00,  0.00000000e+00,  0.00000000e+00, -3.42824721e-03,
        5.84460486e-03, -4.14401768e-03,  0.00000000e+00,  0.00000000e+00,
        0.00000000e+00,  0.00000000e+00,  0.00000000e+00,  0.00000000e+00,
        0.00000000e+00,  0.00000000e+00,  0.00000000e+00,  0.00000000e+00,
        0.00000000e+00,  0.00000000e+00,  0.00000000e+00,  0.00000000e+00,
        0.00000000e+00,  0.00000000e+00,  0.00000000e+00,  0.00000000e+00,
        0.00000000e+00,  0.00000000e+00,  0.00000000e+00,  0.00000000e+00,
        0.00000000e+00,  0.00000000e+00,  0.00000000e+00,  0.00000000e+00,
        0.00000000e+00,  0.00000000e+00,  0.00000000e+00,  0.00000000e+00,
        0.00000000e+00,  0.00000000e+00,  0.00000000e+00,  0.00000000e+00,
        0.00000000e+00,  0.00000000e+00,  0.00000000e+00,  0.00000000e+00,
        0.00000000e+00,  0.00000000e+00,  0.00000000e+00,  0.00000000e+00,
        0.00000000e+00,  0.00000000e+00,  0.00000000e+00,  0.00000000e+00,
        0.00000000e+00,  0.00000000e+00,  0.00000000e+00,  0.00000000e+00,
        0.00000000e+00,  0.00000000e+00,  0.00000000e+00,  0.00000000e+00,
        0.00000000e+00,  0.00000000e+00,  0.00000000e+00,  0.00000000e+00,
        0.00000000e+00,  0.00000000e+00,  0.00000000e+00,  0.00000000e+00,
        0.00000000e+00,  0.00000000e+00,  0.00000000e+00,  0.00000000e+00,
        0.00000000e+00,  0.00000000e+00,  0.00000000e+00,  0.00000000e+00,
        0.00000000e+00,  0.00000000e+00,  0.00000000e+00,  0.00000000e+00,
        0.00000000e+00,  0.00000000e+00,  0.00000000e+00,  0.00000000e+00,
        0.00000000e+00,  0.00000000e+00,  0.00000000e+00,  0.00000000e+00,
        0.00000000e+00,  0.00000000e+00,  0.00000000e+00,  0.00000000e+00,
        0.00000000e+00,  0.00000000e+00,  0.00000000e+00,  0.00000000e+00,
        0.00000000e+00,  0.00000000e+00,  0.00000000e+00,  0.00000000e+00,
        0.00000000e+00,  0.00000000e+00,  0.00000000e+00,  0.00000000e+00,
        0.00000000e+00,  0.00000000e+00,  0.00000000e+00,  0.00000000e+00,
        0.00000000e+00,  0.00000000e+00,  0.00000000e+00,  0.00000000e+00,
        0.00000000e+00,  0.00000000e+00,  0.00000000e+00,  0.00000000e+00,
        0.00000000e+00,  0.00000000e+00,  0.00000000e+00,  0.00000000e+00,
        0.00000000e+00,  0.00000000e+00,  0.00000000e+00,  0.00000000e+00,
        0.00000000e+00,  0.00000000e+00,  0.00000000e+00,  0.00000000e+00,
        0.00000000e+00,  0.00000000e+00,  0.00000000e+00,  0.00000000e+00,
        0.00000000e+00,  0.00000000e+00,  0.00000000e+00,  0.00000000e+00,
        0.00000000e+00,  0.00000000e+00,  0.00000000e+00,  0.00000000e+00,
        0.00000000e+00,  0.00000000e+00,  0.00000000e+00,  0.00000000e+00,
        0.00000000e+00,  0.00000000e+00,  0.00000000e+00,  0.00000000e+00,
        0.00000000e+00,  0.00000000e+00,  0.00000000e+00,  0.00000000e+00,
        0.00000000e+00,  0.00000000e+00,  0.00000000e+00,  0.00000000e+00,
        0.00000000e+00,  0.00000000e+00,  0.00000000e+00,  0.00000000e+00,
        0.00000000e+00,  0.00000000e+00,  0.00000000e+00,  0.00000000e+00,
        0.00000000e+00,  0.00000000e+00,  0.00000000e+00,  0.00000000e+00,
        0.00000000e+00,  0.00000000e+00,  0.00000000e+00,  0.00000000e+00,
        0.00000000e+00,  0.00000000e+00,  0.00000000e+00,  0.00000000e+00,
        0.00000000e+00,  0.00000000e+00,  0.00000000e+00,  0.00000000e+00,
        0.00000000e+00,  0.00000000e+00,  0.00000000e+00,  0.00000000e+00,
        0.00000000e+00,  0.00000000e+00,  0.00000000e+00,  0.00000000e+00,
        0.00000000e+00,  0.00000000e+00,  0.00000000e+00,  0.00000000e+00,
        0.00000000e+00,  0.00000000e+00,  0.00000000e+00,  0.00000000e+00,
        0.00000000e+00,  0.00000000e+00,  0.00000000e+00,  0.00000000e+00,
        0.00000000e+00,  0.00000000e+00,  0.00000000e+00,  0.00000000e+00,
        0.00000000e+00,  0.00000000e+00,  0.00000000e+00,  0.00000000e+00,
        0.00000000e+00,  0.00000000e+00,  0.00000000e+00,  0.00000000e+00,
        0.00000000e+00,  0.00000000e+00,  0.00000000e+00,  0.00000000e+00,
        0.00000000e+00,  0.00000000e+00,  0.00000000e+00,  0.00000000e+00,
        0.00000000e+00,  0.00000000e+00,  0.00000000e+00,  0.00000000e+00,
        0.00000000e+00,  0.00000000e+00,  0.00000000e+00,  0.00000000e+00,
        0.00000000e+00,  0.00000000e+00,  0.00000000e+00,  0.00000000e+00,
        0.00000000e+00,  0.00000000e+00,  0.00000000e+00,  0.00000000e+00,
        0.00000000e+00,  0.00000000e+00,  0.00000000e+00,  0.00000000e+00,
        0.00000000e+00,  0.00000000e+00,  0.00000000e+00,  0.00000000e+00,
        0.00000000e+00,  0.00000000e+00,  0.00000000e+00,  0.00000000e+00,
        0.00000000e+00,  0.00000000e+00,  0.00000000e+00,  0.00000000e+00,
        0.00000000e+00,  0.00000000e+00,  0.00000000e+00,  0.00000000e+00,
        0.00000000e+00,  0.00000000e+00,  0.00000000e+00,  0.00000000e+00,
        0.00000000e+00,  0.00000000e+00,  0.00000000e+00,  0.00000000e+00,
        0.00000000e+00,  0.00000000e+00,  0.00000000e+00,  0.00000000e+00,
        0.00000000e+00,  0.00000000e+00,  0.00000000e+00,  0.00000000e+00,
        0.00000000e+00,  0.00000000e+00,  0.00000000e+00,  0.00000000e+00,
        0.00000000e+00,  0.00000000e+00,  0.00000000e+00,  0.00000000e+00,
        0.00000000e+00,  0.00000000e+00,  0.00000000e+00,  0.00000000e+00,
        0.00000000e+00,  0.00000000e+00,  0.00000000e+00,  0.00000000e+00,
        0.00000000e+00,  0.00000000e+00,  0.00000000e+00,  0.00000000e+00,
        0.00000000e+00,  0.00000000e+00,  0.00000000e+00,  0.00000000e+00,
        0.00000000e+00,  0.00000000e+00,  0.00000000e+00,  0.00000000e+00,
        0.00000000e+00,  0.00000000e+00,  0.00000000e+00,  0.00000000e+00,
        0.00000000e+00,  0.00000000e+00,  0.00000000e+00,  0.00000000e+00,
        0.00000000e+00,  0.00000000e+00,  0.00000000e+00,  0.00000000e+00,
        0.00000000e+00,  0.00000000e+00,  0.00000000e+00,  0.00000000e+00,
        0.00000000e+00,  0.00000000e+00,  0.00000000e+00,  0.00000000e+00,
        0.00000000e+00,  0.00000000e+00,  0.00000000e+00,  0.00000000e+00,
        0.00000000e+00,  0.00000000e+00,  0.00000000e+00,  0.00000000e+00,
        0.00000000e+00,  0.00000000e+00,  0.00000000e+00,  0.00000000e+00,
        0.00000000e+00,  0.00000000e+00,  0.00000000e+00,  0.00000000e+00,
        0.00000000e+00,  0.00000000e+00,  0.00000000e+00,  0.00000000e+00,
        0.00000000e+00,  0.00000000e+00,  0.00000000e+00,  0.00000000e+00,
        0.00000000e+00,  0.00000000e+00,  0.00000000e+00], dtype=float64),
  'fse': Array([ 0.00000000e+00, -5.03015220e-01, -1.45047069e+00,  3.38851370e-02,
       -2.15271879e-02,  1.21805717e-01, -2.59798476e-02,  5.94666306e-02,
        7.46957332e-03,  8.68450039e-02,  0.00000000e+00, -2.82320237e-02,
        0.00000000e+00, -1.16775077e-02,  0.00000000e+00,  0.00000000e+00,
        0.00000000e+00,  0.00000000e+00,  0.00000000e+00,  0.00000000e+00,
        0.00000000e+00,  0.00000000e+00,  0.00000000e+00,  0.00000000e+00,
        1.70290789e-02,  0.00000000e+00,  4.00168567e-03,  2.95212876e-02,
       -2.25931549e-03, -6.37757886e-03,  0.00000000e+00,  6.00016219e-03,
        2.46104041e-02,  5.10323152e-02,  1.91627805e-01,  1.31914961e-01,
        1.00536617e-01,  1.46020190e-02,  4.52116921e-03,  0.00000000e+00,
        0.00000000e+00, -1.02063026e-02, -3.09903606e-02,  3.00143007e-02,
        0.00000000e+00,  7.61711674e-03,  0.00000000e+00,  0.00000000e+00,
        0.00000000e+00,  0.00000000e+00,  0.00000000e+00,  0.00000000e+00,
        0.00000000e+00,  0.00000000e+00,  0.00000000e+00,  5.00192605e-03,
       -1.55074437e-02,  0.00000000e+00,  0.00000000e+00, -3.04082161e-02,
        0.00000000e+00,  0.00000000e+00,  9.06619633e-03,  0.00000000e+00,
       -5.51876949e-03,  0.00000000e+00,  1.61629098e-01, -1.85413399e-01,
        1.10556534e-01, -1.04464773e-02,  3.20315599e-02, -7.18985232e-02,
        2.58912412e-03,  0.00000000e+00,  1.81691500e-02,  0.00000000e+00,
        0.00000000e+00, -2.19421991e-03,  0.00000000e+00,  0.00000000e+00,
        0.00000000e+00,  0.00000000e+00,  0.00000000e+00,  0.00000000e+00,
        0.00000000e+00,  0.00000000e+00,  0.00000000e+00, -1.07390614e-02,
        8.11087984e-03,  0.00000000e+00,  0.00000000e+00,  1.87460246e-02,
        0.00000000e+00,  0.00000000e+00,  2.24815083e-02,  0.00000000e+00,
       -5.06673091e-03, -7.45316596e-02, -3.86778135e-01,  1.24081557e-01,
        6.26883879e-03,  5.33002513e-02,  0.00000000e+00,  6.29203676e-03,
        3.09474104e-02,  0.00000000e+00,  0.00000000e+00,  0.00000000e+00,
        0.00000000e+00,  1.15668708e-02,  0.00000000e+00,  0.00000000e+00,
        0.00000000e+00,  0.00000000e+00,  0.00000000e+00,  0.00000000e+00,
        0.00000000e+00,  0.00000000e+00, -2.86616382e-03,  1.27548806e-02,
        0.00000000e+00,  0.00000000e+00,  0.00000000e+00,  0.00000000e+00,
       -4.87447354e-03,  1.01040528e-02,  0.00000000e+00,  5.43653368e-02,
       -1.99396881e-02, -2.39536921e-02,  4.08623816e-01,  9.67242992e-03,
       -1.75736167e-01, -2.87955291e-02, -3.22743498e-02,  9.06794648e-02,
        1.23030490e-01, -1.25365420e-02,  0.00000000e+00,  0.00000000e+00,
        1.56650819e-03, -8.22248893e-03,  0.00000000e+00,  0.00000000e+00,
        0.00000000e+00,  0.00000000e+00,  0.00000000e+00,  0.00000000e+00,
        0.00000000e+00,  0.00000000e+00,  1.49554971e-02, -2.59242419e-04,
        0.00000000e+00,  0.00000000e+00,  0.00000000e+00, -2.49767759e-02,
        4.17607997e-02,  0.00000000e+00,  0.00000000e+00, -1.08413545e-02,
        2.01726059e-02,  0.00000000e+00, -2.20595625e-03, -2.03728209e-01,
        1.18950530e-01, -1.61493748e-01, -7.58663348e-02, -1.04430347e-01,
       -1.60387243e-01,  0.00000000e+00,  0.00000000e+00,  0.00000000e+00,
        0.00000000e+00,  8.64791783e-03,  0.00000000e+00,  0.00000000e+00,
        0.00000000e+00,  0.00000000e+00,  0.00000000e+00,  0.00000000e+00,
        0.00000000e+00,  9.08916665e-03, -1.15501951e-02,  0.00000000e+00,
        0.00000000e+00,  0.00000000e+00, -7.20157896e-03,  2.28443197e-02,
        9.27045520e-03, -6.35721728e-03,  0.00000000e+00,  7.01328337e-02,
        0.00000000e+00, -2.46237277e-03,  5.84319931e-02,  9.68331798e-02,
        0.00000000e+00,  6.59800145e-02,  7.60131540e-02,  9.04845023e-02,
        1.39105724e-01,  0.00000000e+00, -4.77762138e-03,  0.00000000e+00,
        2.38221528e-03, -3.51975307e-03,  0.00000000e+00,  0.00000000e+00,
        0.00000000e+00,  0.00000000e+00,  0.00000000e+00,  0.00000000e+00,
        0.00000000e+00, -1.57923350e-02,  0.00000000e+00,  0.00000000e+00,
        0.00000000e+00, -1.30071463e-02,  1.96709192e-02,  0.00000000e+00,
       -2.63686461e-02,  0.00000000e+00,  5.02689271e-02, -7.90970972e-03,
       -5.52282156e-02,  0.00000000e+00, -9.17420155e-03,  0.00000000e+00,
        0.00000000e+00, -1.76509531e-01, -2.71051711e-02, -1.06609181e-02,
       -8.25718886e-02,  0.00000000e+00,  1.11809451e-03,  8.20212868e-03,
        0.00000000e+00,  3.14755641e-03,  0.00000000e+00,  0.00000000e+00,
        0.00000000e+00,  0.00000000e+00,  0.00000000e+00,  0.00000000e+00,
       -7.97034555e-03,  1.00430731e-02,  0.00000000e+00, -2.72871034e-03,
        0.00000000e+00,  3.44715067e-02, -1.03915317e-03, -6.34252517e-03,
        1.28527645e-02,  1.86559139e-02, -9.06173405e-03, -2.26200529e-02,
        4.27541365e-02,  2.33548235e-02,  6.08148539e-02, -1.20392788e-01,
        0.00000000e+00,  9.86204021e-02,  0.00000000e+00, -1.20250717e-03,
        4.88624022e-02, -3.41460511e-02, -1.61413266e-03, -2.45479936e-03,
        0.00000000e+00,  0.00000000e+00,  0.00000000e+00,  0.00000000e+00,
        0.00000000e+00,  0.00000000e+00,  0.00000000e+00,  0.00000000e+00,
        1.19754123e-02,  0.00000000e+00,  0.00000000e+00,  0.00000000e+00,
        1.40357704e-02, -3.32263293e-02,  0.00000000e+00,  4.04179617e-03,
        0.00000000e+00, -7.59103772e-03,  0.00000000e+00,  4.06053318e-03,
        0.00000000e+00, -1.05912365e-02, -7.13965826e-02,  1.70069698e-01,
        0.00000000e+00, -9.01282655e-02,  2.18018624e-02,  4.19399544e-02,
       -3.18402710e-02,  2.25974134e-02,  0.00000000e+00,  0.00000000e+00,
       -5.21852401e-03,  0.00000000e+00,  0.00000000e+00,  0.00000000e+00,
        0.00000000e+00,  0.00000000e+00,  0.00000000e+00,  2.42046364e-03,
       -5.30328392e-03,  0.00000000e+00,  0.00000000e+00,  0.00000000e+00,
       -2.47878920e-02,  1.88123581e-02,  0.00000000e+00,  0.00000000e+00,
        0.00000000e+00,  0.00000000e+00,  0.00000000e+00,  0.00000000e+00,
        1.57548028e-02,  6.30707772e-03,  8.62598894e-02, -2.64817173e-01,
        0.00000000e+00,  3.37203250e-02, -5.33438957e-02, -6.78052641e-02,
        3.26793111e-02, -1.75574371e-02,  0.00000000e+00,  0.00000000e+00,
        1.02915069e-02,  0.00000000e+00,  0.00000000e+00,  0.00000000e+00,
        0.00000000e+00,  0.00000000e+00,  0.00000000e+00, -3.24326138e-03,
        0.00000000e+00,  0.00000000e+00,  0.00000000e+00,  0.00000000e+00,
        2.16691129e-02, -2.72027972e-03,  0.00000000e+00,  0.00000000e+00,
        0.00000000e+00,  0.00000000e+00,  1.06461252e-02,  0.00000000e+00,
       -5.14062623e-03, -4.19760713e-03, -7.82094741e-02,  3.05717137e-01,
       -4.76900732e-03, -1.23214210e-02,  9.33333833e-02,  6.24350474e-02,
       -4.96492432e-02,  0.00000000e+00,  0.00000000e+00,  0.00000000e+00,
       -9.16260167e-03,  0.00000000e+00,  0.00000000e+00,  0.00000000e+00,
        0.00000000e+00,  0.00000000e+00,  0.00000000e+00,  0.00000000e+00,
        0.00000000e+00,  0.00000000e+00,  0.00000000e+00,  0.00000000e+00,
       -7.91301845e-03,  6.11860043e-03,  0.00000000e+00,  0.00000000e+00,
        0.00000000e+00,  6.65606087e-03,  0.00000000e+00,  0.00000000e+00,
        1.39524494e-02,  7.18812890e-03,  6.63879687e-02, -3.46724361e-01,
        2.50525341e-02,  0.00000000e+00, -1.03412309e-01, -5.54331298e-02,
        6.69105775e-02,  0.00000000e+00,  0.00000000e+00,  0.00000000e+00,
        7.91130640e-03,  0.00000000e+00,  0.00000000e+00,  0.00000000e+00,
        0.00000000e+00,  0.00000000e+00,  0.00000000e+00,  0.00000000e+00,
        0.00000000e+00,  0.00000000e+00,  0.00000000e+00,  0.00000000e+00,
        1.40919852e-02, -9.76015697e-03,  0.00000000e+00,  0.00000000e+00,
        0.00000000e+00, -2.10236861e-03,  2.52807701e-02,  0.00000000e+00,
       -1.08846661e-02, -1.61693861e-02, -7.11025483e-02,  3.70793154e-01,
       -3.96151328e-02,  0.00000000e+00,  1.05018025e-01,  2.27886405e-02,
       -8.81181482e-02,  0.00000000e+00,  0.00000000e+00,  0.00000000e+00,
       -3.53749382e-03,  0.00000000e+00,  0.00000000e+00,  0.00000000e+00,
        0.00000000e+00,  0.00000000e+00,  0.00000000e+00,  0.00000000e+00,
        0.00000000e+00,  0.00000000e+00,  0.00000000e+00,  0.00000000e+00,
       -1.52282258e-02,  1.49809858e-03,  0.00000000e+00,  0.00000000e+00,
        0.00000000e+00,  2.63182670e-02, -9.02050250e-03,  0.00000000e+00,
        6.78222246e-05,  5.04056228e-03,  6.06436126e-02, -3.77922083e-01,
        5.97357090e-02, -1.26265217e-02, -1.01709435e-01,  0.00000000e+00,
        1.04191138e-01,  0.00000000e+00,  0.00000000e+00,  0.00000000e+00,
        0.00000000e+00, -2.65379092e-04,  0.00000000e+00,  0.00000000e+00,
        0.00000000e+00,  0.00000000e+00,  0.00000000e+00,  0.00000000e+00,
        0.00000000e+00,  0.00000000e+00,  0.00000000e+00,  0.00000000e+00,
        1.30843625e-02,  0.00000000e+00,  0.00000000e+00,  0.00000000e+00,
        0.00000000e+00, -1.13662966e-02,  2.24940194e-02,  0.00000000e+00,
       -4.50780201e-03, -6.50811355e-03, -4.97723808e-02,  3.73490268e-01,
       -7.97988362e-02,  2.46258083e-02,  8.61195422e-02,  0.00000000e+00,
       -1.14116309e-01,  0.00000000e+00,  0.00000000e+00,  0.00000000e+00,
        0.00000000e+00,  1.27163950e-03,  0.00000000e+00,  0.00000000e+00,
        0.00000000e+00,  0.00000000e+00,  0.00000000e+00,  0.00000000e+00,
        0.00000000e+00,  0.00000000e+00,  0.00000000e+00,  3.52423933e-04,
       -9.45814506e-03,  0.00000000e+00,  0.00000000e+00,  0.00000000e+00,
        0.00000000e+00,  2.92235828e-02, -2.28958681e-02,  0.00000000e+00,
        0.00000000e+00,  1.19636365e-03,  4.04508813e-02, -3.61801896e-01,
        9.83344393e-02, -4.00342740e-02, -7.11305444e-02,  1.04841789e-02,
        1.14832352e-01,  0.00000000e+00,  0.00000000e+00, -4.83980697e-03,
        0.00000000e+00, -1.23429542e-03,  0.00000000e+00,  0.00000000e+00,
        0.00000000e+00,  0.00000000e+00,  0.00000000e+00], dtype=float64),
  'fun': Array([ 0.00000000e+00, -5.03015220e-01, -1.45047069e+00,  3.38851370e-02,
       -2.15271879e-02,  1.21805717e-01, -2.59798476e-02,  5.94666306e-02,
        7.46957332e-03,  8.68450039e-02,  0.00000000e+00, -2.82320237e-02,
        0.00000000e+00, -1.16775077e-02,  0.00000000e+00,  0.00000000e+00,
        0.00000000e+00,  0.00000000e+00,  0.00000000e+00,  0.00000000e+00,
        0.00000000e+00,  0.00000000e+00,  0.00000000e+00,  0.00000000e+00,
        1.70290789e-02,  0.00000000e+00,  4.00168567e-03,  2.95212876e-02,
       -2.25931549e-03, -6.37757886e-03,  0.00000000e+00,  6.00016219e-03,
        2.46104041e-02,  5.10323152e-02,  1.91627805e-01,  1.31914961e-01,
        1.00536617e-01,  1.46020190e-02,  4.52116921e-03,  0.00000000e+00,
        0.00000000e+00, -1.02063026e-02, -3.09903606e-02,  3.00143007e-02,
        0.00000000e+00,  7.61711674e-03,  0.00000000e+00,  0.00000000e+00,
        0.00000000e+00,  0.00000000e+00,  0.00000000e+00,  0.00000000e+00,
        0.00000000e+00,  0.00000000e+00,  0.00000000e+00,  5.00192605e-03,
       -1.55074437e-02,  0.00000000e+00,  0.00000000e+00, -3.04082161e-02,
        0.00000000e+00,  0.00000000e+00,  9.06619633e-03,  0.00000000e+00,
       -5.51876949e-03,  0.00000000e+00,  1.61629098e-01, -1.85413399e-01,
        1.10556534e-01, -1.04464773e-02,  3.20315599e-02, -7.18985232e-02,
        2.58912412e-03,  0.00000000e+00,  1.81691500e-02,  0.00000000e+00,
        0.00000000e+00, -2.19421991e-03,  0.00000000e+00,  0.00000000e+00,
        0.00000000e+00,  0.00000000e+00,  0.00000000e+00,  0.00000000e+00,
        0.00000000e+00,  0.00000000e+00,  0.00000000e+00, -1.07390614e-02,
        8.11087984e-03,  0.00000000e+00,  0.00000000e+00,  1.87460246e-02,
        0.00000000e+00,  0.00000000e+00,  2.24815083e-02,  0.00000000e+00,
       -5.06673091e-03, -7.45316596e-02, -3.86778135e-01,  1.24081557e-01,
        6.26883879e-03,  5.33002513e-02,  0.00000000e+00,  6.29203676e-03,
        3.09474104e-02,  0.00000000e+00,  0.00000000e+00,  0.00000000e+00,
        0.00000000e+00,  1.15668708e-02,  0.00000000e+00,  0.00000000e+00,
        0.00000000e+00,  0.00000000e+00,  0.00000000e+00,  0.00000000e+00,
        0.00000000e+00,  0.00000000e+00, -2.86616382e-03,  1.27548806e-02,
        0.00000000e+00,  0.00000000e+00,  0.00000000e+00,  0.00000000e+00,
       -4.87447354e-03,  1.01040528e-02,  0.00000000e+00,  5.43653368e-02,
       -1.99396881e-02, -2.39536921e-02,  4.08623816e-01,  9.67242992e-03,
       -1.75736167e-01, -2.87955291e-02, -3.22743498e-02,  9.06794648e-02,
        1.23030490e-01, -1.25365420e-02,  0.00000000e+00,  0.00000000e+00,
        1.56650819e-03, -8.22248893e-03,  0.00000000e+00,  0.00000000e+00,
        0.00000000e+00,  0.00000000e+00,  0.00000000e+00,  0.00000000e+00,
        0.00000000e+00,  0.00000000e+00,  1.49554971e-02, -2.59242419e-04,
        0.00000000e+00,  0.00000000e+00,  0.00000000e+00, -2.49767759e-02,
        4.17607997e-02,  0.00000000e+00,  0.00000000e+00, -1.08413545e-02,
        2.01726059e-02,  0.00000000e+00, -2.20595625e-03, -2.03728209e-01,
        1.18950530e-01, -1.61493748e-01, -7.58663348e-02, -1.04430347e-01,
       -1.60387243e-01,  0.00000000e+00,  0.00000000e+00,  0.00000000e+00,
        0.00000000e+00,  8.64791783e-03,  0.00000000e+00,  0.00000000e+00,
        0.00000000e+00,  0.00000000e+00,  0.00000000e+00,  0.00000000e+00,
        0.00000000e+00,  9.08916665e-03, -1.15501951e-02,  0.00000000e+00,
        0.00000000e+00,  0.00000000e+00, -7.20157896e-03,  2.28443197e-02,
        9.27045520e-03, -6.35721728e-03,  0.00000000e+00,  7.01328337e-02,
        0.00000000e+00, -2.46237277e-03,  5.84319931e-02,  9.68331798e-02,
        0.00000000e+00,  6.59800145e-02,  7.60131540e-02,  9.04845023e-02,
        1.39105724e-01,  0.00000000e+00, -4.77762138e-03,  0.00000000e+00,
        2.38221528e-03, -3.51975307e-03,  0.00000000e+00,  0.00000000e+00,
        0.00000000e+00,  0.00000000e+00,  0.00000000e+00,  0.00000000e+00,
        0.00000000e+00, -1.57923350e-02,  0.00000000e+00,  0.00000000e+00,
        0.00000000e+00, -1.30071463e-02,  1.96709192e-02,  0.00000000e+00,
       -2.63686461e-02,  0.00000000e+00,  5.02689271e-02, -7.90970972e-03,
       -5.52282156e-02,  0.00000000e+00, -9.17420155e-03,  0.00000000e+00,
        0.00000000e+00, -1.76509531e-01, -2.71051711e-02, -1.06609181e-02,
       -8.25718886e-02,  0.00000000e+00,  1.11809451e-03,  8.20212868e-03,
        0.00000000e+00,  3.14755641e-03,  0.00000000e+00,  0.00000000e+00,
        0.00000000e+00,  0.00000000e+00,  0.00000000e+00,  0.00000000e+00,
       -7.97034555e-03,  1.00430731e-02,  0.00000000e+00, -2.72871034e-03,
        0.00000000e+00,  3.44715067e-02, -1.03915317e-03, -6.34252517e-03,
        1.28527645e-02,  1.86559139e-02, -9.06173405e-03, -2.26200529e-02,
        4.27541365e-02,  2.33548235e-02,  6.08148539e-02, -1.20392788e-01,
        0.00000000e+00,  9.86204021e-02,  0.00000000e+00, -1.20250717e-03,
        4.88624022e-02, -3.41460511e-02, -1.61413266e-03, -2.45479936e-03,
        0.00000000e+00,  0.00000000e+00,  0.00000000e+00,  0.00000000e+00,
        0.00000000e+00,  0.00000000e+00,  0.00000000e+00,  0.00000000e+00,
        1.19754123e-02,  0.00000000e+00,  0.00000000e+00,  0.00000000e+00,
        1.40357704e-02, -3.32263293e-02,  0.00000000e+00,  4.04179617e-03,
        0.00000000e+00, -7.59103772e-03,  0.00000000e+00,  4.06053318e-03,
        0.00000000e+00, -1.05912365e-02, -7.13965826e-02,  1.70069698e-01,
        0.00000000e+00, -9.01282655e-02,  2.18018624e-02,  4.19399544e-02,
       -3.18402710e-02,  2.25974134e-02,  0.00000000e+00,  0.00000000e+00,
       -5.21852401e-03,  0.00000000e+00,  0.00000000e+00,  0.00000000e+00,
        0.00000000e+00,  0.00000000e+00,  0.00000000e+00,  2.42046364e-03,
       -5.30328392e-03,  0.00000000e+00,  0.00000000e+00,  0.00000000e+00,
       -2.47878920e-02,  1.88123581e-02,  0.00000000e+00,  0.00000000e+00,
        0.00000000e+00,  0.00000000e+00,  0.00000000e+00,  0.00000000e+00,
        1.57548028e-02,  6.30707772e-03,  8.62598894e-02, -2.64817173e-01,
        0.00000000e+00,  3.37203250e-02, -5.33438957e-02, -6.78052641e-02,
        3.26793111e-02, -1.75574371e-02,  0.00000000e+00,  0.00000000e+00,
        1.02915069e-02,  0.00000000e+00,  0.00000000e+00,  0.00000000e+00,
        0.00000000e+00,  0.00000000e+00,  0.00000000e+00, -3.24326138e-03,
        0.00000000e+00,  0.00000000e+00,  0.00000000e+00,  0.00000000e+00,
        2.16691129e-02, -2.72027972e-03,  0.00000000e+00,  0.00000000e+00,
        0.00000000e+00,  0.00000000e+00,  1.06461252e-02,  0.00000000e+00,
       -5.14062623e-03, -4.19760713e-03, -7.82094741e-02,  3.05717137e-01,
       -4.76900732e-03, -1.23214210e-02,  9.33333833e-02,  6.24350474e-02,
       -4.96492432e-02,  0.00000000e+00,  0.00000000e+00,  0.00000000e+00,
       -9.16260167e-03,  0.00000000e+00,  0.00000000e+00,  0.00000000e+00,
        0.00000000e+00,  0.00000000e+00,  0.00000000e+00,  0.00000000e+00,
        0.00000000e+00,  0.00000000e+00,  0.00000000e+00,  0.00000000e+00,
       -7.91301845e-03,  6.11860043e-03,  0.00000000e+00,  0.00000000e+00,
        0.00000000e+00,  6.65606087e-03,  0.00000000e+00,  0.00000000e+00,
        1.39524494e-02,  7.18812890e-03,  6.63879687e-02, -3.46724361e-01,
        2.50525341e-02,  0.00000000e+00, -1.03412309e-01, -5.54331298e-02,
        6.69105775e-02,  0.00000000e+00,  0.00000000e+00,  0.00000000e+00,
        7.91130640e-03,  0.00000000e+00,  0.00000000e+00,  0.00000000e+00,
        0.00000000e+00,  0.00000000e+00,  0.00000000e+00,  0.00000000e+00,
        0.00000000e+00,  0.00000000e+00,  0.00000000e+00,  0.00000000e+00,
        1.40919852e-02, -9.76015697e-03,  0.00000000e+00,  0.00000000e+00,
        0.00000000e+00, -2.10236861e-03,  2.52807701e-02,  0.00000000e+00,
       -1.08846661e-02, -1.61693861e-02, -7.11025483e-02,  3.70793154e-01,
       -3.96151328e-02,  0.00000000e+00,  1.05018025e-01,  2.27886405e-02,
       -8.81181482e-02,  0.00000000e+00,  0.00000000e+00,  0.00000000e+00,
       -3.53749382e-03,  0.00000000e+00,  0.00000000e+00,  0.00000000e+00,
        0.00000000e+00,  0.00000000e+00,  0.00000000e+00,  0.00000000e+00,
        0.00000000e+00,  0.00000000e+00,  0.00000000e+00,  0.00000000e+00,
       -1.52282258e-02,  1.49809858e-03,  0.00000000e+00,  0.00000000e+00,
        0.00000000e+00,  2.63182670e-02, -9.02050250e-03,  0.00000000e+00,
        6.78222246e-05,  5.04056228e-03,  6.06436126e-02, -3.77922083e-01,
        5.97357090e-02, -1.26265217e-02, -1.01709435e-01,  0.00000000e+00,
        1.04191138e-01,  0.00000000e+00,  0.00000000e+00,  0.00000000e+00,
        0.00000000e+00, -2.65379092e-04,  0.00000000e+00,  0.00000000e+00,
        0.00000000e+00,  0.00000000e+00,  0.00000000e+00,  0.00000000e+00,
        0.00000000e+00,  0.00000000e+00,  0.00000000e+00,  0.00000000e+00,
        1.30843625e-02,  0.00000000e+00,  0.00000000e+00,  0.00000000e+00,
        0.00000000e+00, -1.13662966e-02,  2.24940194e-02,  0.00000000e+00,
       -4.50780201e-03, -6.50811355e-03, -4.97723808e-02,  3.73490268e-01,
       -7.97988362e-02,  2.46258083e-02,  8.61195422e-02,  0.00000000e+00,
       -1.14116309e-01,  0.00000000e+00,  0.00000000e+00,  0.00000000e+00,
        0.00000000e+00,  1.27163950e-03,  0.00000000e+00,  0.00000000e+00,
        0.00000000e+00,  0.00000000e+00,  0.00000000e+00,  0.00000000e+00,
        0.00000000e+00,  0.00000000e+00,  0.00000000e+00,  3.52423933e-04,
       -9.45814506e-03,  0.00000000e+00,  0.00000000e+00,  0.00000000e+00,
        0.00000000e+00,  2.92235828e-02, -2.28958681e-02,  0.00000000e+00,
        0.00000000e+00,  1.19636365e-03,  4.04508813e-02, -3.61801896e-01,
        9.83344393e-02, -4.00342740e-02, -7.11305444e-02,  1.04841789e-02,
        1.14832352e-01,  0.00000000e+00,  0.00000000e+00, -4.83980697e-03,
        0.00000000e+00, -1.23429542e-03,  0.00000000e+00,  0.00000000e+00,
        0.00000000e+00,  0.00000000e+00,  0.00000000e+00], dtype=float64),
  'history': [ [ { 'G': Array([], shape=(0,), dtype=float64),
                   'I': Array([], shape=(0,), dtype=float64),
                   'L_lmn': Array([ 2.19094121e-07,  8.32978008e-07,  1.37772243e-07, -1.94397842e-06,
       -1.52575804e-06,  3.32275273e-07, -4.82646329e-07,  2.18717849e-06,
       -4.23317625e-07,  7.68678081e-07, -3.62631195e-07, -2.93020151e-07,
        1.31455784e-07, -2.47984774e-07,  4.02516337e-07,  1.36460091e-08,
       -7.56202158e-08,  2.10540413e-08,  3.21313366e-07, -2.13351042e-09,
       -1.64322501e-08,  1.12777812e-08, -8.56807402e-09,  1.54339227e-08,
       -1.78211538e-09,  4.10311764e-07, -2.74900981e-07,  1.02379693e-06,
        8.79490162e-07,  1.29336909e-06, -2.27054035e-06, -1.41110982e-06,
       -1.37150373e-06, -5.24671737e-07, -1.05447460e-06,  1.68100238e-06,
       -1.20895377e-08, -2.77384505e-08,  4.33312338e-07, -5.23789586e-07,
        7.07457401e-08,  4.73857893e-08,  1.50249281e-07, -4.42308360e-07,
        2.43418732e-08, -4.59440649e-09,  7.07574634e-09,  3.31156820e-08,
       -1.71837844e-08, -5.85790600e-09, -1.09443047e-06,  4.15462757e-06,
       -1.47326447e-06,  4.60925409e-07, -5.37677670e-06,  5.88717813e-06,
        2.82527350e-06,  5.72138654e-07,  2.76613024e-06,  1.43215138e-06,
       -1.30940189e-06, -4.36088790e-07, -1.48035522e-07,  9.51385813e-08,
        8.65350376e-07, -1.94129118e-07, -1.37382947e-07, -1.55593964e-07,
        5.43457551e-07,  2.33924459e-08,  2.33422906e-09, -1.52115562e-08,
        8.75099477e-09,  7.95032557e-09,  4.24803449e-10,  3.66167387e-06,
       -1.43323171e-05,  3.40705634e-06, -2.88829711e-05,  1.30859387e-05,
       -2.19595107e-05, -8.69194563e-06,  1.31499719e-05, -5.95966965e-06,
       -9.98413351e-07, -3.08199305e-06,  2.25655684e-06,  4.11606964e-07,
       -1.19952459e-06,  5.99762982e-07, -6.99069159e-09,  1.87911130e-07,
       -1.48966620e-07, -9.19887346e-07, -2.15638958e-08,  7.18725797e-08,
        2.80393996e-07,  2.14639739e-07, -6.42516875e-09,  2.06615593e-09,
        1.88370521e-03, -1.61010394e-03, -1.85575464e-03, -2.83705518e-04,
        1.66379211e-03,  7.63283810e-05, -2.14109411e-05,  4.31593127e-04,
       -5.52400623e-06, -1.81284529e-05, -6.17871602e-06, -2.00800354e-06,
        1.78449579e-06,  4.38351495e-06,  1.45347493e-06,  2.71071813e-07,
       -7.91250995e-07, -1.98006118e-07,  1.20300771e-06, -1.65985398e-08,
       -3.07721476e-07, -4.60136898e-07, -3.72346474e-07, -2.02554852e-08,
        5.39786263e-09,  1.72185182e-03, -3.93453448e-03, -1.51856700e-03,
       -1.00762161e-03,  3.39603389e-03, -4.95550105e-06, -1.19629468e-04,
        2.29870619e-04,  1.40549603e-05,  3.24026819e-06, -2.81614192e-05,
       -8.89229366e-07,  6.26334747e-06,  7.05628762e-06, -1.08634080e-06,
        1.12571101e-07, -4.77531152e-08, -1.94474730e-06,  2.21410221e-07,
        2.93699571e-08,  1.50229978e-07,  3.35905858e-07, -5.03120236e-09,
       -4.18850065e-08, -9.55803991e-09, -7.23521167e-03,  2.27579194e-03,
        1.73647648e-03,  1.63098746e-03,  3.44172681e-03, -9.93782272e-05,
        2.65783905e-04, -4.07251535e-05, -7.89808985e-06, -3.83827558e-05,
       -1.33079830e-05,  3.44871709e-06,  3.81255769e-06,  8.39255706e-06,
        1.85489139e-06, -1.35423125e-07, -2.72377400e-06, -4.14104690e-06,
       -6.34117173e-07, -8.35956541e-08, -1.78412900e-06, -1.42332928e-06,
        6.37319708e-07,  4.93452942e-08,  1.79807221e-08,  1.61108555e-01,
       -1.46740563e-02,  2.69611260e-03, -2.10247731e-03, -1.02929684e-02,
        4.30063944e-04, -5.98681053e-04, -3.37841517e-04, -6.91277981e-05,
        1.01508913e-04,  1.04352263e-04,  8.45946916e-06, -3.45500493e-05,
       -2.20823402e-05, -6.91652966e-07,  5.09102453e-07, -1.26140767e-06,
        1.81048323e-06,  1.98876901e-06,  1.97645128e-08,  5.84222594e-06,
        3.67356197e-06, -3.49364376e-07, -2.59596543e-07, -8.65589111e-09,
       -4.00959908e-03, -5.40230074e-03,  3.40381529e-04,  2.45180304e-02,
       -4.19855417e-05,  1.09619875e-03,  7.33852203e-07,  3.04989169e-05,
       -1.98932592e-04,  3.30886317e-09,  1.93956786e-05,  4.92864454e-05,
        2.22127002e-07,  3.15550616e-06,  1.57965824e-06,  6.09444081e-06,
       -1.72708972e-09, -1.57271904e-07, -2.08503835e-06, -1.64183398e-06,
       -4.76520458e-02,  5.36997733e-04,  3.37720484e-04,  1.42048486e-02,
       -4.55566371e-05, -1.08891547e-03,  7.86085463e-06, -3.99204455e-05,
       -1.43576251e-05,  3.27938376e-07, -2.18162768e-07,  2.09828903e-05,
       -4.04769806e-07, -3.55322256e-06, -1.54264410e-05, -3.42904907e-06,
        4.91736199e-09,  3.16929570e-08,  2.29077870e-06,  1.47929201e-06,
        9.77324126e-03,  1.09006117e-03, -7.96635713e-05, -2.72612137e-03,
       -7.47157392e-06,  2.01656441e-04,  2.12722857e-06,  1.11772523e-05,
        3.49692283e-05,  8.09068331e-08, -4.78934517e-06, -1.42550738e-05,
        2.02317963e-07,  2.56896995e-06,  4.02279986e-06,  4.36103903e-07,
        1.93308217e-09, -7.58039927e-08,  4.30494445e-07, -1.11487021e-06,
       -1.11721418e-03, -5.09276485e-04, -1.55986881e-05,  4.22039963e-04,
        1.81425288e-05, -2.20370147e-04, -1.87170035e-07, -2.67037926e-05,
       -2.10829667e-05,  4.23160438e-08, -4.30100041e-06,  4.48897277e-06,
       -7.43668899e-08, -7.78540902e-07, -1.37625490e-06,  2.86552425e-07,
       -2.49717654e-09, -1.82620075e-08,  6.61055369e-07, -3.63598326e-07,
        5.64868256e-04,  1.01605469e-04,  6.58972616e-05, -5.17580508e-04,
       -6.74155077e-06,  4.64042746e-05, -2.27953615e-06,  5.64683135e-06,
        8.26583107e-06,  2.44170428e-07,  2.32300176e-06, -1.68770075e-06,
        1.14552507e-08,  1.52773747e-06, -2.93174438e-07, -1.28244625e-06,
        3.23726825e-09, -1.03635961e-08, -2.29008316e-07,  1.67015368e-07,
       -1.02167735e-05, -2.25979776e-05, -1.95640987e-05,  4.39614272e-06,
       -4.55124031e-06,  4.74254955e-06,  2.27580845e-06, -6.06506410e-06,
        1.19018276e-06, -1.17407721e-09, -6.90641190e-07,  1.71170470e-06,
       -2.14940578e-08, -9.61738192e-07,  2.43701147e-07,  6.16048073e-07,
        2.19361648e-09, -5.93007352e-09, -3.90646500e-09,  8.64208994e-08,
        3.95279339e-07, -4.79614827e-07,  4.06999781e-06,  1.28524364e-06,
        2.27673456e-06,  2.53979620e-06, -4.20978179e-07,  5.62945344e-07,
       -7.38604395e-07, -1.93896568e-07,  1.35524143e-06, -9.65138741e-07,
        2.19420177e-08,  5.34094604e-07, -2.06098147e-07, -6.39395872e-07,
        4.42719129e-10,  5.75424055e-09,  1.08956084e-08, -4.02978517e-08,
        8.46892996e-07, -1.02746736e-07, -9.33949214e-07, -2.38797741e-06,
       -4.17371317e-07, -4.55012369e-07, -9.53456565e-08,  4.74681550e-07,
        1.18581007e-06,  6.97960961e-08, -6.07566136e-07,  4.76315375e-07,
        2.55738793e-08, -3.63626019e-07,  3.11338112e-08,  3.37431851e-07,
       -5.89534189e-09, -1.57528008e-08, -2.41290843e-08,  3.36227868e-08,
        2.72104740e-07, -1.23514539e-06,  4.63735003e-07, -1.01110595e-06,
       -5.42208852e-07,  1.60049418e-06, -2.02627272e-07, -4.87327285e-07,
        8.96887278e-07,  1.48086222e-08,  5.16404704e-07, -3.66290947e-07,
       -3.02840934e-09,  2.33880322e-07, -2.29784269e-09, -1.62030486e-07,
       -1.75223395e-09,  1.46343310e-08, -9.17037141e-09,  1.99726147e-09],      dtype=float64),
                   'Phi_mn': Array([], shape=(0,), dtype=float64),
                   'Psi': Array([50.], dtype=float64),
                   'R_lmn': Array([-1.55651634e-06, -5.91573079e-07,  1.18624497e-06,  6.59601809e-07,
       -6.30702513e-07,  1.24560617e-06,  3.29371287e-07, -1.64588714e-06,
        1.00447020e-06,  2.87696448e-07,  5.07638009e-07, -6.81475052e-07,
        0.00000000e+00, -3.29371287e-07,  4.59642176e-07, -1.07555665e-07,
        0.00000000e+00, -2.87696448e-07,  1.23064504e-07,  2.74419649e-08,
       -1.19158498e-07, -1.33360952e-06, -2.78580472e-07, -1.09248820e-06,
        1.99639471e-06,  1.33945634e-07, -3.09754243e-07,  5.85012424e-07,
        1.02257602e-06, -2.95722721e-07, -1.80472194e-06,  1.17763364e-06,
        0.00000000e+00,  3.09754243e-07, -3.06431952e-07,  1.89070681e-07,
        0.00000000e+00,  2.95722721e-07, -1.91672763e-07,  2.20302474e-08,
        1.92684795e-06, -1.57172039e-06, -1.14960940e-06, -8.42102242e-07,
       -1.89005490e-06,  3.29380762e-06,  4.89048354e-07,  4.86028946e-07,
       -1.59334602e-06,  3.79977832e-07,  1.53074980e-06, -1.78295739e-06,
        0.00000000e+00, -4.89048354e-07,  6.63580454e-07,  5.08600305e-07,
        0.00000000e+00, -3.79977832e-07,  3.59305105e-07,  6.08701580e-08,
       -1.43464876e-05,  1.80674534e-05,  1.11100066e-05,  8.57832323e-06,
       -4.83825666e-07, -2.10650562e-05,  1.02555042e-06, -9.79205742e-06,
        7.93581092e-06, -7.51699008e-07,  1.07323771e-06,  3.04093106e-06,
        0.00000000e+00, -1.02555042e-06, -1.31794913e-06, -2.16764657e-06,
        0.00000000e+00,  7.51699008e-07, -5.89412041e-07, -4.33282950e-08,
       -2.57346655e-03,  1.08533397e-03,  3.03051580e-04,  2.38780791e-03,
       -7.68029378e-06, -1.10820760e-03, -1.23698740e-07, -2.95118423e-04,
        1.89732248e-04,  9.09549620e-07,  9.58737696e-06,  2.23941963e-05,
        0.00000000e+00,  1.23698740e-07, -7.93315619e-06, -4.07361090e-06,
        0.00000000e+00, -9.09549620e-07, -1.90708318e-06,  4.79433243e-07,
       -1.87718455e-03,  2.39581697e-03,  1.46759296e-04,  1.69674886e-03,
       -1.17456014e-05, -2.37868158e-03, -8.32187825e-07, -1.27083111e-04,
        1.92091400e-04, -6.33326734e-08,  1.26297203e-05, -1.51794818e-05,
        0.00000000e+00,  8.32187825e-07, -1.96761849e-05, -1.16557031e-05,
        0.00000000e+00,  6.33326734e-08, -8.84118920e-07, -1.95591380e-06,
        2.43630444e-03,  2.17107734e-03, -5.07236323e-05, -2.19484348e-03,
       -2.16969161e-05, -2.17199955e-03,  1.38750511e-06,  5.09559989e-05,
       -2.38353826e-04, -1.67734542e-08,  2.24955703e-05,  5.26183382e-07,
        0.00000000e+00, -1.38750511e-06, -2.32366657e-07, -3.10713414e-06,
        0.00000000e+00,  1.67734542e-08, -7.98654227e-07,  3.96027802e-07,
        8.47476553e-04, -7.78596938e-03,  1.93555659e-04, -1.55329294e-03,
        4.38861089e-05,  7.79340119e-03, -1.09213626e-06, -2.20825718e-04,
        6.72654809e-04, -2.46417765e-07, -4.35046820e-05, -1.34028901e-05,
        0.00000000e+00,  1.09213626e-06,  2.72700583e-05,  3.31615755e-05,
        0.00000000e+00,  2.46417765e-07, -3.81426884e-07,  5.97108129e-06,
        7.93151311e+00,  1.79439833e+00,  7.50565597e-02, -1.12746328e-02,
        6.07644854e-03, -1.17404590e-03, -6.54024062e-03,  1.12872566e-02,
       -3.52715697e-06, -4.33061104e-04,  1.12662213e-03, -4.45570094e-06,
       -2.63879608e-05, -1.36561791e-05, -2.38369990e-06,  1.47390641e-07,
       -4.17168746e-05,  4.74237700e-05,  4.45570094e-06,  0.00000000e+00,
       -3.04286275e-06,  1.03242158e-06,  5.91085687e-06, -1.47390641e-07,
        0.00000000e+00,  1.64918982e+00,  2.29801281e-03,  5.64506995e-02,
       -9.94516988e-03, -2.47273343e-03,  6.97443724e-04, -5.66571349e-03,
        9.91076694e-03,  1.71681573e-05,  2.01829498e-04, -7.34180543e-04,
        1.47346233e-06,  2.59194367e-05,  3.34340440e-05, -1.71686028e-05,
        8.38961854e-07, -2.71088703e-05,  3.67368187e-05, -1.47346233e-06,
        0.00000000e+00, -7.24150688e-07,  9.68894013e-07,  4.45447485e-10,
       -8.38961854e-07,  0.00000000e+00,  8.87002226e-03,  1.60945469e-04,
       -9.78042091e-03,  2.06798887e-03, -1.64332038e-04, -1.40879728e-04,
        9.27784995e-04, -2.05676330e-03,  2.22189391e-05, -1.87828912e-05,
        1.27493315e-04, -1.60493362e-08, -1.84532690e-05, -1.03851055e-05,
       -2.09506672e-05, -1.08497197e-06,  2.21694605e-05,  1.33864120e-05,
        1.60493362e-08,  0.00000000e+00,  1.06691802e-06, -8.40465291e-07,
       -1.26827185e-06,  1.08497197e-06,  0.00000000e+00, -7.97017429e-04,
       -3.40208591e-04,  8.93510760e-04, -4.24321386e-04,  2.78855920e-04,
        1.56740187e-04, -9.95921246e-05,  4.21913348e-04,  1.18403118e-05,
        6.62630924e-05, -1.53003755e-04,  3.34789462e-06,  3.38552463e-06,
        1.11515027e-06, -1.26116403e-05,  5.42928872e-07, -4.91042128e-06,
       -3.73643251e-06, -3.34789462e-06,  0.00000000e+00, -2.86731370e-07,
        1.29288840e-06,  7.71328527e-07, -5.42928872e-07,  0.00000000e+00,
       -1.76880289e-04,  6.08158678e-05, -4.12275924e-05,  4.12438623e-04,
       -4.27673218e-05, -4.85689919e-05,  2.16676408e-04, -4.13556572e-04,
       -1.86482682e-06, -1.40359768e-05,  5.33053140e-05, -5.59961323e-07,
        1.04936045e-06,  2.19164866e-06,  2.84939650e-06, -1.14467345e-06,
       -4.01256919e-06, -4.73632213e-06,  5.59961323e-07,  0.00000000e+00,
        3.82112707e-07, -1.07369956e-06, -9.84569676e-07,  1.14467345e-06,
        0.00000000e+00, -2.89653035e-07,  2.04931557e-06, -2.47930692e-06,
       -3.60658222e-06,  4.09007005e-06, -1.09536581e-05,  7.66852106e-07,
       -4.64431623e-06,  1.02273874e-06, -5.23417931e-06,  1.18241572e-05,
        1.21082635e-07,  2.59759144e-06,  8.31324267e-06, -1.46430851e-06,
        7.62308104e-07, -9.05206313e-07, -8.70499059e-07, -1.21082635e-07,
        0.00000000e+00, -5.95483595e-07, -6.23442167e-08,  4.41569768e-07,
       -7.62308104e-07,  0.00000000e+00, -2.16863476e-07,  2.40306090e-06,
        6.05161107e-07, -1.85972400e-06, -1.85356515e-06,  3.19538898e-06,
       -1.83856134e-07,  4.31246366e-06,  9.67931767e-07, -2.76165059e-06,
       -3.62731045e-06, -8.37741448e-07, -5.62494573e-07, -2.32132807e-06,
       -8.31229263e-07, -3.66750526e-07,  2.21215484e-06,  4.31921461e-07,
        8.37741448e-07,  0.00000000e+00,  3.58053076e-07, -1.31411589e-07,
       -1.36702504e-07,  3.66750526e-07,  0.00000000e+00, -2.16670032e-06,
        3.60502966e-06,  1.87052018e-06, -1.27509284e-06, -4.29793367e-06,
        8.46122925e-08,  2.26576326e-06,  1.87063152e-06, -6.58134365e-07,
       -4.38280649e-08, -8.95365787e-07,  4.12649399e-07, -1.86555646e-06,
       -9.41135476e-07,  3.70801865e-07,  2.33428336e-07,  7.36732074e-07,
        8.10753495e-07, -4.12649399e-07,  0.00000000e+00, -1.04026660e-07,
        3.45596796e-07,  2.87332500e-07, -2.33428336e-07,  0.00000000e+00,
       -7.74800829e-07,  2.17145665e-06,  7.16666914e-07, -8.36551652e-07,
       -2.54466262e-06, -3.92682452e-07,  6.78311171e-07,  8.61037078e-07,
        7.70447518e-07,  9.08455973e-08,  8.38816153e-07, -4.17899356e-07,
       -7.08732666e-07, -1.78580663e-08, -7.44814642e-07, -2.17470644e-07,
        2.82360376e-07, -4.46133701e-07,  4.17899356e-07,  0.00000000e+00,
        8.85554106e-08, -6.62736017e-09, -2.56328756e-08,  2.17470644e-07,
        0.00000000e+00], dtype=float64),
                   'Ra_n': Array([ 7.84993966e+00,  1.58704676e+00,  1.95977484e-02, -1.79379257e-03,
        8.03564639e-05, -2.36569049e-07, -8.53330689e-08, -9.92743333e-09,
       -1.58684961e-08], dtype=float64),
                   'Rb_lmn': Array([0. , 0. , 0. , 0. , 0. , 0. , 0. , 0. , 0. , 0. , 0. , 0. , 0. ,
       0. , 0. , 0. , 0. , 0. , 0. , 0. , 0. , 0. , 0. , 0. , 0. , 0. ,
       0. , 0. , 0. , 0. , 0. , 0. , 0. , 0. , 0. , 0. , 0. , 0. , 0. ,
       0. , 0. , 0. , 0. , 0. , 0. , 0. , 0. , 0. , 0. , 0. , 0. , 0. ,
       0. , 0. , 0. , 0. , 0. , 0. , 0. , 0. , 0. , 0. , 0. , 0. , 8. ,
       1.8, 0. , 0. , 0. , 0. , 0. , 0. , 0. , 1.7, 0. , 0. , 0. , 0. ,
       0. , 0. , 0. , 0. , 0. , 0. , 0. , 0. , 0. , 0. , 0. , 0. , 0. ,
       0. , 0. , 0. , 0. , 0. , 0. , 0. , 0. , 0. , 0. , 0. , 0. , 0. ,
       0. , 0. , 0. , 0. , 0. , 0. , 0. , 0. , 0. , 0. , 0. , 0. , 0. ,
       0. , 0. , 0. , 0. , 0. , 0. , 0. , 0. , 0. , 0. , 0. , 0. , 0. ,
       0. , 0. , 0. , 0. , 0. , 0. , 0. , 0. , 0. , 0. , 0. , 0. , 0. ,
       0. , 0. ], dtype=float64),
                   'Te_l': Array([], shape=(0,), dtype=float64),
                   'Ti_l': Array([], shape=(0,), dtype=float64),
                   'Z_lmn': Array([-1.88323651e-07,  6.43773266e-07,  1.69967874e-07, -1.04650011e-06,
       -4.31211794e-07,  1.98109105e-06,  1.42550093e-07,  1.53599063e-06,
        1.22997958e-07, -1.46424726e-07, -2.06962181e-06,  3.63902117e-07,
       -1.63315526e-07, -5.15640973e-07, -1.79290218e-09,  2.63585912e-07,
       -6.61367452e-08,  8.85307640e-08, -3.63902117e-07,  0.00000000e+00,
        3.91212093e-08,  2.61504508e-08, -1.21205056e-07, -2.63585912e-07,
        0.00000000e+00,  1.10083016e-07, -1.94512107e-06, -4.04742627e-07,
        1.47126557e-06,  5.18891060e-07, -1.30099924e-06, -7.72016604e-08,
       -1.31354226e-06,  1.27339118e-06,  1.59600836e-06,  1.42504947e-06,
       -2.76167674e-07,  4.07307763e-07, -6.89221801e-08, -1.25567236e-06,
       -3.06997388e-07, -1.69778358e-07, -1.24050226e-07,  2.76167674e-07,
        0.00000000e+00, -3.54464917e-08, -8.88011262e-08, -1.77188205e-08,
        3.06997388e-07,  0.00000000e+00,  6.61587953e-07, -1.77077289e-06,
       -2.24556797e-08, -1.56961382e-06,  2.79575790e-06,  1.55664522e-06,
       -7.54752307e-07,  2.17461840e-06, -1.18726038e-06, -8.42059275e-07,
       -1.80509498e-06,  4.45191442e-07,  7.31568913e-08, -6.27698030e-07,
        1.08405945e-06,  3.91009859e-07, -1.82925740e-07,  2.48449757e-07,
       -4.45191442e-07,  0.00000000e+00,  4.24631424e-08,  2.26934433e-08,
        1.03200929e-07, -3.91009859e-07,  0.00000000e+00, -8.74789247e-06,
        1.56381868e-05,  3.16679650e-06, -2.70330007e-06, -1.28707664e-05,
        1.05607781e-05,  9.14977184e-06, -1.73222275e-06, -1.29305515e-06,
       -4.00544436e-06, -8.31774803e-06,  9.30306983e-07, -3.22433542e-06,
        3.88362564e-06,  1.21138431e-06, -7.57328637e-07,  1.23802394e-06,
       -2.24303011e-06, -9.30306983e-07,  0.00000000e+00, -3.44340445e-07,
        5.51897179e-07,  8.16708402e-08,  7.57328637e-07,  0.00000000e+00,
        7.59716150e-04, -1.92239334e-03, -2.49100550e-05,  1.13588206e-03,
        2.04789102e-03,  2.96317746e-04, -7.22532906e-04, -1.15551023e-03,
       -5.59548620e-06, -1.31528974e-04, -2.89198746e-04, -2.39763154e-07,
       -1.18934463e-05,  1.69007621e-05,  7.92207591e-06,  8.99161463e-07,
        6.03129759e-06, -7.11899965e-06,  2.39763153e-07,  0.00000000e+00,
       -3.79742783e-07,  2.72740625e-06, -2.32658971e-06, -8.99161463e-07,
        0.00000000e+00,  5.42139715e-04, -2.01822540e-03,  8.92520709e-04,
        2.32569255e-03,  2.02811119e-03,  1.61025002e-04, -1.41395365e-03,
       -2.32565376e-03, -1.43674305e-05, -2.10059212e-05, -1.40955350e-04,
       -8.28660050e-07, -2.02403856e-05, -1.38164359e-06,  1.46913700e-05,
       -1.43180821e-07,  1.11201312e-05, -2.00696523e-05,  8.28660050e-07,
        0.00000000e+00, -4.66384068e-07,  1.34285484e-06, -3.23939454e-07,
        1.43180821e-07,  0.00000000e+00,  1.19590321e-02,  2.47469453e-03,
       -1.00676761e-02,  2.22382700e-03, -2.36510924e-03, -7.73091178e-05,
       -1.91023482e-03, -2.21944072e-03, -1.67896331e-05, -1.14366381e-04,
        7.37327732e-05, -2.52864202e-07,  1.82970849e-05, -5.59648674e-06,
        1.86522747e-05,  1.92302050e-07,  4.78108533e-06,  3.57634462e-06,
        2.52864202e-07,  0.00000000e+00,  5.81684026e-07,  1.21021219e-06,
       -1.86264158e-06, -1.92302050e-07,  0.00000000e+00,  1.62791442e+00,
        5.91149753e-03,  6.59449860e-02, -8.13857988e-03, -6.29397437e-03,
        2.45955962e-04,  6.09157133e-03,  8.17210244e-03,  3.80246221e-05,
        4.12256193e-04, -2.80722710e-04, -2.31478662e-06,  5.33204026e-05,
       -3.56230455e-05, -4.20060425e-05, -3.60164160e-07, -2.97793501e-05,
        3.47667477e-05,  2.31478662e-06,  0.00000000e+00, -4.29557413e-06,
        2.10047778e-06,  3.98142045e-06,  3.60164160e-07,  0.00000000e+00,
       -1.79012345e+00,  1.12388780e-02,  1.19282569e-03, -9.05010823e-03,
        6.73763237e-06, -1.12274511e-02,  4.23914442e-06, -1.15735460e-03,
       -8.90165428e-04, -4.45215448e-07, -5.35724121e-06, -1.85338427e-05,
        0.00000000e+00, -4.23914442e-06, -3.54710943e-05,  6.37219778e-05,
        0.00000000e+00,  4.45215448e-07, -1.38039116e-06,  7.10696459e-06,
        1.27164582e-03,  9.50072145e-03, -6.51773386e-04, -1.57932913e-03,
       -2.59810453e-05, -9.48366068e-03, -2.06222901e-06,  6.88827477e-04,
        2.30612230e-04, -3.20868480e-07,  2.67098839e-05, -1.76454851e-05,
        0.00000000e+00,  2.06222901e-06, -3.70540905e-05,  7.70710824e-05,
        0.00000000e+00,  3.20868480e-07, -7.28838626e-07,  5.84709532e-07,
        2.16680710e-04, -2.01216107e-03,  1.10229753e-04, -1.47656339e-04,
       -1.49485650e-05,  1.99755011e-03, -2.03624961e-06, -1.02382032e-04,
       -6.60037896e-05,  8.34240875e-07,  1.36651467e-05,  1.77259075e-05,
        0.00000000e+00,  2.03624961e-06, -7.84772040e-06, -3.02058129e-06,
        0.00000000e+00, -8.34240875e-07,  1.28341833e-06, -3.11494906e-06,
       -4.38527923e-04,  3.53155718e-04, -1.47615273e-04,  3.63411499e-04,
       -1.55620059e-05, -3.73373407e-04, -3.24330838e-06,  1.43082379e-04,
        8.02407416e-05, -4.51011151e-07,  1.58525913e-05,  1.98673218e-05,
        0.00000000e+00,  3.24330838e-06,  4.53289423e-06, -5.12431820e-06,
        0.00000000e+00,  4.51011151e-07, -2.90585359e-07,  3.50367378e-07,
        1.01741443e-04, -3.57552158e-04,  4.30795256e-05, -7.98082156e-05,
        4.38549125e-06,  3.67404039e-04,  4.75469592e-07, -4.82191805e-05,
       -2.35589985e-05,  1.09158892e-06, -4.84746320e-06, -1.00264476e-05,
        0.00000000e+00, -4.75469592e-07,  5.13965489e-06,  1.62577093e-06,
        0.00000000e+00, -1.09158892e-06,  4.61971941e-07,  1.74567152e-07,
        8.03944274e-06, -2.15698353e-05,  8.58376768e-06, -1.01529686e-05,
       -1.84244725e-06,  2.84182761e-05, -2.28505706e-07, -9.37479047e-06,
        3.42475578e-06, -7.68591526e-07,  1.62307108e-06, -6.51424090e-06,
        0.00000000e+00,  2.28505706e-07,  7.91022797e-07, -1.31122991e-06,
        0.00000000e+00,  7.68591526e-07,  2.19376166e-07, -3.34199967e-07,
        6.96425064e-07,  4.98566385e-06,  1.60487385e-07, -1.42895208e-06,
       -2.86698366e-07, -7.74031660e-06,  7.97800046e-07,  9.13770886e-07,
        6.52971703e-07,  3.80302077e-07,  3.90424680e-07,  2.31425456e-06,
        0.00000000e+00, -7.97800046e-07, -1.07425827e-06,  7.95553131e-08,
        0.00000000e+00, -3.80302077e-07, -1.03726314e-07,  4.40398195e-07,
       -3.34389859e-06,  2.95198970e-06, -1.19630776e-06,  4.60644113e-06,
        6.03799563e-08, -3.26597187e-06, -3.79196307e-07,  1.71547647e-06,
       -4.93427825e-07, -2.46696524e-07,  8.97063756e-08,  4.45135357e-07,
        0.00000000e+00,  3.79196307e-07, -5.19168712e-07, -7.69114715e-07,
        0.00000000e+00,  2.46696524e-07, -1.50086332e-07, -1.31153185e-07,
       -5.99766131e-07,  4.42691197e-07,  1.36480228e-06,  1.45342229e-06,
       -1.51903993e-07, -7.68315810e-07,  4.51381645e-07, -1.38366453e-06,
       -8.14099254e-07,  1.94661845e-07,  3.29389728e-07,  2.46484981e-07,
        0.00000000e+00, -4.51381645e-07,  1.88622515e-08, -3.95569078e-08,
        0.00000000e+00, -1.94661845e-07, -1.77485735e-07,  7.91396316e-08],      dtype=float64),
                   'Za_n': Array([-1.33046963e-08, -5.13027180e-09, -1.01402423e-07,  1.15077849e-07,
        7.36070027e-05, -1.74456065e-03,  2.00987579e-02,  1.56800339e+00],      dtype=float64),
                   'Zb_lmn': Array([ 0. ,  0. ,  0. ,  0. ,  0. ,  0. ,  0. ,  0. ,  0. ,  0. ,  0. ,
        0. ,  0. ,  0. ,  0. ,  0. ,  0. ,  0. ,  0. ,  0. ,  0. ,  0. ,
        0. ,  0. ,  0. ,  0. ,  0. ,  0. ,  0. ,  0. ,  0. ,  0. ,  0. ,
        0. ,  0. ,  0. ,  0. ,  0. ,  0. ,  0. ,  0. ,  0. ,  0. ,  0. ,
        0. ,  0. ,  0. ,  0. ,  0. ,  0. ,  0. ,  0. ,  0. ,  0. ,  0. ,
        0. ,  0. ,  0. ,  0. ,  0. ,  0. ,  0. ,  0. ,  1.7,  0. ,  0. ,
        0. ,  0. ,  0. ,  0. ,  0. ,  0. ,  0. ,  0. ,  0. ,  0. ,  0. ,
        0. ,  0. , -1.8,  0. ,  0. ,  0. ,  0. ,  0. ,  0. ,  0. ,  0. ,
        0. ,  0. ,  0. ,  0. ,  0. ,  0. ,  0. ,  0. ,  0. ,  0. ,  0. ,
        0. ,  0. ,  0. ,  0. ,  0. ,  0. ,  0. ,  0. ,  0. ,  0. ,  0. ,
        0. ,  0. ,  0. ,  0. ,  0. ,  0. ,  0. ,  0. ,  0. ,  0. ,  0. ,
        0. ,  0. ,  0. ,  0. ,  0. ,  0. ,  0. ,  0. ,  0. ,  0. ,  0. ,
        0. ,  0. ,  0. ,  0. ,  0. ,  0. ,  0. ,  0. ,  0. ,  0. ,  0. ,
        0. ], dtype=float64),
                   'Zeff_l': Array([], shape=(0,), dtype=float64),
                   'a_lmn': Array([], shape=(0,), dtype=float64),
                   'c_l': Array([0., 0., 0., 0., 0.], dtype=float64),
                   'i_l': Array([], shape=(0,), dtype=float64),
                   'ne_l': Array([], shape=(0,), dtype=float64),
                   'ni_l': Array([], shape=(0,), dtype=float64),
                   'p_l': Array([0., 0., 0., 0., 0.], dtype=float64)}],
               [ { 'G': Array([], shape=(0,), dtype=float64),
                   'I': Array([], shape=(0,), dtype=float64),
                   'L_lmn': Array([ 2.19094121e-07,  8.32978008e-07,  1.37772243e-07, -1.94397842e-06,
       -1.52575804e-06,  3.32275273e-07, -4.82646329e-07,  2.18717849e-06,
       -4.23317625e-07,  7.68678081e-07, -3.62631195e-07, -2.93020151e-07,
        1.31455784e-07, -2.47984774e-07,  4.02516337e-07,  1.36460091e-08,
       -7.56202158e-08,  2.10540413e-08,  3.21313366e-07, -2.13351042e-09,
       -1.64322501e-08,  1.12777812e-08, -8.56807402e-09,  1.54339227e-08,
       -1.78211538e-09,  4.10311764e-07, -2.74900981e-07,  1.02379693e-06,
        8.79490162e-07,  1.29336909e-06, -2.27054035e-06, -1.41110982e-06,
       -1.37150373e-06, -5.24671737e-07, -1.05447460e-06,  1.68100238e-06,
       -1.20895377e-08, -2.77384505e-08,  4.33312338e-07, -5.23789586e-07,
        7.07457401e-08,  4.73857893e-08,  1.50249281e-07, -4.42308360e-07,
        2.43418732e-08, -4.59440649e-09,  7.07574634e-09,  3.31156820e-08,
       -1.71837844e-08, -5.85790600e-09, -1.09443047e-06,  4.15462757e-06,
       -1.47326447e-06,  4.60925409e-07, -5.37677670e-06,  5.88717813e-06,
        2.82527350e-06,  5.72138654e-07,  2.76613024e-06,  1.43215138e-06,
       -1.30940189e-06, -4.36088790e-07, -1.48035522e-07,  9.51385813e-08,
        8.65350376e-07, -1.94129118e-07, -1.37382947e-07, -1.55593964e-07,
        5.43457551e-07,  2.33924459e-08,  2.33422906e-09, -1.52115562e-08,
        8.75099477e-09,  7.95032557e-09,  4.24803449e-10,  3.66167387e-06,
       -1.43323171e-05,  3.40705634e-06, -2.88829711e-05,  1.30859387e-05,
       -2.19595107e-05, -8.69194563e-06,  1.31499719e-05, -5.95966965e-06,
       -9.98413351e-07, -3.08199305e-06,  2.25655684e-06,  4.11606964e-07,
       -1.19952459e-06,  5.99762982e-07, -6.99069159e-09,  1.87911130e-07,
       -1.48966620e-07, -9.19887346e-07, -2.15638958e-08,  7.18725797e-08,
        2.80393996e-07,  2.14639739e-07, -6.42516875e-09,  2.06615593e-09,
        1.88370521e-03, -1.61010394e-03, -1.85575464e-03, -2.83705518e-04,
        1.66379211e-03,  7.63283810e-05, -2.14109411e-05,  4.31593127e-04,
       -5.52400623e-06, -1.81284529e-05, -6.17871602e-06, -2.00800354e-06,
        1.78449579e-06,  4.38351495e-06,  1.45347493e-06,  2.71071813e-07,
       -7.91250995e-07, -1.98006118e-07,  1.20300771e-06, -1.65985398e-08,
       -3.07721476e-07, -4.60136898e-07, -3.72346474e-07, -2.02554852e-08,
        5.39786263e-09,  1.72185182e-03, -3.93453448e-03, -1.51856700e-03,
       -1.00762161e-03,  3.39603389e-03, -4.95550105e-06, -1.19629468e-04,
        2.29870619e-04,  1.40549603e-05,  3.24026819e-06, -2.81614192e-05,
       -8.89229366e-07,  6.26334747e-06,  7.05628762e-06, -1.08634080e-06,
        1.12571101e-07, -4.77531152e-08, -1.94474730e-06,  2.21410221e-07,
        2.93699571e-08,  1.50229978e-07,  3.35905858e-07, -5.03120236e-09,
       -4.18850065e-08, -9.55803991e-09, -7.23521167e-03,  2.27579194e-03,
        1.73647648e-03,  1.63098746e-03,  3.44172681e-03, -9.93782272e-05,
        2.65783905e-04, -4.07251535e-05, -7.89808985e-06, -3.83827558e-05,
       -1.33079830e-05,  3.44871709e-06,  3.81255769e-06,  8.39255706e-06,
        1.85489139e-06, -1.35423125e-07, -2.72377400e-06, -4.14104690e-06,
       -6.34117173e-07, -8.35956541e-08, -1.78412900e-06, -1.42332928e-06,
        6.37319708e-07,  4.93452942e-08,  1.79807221e-08,  1.61108555e-01,
       -1.46740563e-02,  2.69611260e-03, -2.10247731e-03, -1.02929684e-02,
        4.30063944e-04, -5.98681053e-04, -3.37841517e-04, -6.91277981e-05,
        1.01508913e-04,  1.04352263e-04,  8.45946916e-06, -3.45500493e-05,
       -2.20823402e-05, -6.91652966e-07,  5.09102453e-07, -1.26140767e-06,
        1.81048323e-06,  1.98876901e-06,  1.97645128e-08,  5.84222594e-06,
        3.67356197e-06, -3.49364376e-07, -2.59596543e-07, -8.65589111e-09,
       -4.00959908e-03, -5.40230074e-03,  3.40381529e-04,  2.45180304e-02,
       -4.19855417e-05,  1.09619875e-03,  7.33852203e-07,  3.04989169e-05,
       -1.98932592e-04,  3.30886317e-09,  1.93956786e-05,  4.92864454e-05,
        2.22127002e-07,  3.15550616e-06,  1.57965824e-06,  6.09444081e-06,
       -1.72708972e-09, -1.57271904e-07, -2.08503835e-06, -1.64183398e-06,
       -4.76520458e-02,  5.36997733e-04,  3.37720484e-04,  1.42048486e-02,
       -4.55566371e-05, -1.08891547e-03,  7.86085463e-06, -3.99204455e-05,
       -1.43576251e-05,  3.27938376e-07, -2.18162768e-07,  2.09828903e-05,
       -4.04769806e-07, -3.55322256e-06, -1.54264410e-05, -3.42904907e-06,
        4.91736199e-09,  3.16929570e-08,  2.29077870e-06,  1.47929201e-06,
        9.77324126e-03,  1.09006117e-03, -7.96635713e-05, -2.72612137e-03,
       -7.47157392e-06,  2.01656441e-04,  2.12722857e-06,  1.11772523e-05,
        3.49692283e-05,  8.09068331e-08, -4.78934517e-06, -1.42550738e-05,
        2.02317963e-07,  2.56896995e-06,  4.02279986e-06,  4.36103903e-07,
        1.93308217e-09, -7.58039927e-08,  4.30494445e-07, -1.11487021e-06,
       -1.11721418e-03, -5.09276485e-04, -1.55986881e-05,  4.22039963e-04,
        1.81425288e-05, -2.20370147e-04, -1.87170035e-07, -2.67037926e-05,
       -2.10829667e-05,  4.23160438e-08, -4.30100041e-06,  4.48897277e-06,
       -7.43668899e-08, -7.78540902e-07, -1.37625490e-06,  2.86552425e-07,
       -2.49717654e-09, -1.82620075e-08,  6.61055369e-07, -3.63598326e-07,
        5.64868256e-04,  1.01605469e-04,  6.58972616e-05, -5.17580508e-04,
       -6.74155077e-06,  4.64042746e-05, -2.27953615e-06,  5.64683135e-06,
        8.26583107e-06,  2.44170428e-07,  2.32300176e-06, -1.68770075e-06,
        1.14552507e-08,  1.52773747e-06, -2.93174438e-07, -1.28244625e-06,
        3.23726825e-09, -1.03635961e-08, -2.29008316e-07,  1.67015368e-07,
       -1.02167735e-05, -2.25979776e-05, -1.95640987e-05,  4.39614272e-06,
       -4.55124031e-06,  4.74254955e-06,  2.27580845e-06, -6.06506410e-06,
        1.19018276e-06, -1.17407721e-09, -6.90641190e-07,  1.71170470e-06,
       -2.14940578e-08, -9.61738192e-07,  2.43701147e-07,  6.16048073e-07,
        2.19361648e-09, -5.93007352e-09, -3.90646500e-09,  8.64208994e-08,
        3.95279339e-07, -4.79614827e-07,  4.06999781e-06,  1.28524364e-06,
        2.27673456e-06,  2.53979620e-06, -4.20978179e-07,  5.62945344e-07,
       -7.38604395e-07, -1.93896568e-07,  1.35524143e-06, -9.65138741e-07,
        2.19420177e-08,  5.34094604e-07, -2.06098147e-07, -6.39395872e-07,
        4.42719129e-10,  5.75424055e-09,  1.08956084e-08, -4.02978517e-08,
        8.46892996e-07, -1.02746736e-07, -9.33949214e-07, -2.38797741e-06,
       -4.17371317e-07, -4.55012369e-07, -9.53456565e-08,  4.74681550e-07,
        1.18581007e-06,  6.97960961e-08, -6.07566136e-07,  4.76315375e-07,
        2.55738793e-08, -3.63626019e-07,  3.11338112e-08,  3.37431851e-07,
       -5.89534189e-09, -1.57528008e-08, -2.41290843e-08,  3.36227868e-08,
        2.72104740e-07, -1.23514539e-06,  4.63735003e-07, -1.01110595e-06,
       -5.42208852e-07,  1.60049418e-06, -2.02627272e-07, -4.87327285e-07,
        8.96887278e-07,  1.48086222e-08,  5.16404704e-07, -3.66290947e-07,
       -3.02840934e-09,  2.33880322e-07, -2.29784269e-09, -1.62030486e-07,
       -1.75223395e-09,  1.46343310e-08, -9.17037141e-09,  1.99726147e-09],      dtype=float64),
                   'Phi_mn': Array([], shape=(0,), dtype=float64),
                   'Psi': Array([50.], dtype=float64),
                   'R_lmn': Array([-1.55651634e-06, -5.91573079e-07,  1.18624497e-06,  6.59601809e-07,
       -6.30702513e-07,  1.24560617e-06,  3.29371287e-07, -1.64588714e-06,
        1.00447020e-06,  2.87696448e-07,  5.07638009e-07, -6.81475052e-07,
        0.00000000e+00, -3.29371287e-07,  4.59642176e-07, -1.07555665e-07,
        0.00000000e+00, -2.87696448e-07,  1.23064504e-07,  2.74419649e-08,
       -1.19158498e-07, -1.33360952e-06, -2.78580472e-07, -1.09248820e-06,
        1.99639471e-06,  1.33945634e-07, -3.09754243e-07,  5.85012424e-07,
        1.02257602e-06, -2.95722721e-07, -1.80472194e-06,  1.17763364e-06,
        0.00000000e+00,  3.09754243e-07, -3.06431952e-07,  1.89070681e-07,
        0.00000000e+00,  2.95722721e-07, -1.91672763e-07,  2.20302474e-08,
        1.92684795e-06, -1.57172039e-06, -1.14960940e-06, -8.42102242e-07,
       -1.89005490e-06,  3.29380762e-06,  4.89048354e-07,  4.86028946e-07,
       -1.59334602e-06,  3.79977832e-07,  1.53074980e-06, -1.78295739e-06,
        0.00000000e+00, -4.89048354e-07,  6.63580454e-07,  5.08600305e-07,
        0.00000000e+00, -3.79977832e-07,  3.59305105e-07,  6.08701580e-08,
       -1.43464876e-05,  1.80674534e-05,  1.11100066e-05,  8.57832323e-06,
       -4.83825666e-07, -2.10650562e-05,  1.02555042e-06, -9.79205742e-06,
        7.93581092e-06, -7.51699008e-07,  1.07323771e-06,  3.04093106e-06,
        0.00000000e+00, -1.02555042e-06, -1.31794913e-06, -2.16764657e-06,
        0.00000000e+00,  7.51699008e-07, -5.89412041e-07, -4.33282950e-08,
       -2.57346655e-03,  1.08533397e-03,  3.03051580e-04,  2.38780791e-03,
       -7.68029378e-06, -1.10820760e-03, -1.23698740e-07, -2.95118423e-04,
        1.89732248e-04,  9.09549620e-07,  9.58737696e-06,  2.23941963e-05,
        0.00000000e+00,  1.23698740e-07, -7.93315619e-06, -4.07361090e-06,
        0.00000000e+00, -9.09549620e-07, -1.90708318e-06,  4.79433243e-07,
       -1.87718455e-03,  2.39581697e-03,  1.46759296e-04,  1.69674886e-03,
       -1.17456014e-05, -2.37868158e-03, -8.32187825e-07, -1.27083111e-04,
        1.92091400e-04, -6.33326734e-08,  1.26297203e-05, -1.51794818e-05,
        0.00000000e+00,  8.32187825e-07, -1.96761849e-05, -1.16557031e-05,
        0.00000000e+00,  6.33326734e-08, -8.84118920e-07, -1.95591380e-06,
        2.43630444e-03,  2.17107734e-03, -5.07236323e-05, -2.19484348e-03,
       -2.16969161e-05, -2.17199955e-03,  1.38750511e-06,  5.09559989e-05,
       -2.38353826e-04, -1.67734542e-08,  2.24955703e-05,  5.26183382e-07,
        0.00000000e+00, -1.38750511e-06, -2.32366657e-07, -3.10713414e-06,
        0.00000000e+00,  1.67734542e-08, -7.98654227e-07,  3.96027802e-07,
        8.47476553e-04, -7.78596938e-03,  1.93555659e-04, -1.55329294e-03,
        4.38861089e-05,  7.79340119e-03, -1.09213626e-06, -2.20825718e-04,
        6.72654809e-04, -2.46417765e-07, -4.35046820e-05, -1.34028901e-05,
        0.00000000e+00,  1.09213626e-06,  2.72700583e-05,  3.31615755e-05,
        0.00000000e+00,  2.46417765e-07, -3.81426884e-07,  5.97108129e-06,
        7.93151311e+00,  1.79439833e+00,  7.50565597e-02, -1.12746328e-02,
        6.07644854e-03, -1.17404590e-03, -6.54024062e-03,  1.12872566e-02,
       -3.52715697e-06, -4.33061104e-04,  1.12662213e-03, -4.45570094e-06,
       -2.63879608e-05, -1.36561791e-05, -2.38369990e-06,  1.47390641e-07,
       -4.17168746e-05,  4.74237700e-05,  4.45570094e-06,  0.00000000e+00,
       -3.04286275e-06,  1.03242158e-06,  5.91085687e-06, -1.47390641e-07,
        0.00000000e+00,  1.64918982e+00,  2.29801281e-03,  5.64506995e-02,
       -9.94516988e-03, -2.47273343e-03,  6.97443724e-04, -5.66571349e-03,
        9.91076694e-03,  1.71681573e-05,  2.01829498e-04, -7.34180543e-04,
        1.47346233e-06,  2.59194367e-05,  3.34340440e-05, -1.71686028e-05,
        8.38961854e-07, -2.71088703e-05,  3.67368187e-05, -1.47346233e-06,
        0.00000000e+00, -7.24150688e-07,  9.68894013e-07,  4.45447485e-10,
       -8.38961854e-07,  0.00000000e+00,  8.87002226e-03,  1.60945469e-04,
       -9.78042091e-03,  2.06798887e-03, -1.64332038e-04, -1.40879728e-04,
        9.27784995e-04, -2.05676330e-03,  2.22189391e-05, -1.87828912e-05,
        1.27493315e-04, -1.60493362e-08, -1.84532690e-05, -1.03851055e-05,
       -2.09506672e-05, -1.08497197e-06,  2.21694605e-05,  1.33864120e-05,
        1.60493362e-08,  0.00000000e+00,  1.06691802e-06, -8.40465291e-07,
       -1.26827185e-06,  1.08497197e-06,  0.00000000e+00, -7.97017429e-04,
       -3.40208591e-04,  8.93510760e-04, -4.24321386e-04,  2.78855920e-04,
        1.56740187e-04, -9.95921246e-05,  4.21913348e-04,  1.18403118e-05,
        6.62630924e-05, -1.53003755e-04,  3.34789462e-06,  3.38552463e-06,
        1.11515027e-06, -1.26116403e-05,  5.42928872e-07, -4.91042128e-06,
       -3.73643251e-06, -3.34789462e-06,  0.00000000e+00, -2.86731370e-07,
        1.29288840e-06,  7.71328527e-07, -5.42928872e-07,  0.00000000e+00,
       -1.76880289e-04,  6.08158678e-05, -4.12275924e-05,  4.12438623e-04,
       -4.27673218e-05, -4.85689919e-05,  2.16676408e-04, -4.13556572e-04,
       -1.86482682e-06, -1.40359768e-05,  5.33053140e-05, -5.59961323e-07,
        1.04936045e-06,  2.19164866e-06,  2.84939650e-06, -1.14467345e-06,
       -4.01256919e-06, -4.73632213e-06,  5.59961323e-07,  0.00000000e+00,
        3.82112707e-07, -1.07369956e-06, -9.84569676e-07,  1.14467345e-06,
        0.00000000e+00, -2.89653035e-07,  2.04931557e-06, -2.47930692e-06,
       -3.60658222e-06,  4.09007005e-06, -1.09536581e-05,  7.66852106e-07,
       -4.64431623e-06,  1.02273874e-06, -5.23417931e-06,  1.18241572e-05,
        1.21082635e-07,  2.59759144e-06,  8.31324267e-06, -1.46430851e-06,
        7.62308104e-07, -9.05206313e-07, -8.70499059e-07, -1.21082635e-07,
        0.00000000e+00, -5.95483595e-07, -6.23442167e-08,  4.41569768e-07,
       -7.62308104e-07,  0.00000000e+00, -2.16863476e-07,  2.40306090e-06,
        6.05161107e-07, -1.85972400e-06, -1.85356515e-06,  3.19538898e-06,
       -1.83856134e-07,  4.31246366e-06,  9.67931767e-07, -2.76165059e-06,
       -3.62731045e-06, -8.37741448e-07, -5.62494573e-07, -2.32132807e-06,
       -8.31229263e-07, -3.66750526e-07,  2.21215484e-06,  4.31921461e-07,
        8.37741448e-07,  0.00000000e+00,  3.58053076e-07, -1.31411589e-07,
       -1.36702504e-07,  3.66750526e-07,  0.00000000e+00, -2.16670032e-06,
        3.60502966e-06,  1.87052018e-06, -1.27509284e-06, -4.29793367e-06,
        8.46122925e-08,  2.26576326e-06,  1.87063152e-06, -6.58134365e-07,
       -4.38280649e-08, -8.95365787e-07,  4.12649399e-07, -1.86555646e-06,
       -9.41135476e-07,  3.70801865e-07,  2.33428336e-07,  7.36732074e-07,
        8.10753495e-07, -4.12649399e-07,  0.00000000e+00, -1.04026660e-07,
        3.45596796e-07,  2.87332500e-07, -2.33428336e-07,  0.00000000e+00,
       -7.74800829e-07,  2.17145665e-06,  7.16666914e-07, -8.36551652e-07,
       -2.54466262e-06, -3.92682452e-07,  6.78311171e-07,  8.61037078e-07,
        7.70447518e-07,  9.08455973e-08,  8.38816153e-07, -4.17899356e-07,
       -7.08732666e-07, -1.78580663e-08, -7.44814642e-07, -2.17470644e-07,
        2.82360376e-07, -4.46133701e-07,  4.17899356e-07,  0.00000000e+00,
        8.85554106e-08, -6.62736017e-09, -2.56328756e-08,  2.17470644e-07,
        0.00000000e+00], dtype=float64),
                   'Ra_n': Array([ 7.84993966e+00,  1.58704676e+00,  1.95977484e-02, -1.79379257e-03,
        8.03564639e-05, -2.36569049e-07, -8.53330689e-08, -9.92743333e-09,
       -1.58684961e-08], dtype=float64),
                   'Rb_lmn': Array([0. , 0. , 0. , 0. , 0. , 0. , 0. , 0. , 0. , 0. , 0. , 0. , 0. ,
       0. , 0. , 0. , 0. , 0. , 0. , 0. , 0. , 0. , 0. , 0. , 0. , 0. ,
       0. , 0. , 0. , 0. , 0. , 0. , 0. , 0. , 0. , 0. , 0. , 0. , 0. ,
       0. , 0. , 0. , 0. , 0. , 0. , 0. , 0. , 0. , 0. , 0. , 0. , 0. ,
       0. , 0. , 0. , 0. , 0. , 0. , 0. , 0. , 0. , 0. , 0. , 0. , 8. ,
       1.8, 0. , 0. , 0. , 0. , 0. , 0. , 0. , 1.7, 0. , 0. , 0. , 0. ,
       0. , 0. , 0. , 0. , 0. , 0. , 0. , 0. , 0. , 0. , 0. , 0. , 0. ,
       0. , 0. , 0. , 0. , 0. , 0. , 0. , 0. , 0. , 0. , 0. , 0. , 0. ,
       0. , 0. , 0. , 0. , 0. , 0. , 0. , 0. , 0. , 0. , 0. , 0. , 0. ,
       0. , 0. , 0. , 0. , 0. , 0. , 0. , 0. , 0. , 0. , 0. , 0. , 0. ,
       0. , 0. , 0. , 0. , 0. , 0. , 0. , 0. , 0. , 0. , 0. , 0. , 0. ,
       0. , 0. ], dtype=float64),
                   'Te_l': Array([], shape=(0,), dtype=float64),
                   'Ti_l': Array([], shape=(0,), dtype=float64),
                   'Z_lmn': Array([-1.88323651e-07,  6.43773266e-07,  1.69967874e-07, -1.04650011e-06,
       -4.31211794e-07,  1.98109105e-06,  1.42550093e-07,  1.53599063e-06,
        1.22997958e-07, -1.46424726e-07, -2.06962181e-06,  3.63902117e-07,
       -1.63315526e-07, -5.15640973e-07, -1.79290218e-09,  2.63585912e-07,
       -6.61367452e-08,  8.85307640e-08, -3.63902117e-07,  0.00000000e+00,
        3.91212093e-08,  2.61504508e-08, -1.21205056e-07, -2.63585912e-07,
        0.00000000e+00,  1.10083016e-07, -1.94512107e-06, -4.04742627e-07,
        1.47126557e-06,  5.18891060e-07, -1.30099924e-06, -7.72016604e-08,
       -1.31354226e-06,  1.27339118e-06,  1.59600836e-06,  1.42504947e-06,
       -2.76167674e-07,  4.07307763e-07, -6.89221801e-08, -1.25567236e-06,
       -3.06997388e-07, -1.69778358e-07, -1.24050226e-07,  2.76167674e-07,
        0.00000000e+00, -3.54464917e-08, -8.88011262e-08, -1.77188205e-08,
        3.06997388e-07,  0.00000000e+00,  6.61587953e-07, -1.77077289e-06,
       -2.24556797e-08, -1.56961382e-06,  2.79575790e-06,  1.55664522e-06,
       -7.54752307e-07,  2.17461840e-06, -1.18726038e-06, -8.42059275e-07,
       -1.80509498e-06,  4.45191442e-07,  7.31568913e-08, -6.27698030e-07,
        1.08405945e-06,  3.91009859e-07, -1.82925740e-07,  2.48449757e-07,
       -4.45191442e-07,  0.00000000e+00,  4.24631424e-08,  2.26934433e-08,
        1.03200929e-07, -3.91009859e-07,  0.00000000e+00, -8.74789247e-06,
        1.56381868e-05,  3.16679650e-06, -2.70330007e-06, -1.28707664e-05,
        1.05607781e-05,  9.14977184e-06, -1.73222275e-06, -1.29305515e-06,
       -4.00544436e-06, -8.31774803e-06,  9.30306983e-07, -3.22433542e-06,
        3.88362564e-06,  1.21138431e-06, -7.57328637e-07,  1.23802394e-06,
       -2.24303011e-06, -9.30306983e-07,  0.00000000e+00, -3.44340445e-07,
        5.51897179e-07,  8.16708402e-08,  7.57328637e-07,  0.00000000e+00,
        7.59716150e-04, -1.92239334e-03, -2.49100550e-05,  1.13588206e-03,
        2.04789102e-03,  2.96317746e-04, -7.22532906e-04, -1.15551023e-03,
       -5.59548620e-06, -1.31528974e-04, -2.89198746e-04, -2.39763154e-07,
       -1.18934463e-05,  1.69007621e-05,  7.92207591e-06,  8.99161463e-07,
        6.03129759e-06, -7.11899965e-06,  2.39763153e-07,  0.00000000e+00,
       -3.79742783e-07,  2.72740625e-06, -2.32658971e-06, -8.99161463e-07,
        0.00000000e+00,  5.42139715e-04, -2.01822540e-03,  8.92520709e-04,
        2.32569255e-03,  2.02811119e-03,  1.61025002e-04, -1.41395365e-03,
       -2.32565376e-03, -1.43674305e-05, -2.10059212e-05, -1.40955350e-04,
       -8.28660050e-07, -2.02403856e-05, -1.38164359e-06,  1.46913700e-05,
       -1.43180821e-07,  1.11201312e-05, -2.00696523e-05,  8.28660050e-07,
        0.00000000e+00, -4.66384068e-07,  1.34285484e-06, -3.23939454e-07,
        1.43180821e-07,  0.00000000e+00,  1.19590321e-02,  2.47469453e-03,
       -1.00676761e-02,  2.22382700e-03, -2.36510924e-03, -7.73091178e-05,
       -1.91023482e-03, -2.21944072e-03, -1.67896331e-05, -1.14366381e-04,
        7.37327732e-05, -2.52864202e-07,  1.82970849e-05, -5.59648674e-06,
        1.86522747e-05,  1.92302050e-07,  4.78108533e-06,  3.57634462e-06,
        2.52864202e-07,  0.00000000e+00,  5.81684026e-07,  1.21021219e-06,
       -1.86264158e-06, -1.92302050e-07,  0.00000000e+00,  1.62791442e+00,
        5.91149753e-03,  6.59449860e-02, -8.13857988e-03, -6.29397437e-03,
        2.45955962e-04,  6.09157133e-03,  8.17210244e-03,  3.80246221e-05,
        4.12256193e-04, -2.80722710e-04, -2.31478662e-06,  5.33204026e-05,
       -3.56230455e-05, -4.20060425e-05, -3.60164160e-07, -2.97793501e-05,
        3.47667477e-05,  2.31478662e-06,  0.00000000e+00, -4.29557413e-06,
        2.10047778e-06,  3.98142045e-06,  3.60164160e-07,  0.00000000e+00,
       -1.79012345e+00,  1.12388780e-02,  1.19282569e-03, -9.05010823e-03,
        6.73763237e-06, -1.12274511e-02,  4.23914442e-06, -1.15735460e-03,
       -8.90165428e-04, -4.45215448e-07, -5.35724121e-06, -1.85338427e-05,
        0.00000000e+00, -4.23914442e-06, -3.54710943e-05,  6.37219778e-05,
        0.00000000e+00,  4.45215448e-07, -1.38039116e-06,  7.10696459e-06,
        1.27164582e-03,  9.50072145e-03, -6.51773386e-04, -1.57932913e-03,
       -2.59810453e-05, -9.48366068e-03, -2.06222901e-06,  6.88827477e-04,
        2.30612230e-04, -3.20868480e-07,  2.67098839e-05, -1.76454851e-05,
        0.00000000e+00,  2.06222901e-06, -3.70540905e-05,  7.70710824e-05,
        0.00000000e+00,  3.20868480e-07, -7.28838626e-07,  5.84709532e-07,
        2.16680710e-04, -2.01216107e-03,  1.10229753e-04, -1.47656339e-04,
       -1.49485650e-05,  1.99755011e-03, -2.03624961e-06, -1.02382032e-04,
       -6.60037896e-05,  8.34240875e-07,  1.36651467e-05,  1.77259075e-05,
        0.00000000e+00,  2.03624961e-06, -7.84772040e-06, -3.02058129e-06,
        0.00000000e+00, -8.34240875e-07,  1.28341833e-06, -3.11494906e-06,
       -4.38527923e-04,  3.53155718e-04, -1.47615273e-04,  3.63411499e-04,
       -1.55620059e-05, -3.73373407e-04, -3.24330838e-06,  1.43082379e-04,
        8.02407416e-05, -4.51011151e-07,  1.58525913e-05,  1.98673218e-05,
        0.00000000e+00,  3.24330838e-06,  4.53289423e-06, -5.12431820e-06,
        0.00000000e+00,  4.51011151e-07, -2.90585359e-07,  3.50367378e-07,
        1.01741443e-04, -3.57552158e-04,  4.30795256e-05, -7.98082156e-05,
        4.38549125e-06,  3.67404039e-04,  4.75469592e-07, -4.82191805e-05,
       -2.35589985e-05,  1.09158892e-06, -4.84746320e-06, -1.00264476e-05,
        0.00000000e+00, -4.75469592e-07,  5.13965489e-06,  1.62577093e-06,
        0.00000000e+00, -1.09158892e-06,  4.61971941e-07,  1.74567152e-07,
        8.03944274e-06, -2.15698353e-05,  8.58376768e-06, -1.01529686e-05,
       -1.84244725e-06,  2.84182761e-05, -2.28505706e-07, -9.37479047e-06,
        3.42475578e-06, -7.68591526e-07,  1.62307108e-06, -6.51424090e-06,
        0.00000000e+00,  2.28505706e-07,  7.91022797e-07, -1.31122991e-06,
        0.00000000e+00,  7.68591526e-07,  2.19376166e-07, -3.34199967e-07,
        6.96425064e-07,  4.98566385e-06,  1.60487385e-07, -1.42895208e-06,
       -2.86698366e-07, -7.74031660e-06,  7.97800046e-07,  9.13770886e-07,
        6.52971703e-07,  3.80302077e-07,  3.90424680e-07,  2.31425456e-06,
        0.00000000e+00, -7.97800046e-07, -1.07425827e-06,  7.95553131e-08,
        0.00000000e+00, -3.80302077e-07, -1.03726314e-07,  4.40398195e-07,
       -3.34389859e-06,  2.95198970e-06, -1.19630776e-06,  4.60644113e-06,
        6.03799563e-08, -3.26597187e-06, -3.79196307e-07,  1.71547647e-06,
       -4.93427825e-07, -2.46696524e-07,  8.97063756e-08,  4.45135357e-07,
        0.00000000e+00,  3.79196307e-07, -5.19168712e-07, -7.69114715e-07,
        0.00000000e+00,  2.46696524e-07, -1.50086332e-07, -1.31153185e-07,
       -5.99766131e-07,  4.42691197e-07,  1.36480228e-06,  1.45342229e-06,
       -1.51903993e-07, -7.68315810e-07,  4.51381645e-07, -1.38366453e-06,
       -8.14099254e-07,  1.94661845e-07,  3.29389728e-07,  2.46484981e-07,
        0.00000000e+00, -4.51381645e-07,  1.88622515e-08, -3.95569078e-08,
        0.00000000e+00, -1.94661845e-07, -1.77485735e-07,  7.91396316e-08],      dtype=float64),
                   'Za_n': Array([-1.33046963e-08, -5.13027180e-09, -1.01402423e-07,  1.15077849e-07,
        7.36070027e-05, -1.74456065e-03,  2.00987579e-02,  1.56800339e+00],      dtype=float64),
                   'Zb_lmn': Array([ 0. ,  0. ,  0. ,  0. ,  0. ,  0. ,  0. ,  0. ,  0. ,  0. ,  0. ,
        0. ,  0. ,  0. ,  0. ,  0. ,  0. ,  0. ,  0. ,  0. ,  0. ,  0. ,
        0. ,  0. ,  0. ,  0. ,  0. ,  0. ,  0. ,  0. ,  0. ,  0. ,  0. ,
        0. ,  0. ,  0. ,  0. ,  0. ,  0. ,  0. ,  0. ,  0. ,  0. ,  0. ,
        0. ,  0. ,  0. ,  0. ,  0. ,  0. ,  0. ,  0. ,  0. ,  0. ,  0. ,
        0. ,  0. ,  0. ,  0. ,  0. ,  0. ,  0. ,  0. ,  1.7,  0. ,  0. ,
        0. ,  0. ,  0. ,  0. ,  0. ,  0. ,  0. ,  0. ,  0. ,  0. ,  0. ,
        0. ,  0. , -1.8,  0. ,  0. ,  0. ,  0. ,  0. ,  0. ,  0. ,  0. ,
        0. ,  0. ,  0. ,  0. ,  0. ,  0. ,  0. ,  0. ,  0. ,  0. ,  0. ,
        0. ,  0. ,  0. ,  0. ,  0. ,  0. ,  0. ,  0. ,  0. ,  0. ,  0. ,
        0. ,  0. ,  0. ,  0. ,  0. ,  0. ,  0. ,  0. ,  0. ,  0. ,  0. ,
        0. ,  0. ,  0. ,  0. ,  0. ,  0. ,  0. ,  0. ,  0. ,  0. ,  0. ,
        0. ,  0. ,  0. ,  0. ,  0. ,  0. ,  0. ,  0. ,  0. ,  0. ,  0. ,
        0. ], dtype=float64),
                   'Zeff_l': Array([], shape=(0,), dtype=float64),
                   'a_lmn': Array([], shape=(0,), dtype=float64),
                   'c_l': Array([0., 0., 0., 0., 0.], dtype=float64),
                   'i_l': Array([], shape=(0,), dtype=float64),
                   'ne_l': Array([], shape=(0,), dtype=float64),
                   'ni_l': Array([], shape=(0,), dtype=float64),
                   'p_l': Array([0., 0., 0., 0., 0.], dtype=float64)}],
               [ { 'G': Array([], shape=(0,), dtype=float64),
                   'I': Array([], shape=(0,), dtype=float64),
                   'L_lmn': Array([ 1.35081128e-07,  3.92675836e-07,  3.69098795e-07,  1.87386523e-07,
       -5.44036879e-07,  3.64451379e-07, -5.52380363e-07, -1.12141821e-07,
       -4.03542321e-07,  2.41422489e-07, -3.55233356e-07, -3.47262820e-07,
        6.04084638e-08, -6.09668739e-08,  3.97906139e-07,  1.14426068e-08,
       -8.25743092e-08, -3.93651213e-08,  3.70011003e-07, -1.51442915e-10,
       -1.18958484e-08, -1.24015191e-09, -2.11179604e-08,  1.27225131e-08,
       -1.87002584e-09, -8.33799757e-07, -4.04860836e-07,  1.26875746e-06,
        1.65586751e-06,  1.21018260e-06, -1.77761190e-06, -6.00377662e-07,
       -2.27244466e-06, -3.19765134e-07, -1.19290583e-06,  1.24677030e-06,
       -5.81495467e-08,  1.22166317e-07,  5.71748987e-07, -6.85874799e-07,
        4.42843126e-08,  3.22438839e-07,  1.62700727e-07, -4.09010142e-07,
        2.11268592e-08,  3.97503503e-09,  3.38848938e-08,  4.79251007e-08,
       -1.16614863e-08, -3.67363655e-09,  7.99341358e-07,  9.33593689e-07,
       -2.76663980e-06, -4.46780756e-06, -4.79111188e-07,  3.29552880e-06,
        2.61450865e-06,  5.47119390e-06,  2.64512716e-06,  1.90825399e-08,
        8.35218443e-07, -3.49055312e-07, -9.46824826e-08, -2.76563861e-08,
        1.00960155e-06, -1.79805162e-07, -3.60007435e-07, -2.07733476e-07,
        5.78769960e-07,  6.32204641e-09,  1.98424704e-08, -1.06322554e-08,
       -6.28914885e-08, -6.57723967e-09,  2.47155090e-09,  1.13716174e-05,
        7.25605240e-06,  4.71323902e-06, -1.46127050e-05, -1.28056687e-05,
       -2.18296436e-05, -1.73756508e-05,  7.92045563e-07, -6.23750170e-06,
        3.27782411e-06, -2.99127483e-06,  2.14126721e-06, -5.00024597e-08,
       -1.35059028e-06,  2.73680077e-07,  1.02281188e-07,  2.87012680e-07,
       -1.31417672e-08, -9.84645731e-07, -2.06161390e-08,  1.59548332e-07,
        2.78073113e-07,  1.22586931e-07, -1.81817668e-08, -5.07024451e-10,
        8.22129151e-04, -1.26288102e-03, -8.45630924e-04, -1.19982337e-04,
        1.29812442e-03,  1.03333732e-04,  2.64733922e-05,  2.99151188e-04,
       -2.27831229e-06,  5.95986161e-06, -6.32289508e-06, -2.40963705e-06,
        6.62561414e-07,  2.86604206e-06, -5.93743242e-08,  1.73438068e-07,
       -1.27703899e-06, -4.58628247e-07,  1.56941099e-06, -3.04031482e-08,
       -1.00421489e-07, -3.03335139e-07, -4.10151352e-07, -6.30042724e-09,
        6.97152937e-09,  6.02201325e-04, -4.17506564e-03, -5.13301261e-04,
       -5.42539005e-04,  3.60814205e-03, -9.90225779e-05, -3.46930875e-05,
       -2.84110945e-04,  1.00564575e-05,  2.60124905e-06,  1.33804242e-05,
        1.09442548e-06,  7.15996223e-06,  3.69501760e-06,  1.38998065e-06,
        1.96731602e-07, -7.65818715e-07, -2.98965569e-06, -1.23301667e-06,
       -4.77136997e-08,  5.62053636e-07,  8.68836365e-07,  3.20244693e-07,
       -4.59267196e-09, -2.48513800e-08, -5.70208788e-03,  2.53257033e-03,
        3.02312812e-04,  1.10615550e-03,  3.56273066e-03,  2.39798178e-04,
        2.36561605e-04,  1.41192423e-04, -1.30539799e-05, -6.10102013e-05,
       -1.04185059e-06,  1.82220263e-06,  2.42920458e-06,  7.68800227e-06,
        1.11654209e-06,  1.38872185e-06, -2.28323711e-06, -4.01784158e-06,
        3.01598026e-07, -1.75426344e-07, -1.56328769e-06, -1.17002042e-06,
        2.62356133e-07,  6.65689966e-08,  5.58728320e-08,  1.60348964e-01,
       -1.69338675e-02,  3.52662580e-03, -3.81986997e-03, -9.61213657e-03,
        1.14468125e-03, -6.60403955e-04,  6.28831543e-05, -7.24767640e-05,
        1.71529695e-04,  6.37365344e-05,  3.85858123e-06, -3.17210046e-05,
       -1.98137527e-05, -4.33875262e-06,  1.95383387e-06, -7.81199296e-07,
       -1.60529653e-07,  1.07450272e-06, -2.11707239e-07,  5.22001882e-06,
        1.81207579e-06,  1.64359397e-07, -2.53662529e-07,  2.59686664e-08,
        7.60708664e-05, -4.90031773e-03,  1.67315064e-04,  2.22555659e-02,
       -6.16876649e-05,  3.72627866e-04, -1.58936042e-07,  1.47339927e-05,
        1.40060509e-04,  8.32762269e-07,  2.40432131e-05,  3.94451622e-05,
        1.84326315e-07,  3.18092013e-06, -8.75632443e-07,  3.91868898e-06,
        9.37227958e-09, -1.44159827e-07, -1.64600338e-06, -2.79355967e-07,
       -4.89825307e-02,  9.97351478e-05,  8.99171721e-04,  1.36862974e-02,
       -4.80901990e-05, -1.55784431e-03,  8.12391694e-06, -4.58170431e-05,
       -5.43964494e-05,  1.91987206e-06,  6.06948771e-06,  1.10378532e-05,
       -7.53734430e-07, -3.63772872e-06, -1.42938234e-05, -3.06745270e-06,
        1.37678771e-08, -1.24154114e-08,  2.08136295e-06,  2.24013295e-06,
        1.02217752e-02,  7.09973318e-04,  2.49441195e-04, -2.77036321e-03,
       -1.70218118e-05,  1.70631129e-04, -2.77918855e-06, -1.67070187e-05,
        5.48713323e-05,  7.47250632e-07, -1.44099444e-06, -1.22697484e-05,
        5.62636086e-07,  4.27700709e-06,  3.49850786e-06,  5.90421129e-07,
        4.48125063e-09, -2.47730831e-07, -2.38240003e-08, -7.47954033e-07,
       -2.22012707e-04, -9.64342598e-04, -8.60899907e-05, -5.12090328e-04,
        1.90164055e-05,  1.84832491e-04,  6.23583498e-08, -1.19648795e-05,
       -2.20999884e-05,  1.73675355e-07, -5.45864297e-06,  4.74753274e-06,
       -1.42371732e-07, -1.07558678e-06, -1.88873282e-07,  3.91696004e-07,
       -1.90946876e-08, -1.11745797e-07,  3.95657917e-07, -4.94948803e-07,
        4.41181280e-04, -2.91084740e-04,  9.71975162e-05, -3.84041140e-04,
       -2.69765161e-06,  4.72553817e-04, -2.66878938e-06,  1.48503472e-06,
        1.39121640e-06,  1.40469096e-07,  6.34717145e-07, -2.30814519e-06,
       -9.37652896e-09,  1.42605978e-06, -3.59347062e-09, -9.20906761e-07,
        1.00627084e-08, -2.31091025e-08, -1.26148031e-07, -5.87734998e-09,
       -8.99726355e-06, -3.53105617e-05, -1.27869664e-05,  6.76207363e-07,
       -6.25675194e-06,  1.93557646e-05,  1.67211521e-06, -1.11906503e-05,
        4.50084648e-06,  1.15931593e-07,  3.00086375e-07,  1.02461606e-06,
       -3.15624569e-08, -5.44650699e-07, -5.62858618e-08,  9.44124282e-07,
        3.47200293e-09, -8.56047013e-09,  1.55993563e-07,  9.77531566e-08,
       -3.34301543e-07,  2.51518098e-06,  3.15435540e-06,  1.91381263e-06,
        2.19841763e-06, -1.65715676e-06, -2.85849765e-07,  1.05447116e-06,
       -6.74864463e-07, -1.75693997e-07,  1.46406535e-06, -3.78451718e-08,
        9.92184005e-09,  5.32613616e-07,  6.15934207e-08, -7.54249865e-07,
        3.23956533e-09, -3.98375659e-09, -8.03941739e-08, -8.63394180e-08,
        1.94442763e-06,  3.31920963e-07, -2.47994766e-06, -1.69644245e-06,
       -7.07167090e-07, -1.19607032e-06, -1.10603068e-07,  1.96140529e-06,
       -7.13773985e-07,  4.94993884e-08, -2.62909982e-07,  8.22720924e-07,
        2.98448679e-08, -3.60560505e-07,  1.08893381e-07,  3.96869232e-07,
       -3.48313125e-09, -1.35954899e-08, -2.93471269e-08,  2.39244462e-08,
        6.32592299e-07, -2.50610096e-07,  4.17558302e-07, -5.38011838e-07,
       -5.12994298e-07,  5.60038920e-07, -2.65985782e-07, -3.38129724e-07,
        1.27196474e-07,  1.40550296e-08,  5.13471586e-07, -2.88605898e-07,
       -6.84517234e-10,  2.91983502e-07, -1.17955902e-07, -2.14067789e-07,
       -1.87848072e-09,  1.14633763e-08, -4.43656034e-08, -1.48099192e-08],      dtype=float64),
                   'Phi_mn': Array([], shape=(0,), dtype=float64),
                   'Psi': Array([50.], dtype=float64),
                   'R_lmn': Array([-1.72476726e-07, -2.87303145e-07, -3.01617901e-07, -2.09708839e-07,
       -7.86872610e-07,  5.62456338e-07,  3.14770997e-07, -3.25728368e-08,
        3.73414117e-07,  3.36868425e-07,  6.81984346e-07, -2.51426886e-07,
        0.00000000e+00, -3.14770997e-07,  3.34190738e-07,  8.77144701e-09,
        0.00000000e+00, -3.36868425e-07,  1.04888264e-07, -2.37263062e-08,
        2.28457124e-06, -1.68125690e-06, -1.95237291e-07, -2.29565290e-06,
        1.28203533e-06,  9.82098204e-07, -2.92688939e-07,  4.30055627e-07,
       -2.23999724e-07, -2.77352563e-07, -8.56937306e-07,  1.02344237e-06,
        0.00000000e+00,  2.92688939e-07, -2.34818336e-07,  2.35081383e-07,
        0.00000000e+00,  2.77352563e-07, -4.25098024e-07, -3.24283672e-07,
       -1.77799881e-06, -2.71184351e-06,  2.90450780e-06,  1.65075739e-06,
       -9.26063604e-07,  2.80803813e-06,  4.76113192e-07, -3.74689838e-06,
       -3.83490498e-07,  4.30661002e-07,  8.25482396e-07, -7.36096707e-08,
        0.00000000e+00, -4.76113192e-07,  8.42390575e-07,  5.10731910e-07,
        0.00000000e+00, -4.30661002e-07,  1.00581207e-07, -2.25849480e-08,
       -2.24171132e-05,  3.02837217e-06,  2.61681945e-06,  8.21106767e-06,
        1.49798282e-06, -3.14605361e-06,  8.64699877e-07, -2.31621686e-06,
        1.53525289e-05, -8.77456454e-07, -1.21114149e-06, -1.05666466e-07,
        0.00000000e+00, -8.64699877e-07, -3.00602591e-07, -1.14648335e-06,
        0.00000000e+00,  8.77456454e-07, -2.86841335e-07,  2.23347902e-07,
       -1.23784571e-03,  8.37817641e-04,  1.80896413e-04,  1.11415977e-03,
       -4.65096562e-05, -8.51496317e-04, -5.70409458e-07, -2.00471272e-04,
        8.28235141e-05,  1.22447064e-06,  5.89759782e-06,  2.17510625e-06,
        0.00000000e+00,  5.70409458e-07, -8.71007518e-06, -3.94181328e-06,
        0.00000000e+00, -1.22447064e-06,  6.36802911e-07,  8.77744067e-07,
       -1.59758832e-04,  2.56686514e-03, -1.29368140e-04,  3.15638428e-04,
        4.80092215e-05, -2.49225730e-03, -5.70055259e-07,  2.40713187e-04,
       -8.64749231e-05, -7.80327476e-07, -2.25288615e-05, -5.73757994e-06,
        0.00000000e+00,  5.70055259e-07, -1.72809385e-05, -1.42582385e-05,
        0.00000000e+00,  7.80327476e-07,  4.34669001e-07, -1.92920319e-06,
        1.23945904e-03,  1.71003634e-03,  4.60169774e-04, -5.33079014e-04,
       -2.35713889e-04, -2.19047504e-03,  1.02978224e-06, -8.93811578e-05,
       -1.28046423e-04,  5.94897212e-07,  2.16474696e-05,  1.41392655e-05,
        0.00000000e+00, -1.02978224e-06,  1.82474700e-07,  3.39108916e-09,
        0.00000000e+00, -5.94897212e-07, -1.71121622e-06,  8.52768456e-07,
        3.22704592e-03, -6.44643927e-03,  1.60993210e-03, -2.80901271e-03,
       -5.56582312e-04,  7.40253443e-03, -1.49857522e-06, -4.94254314e-04,
        8.97178934e-04, -8.27436574e-07, -2.38975280e-06, -3.33395465e-05,
        0.00000000e+00,  1.49857522e-06,  1.88980654e-05,  2.75237059e-05,
        0.00000000e+00,  8.27436574e-07, -2.79283226e-06,  4.96164829e-06,
        7.93078464e+00,  1.79605443e+00,  7.53226061e-02, -9.33505824e-03,
        6.05700618e-03, -4.65717539e-04, -6.10909041e-03,  1.03566303e-02,
       -2.29900827e-04, -2.35299871e-04,  6.45036178e-04, -6.26396193e-06,
        3.37856409e-06, -1.74513843e-05,  9.43969972e-06,  5.60859105e-07,
       -3.28638514e-05,  4.16220020e-05,  6.26396193e-06,  0.00000000e+00,
       -1.53504365e-06,  1.05301754e-06,  4.17371992e-06, -5.60859105e-07,
        0.00000000e+00,  1.64673914e+00,  1.54217921e-03,  5.70098658e-02,
       -1.10425495e-02, -1.97678391e-03,  1.72934370e-04, -5.44125872e-03,
        9.47346812e-03,  5.14518472e-04,  3.73542463e-04, -1.09048172e-03,
       -4.77652727e-07,  4.04289424e-05,  7.56139437e-06, -2.16934832e-05,
        1.47144405e-06, -2.23707584e-05,  3.03040649e-05,  4.77652727e-07,
        0.00000000e+00,  1.07697233e-06,  3.76356109e-08, -5.56184854e-07,
       -1.47144405e-06,  0.00000000e+00,  9.23901264e-03,  3.36540431e-05,
       -9.88186408e-03,  2.62912668e-03, -6.04349028e-05, -5.20073301e-04,
        9.57034150e-04, -2.12772672e-03,  2.90193479e-04, -1.15935464e-05,
        1.13474453e-04, -3.52496842e-06, -2.41845656e-05,  8.53814801e-06,
       -3.77642519e-05, -2.38850653e-06,  2.04048443e-05,  1.08736472e-05,
        3.52496842e-06,  0.00000000e+00,  7.04922252e-07, -1.73523155e-06,
       -2.34468567e-06,  2.38850653e-06,  0.00000000e+00, -1.24121903e-03,
       -1.01912887e-04,  8.75695755e-04,  1.70254471e-04,  1.94230092e-04,
       -2.41761694e-04,  3.25085302e-04, -2.37783951e-04,  1.07144257e-05,
       -8.60871928e-05,  1.54280573e-04,  2.69510517e-06,  9.13188182e-06,
        9.03176380e-07, -3.82116634e-06,  1.05809901e-06, -4.32043114e-06,
       -5.15156650e-06, -2.69510517e-06,  0.00000000e+00, -9.39494561e-07,
        7.41574158e-07,  2.87215905e-06, -1.05809901e-06,  0.00000000e+00,
       -1.16872457e-04,  3.21543267e-04, -3.77619014e-05,  3.26416803e-04,
       -1.45344362e-04, -3.29705346e-04,  1.57005080e-04, -3.15876906e-04,
        5.92660063e-05, -1.64989516e-04,  3.61008450e-04, -1.06560947e-06,
        6.72694330e-07, -4.79840916e-07, -7.55455401e-06, -9.66586096e-07,
       -3.59316471e-06, -5.48447179e-06,  1.06560947e-06,  0.00000000e+00,
       -3.01684673e-07, -4.17067431e-07,  1.63468259e-06,  9.66586096e-07,
        0.00000000e+00,  8.78009972e-07,  1.36681331e-05,  1.98306351e-06,
       -1.29918727e-05, -4.14312532e-06, -1.93133114e-05, -7.12498118e-07,
        3.95960953e-06,  5.26887195e-06, -9.51448064e-06,  1.97879356e-05,
       -7.64557586e-07, -1.23056596e-06,  8.72646079e-06, -5.99741741e-06,
        5.08943924e-07, -1.05271685e-08, -4.74624194e-07,  7.64557586e-07,
        0.00000000e+00, -9.18009412e-07,  3.05802371e-07,  7.28545462e-07,
       -5.08943924e-07,  0.00000000e+00,  4.30851183e-07,  1.12563275e-06,
       -6.20779117e-08,  6.37653209e-07, -2.41135869e-06,  5.14206847e-06,
       -9.25773275e-07,  1.71469233e-06,  7.98596852e-08, -6.49943296e-07,
       -6.06682167e-06, -6.46440221e-07,  1.21216133e-07, -1.96201189e-06,
        1.52548784e-07, -4.26416243e-07,  1.93566923e-06,  9.24753202e-07,
        6.46440221e-07,  0.00000000e+00,  4.35783870e-07, -3.90333645e-07,
       -2.32408469e-07,  4.26416243e-07,  0.00000000e+00, -1.54671614e-06,
        1.80325316e-06,  3.49103254e-07,  2.09081216e-06, -1.56493537e-06,
        5.71373023e-07,  1.69650344e-06, -7.46944560e-07, -2.01480206e-06,
       -6.79949233e-07, -1.64947537e-06,  7.92031659e-08, -3.66843504e-07,
       -1.60527459e-06,  1.84387181e-06,  2.19548114e-07,  4.41631439e-07,
        1.07810235e-06, -7.92031659e-08,  0.00000000e+00, -1.32047047e-07,
        2.61406997e-07,  1.70930247e-07, -2.19548114e-07,  0.00000000e+00,
       -4.98755125e-07,  5.81062965e-07,  9.89578180e-08, -5.58733764e-09,
       -7.98262526e-07,  3.39303273e-07,  3.79431786e-07,  1.26289222e-07,
        7.21721208e-07,  1.48795511e-08, -3.28954478e-09, -3.82760760e-07,
       -9.22647892e-08, -7.05271131e-08, -5.56669599e-07, -2.75338491e-07,
        2.02320009e-07, -3.36013728e-07,  3.82760760e-07,  0.00000000e+00,
        1.12630311e-07, -5.01747711e-08, -1.65051609e-07,  2.75338491e-07,
        0.00000000e+00], dtype=float64),
                   'Ra_n': Array([ 7.84934803e+00,  1.58424866e+00,  2.01028003e-02, -1.80190086e-03,
        7.69201454e-05, -1.50499511e-06, -1.18276442e-07,  3.54805003e-08,
       -1.33860576e-08], dtype=float64),
                   'Rb_lmn': Array([ 0.00000000e+00,  0.00000000e+00,  0.00000000e+00,  0.00000000e+00,
        0.00000000e+00,  0.00000000e+00,  0.00000000e+00,  0.00000000e+00,
        0.00000000e+00,  0.00000000e+00,  0.00000000e+00,  0.00000000e+00,
        0.00000000e+00,  0.00000000e+00,  0.00000000e+00,  0.00000000e+00,
        0.00000000e+00,  0.00000000e+00,  0.00000000e+00,  0.00000000e+00,
        0.00000000e+00,  0.00000000e+00,  0.00000000e+00,  0.00000000e+00,
        0.00000000e+00,  0.00000000e+00,  0.00000000e+00,  0.00000000e+00,
        0.00000000e+00,  0.00000000e+00,  0.00000000e+00,  0.00000000e+00,
        0.00000000e+00,  0.00000000e+00,  0.00000000e+00,  0.00000000e+00,
       -3.99752554e-05, -2.82849344e-05, -1.06258249e-05, -4.48042418e-05,
        0.00000000e+00,  0.00000000e+00,  0.00000000e+00,  0.00000000e+00,
        2.59150290e-05,  9.40641089e-05,  6.69410575e-05,  5.51464351e-05,
        0.00000000e+00,  0.00000000e+00,  0.00000000e+00,  0.00000000e+00,
       -2.15777636e-04,  3.70971091e-04, -4.65446662e-04,  5.78336996e-04,
        0.00000000e+00,  0.00000000e+00,  0.00000000e+00,  0.00000000e+00,
       -5.61764897e-04,  1.13457585e-03,  9.27717253e-04,  1.34273586e-03,
        8.00000000e+00,  1.80184327e+00,  1.00517372e-03,  2.20940641e-04,
       -2.16287407e-04,  0.00000000e+00,  0.00000000e+00,  0.00000000e+00,
        0.00000000e+00,  1.69834925e+00, -8.34329948e-05, -1.56148237e-03,
       -8.87243286e-04,  4.92268804e-04,  0.00000000e+00,  0.00000000e+00,
        0.00000000e+00,  0.00000000e+00,  2.90703065e-04, -1.79695618e-05,
        5.08202885e-04, -3.95725201e-04,  2.50084542e-04,  0.00000000e+00,
        0.00000000e+00,  0.00000000e+00,  0.00000000e+00, -3.22455840e-05,
        1.90958075e-06, -6.58847301e-05, -9.26326881e-05,  9.76541844e-06,
        0.00000000e+00,  0.00000000e+00,  0.00000000e+00,  0.00000000e+00,
        2.74173128e-06,  7.61622466e-06,  9.64298892e-06,  2.58186316e-05,
        5.33461349e-05,  0.00000000e+00,  0.00000000e+00,  0.00000000e+00,
        0.00000000e+00,  0.00000000e+00,  0.00000000e+00,  0.00000000e+00,
        0.00000000e+00,  0.00000000e+00,  0.00000000e+00,  0.00000000e+00,
        0.00000000e+00,  0.00000000e+00,  0.00000000e+00,  0.00000000e+00,
        0.00000000e+00,  0.00000000e+00,  0.00000000e+00,  0.00000000e+00,
        0.00000000e+00,  0.00000000e+00,  0.00000000e+00,  0.00000000e+00,
        0.00000000e+00,  0.00000000e+00,  0.00000000e+00,  0.00000000e+00,
        0.00000000e+00,  0.00000000e+00,  0.00000000e+00,  0.00000000e+00,
        0.00000000e+00,  0.00000000e+00,  0.00000000e+00,  0.00000000e+00,
        0.00000000e+00,  0.00000000e+00,  0.00000000e+00,  0.00000000e+00,
        0.00000000e+00], dtype=float64),
                   'Te_l': Array([], shape=(0,), dtype=float64),
                   'Ti_l': Array([], shape=(0,), dtype=float64),
                   'Z_lmn': Array([-7.16423027e-08, -7.07199962e-07,  1.94757119e-08, -6.67869776e-07,
        6.25386803e-08,  3.78837514e-07,  2.68635890e-09,  6.77539720e-07,
        3.61899417e-08,  7.18447073e-07, -3.96051288e-07,  3.43545046e-07,
       -1.43316964e-08, -4.57242825e-08,  1.40664665e-07,  2.98956498e-07,
       -7.37857919e-08,  1.72137744e-08, -3.43545046e-07,  0.00000000e+00,
        6.38119282e-08,  3.60543383e-08, -1.76854607e-07, -2.98956498e-07,
        0.00000000e+00,  5.25867889e-07, -5.66477867e-07, -4.33201386e-07,
        1.16264945e-06, -1.80950119e-08, -1.45116839e-06, -4.56905937e-07,
       -7.79099416e-07,  7.95016176e-07,  1.08759291e-06,  1.41215150e-06,
       -3.66292057e-07,  4.22165553e-07, -1.28891608e-07, -5.43877738e-07,
       -2.96948082e-07, -5.03020036e-07,  3.90168972e-08,  3.66292057e-07,
        0.00000000e+00, -5.79261190e-08, -2.54658426e-07, -2.51138438e-07,
        2.96948082e-07,  0.00000000e+00,  1.50672355e-06, -8.64306827e-07,
       -5.66746275e-07,  7.93917798e-07,  3.51944655e-06,  5.36077938e-06,
       -1.77971480e-06, -8.50721550e-07, -2.18648537e-07, -2.33855538e-06,
       -5.89218393e-06,  2.15931580e-07,  5.98217399e-07, -1.91421158e-07,
        3.11867504e-07,  4.85743940e-07, -3.16584342e-07,  5.31404544e-07,
       -2.15931580e-07,  0.00000000e+00,  2.41520123e-07,  2.48224910e-07,
       -9.32189663e-08, -4.85743940e-07,  0.00000000e+00, -1.14904126e-05,
       -1.30905977e-05,  3.22288539e-06, -1.13827796e-05, -1.67658562e-06,
        1.32231204e-06,  1.23975200e-05,  1.18300328e-05,  1.77220776e-07,
        1.34198526e-05,  3.23315688e-08,  7.53805372e-07, -3.55877074e-06,
       -7.15660825e-07, -7.28931236e-07, -8.54710790e-07,  1.34733070e-06,
       -1.35464360e-06, -7.53805372e-07,  0.00000000e+00, -5.71222048e-07,
        2.68407677e-07,  5.51710460e-07,  8.54710790e-07,  0.00000000e+00,
        6.19588862e-04, -6.66571939e-04, -1.82274696e-05,  8.98840497e-04,
        8.49983444e-04,  1.59488024e-04, -5.86334464e-04, -9.00063809e-04,
       -1.58932181e-05, -1.44757326e-04, -1.92978455e-04, -1.06025687e-06,
       -1.24128014e-05,  1.33179105e-06,  4.89721029e-06,  1.27965618e-06,
        6.65726170e-06, -7.68530711e-06,  1.06025687e-06,  0.00000000e+00,
        1.40320744e-07,  1.09457818e-06, -8.97755215e-08, -1.27965619e-06,
        0.00000000e+00,  6.05078423e-04, -1.04473334e-03,  8.90093524e-04,
        2.53012438e-03,  9.06573410e-04, -2.20384081e-04, -1.51338524e-03,
       -2.45946141e-03,  8.63256819e-05,  7.23275151e-05,  2.29127146e-04,
       -1.84997350e-07, -1.51378184e-05, -1.70046587e-05, -1.95176451e-05,
       -1.05012957e-06,  1.07744329e-05, -1.69646032e-05,  1.84997350e-07,
        0.00000000e+00,  6.22114363e-07, -9.85854679e-07,  1.33898821e-06,
        1.05012957e-06,  0.00000000e+00,  1.24819410e-02,  1.50148485e-04,
       -1.02702709e-02,  2.01019147e-03, -5.86016502e-04,  4.07219102e-04,
       -1.95211464e-03, -2.41293104e-03, -4.01752726e-04, -1.46324896e-04,
       -5.60949824e-05, -9.06610440e-07,  2.11537166e-05, -3.47442842e-07,
        8.50081659e-06,  7.75649064e-07,  4.05488926e-06,  7.84158965e-06,
        9.06610440e-07,  0.00000000e+00,  5.39979452e-07,  1.88205314e-06,
       -2.50937207e-06, -7.75649064e-07,  0.00000000e+00,  1.62638626e+00,
        5.30228854e-03,  6.64363848e-02, -5.55118814e-03, -6.91250224e-03,
        1.44002623e-03,  5.71933653e-03,  7.50928383e-03, -5.83069071e-04,
        2.94060039e-04, -5.44682748e-04, -2.51201108e-06,  4.58911152e-05,
       -5.31477144e-05, -9.39087540e-06, -1.01148976e-06, -2.65281483e-05,
        3.03641842e-05,  2.51201108e-06,  0.00000000e+00, -4.57920666e-06,
        3.53659246e-06,  2.14296934e-06,  1.01148976e-06,  0.00000000e+00,
       -1.79241887e+00,  8.88973695e-03,  5.66849473e-04, -9.06694814e-03,
        1.79542376e-04, -1.01594257e-02,  4.89044870e-06, -6.92460811e-04,
       -6.45559209e-04, -8.45338369e-07, -2.54197239e-05, -5.86796308e-05,
        0.00000000e+00, -4.89044870e-06, -2.63636069e-05,  5.29776505e-05,
        0.00000000e+00,  8.45338368e-07,  1.06692491e-06,  3.08784822e-06,
        7.25789572e-04,  1.08861582e-02, -2.44587154e-04, -1.15696998e-03,
       -5.02987911e-04, -9.25428519e-03, -2.80919681e-07,  1.02002256e-03,
        4.16962064e-04, -8.24188645e-07,  3.40735932e-05,  1.39990098e-05,
        0.00000000e+00,  2.80919681e-07, -2.97744272e-05,  6.69709330e-05,
        0.00000000e+00,  8.24188645e-07,  2.19469834e-06, -2.71087076e-06,
        9.67468780e-05, -2.36784252e-03,  4.46629647e-04, -2.51696713e-05,
       -2.87674183e-04,  1.97266876e-03, -3.12377610e-07, -7.59910870e-05,
       -6.87016555e-05,  1.49615522e-06,  2.17580163e-05,  1.23311007e-05,
        0.00000000e+00,  3.12377610e-07, -6.92633245e-06, -3.98348914e-06,
        0.00000000e+00, -1.49615522e-06,  2.59171866e-06, -3.45751325e-06,
       -2.17119574e-04, -2.33505422e-04,  1.29706472e-04,  2.79332904e-04,
        1.00481826e-04,  2.74718014e-04, -5.03773734e-06, -1.46900304e-04,
       -5.54714827e-05, -9.86407948e-07,  7.10414324e-06,  9.68837008e-06,
        0.00000000e+00,  5.03773734e-06,  5.78135613e-06, -1.09061388e-05,
        0.00000000e+00,  9.86407948e-07, -1.46204737e-06,  1.71104972e-06,
        3.61576256e-04, -2.52003184e-04,  3.01069557e-04, -1.76091170e-04,
       -7.65691650e-07,  2.52796341e-04,  1.02771535e-07, -3.49100348e-04,
       -1.73441143e-04,  1.02566556e-06,  6.62825337e-06, -3.18277557e-06,
        0.00000000e+00, -1.02771535e-07,  5.42260792e-06, -3.47051142e-08,
        0.00000000e+00, -1.02566556e-06, -1.99527714e-06,  2.60257340e-06,
        1.15729453e-05, -8.85861411e-06,  1.74800497e-05, -6.51278711e-06,
       -5.74199710e-06,  1.40046900e-05,  8.35679954e-07, -1.68965785e-05,
       -4.05259012e-06, -4.90960550e-07,  5.89810904e-06, -5.30287996e-06,
        0.00000000e+00, -8.35679954e-07, -5.83471273e-07, -1.00756808e-06,
        0.00000000e+00,  4.90960550e-07, -1.56111942e-07,  1.56804028e-07,
       -3.28008755e-06,  2.70260473e-06, -1.91497676e-06,  2.32068194e-06,
        4.22049846e-07, -4.46949448e-06,  7.01206648e-07,  3.39236481e-06,
        1.30790039e-06,  4.36791516e-07, -4.41789861e-07,  1.57894793e-06,
        0.00000000e+00, -7.01206648e-07, -1.47738804e-06, -3.48494787e-07,
        0.00000000e+00, -4.36791516e-07,  1.97400153e-08,  1.87941813e-07,
       -1.11966132e-06,  1.23255445e-06, -1.17259624e-06,  1.57916233e-06,
        1.53683329e-06, -1.09047389e-06, -5.85137196e-08,  2.12758724e-06,
        8.53367343e-08, -2.69867833e-07, -1.50136510e-06,  1.69323467e-07,
        0.00000000e+00,  5.85137196e-08, -9.54990997e-07, -5.44837739e-07,
        0.00000000e+00,  2.69867833e-07, -3.54681912e-08, -3.11404024e-07,
       -1.67986266e-07, -5.14313277e-07,  5.30313927e-07,  2.14867289e-07,
       -3.84722285e-08,  2.84953317e-08,  4.28260733e-07, -5.02536493e-07,
       -1.04908151e-07,  2.35727029e-07,  1.18407746e-07,  3.64603269e-07,
        0.00000000e+00, -4.28260733e-07, -2.77774340e-08,  5.80271289e-08,
        0.00000000e+00, -2.35727029e-07, -7.99355173e-08,  1.21214677e-07],      dtype=float64),
                   'Za_n': Array([-1.02880311e-08,  2.20716651e-08, -6.29422491e-08,  6.71770698e-07,
        6.40349897e-05, -1.78264041e-03,  2.07794835e-02,  1.56561874e+00],      dtype=float64),
                   'Zb_lmn': Array([ 0.00000000e+00,  0.00000000e+00,  0.00000000e+00,  0.00000000e+00,
        0.00000000e+00,  0.00000000e+00,  0.00000000e+00,  0.00000000e+00,
        0.00000000e+00,  0.00000000e+00,  0.00000000e+00,  0.00000000e+00,
        0.00000000e+00,  0.00000000e+00,  0.00000000e+00,  0.00000000e+00,
        0.00000000e+00,  0.00000000e+00,  0.00000000e+00,  0.00000000e+00,
        0.00000000e+00,  0.00000000e+00,  0.00000000e+00,  0.00000000e+00,
        0.00000000e+00,  0.00000000e+00,  0.00000000e+00,  0.00000000e+00,
        0.00000000e+00,  0.00000000e+00,  0.00000000e+00,  0.00000000e+00,
        0.00000000e+00,  0.00000000e+00,  0.00000000e+00,  0.00000000e+00,
        2.75444767e-06,  4.53114407e-05,  1.20305767e-06, -4.11757377e-05,
       -1.10857833e-05,  0.00000000e+00,  0.00000000e+00,  0.00000000e+00,
        0.00000000e+00, -3.27289962e-05, -5.50579811e-05,  5.26724552e-05,
       -8.22153810e-06,  6.81470250e-05,  0.00000000e+00,  0.00000000e+00,
        0.00000000e+00,  0.00000000e+00,  2.81249214e-04, -5.78138024e-04,
       -4.01204954e-04,  3.58965709e-04, -3.95761282e-04,  0.00000000e+00,
        0.00000000e+00,  0.00000000e+00,  0.00000000e+00,  1.69858329e+00,
       -1.34268181e-03,  1.90848457e-03,  9.25707661e-04, -5.90316977e-04,
        0.00000000e+00,  0.00000000e+00,  0.00000000e+00,  0.00000000e+00,
        0.00000000e+00,  0.00000000e+00,  0.00000000e+00,  0.00000000e+00,
        1.55189577e-04, -1.51974945e-04, -1.32528049e-03, -1.80207840e+00,
        0.00000000e+00,  0.00000000e+00,  0.00000000e+00,  0.00000000e+00,
       -4.66719620e-04,  7.45660977e-04,  1.64316117e-03,  5.27525864e-05,
        0.00000000e+00,  0.00000000e+00,  0.00000000e+00,  0.00000000e+00,
       -2.63324448e-04,  3.63712227e-04, -3.86300176e-04, -1.10793790e-06,
        0.00000000e+00,  0.00000000e+00,  0.00000000e+00,  0.00000000e+00,
        1.06123921e-04, -1.14124753e-05,  5.26120124e-05, -4.16429120e-06,
        0.00000000e+00,  0.00000000e+00,  0.00000000e+00,  0.00000000e+00,
        3.86728459e-06, -4.26081825e-05,  2.12954381e-07,  1.20092381e-05,
        0.00000000e+00,  0.00000000e+00,  0.00000000e+00,  0.00000000e+00,
        0.00000000e+00,  0.00000000e+00,  0.00000000e+00,  0.00000000e+00,
        0.00000000e+00,  0.00000000e+00,  0.00000000e+00,  0.00000000e+00,
        0.00000000e+00,  0.00000000e+00,  0.00000000e+00,  0.00000000e+00,
        0.00000000e+00,  0.00000000e+00,  0.00000000e+00,  0.00000000e+00,
        0.00000000e+00,  0.00000000e+00,  0.00000000e+00,  0.00000000e+00,
        0.00000000e+00,  0.00000000e+00,  0.00000000e+00,  0.00000000e+00,
        0.00000000e+00,  0.00000000e+00,  0.00000000e+00,  0.00000000e+00],      dtype=float64),
                   'Zeff_l': Array([], shape=(0,), dtype=float64),
                   'a_lmn': Array([], shape=(0,), dtype=float64),
                   'c_l': Array([0., 0., 0., 0., 0.], dtype=float64),
                   'i_l': Array([], shape=(0,), dtype=float64),
                   'ne_l': Array([], shape=(0,), dtype=float64),
                   'ni_l': Array([], shape=(0,), dtype=float64),
                   'p_l': Array([0., 0., 0., 0., 0.], dtype=float64)}],
               [ { 'G': Array([], shape=(0,), dtype=float64),
                   'I': Array([], shape=(0,), dtype=float64),
                   'L_lmn': Array([ 5.27168298e-07,  7.00723530e-07,  2.76837518e-07,  8.14227866e-07,
       -3.09918639e-08,  1.07564570e-06, -1.01870937e-06, -1.24617932e-07,
       -6.49827860e-08, -3.90114301e-07, -1.24621818e-06, -6.48514617e-08,
        2.12365422e-07, -5.98866095e-07,  2.60224515e-08,  3.89632819e-08,
       -2.66152387e-07,  1.90793289e-07,  1.34899691e-07,  1.05765436e-08,
       -2.95897789e-08, -9.72910865e-09,  6.02549020e-08, -1.09169007e-08,
       -4.53846964e-09,  7.57496572e-07, -9.66163067e-07, -1.06027848e-06,
       -2.32524358e-06, -4.06532373e-07, -1.52021163e-06, -5.54526304e-08,
        1.58675041e-06, -5.56065433e-07,  8.34711988e-07,  1.62367141e-06,
       -4.78327725e-07,  1.68237008e-07,  8.10869002e-07, -1.79083840e-07,
       -3.39265459e-08,  1.44218957e-07, -2.74020501e-07,  2.87505200e-09,
        7.80645553e-08, -2.89315631e-08,  2.27418355e-08,  2.00702742e-08,
       -1.20540389e-08, -9.57508110e-09,  1.28543374e-06, -5.99528525e-06,
       -1.14103931e-06, -8.90407361e-06,  7.20507109e-06, -5.35791419e-06,
        1.51608546e-06,  9.43101238e-06,  5.29239149e-06, -5.62730411e-07,
        7.84811881e-06,  1.15449112e-06,  5.29262563e-07, -5.99226727e-07,
       -1.69884146e-06, -2.97516248e-07, -1.59687567e-07,  6.85587700e-07,
       -5.19363278e-07,  5.59490304e-08, -3.83558953e-08, -4.83523150e-08,
        3.11118604e-08, -2.01590330e-08, -5.90718261e-09,  4.69998280e-05,
        7.60905654e-05, -1.82784192e-05,  2.21105717e-05, -8.05397933e-05,
       -9.29446132e-06, -2.97387994e-05, -3.13469313e-05, -1.34248554e-05,
        2.45013737e-06, -1.02918615e-05, -6.35102131e-07, -6.34298313e-07,
        6.89108454e-07,  6.05775524e-06,  5.76612785e-08,  5.69073627e-07,
       -4.78483136e-07,  1.44248192e-06,  1.07760322e-07, -1.76084456e-09,
        8.22341955e-08, -2.31541491e-07, -6.62915327e-08, -2.51123851e-08,
        3.33923499e-04, -6.29141814e-04, -3.53270407e-04, -2.24627201e-04,
        6.81118890e-04,  1.77039961e-04,  3.49357905e-06,  5.14197245e-04,
        9.24471306e-06,  3.44904615e-06,  2.80723197e-05, -2.43145356e-07,
        2.24762242e-06,  2.92804479e-06, -6.62201123e-06, -1.28533026e-06,
        3.92023207e-07,  2.08389806e-06, -1.98108646e-06,  1.16153748e-07,
       -9.41674553e-08, -1.72379393e-07,  8.79157992e-08, -2.70521655e-07,
       -3.50685383e-08, -1.16226614e-03, -1.89590966e-03,  1.10282524e-03,
       -1.34213214e-03,  1.20785112e-03, -2.21393406e-04,  2.14441407e-06,
        3.16553986e-04,  3.65749228e-06,  1.27379029e-05, -6.05733436e-05,
        1.49889062e-06,  5.86130958e-06,  3.38585925e-06,  8.09237450e-06,
       -4.01114616e-06,  1.24733345e-06, -2.12037673e-06,  3.53666253e-06,
       -4.04385423e-07,  4.21754787e-07,  1.01968660e-06, -1.17635964e-06,
       -1.60718983e-07, -4.40126954e-08, -8.75635188e-03,  2.96899506e-03,
        3.83000848e-03, -9.53862805e-04,  4.54544907e-03,  1.27015431e-03,
        3.01875411e-05,  8.13110404e-04, -2.67472388e-05, -8.43638804e-05,
        7.24401401e-05, -5.13855519e-06,  7.70055784e-06,  2.30337813e-05,
        7.23085829e-06, -8.70332768e-07, -2.27277262e-07, -9.13047464e-07,
       -2.85359677e-06, -2.21585737e-07, -7.07088132e-07,  2.08411741e-06,
       -2.73820558e-06,  5.72835061e-07,  1.47770899e-08,  1.64331017e-01,
       -2.56030434e-02, -4.26644564e-04, -9.78473929e-03, -7.14954233e-03,
        3.93022021e-03, -6.53627792e-04,  9.07467105e-04, -7.56071013e-05,
        3.54064038e-04, -8.27093882e-05, -1.20765878e-05, -2.67315369e-05,
       -1.88006725e-05,  1.77206001e-06, -2.58543257e-06,  3.03273684e-06,
       -4.40376118e-06, -4.45063438e-06, -5.73936526e-07, -3.36444419e-06,
       -1.63521345e-06,  8.96221997e-07,  2.96225487e-08, -1.61177621e-08,
        4.58786375e-03, -5.79821031e-03, -5.25259549e-04,  2.51806712e-02,
       -7.86728481e-05,  6.04205668e-04,  1.15984620e-05,  4.62797464e-06,
        1.15627498e-03, -1.74834980e-07, -4.66508052e-06,  1.98512232e-06,
       -5.01214136e-07, -7.03125989e-06,  4.61854498e-07, -3.34245715e-06,
       -7.62770519e-10,  6.16572789e-07, -1.52986358e-06,  7.01002678e-06,
       -5.76145065e-02, -6.22894987e-03,  3.16065226e-03,  1.48432766e-02,
       -4.49377816e-05,  1.09566093e-03, -7.23639010e-06, -2.41755007e-05,
       -1.65364071e-04,  7.31908249e-06,  2.74425567e-05, -1.73830673e-05,
        1.15111088e-07, -5.06064578e-06, -9.51515765e-06,  1.11886788e-06,
        6.68860474e-08,  3.03223141e-07, -6.88166153e-07,  7.59471332e-06,
        1.28710750e-02, -2.70882325e-04,  1.34799119e-03, -3.78811865e-03,
       -2.00705277e-05, -4.95986419e-04, -4.13056034e-06, -4.80346998e-06,
        7.77888048e-05, -8.97999025e-07, -1.49667196e-05, -6.39218302e-06,
       -4.45100878e-07, -1.37753861e-06,  2.58424004e-06,  4.02679371e-06,
        5.48937905e-08,  4.38570638e-07,  4.15130132e-07, -1.37914615e-06,
       -9.99127865e-04, -6.97451662e-04, -3.52588090e-04,  1.04311355e-04,
       -3.29941246e-06, -2.80230498e-04,  7.07285663e-06,  5.26664855e-05,
       -5.58764502e-06, -3.68586839e-06,  1.44607394e-05,  5.88477368e-06,
       -4.40292719e-07, -9.50542457e-07, -1.27705801e-06, -2.54905198e-06,
        1.83913457e-08,  8.43115153e-08, -2.22683264e-07,  4.01389267e-07,
       -4.12632075e-04,  5.04959780e-04,  1.83823734e-04,  4.59555601e-04,
       -2.15489799e-06, -1.93407824e-04,  1.04386334e-06,  8.39354472e-06,
        2.15871013e-05, -1.40516401e-06,  3.60982446e-06, -8.02680842e-06,
       -1.39357028e-07, -1.93701707e-06,  1.11598727e-06,  1.40520117e-06,
       -2.03372606e-09, -2.47505501e-07, -5.95508839e-07,  3.97367499e-07,
        2.51557271e-05, -1.46023318e-06, -4.62005681e-07, -3.06612486e-05,
       -1.09780902e-05, -9.83829958e-06, -3.50285344e-07, -1.87514851e-05,
        7.83764087e-06,  1.48976698e-08,  3.68284238e-06,  2.70435844e-06,
        9.10227939e-08,  1.16918029e-06, -1.56268514e-06, -9.92960574e-07,
       -2.50467712e-08, -7.23255217e-08, -5.16747046e-08, -2.54853646e-07,
       -8.27379707e-06, -8.21412480e-07, -1.41694813e-06,  5.41786275e-06,
        2.47897047e-06,  7.25587606e-07,  9.72007422e-07,  3.01668499e-06,
        1.88044423e-06, -2.81228947e-07,  1.17653573e-06,  2.00732710e-07,
        2.77929836e-08, -3.81888236e-07,  4.03959540e-07,  3.25459544e-07,
       -9.24687543e-09, -5.53680233e-08, -1.86718328e-07, -2.29455419e-07,
        2.51663501e-06, -8.05705543e-07, -9.34272048e-07, -4.78679874e-06,
       -1.11432753e-06, -9.14777850e-08, -5.44042798e-07,  1.41359075e-06,
        2.18025998e-06, -4.45158305e-08,  4.15021327e-07,  9.92591293e-07,
        7.29279527e-08,  6.74095090e-08, -5.62605029e-07, -2.04114398e-07,
       -9.70136920e-09, -1.69294465e-08, -1.04410184e-07, -3.78828319e-08,
        3.32725039e-07,  8.64044007e-07,  1.07504214e-06, -7.48165526e-07,
        1.46758580e-07, -2.57010662e-07, -2.31638012e-07, -1.25613742e-06,
        5.58446626e-07,  3.21557235e-08, -1.49794360e-07, -5.40382604e-07,
        8.07548414e-09,  2.78179827e-07,  1.55385190e-07, -1.00753047e-07,
       -4.90808643e-09, -6.86215240e-09, -3.82203522e-08, -1.79861388e-08],      dtype=float64),
                   'Phi_mn': Array([], shape=(0,), dtype=float64),
                   'Psi': Array([50.], dtype=float64),
                   'R_lmn': Array([-7.19217239e-07,  3.65313458e-07, -6.83441152e-07,  5.71869315e-07,
       -9.93023783e-07, -5.69945137e-07,  1.19658626e-07,  2.52345589e-07,
        6.02373584e-07,  1.17144257e-07,  1.05246981e-06,  4.39774899e-08,
        0.00000000e+00, -1.19658626e-07,  4.31095563e-07, -4.55025660e-07,
        0.00000000e+00, -1.17144257e-07, -5.94460277e-08,  1.60654189e-07,
       -2.27001759e-06, -2.00553583e-07,  2.03343267e-06,  1.23897868e-06,
        1.19418588e-06,  7.55951596e-07,  1.24243393e-07, -1.41644045e-06,
        9.26063679e-07,  5.77260722e-08, -1.37723386e-06, -3.24478293e-07,
        0.00000000e+00, -1.24243393e-07, -6.16992219e-07,  1.04975226e-07,
        0.00000000e+00, -5.77260722e-08,  1.83047981e-07, -2.30919720e-07,
       -1.35228743e-06, -3.21721313e-06,  7.22218064e-06,  1.90356333e-06,
        6.66766683e-06, -1.89804847e-07, -1.61737272e-06, -7.26030466e-06,
        2.50772596e-08, -3.48747976e-07, -6.24095118e-06,  2.88262780e-06,
        0.00000000e+00,  1.61737272e-06,  3.81240238e-08, -5.76353155e-07,
        0.00000000e+00,  3.48747976e-07, -4.26715651e-07,  5.24390173e-07,
       -6.75743190e-05, -3.89461767e-05, -1.81434344e-05,  4.27005109e-05,
       -1.01007519e-05,  4.28677660e-05,  5.34691948e-06,  1.69083019e-05,
        2.35616379e-05,  1.00866611e-06,  1.04185277e-05, -3.46913168e-06,
        0.00000000e+00, -5.34691948e-06,  1.23513248e-06,  1.31217019e-06,
        0.00000000e+00, -1.00866611e-06, -3.17775786e-07, -4.52457573e-07,
       -9.83939793e-04,  3.51656691e-04,  2.42509790e-04,  5.83175595e-04,
       -2.38485440e-04, -4.12978493e-04, -2.54438274e-06, -3.69379945e-04,
        1.85182079e-04, -2.14032024e-06, -2.01476783e-05,  1.05886453e-05,
        0.00000000e+00,  2.54438274e-06, -4.83157733e-06, -2.98544528e-06,
        0.00000000e+00,  2.14032024e-06, -4.56897086e-06,  2.00950243e-07,
        1.75475657e-03,  1.25074319e-03,  7.15167603e-04, -1.53679675e-03,
       -2.12078059e-05, -8.73051558e-04,  5.88400683e-06, -2.17821415e-04,
        7.29585044e-05,  1.54653923e-06,  5.18856110e-05, -5.40329986e-05,
        0.00000000e+00, -5.88400683e-06, -1.82346777e-05, -1.49543926e-05,
        0.00000000e+00, -1.54653923e-06, -3.21581708e-06, -2.10974518e-06,
        7.38468738e-03,  1.06527535e-04,  2.47261828e-03, -4.83372478e-03,
       -1.14358642e-03, -2.46172601e-03,  1.71986280e-06, -6.05884285e-04,
        3.63962443e-04, -5.65052681e-08, -2.18577828e-05,  2.89133318e-05,
        0.00000000e+00, -1.71986280e-06, -2.04207093e-05,  3.98604874e-07,
        0.00000000e+00,  5.65052681e-08, -6.13451492e-06,  4.25422574e-06,
        4.74698049e-03, -1.30824570e-03,  6.60766684e-03,  6.86062852e-04,
       -3.17503881e-03,  6.02838886e-03,  1.43867883e-05, -1.11871981e-03,
        1.30850836e-03, -7.15411546e-07,  1.03812941e-04, -6.97127497e-05,
        0.00000000e+00, -1.43867883e-05,  2.16414587e-05,  1.93067854e-05,
        0.00000000e+00,  7.15411546e-07, -6.40921915e-07,  1.19835625e-06,
        7.93321490e+00,  1.80440854e+00,  7.54968397e-02, -8.66932289e-03,
        5.06684431e-03,  4.21224060e-04, -8.84225506e-03,  1.38643572e-02,
       -1.17978956e-03, -2.48857553e-04,  6.66949523e-04,  2.80607954e-06,
        1.34780128e-04, -8.47951881e-05,  8.33699599e-05,  2.51822047e-06,
       -2.22307213e-05,  4.41419302e-05, -2.80607954e-06,  0.00000000e+00,
       -4.26324285e-06,  1.05750557e-06,  5.53230789e-06, -2.51822047e-06,
        0.00000000e+00,  1.63830300e+00,  1.30874809e-03,  5.92857138e-02,
       -1.75538553e-02, -1.10893485e-03, -5.25264853e-03, -5.95892566e-03,
        9.75802645e-03,  2.52414073e-03, -5.78407834e-04,  7.41702279e-04,
       -1.30655339e-05,  1.02528744e-04, -6.37428569e-05, -2.81044236e-05,
        1.40392689e-08, -2.80340265e-05,  5.08259565e-05,  1.30655339e-05,
        0.00000000e+00,  4.26785468e-07,  1.82802932e-06, -2.16771325e-06,
       -1.40392689e-08,  0.00000000e+00,  1.02966185e-02, -8.27779863e-04,
       -1.02982669e-02,  5.57904200e-03,  5.12643278e-04, -1.67475418e-03,
        1.46332111e-03, -3.09366943e-03,  1.05265627e-03,  2.12340596e-04,
       -2.93777814e-04,  9.85021974e-06, -2.55784272e-05,  3.41610548e-05,
       -4.15567140e-05, -5.92463795e-07,  1.27925745e-05,  6.08184711e-07,
       -9.85021974e-06,  0.00000000e+00, -1.28395492e-06, -2.71983782e-07,
       -1.67394368e-06,  5.92463795e-07,  0.00000000e+00, -1.02179043e-03,
       -4.15712452e-04,  8.34157581e-04, -4.76052588e-04,  3.62849070e-04,
       -2.92319811e-04,  2.78842980e-05,  1.78926280e-04, -1.07750354e-04,
        6.78390169e-05, -1.70077738e-04, -8.54226064e-06,  2.17746240e-06,
       -1.72502372e-05,  4.78755647e-05,  1.09046357e-06, -6.11306160e-06,
       -5.95265549e-06,  8.54226064e-06,  0.00000000e+00,  2.35970134e-06,
       -1.13625972e-06, -6.74526564e-07, -1.09046357e-06,  0.00000000e+00,
        2.73344219e-04, -3.52512993e-05, -1.39834509e-05, -2.19253394e-04,
       -1.18468769e-05,  2.81280785e-04, -2.36124047e-04,  2.54057296e-04,
        1.98783272e-04,  8.23508730e-05, -1.48260790e-04, -2.54142960e-06,
       -1.10803780e-05,  7.84004280e-06,  1.27626986e-05,  1.85321876e-06,
        2.00423265e-06, -2.17835615e-06,  2.54142960e-06,  0.00000000e+00,
       -7.03721442e-07,  1.87883026e-07,  1.71672515e-06, -1.85321876e-06,
        0.00000000e+00, -1.29123170e-05,  1.50635585e-05,  3.51825130e-06,
        8.31332476e-06, -1.13787328e-05,  3.50061542e-06,  9.31047882e-06,
       -1.95100085e-05,  1.58024458e-05, -2.12914915e-06, -4.79748533e-06,
       -3.58437995e-06, -4.04053342e-07,  1.11337281e-05, -1.45093686e-05,
       -8.79260347e-07, -1.55567656e-06,  1.29686991e-06,  3.58437995e-06,
        0.00000000e+00,  4.87640222e-07,  6.29556075e-08, -1.29307726e-06,
        8.79260347e-07,  0.00000000e+00,  4.51335218e-06,  4.24052695e-08,
        6.48178158e-07, -1.09822558e-06, -5.43525727e-07,  1.61398723e-06,
       -4.65209137e-06,  6.28247428e-08, -1.98062838e-06, -7.12788710e-07,
       -2.30940197e-06, -5.37423704e-07, -4.71987144e-07,  6.22390642e-07,
        1.12954836e-06,  1.87159816e-07,  1.21390917e-06,  6.95414742e-07,
        5.37423704e-07,  0.00000000e+00, -3.74518283e-08,  4.13010195e-07,
        8.51080019e-07, -1.87159816e-07,  0.00000000e+00, -1.19761325e-06,
        4.15897983e-07,  8.67768427e-07,  2.21955846e-06,  7.87951831e-07,
       -4.28319696e-07,  1.15495927e-06, -3.38842908e-06, -7.03753235e-07,
       -8.78708572e-07, -2.47053192e-07, -5.30148576e-07, -9.28496989e-07,
        1.02841098e-06,  1.01426293e-06, -1.16711045e-07, -3.25141242e-07,
        6.75372888e-07,  5.30148576e-07,  0.00000000e+00,  1.03382546e-07,
        1.40459631e-07, -3.10509699e-07,  1.16711045e-07,  0.00000000e+00,
       -2.51571510e-07, -5.33821948e-07,  2.43264175e-07, -7.69350593e-07,
       -1.28339180e-07,  4.83408123e-07,  1.85924738e-07,  3.04760478e-07,
        1.15167725e-06,  4.38416015e-07, -1.48999824e-07,  8.63644876e-08,
       -2.18684209e-07,  5.34809115e-07, -1.19078240e-06, -2.53775972e-07,
        2.23745113e-07, -3.34408299e-07, -8.63644876e-08,  0.00000000e+00,
        4.10668067e-08, -7.02190005e-08,  3.91051508e-08,  2.53775972e-07,
        0.00000000e+00], dtype=float64),
                   'Ra_n': Array([ 7.84873676e+00,  1.57295625e+00,  2.20825010e-02, -1.82788147e-03,
        6.15802800e-05, -6.22839592e-06, -3.52382030e-07,  1.21457125e-07,
       -4.91599320e-08], dtype=float64),
                   'Rb_lmn': Array([ 0.00000000e+00,  0.00000000e+00,  0.00000000e+00,  0.00000000e+00,
        0.00000000e+00,  0.00000000e+00,  0.00000000e+00,  0.00000000e+00,
        0.00000000e+00,  0.00000000e+00,  0.00000000e+00,  0.00000000e+00,
        0.00000000e+00,  0.00000000e+00,  0.00000000e+00,  0.00000000e+00,
        0.00000000e+00,  0.00000000e+00,  0.00000000e+00,  0.00000000e+00,
        0.00000000e+00,  0.00000000e+00,  0.00000000e+00,  0.00000000e+00,
        0.00000000e+00,  0.00000000e+00,  0.00000000e+00,  0.00000000e+00,
        0.00000000e+00,  0.00000000e+00,  0.00000000e+00,  0.00000000e+00,
        0.00000000e+00,  0.00000000e+00,  0.00000000e+00,  0.00000000e+00,
       -2.63202089e-04, -1.31701733e-04, -5.05322062e-05, -2.18567564e-04,
        0.00000000e+00,  0.00000000e+00,  0.00000000e+00,  0.00000000e+00,
        2.74619880e-05,  4.79111510e-04,  3.21548893e-04,  2.75963933e-04,
        0.00000000e+00,  0.00000000e+00,  0.00000000e+00,  0.00000000e+00,
       -1.17157872e-03,  1.84631329e-03, -2.32203091e-03,  2.91532365e-03,
        0.00000000e+00,  0.00000000e+00,  0.00000000e+00,  0.00000000e+00,
       -3.07186679e-03,  5.51058848e-03,  4.65162876e-03,  6.76085848e-03,
        8.00000000e+00,  1.80920429e+00,  5.11129668e-03,  1.13231551e-03,
       -1.09088729e-03,  0.00000000e+00,  0.00000000e+00,  0.00000000e+00,
        0.00000000e+00,  1.69173274e+00, -4.06628620e-04, -7.85774365e-03,
       -4.46012030e-03,  2.49386860e-03,  0.00000000e+00,  0.00000000e+00,
        0.00000000e+00,  0.00000000e+00,  1.43481030e-03, -9.00034150e-05,
        2.51926164e-03, -1.96792381e-03,  1.00942561e-03,  0.00000000e+00,
        0.00000000e+00,  0.00000000e+00,  0.00000000e+00, -1.55211384e-04,
        8.86257355e-06, -3.15512805e-04, -4.68350205e-04, -6.05493163e-05,
        0.00000000e+00,  0.00000000e+00,  0.00000000e+00,  0.00000000e+00,
        1.14526222e-05,  3.72569294e-05,  4.28318272e-05,  1.30841639e-04,
        2.13262696e-04,  0.00000000e+00,  0.00000000e+00,  0.00000000e+00,
        0.00000000e+00,  0.00000000e+00,  0.00000000e+00,  0.00000000e+00,
        0.00000000e+00,  0.00000000e+00,  0.00000000e+00,  0.00000000e+00,
        0.00000000e+00,  0.00000000e+00,  0.00000000e+00,  0.00000000e+00,
        0.00000000e+00,  0.00000000e+00,  0.00000000e+00,  0.00000000e+00,
        0.00000000e+00,  0.00000000e+00,  0.00000000e+00,  0.00000000e+00,
        0.00000000e+00,  0.00000000e+00,  0.00000000e+00,  0.00000000e+00,
        0.00000000e+00,  0.00000000e+00,  0.00000000e+00,  0.00000000e+00,
        0.00000000e+00,  0.00000000e+00,  0.00000000e+00,  0.00000000e+00,
        0.00000000e+00,  0.00000000e+00,  0.00000000e+00,  0.00000000e+00,
        0.00000000e+00], dtype=float64),
                   'Te_l': Array([], shape=(0,), dtype=float64),
                   'Ti_l': Array([], shape=(0,), dtype=float64),
                   'Z_lmn': Array([-4.17428783e-07, -1.58867132e-06, -2.61245813e-07, -1.34489492e-06,
        2.00932839e-07, -7.97181843e-07,  3.26113659e-07,  6.20358877e-07,
       -5.97418486e-07,  1.31968512e-06,  5.02067651e-07,  6.10350433e-08,
        2.90991611e-07,  6.39328536e-07,  7.46224867e-07,  8.84321769e-08,
        6.80533579e-08,  2.95114193e-07, -6.10350433e-08,  0.00000000e+00,
        6.15693247e-08,  8.52075094e-08, -1.48806381e-07, -8.84321769e-08,
        0.00000000e+00,  3.44729260e-07,  1.02453002e-06,  3.91855266e-07,
        2.05803251e-06,  9.94639510e-07,  1.80019144e-06, -1.68707038e-07,
       -1.00716657e-06,  1.32239599e-06, -1.49995937e-06, -1.16080190e-06,
       -1.21717429e-07, -4.49355287e-07, -1.07471154e-06, -1.52499389e-06,
       -5.78398945e-08, -5.19210162e-07, -6.39389546e-07,  1.21717429e-07,
        0.00000000e+00, -1.18522201e-07,  2.38456008e-08,  2.02597893e-07,
        5.78398945e-08,  0.00000000e+00,  3.03476339e-06,  2.22022635e-06,
       -1.21268779e-06,  8.54871219e-06,  1.04151205e-06,  4.87269359e-06,
       -3.04884005e-06, -5.74078668e-06,  4.98707890e-06, -2.90752464e-06,
       -6.27068032e-06, -1.35500939e-06,  1.20389937e-06, -2.50265757e-06,
       -5.05274370e-06, -4.52332524e-07, -3.54213767e-07,  1.39798672e-06,
        1.35500939e-06,  0.00000000e+00,  2.28650738e-08, -3.05267932e-07,
        6.56648001e-08,  4.52332524e-07,  0.00000000e+00, -3.75720926e-05,
       -7.36538823e-05,  1.70322619e-06, -5.36689916e-05,  3.70374770e-05,
       -1.46907319e-05,  3.94063987e-05,  5.31861877e-05, -6.41354716e-06,
        3.71714299e-05,  1.62313336e-05,  4.67454999e-06, -2.87778661e-06,
       -3.33594264e-08,  6.91646534e-06,  8.49258100e-07, -5.55024598e-07,
       -1.54060160e-06, -4.67454999e-06,  0.00000000e+00, -6.59745715e-07,
        5.16163318e-07, -5.02918179e-07, -8.49258100e-07,  0.00000000e+00,
        3.40932603e-04,  1.33067589e-04,  1.29563807e-07,  5.25671813e-04,
        2.68871765e-04,  1.37371473e-04, -3.20350826e-04, -5.12368426e-04,
        2.86995468e-05, -1.82007167e-04, -3.39435660e-04, -6.15992283e-06,
       -7.13520965e-06, -7.29865506e-06, -1.65594018e-05, -1.93451361e-06,
       -1.03070650e-06, -3.36661039e-06,  6.15992283e-06,  0.00000000e+00,
       -8.95559817e-07,  1.03010310e-06, -2.64803960e-06,  1.93451360e-06,
        0.00000000e+00, -5.55760922e-04,  1.08435555e-03,  8.75802700e-04,
        1.06830598e-03, -1.15835349e-03,  1.77092895e-04, -4.83714064e-04,
       -8.02691015e-04,  3.64783446e-04, -2.10782371e-04, -1.96309710e-04,
        2.67903033e-06,  5.88146660e-06, -1.16091108e-05,  4.80413029e-05,
        2.98105846e-06,  2.17875862e-06, -2.43761603e-05, -2.67903033e-06,
        0.00000000e+00,  1.26102947e-07,  2.09675234e-06, -1.39905443e-06,
       -2.98105846e-06,  0.00000000e+00,  1.47710256e-02,  1.77158092e-03,
       -1.10842910e-02,  1.41620369e-03, -4.43924621e-03,  2.25635428e-03,
       -2.33088007e-03, -3.36741849e-03, -1.32328324e-03, -2.23323286e-04,
       -4.76568220e-04,  1.35973874e-06,  4.63024199e-05, -5.18505162e-05,
       -5.22315532e-05,  5.82496977e-07, -4.56569634e-06, -8.82711610e-06,
       -1.35973874e-06,  0.00000000e+00, -2.41292089e-06,  7.86335525e-06,
       -4.44334051e-06, -5.82496977e-07,  0.00000000e+00,  1.62014594e+00,
       -5.93531379e-03,  6.82605291e-02,  4.53315157e-03, -8.16495287e-04,
        5.66258689e-03,  4.47422353e-03,  5.06799942e-03, -2.62860333e-03,
       -1.68915121e-05, -1.01075460e-03,  1.50904024e-05,  3.08752609e-05,
       -7.41070334e-05,  1.07812162e-04,  1.36490128e-07, -2.39083823e-05,
        2.65605447e-05, -1.50904024e-05,  0.00000000e+00, -7.85629811e-06,
        1.25617748e-05, -3.45248091e-06, -1.36490128e-07,  0.00000000e+00,
       -1.79972642e+00,  6.70061965e-03, -7.75863657e-05, -1.01423214e-02,
        8.74422730e-04, -1.32115969e-02, -2.94973767e-06, -6.70221845e-04,
       -5.95315522e-04, -1.74546969e-06, -9.21471244e-05, -1.44866256e-04,
        0.00000000e+00,  2.94973767e-06, -4.08065186e-05,  8.45933972e-05,
        0.00000000e+00,  1.74546969e-06, -1.05178258e-05,  4.80634819e-06,
        1.53058145e-03,  1.87411486e-02,  4.72311185e-03, -7.78603057e-04,
       -2.45198643e-03, -1.05052120e-02,  1.51363398e-05, -8.62712777e-04,
       -5.78778215e-04, -2.01498860e-07,  4.89503047e-05,  5.28074267e-05,
        0.00000000e+00, -1.51363398e-05, -4.54083371e-05,  7.92784940e-05,
        0.00000000e+00,  2.01498860e-07, -3.38876114e-06,  1.37985707e-05,
       -7.25541580e-04, -4.27873970e-03,  1.41684241e-03,  6.03818960e-04,
       -1.42146186e-03,  2.42721617e-03, -6.04059931e-06,  3.97655856e-04,
        1.24532558e-04,  1.43158836e-06,  7.25374894e-06, -4.90968161e-05,
        0.00000000e+00,  6.04059931e-06,  1.68662487e-05, -8.75290252e-06,
        0.00000000e+00, -1.43158836e-06,  6.52916811e-07, -4.65024743e-06,
       -5.63807207e-04,  4.27155250e-04, -2.44382710e-04,  4.29897469e-04,
        4.29894598e-04, -1.66441283e-04,  6.38763443e-06,  1.96036440e-04,
        1.19667263e-04, -7.94654992e-08, -4.83208395e-05, -4.97243765e-06,
        0.00000000e+00, -6.38763443e-06,  1.08117243e-06, -6.09028149e-06,
        0.00000000e+00,  7.94654992e-08,  3.51568142e-06, -1.63837101e-06,
        2.28730914e-05,  3.56814957e-04, -3.62773517e-04, -3.95508053e-05,
       -9.96518806e-06, -3.36103693e-04,  2.13230955e-07,  1.60070161e-04,
        6.37777077e-05, -1.63475139e-06, -7.64414379e-06, -1.42425792e-05,
        0.00000000e+00, -2.13230955e-07,  9.47497646e-07,  1.02529874e-05,
        0.00000000e+00,  1.63475139e-06,  5.07168651e-07, -2.44869017e-06,
        3.53675492e-06, -3.35545247e-05, -5.08937087e-07, -2.25249098e-06,
       -1.38830381e-05,  3.34061833e-05,  3.45342140e-06,  3.80910198e-06,
       -1.31722237e-06,  4.94427759e-07,  1.25878076e-05, -7.05279781e-07,
        0.00000000e+00, -3.45342140e-06, -3.30016490e-06,  3.29584221e-08,
        0.00000000e+00, -4.94427759e-07,  1.29523047e-06,  8.53621211e-07,
       -4.49471132e-06,  9.03718253e-06,  4.14961438e-07,  2.82422315e-06,
        4.05754387e-07, -5.39209055e-06,  4.82837811e-07,  4.70928930e-08,
        2.01252957e-06, -3.68772389e-07,  2.26688383e-08, -3.21965672e-06,
        0.00000000e+00, -4.82837811e-07, -4.62054331e-07, -3.42041403e-07,
        0.00000000e+00,  3.68772389e-07, -4.28423225e-07, -4.25435260e-07,
        8.92009920e-07, -6.54423731e-07,  1.13309888e-06, -6.31597174e-08,
        9.18708199e-07,  1.65663700e-06,  2.53165210e-07, -2.56707106e-07,
       -4.75048823e-07, -1.83061891e-08, -1.22695363e-06, -1.31143100e-06,
        0.00000000e+00, -2.53165210e-07, -8.76391775e-07, -3.53801379e-07,
        0.00000000e+00,  1.83061891e-08,  3.08245434e-07,  3.09217739e-07,
       -5.55881877e-07, -8.91462691e-07, -8.94125308e-07,  2.78401872e-09,
       -4.86072471e-07,  8.22262322e-07, -1.48934822e-07,  4.91767484e-07,
        3.74400608e-07,  2.01468412e-07,  7.04314990e-07,  8.86413297e-08,
        0.00000000e+00,  1.48934822e-07,  4.02357824e-07,  1.78697251e-07,
        0.00000000e+00, -2.01468412e-07, -2.18242520e-07, -1.94409609e-08],      dtype=float64),
                   'Za_n': Array([-5.94915974e-08,  1.15000042e-07,  1.75768266e-08,  2.34912083e-06,
        2.66918631e-05, -1.92103305e-03,  2.34757211e-02,  1.55632090e+00],      dtype=float64),
                   'Zb_lmn': Array([ 0.00000000e+00,  0.00000000e+00,  0.00000000e+00,  0.00000000e+00,
        0.00000000e+00,  0.00000000e+00,  0.00000000e+00,  0.00000000e+00,
        0.00000000e+00,  0.00000000e+00,  0.00000000e+00,  0.00000000e+00,
        0.00000000e+00,  0.00000000e+00,  0.00000000e+00,  0.00000000e+00,
        0.00000000e+00,  0.00000000e+00,  0.00000000e+00,  0.00000000e+00,
        0.00000000e+00,  0.00000000e+00,  0.00000000e+00,  0.00000000e+00,
        0.00000000e+00,  0.00000000e+00,  0.00000000e+00,  0.00000000e+00,
        0.00000000e+00,  0.00000000e+00,  0.00000000e+00,  0.00000000e+00,
        0.00000000e+00,  0.00000000e+00,  0.00000000e+00,  0.00000000e+00,
        1.26805714e-05,  2.18901481e-04,  7.03483481e-06, -2.05430798e-04,
        9.49210542e-06,  0.00000000e+00,  0.00000000e+00,  0.00000000e+00,
        0.00000000e+00, -1.57664716e-04, -2.82601547e-04,  2.56102605e-04,
       -4.35929749e-05,  4.11425694e-04,  0.00000000e+00,  0.00000000e+00,
        0.00000000e+00,  0.00000000e+00,  1.39974402e-03, -2.89555428e-03,
       -1.99520197e-03,  1.77095895e-03, -1.37995814e-03,  0.00000000e+00,
        0.00000000e+00,  0.00000000e+00,  0.00000000e+00,  1.69290371e+00,
       -6.79260898e-03,  9.53960573e-03,  4.67839283e-03, -2.52424365e-03,
        0.00000000e+00,  0.00000000e+00,  0.00000000e+00,  0.00000000e+00,
        0.00000000e+00,  0.00000000e+00,  0.00000000e+00,  0.00000000e+00,
        7.71757779e-04, -7.88614730e-04, -6.65103717e-03, -1.81037946e+00,
        0.00000000e+00,  0.00000000e+00,  0.00000000e+00,  0.00000000e+00,
       -2.40642489e-03,  3.81499074e-03,  8.30254259e-03,  2.52478676e-04,
        0.00000000e+00,  0.00000000e+00,  0.00000000e+00,  0.00000000e+00,
       -1.41355519e-03,  1.83136451e-03, -1.90527060e-03, -5.94296413e-06,
        0.00000000e+00,  0.00000000e+00,  0.00000000e+00,  0.00000000e+00,
        3.85089440e-04, -4.72650979e-05,  2.54103159e-04, -2.03327561e-05,
        0.00000000e+00,  0.00000000e+00,  0.00000000e+00,  0.00000000e+00,
       -1.71021632e-05, -2.01755859e-04,  4.01999507e-06,  5.73529812e-05,
        0.00000000e+00,  0.00000000e+00,  0.00000000e+00,  0.00000000e+00,
        0.00000000e+00,  0.00000000e+00,  0.00000000e+00,  0.00000000e+00,
        0.00000000e+00,  0.00000000e+00,  0.00000000e+00,  0.00000000e+00,
        0.00000000e+00,  0.00000000e+00,  0.00000000e+00,  0.00000000e+00,
        0.00000000e+00,  0.00000000e+00,  0.00000000e+00,  0.00000000e+00,
        0.00000000e+00,  0.00000000e+00,  0.00000000e+00,  0.00000000e+00,
        0.00000000e+00,  0.00000000e+00,  0.00000000e+00,  0.00000000e+00,
        0.00000000e+00,  0.00000000e+00,  0.00000000e+00,  0.00000000e+00],      dtype=float64),
                   'Zeff_l': Array([], shape=(0,), dtype=float64),
                   'a_lmn': Array([], shape=(0,), dtype=float64),
                   'c_l': Array([0., 0., 0., 0., 0.], dtype=float64),
                   'i_l': Array([], shape=(0,), dtype=float64),
                   'ne_l': Array([], shape=(0,), dtype=float64),
                   'ni_l': Array([], shape=(0,), dtype=float64),
                   'p_l': Array([0., 0., 0., 0., 0.], dtype=float64)}],
               [ { 'G': Array([], shape=(0,), dtype=float64),
                   'I': Array([], shape=(0,), dtype=float64),
                   'L_lmn': Array([-3.19800025e-07,  1.01695384e-06, -8.08543502e-08,  6.41712271e-07,
       -1.70214508e-06,  7.38227976e-07,  1.99152022e-07, -6.74281709e-07,
        6.50175995e-07,  1.10852098e-06, -6.40653401e-07,  3.31803398e-07,
        1.07253362e-07,  2.62066400e-07, -7.58805348e-07,  7.64998446e-08,
       -1.21126287e-07, -6.24477327e-08, -2.41466205e-07,  4.37966718e-09,
       -4.90686361e-08, -5.22083304e-09,  4.20948851e-08, -3.22316941e-08,
        9.09309858e-08,  2.68706181e-07,  1.30009160e-06,  7.71561169e-07,
        4.35592873e-06, -4.21140021e-06,  5.26575959e-07, -1.49792211e-06,
       -5.18722941e-06,  1.34366370e-06,  1.74876631e-06, -1.23486714e-06,
       -9.13691541e-07,  2.07055991e-07,  1.19017117e-06, -1.14252054e-06,
        2.44199019e-08,  1.91846280e-07,  3.03182265e-07,  8.14261016e-07,
       -3.25853156e-08, -1.18143286e-08, -1.05442892e-08, -6.35039221e-08,
        1.93330232e-07, -4.92126267e-08, -3.60933943e-06, -2.01608102e-05,
        1.18305951e-05,  1.08178953e-05,  3.42139042e-05,  5.06534831e-06,
       -7.74694229e-07, -1.69701183e-05, -5.47450002e-06, -1.27164706e-05,
        3.29672484e-07,  1.55446834e-06, -1.03825352e-06,  7.60606678e-07,
        8.57286885e-06, -1.17120456e-06,  1.15185657e-06,  1.26038193e-06,
        5.86445780e-07, -3.44308056e-07, -1.76578369e-07,  1.24203823e-07,
       -3.06889166e-07,  4.39424204e-07, -3.07008338e-07, -2.03933903e-05,
        3.91580769e-05,  2.98949969e-05, -3.48052905e-05, -4.05618563e-05,
        1.16817561e-04, -9.14654138e-06,  4.38422292e-05,  1.74701540e-05,
        6.51958162e-06, -1.03007106e-04, -9.38221802e-06, -1.07522385e-06,
       -5.13013047e-06, -1.53334232e-05, -4.51664541e-07,  1.73683036e-06,
        1.45999863e-06,  2.47868646e-06,  8.76338773e-07, -1.42803632e-07,
       -2.37403522e-07, -9.61680960e-07, -6.10895374e-07,  8.44023988e-07,
       -2.63556764e-04, -2.90221444e-04,  2.53014066e-04,  7.01061304e-04,
        3.48394816e-04,  5.80986368e-04, -7.62714093e-05, -2.05881591e-04,
       -2.89669022e-05, -5.72627209e-06, -5.01179875e-05,  9.65592004e-06,
        7.65515239e-06,  3.06242902e-06,  6.91524629e-06, -2.70057116e-06,
        3.38210181e-07, -3.50853285e-06, -3.12382627e-06,  2.96492946e-06,
       -2.27516098e-07, -9.54510149e-07,  4.97093254e-07, -7.02260121e-07,
       -1.56099788e-06, -2.36171296e-03, -4.96146386e-04,  2.10412258e-03,
       -1.10223318e-03, -3.82293046e-04, -1.09635851e-03, -2.70779334e-04,
       -4.09516285e-04, -3.13064362e-05, -6.87178908e-05,  1.79467871e-04,
        8.72234163e-05,  5.63347443e-07,  1.15847418e-05,  2.20061344e-05,
       -2.58423189e-05, -4.73067946e-07,  2.32395215e-06, -1.45661613e-05,
        2.54842196e-06, -5.03543796e-07, -1.35770064e-06,  2.69028181e-06,
        2.32254509e-06, -1.58139060e-06,  1.31554172e-02,  1.14970119e-02,
       -1.72725590e-02, -4.52171922e-03,  1.16608468e-03,  4.67083224e-03,
        3.43079905e-04, -6.72411136e-04,  1.47250476e-04, -2.32139888e-04,
        2.67429110e-04, -2.00526102e-05,  2.74987759e-05,  2.15248992e-05,
        5.96567602e-06, -1.16980022e-05,  5.09292696e-06,  5.61636629e-06,
       -2.69981340e-05,  1.55262349e-06, -6.37361888e-07, -6.33176913e-08,
       -4.40846671e-06,  4.64081059e-06, -1.51202268e-07,  1.04543047e-01,
       -5.13307138e-02,  5.96975869e-02, -2.97647287e-02, -3.67770177e-03,
        1.29971378e-02, -1.40551287e-03,  6.33655437e-04,  1.52320061e-04,
        1.64194249e-04, -4.84766438e-04, -1.72358280e-04, -1.67158759e-05,
       -2.28179387e-05, -2.51512489e-05,  1.97099312e-05,  4.25387485e-07,
        5.09609365e-06,  3.03807955e-05,  4.02879616e-06,  8.51364736e-06,
       -1.08466102e-06, -2.04598759e-06, -4.20383541e-06, -5.47315811e-07,
        6.54318308e-02, -7.07622905e-03, -3.31466527e-03,  7.65498803e-03,
       -1.91365768e-04, -6.47399120e-04,  1.20373865e-04, -1.90426338e-05,
       -5.29934128e-05, -5.84584144e-06, -1.86105225e-05, -2.39662912e-05,
       -2.01541918e-06, -3.16498750e-06,  4.93080679e-06, -3.13133912e-05,
       -4.41890160e-07, -8.90091028e-07, -6.16055906e-07,  1.74523565e-06,
       -5.81472362e-02, -1.90592890e-02,  1.29853710e-02, -1.46668598e-02,
        1.41199369e-04, -8.25102209e-04, -1.80387450e-04, -1.29979741e-04,
        1.00372342e-04,  2.00020082e-05,  4.36363204e-05, -6.23499840e-05,
       -4.50380039e-06,  5.32978353e-06, -3.18679484e-06, -3.19383208e-06,
        6.96293281e-07, -2.60866768e-06, -3.28975718e-06,  6.49138057e-06,
        1.32506106e-02, -7.46335883e-03,  5.29118759e-03,  1.61783493e-03,
        1.06446176e-04,  7.57718871e-05, -1.61203109e-05,  9.06608042e-05,
        7.61215618e-05, -1.84881914e-05, -1.55819123e-05, -4.25066162e-05,
       -3.57383213e-06, -6.53207757e-06,  1.30848072e-05,  3.04075308e-06,
        9.11131998e-07,  3.20149408e-06, -2.61469659e-06, -2.71562423e-07,
       -3.67938947e-03, -1.64068486e-03, -9.98012715e-04,  2.46311505e-03,
       -7.91570470e-05,  1.64634958e-04,  1.06481790e-04,  9.27921890e-05,
       -9.53697428e-05, -2.64635198e-05,  2.24158968e-05,  2.57181063e-05,
        2.10472169e-06, -9.41261298e-06, -8.80817639e-07, -4.22610310e-06,
       -7.51785298e-07,  1.96592237e-06,  3.50903610e-06, -1.80007326e-06,
        2.50609189e-04,  5.61824350e-04,  4.67039440e-04, -1.26289657e-04,
       -5.94338571e-05,  1.67859681e-05,  3.15883413e-05, -8.29974917e-05,
       -4.81098338e-05, -3.09979923e-06,  1.07745325e-05,  1.28507272e-06,
        2.51210302e-06,  8.31939816e-07, -8.07144115e-07,  6.78171962e-07,
       -1.70258695e-06, -9.87082511e-07,  8.11746922e-08, -1.05478386e-06,
       -8.26169610e-08,  2.11500517e-05,  6.87126118e-06,  3.34358083e-05,
        5.40763970e-06, -1.02935093e-05, -2.73137087e-06, -2.91993625e-05,
       -1.67444815e-05, -6.09322753e-07, -3.92084492e-06,  6.01201969e-06,
        6.58452456e-07, -3.28944685e-06,  1.74820758e-06,  3.05347168e-07,
        5.64177691e-07,  1.13002893e-07, -2.23698468e-07,  6.64625603e-07,
       -5.71773408e-06, -9.41872586e-06, -1.84628992e-05, -7.09615167e-07,
        4.32071926e-06,  1.18452365e-05,  1.16600502e-06,  4.65572745e-06,
        3.35774180e-06, -1.41395697e-06, -5.56368982e-07, -2.05714230e-06,
       -5.59374372e-07,  6.92099898e-07,  3.19599122e-07,  1.44139172e-07,
       -3.05432535e-07,  6.66858285e-07,  1.61454388e-07,  8.61850918e-08,
       -8.32404993e-09, -3.07206261e-07,  3.38849633e-06,  1.58110610e-06,
        6.49802146e-07,  2.27899522e-06, -7.22760157e-07, -1.50312046e-06,
       -2.19589139e-06,  5.69367416e-08, -4.22201273e-07, -1.45644767e-06,
        2.54469407e-08,  4.52974384e-07, -9.48932603e-09, -3.42007576e-07,
        2.29689204e-08,  1.44329544e-07, -8.55780956e-08, -1.82792933e-07,
        3.26995358e-08,  9.01541348e-08,  1.60538021e-07,  3.75008881e-09,
        6.50646353e-07, -5.43613020e-07,  5.56769836e-07, -9.22470194e-08,
       -1.65298334e-07,  8.42085331e-08, -7.74599725e-07,  6.46280488e-07,
        1.13124966e-07, -4.63551382e-07, -5.11017322e-08,  1.62035237e-08,
        1.46647033e-07, -9.86627858e-08,  3.37226448e-08, -7.87632880e-08],      dtype=float64),
                   'Phi_mn': Array([], shape=(0,), dtype=float64),
                   'Psi': Array([50.], dtype=float64),
                   'R_lmn': Array([ 1.10945992e-06,  1.50181235e-07,  5.18064553e-07, -4.93837726e-07,
       -5.23824453e-07,  9.19118348e-07, -4.84992101e-07, -1.41106364e-07,
       -5.66873502e-07, -1.35182964e-07,  4.88210210e-07, -1.03217430e-06,
        0.00000000e+00,  4.84992101e-07, -3.76958189e-07, -4.87486892e-08,
        0.00000000e+00,  1.35182964e-07,  3.56142427e-08, -3.71252806e-08,
        1.31241628e-07, -8.16773883e-07, -2.50041984e-06, -1.30449969e-06,
       -6.60180120e-07,  1.63635436e-06, -5.74578941e-07,  3.87970110e-06,
        1.10740124e-06,  5.67861268e-07,  1.10564559e-06, -8.15381357e-07,
        0.00000000e+00,  5.74578941e-07, -1.37928126e-06,  6.58568263e-08,
        0.00000000e+00, -5.67861268e-07, -4.45465466e-07, -4.19911892e-09,
        1.39355887e-05,  1.21042240e-05, -2.09650508e-05, -9.94455486e-06,
        4.77758122e-06, -1.85299828e-05,  5.26184943e-06,  1.87702289e-05,
       -5.38231789e-06,  1.31481866e-06, -4.09378985e-06,  6.49001540e-06,
        0.00000000e+00, -5.26184943e-06,  2.19482189e-06,  1.39128408e-06,
        0.00000000e+00, -1.31481866e-06, -6.83791371e-07, -6.42566184e-08,
       -1.77379215e-06,  9.38854344e-05,  4.19403614e-05, -1.84518955e-05,
       -9.86559638e-05, -6.17125069e-05, -5.67303903e-06, -4.14468829e-05,
        2.25728931e-05,  1.60672333e-06,  9.74782074e-05, -3.27426001e-05,
        0.00000000e+00,  5.67303903e-06, -4.93478538e-07, -2.34720543e-06,
        0.00000000e+00, -1.60672333e-06,  1.17775636e-06,  5.69672586e-07,
       -2.78039114e-04, -7.16841805e-05, -4.27482389e-04, -2.75455434e-04,
       -8.51300548e-04, -3.47639256e-05,  5.33913837e-06,  8.01858473e-05,
        6.66477154e-07, -5.36467767e-06,  2.90772535e-05, -2.20386944e-05,
        0.00000000e+00, -5.33913837e-06,  1.08055242e-07, -3.98109760e-06,
        0.00000000e+00,  5.36467767e-06, -3.21712732e-06, -3.01607584e-06,
        3.34112750e-03,  7.11140458e-04,  1.36296402e-03, -2.81886983e-03,
       -6.47140248e-04,  3.84776574e-04,  2.86007867e-07,  1.20834431e-04,
        2.16257443e-04, -1.15960304e-05, -1.48652984e-04,  4.09833890e-05,
        0.00000000e+00, -2.86007867e-07, -1.48503281e-05, -1.97002691e-06,
        0.00000000e+00,  1.15960304e-05, -8.41926179e-06, -5.00294860e-07,
       -5.87609204e-03, -9.16204728e-03,  6.95132605e-03,  1.89939077e-02,
       -5.26715142e-03, -5.86434469e-04, -6.06953007e-05,  6.38179408e-04,
       -5.84288220e-04, -1.32047980e-05, -3.28899148e-04,  1.98892575e-04,
        0.00000000e+00,  6.06953007e-05, -3.88991282e-05, -2.17383014e-05,
        0.00000000e+00,  1.32047980e-05,  6.95572102e-07, -3.62267786e-06,
        1.06102120e-01,  1.33653438e-02,  2.48876356e-02, -7.86485970e-02,
       -1.33841260e-02,  6.38798879e-03,  6.09216410e-07, -1.83057885e-03,
        1.65136005e-03,  1.53997481e-06,  5.90262198e-04, -1.27533084e-04,
        0.00000000e+00, -6.09216410e-07, -1.27559108e-05,  2.41673679e-05,
        0.00000000e+00, -1.53997481e-06,  4.97633002e-06, -1.43631471e-05,
        7.92354422e+00,  1.83393095e+00,  7.54118449e-02,  2.18745819e-02,
        4.85047372e-03,  5.07294236e-03,  1.09816132e-03,  3.74558323e-04,
       -4.40952793e-03, -4.15878114e-04,  4.20626720e-05,  6.13842497e-06,
       -4.99003620e-05,  1.64622722e-04, -2.05686095e-04,  2.31068221e-06,
        2.21848759e-06, -1.95079030e-05, -6.13842497e-06,  0.00000000e+00,
       -4.32934835e-06,  4.37777971e-06,  9.08324750e-06, -2.31068221e-06,
        0.00000000e+00,  1.58941881e+00, -6.35679773e-03,  6.89685176e-02,
       -2.02411513e-02,  4.27800934e-03, -1.78329452e-02,  6.72323054e-03,
       -1.17410676e-02,  1.03332248e-02,  5.63113008e-04, -7.53356501e-04,
       -1.74540907e-05, -7.60095147e-05,  1.37772514e-04, -1.93327389e-04,
       -1.01602979e-05,  3.24678063e-06, -1.60323156e-05,  1.74540907e-05,
        0.00000000e+00,  3.07821448e-07,  3.30574613e-06, -1.16312551e-05,
        1.01602979e-05,  0.00000000e+00,  1.86099431e-02, -5.59630434e-04,
       -1.14890395e-02,  9.55376397e-03, -3.42861716e-04, -8.08784846e-03,
       -1.36181702e-03,  4.94949610e-04,  3.13067335e-03,  5.20023341e-04,
       -2.86602234e-04,  5.09495543e-05, -6.39272640e-05, -1.45285333e-05,
        1.46793955e-04, -8.18117035e-06,  3.43506024e-06,  2.91779112e-05,
       -5.09495543e-05,  0.00000000e+00,  8.90561459e-08, -3.90422551e-06,
       -1.13914917e-05,  8.18117035e-06,  0.00000000e+00, -3.30511760e-04,
       -9.30752264e-04,  5.38025167e-04, -2.65400384e-03,  1.40988869e-03,
       -1.53301258e-03, -8.18102634e-04,  1.63034453e-03, -5.84357083e-04,
       -4.56623487e-04,  6.38847700e-05, -3.12620632e-06,  6.47472156e-05,
       -5.11508548e-05,  1.18440511e-04,  1.41942092e-06,  7.74711508e-07,
       -1.26206412e-05,  3.12620632e-06,  0.00000000e+00,  1.61663196e-06,
       -1.76958696e-06,  5.89733135e-06, -1.41942092e-06,  0.00000000e+00,
       -3.70573377e-05,  2.22902608e-04, -4.75559286e-06,  3.62427207e-04,
       -2.64298903e-04,  3.83966410e-04,  4.76615893e-05, -2.12691226e-04,
        6.94215789e-05,  1.11631640e-04,  1.11284631e-05, -1.39928467e-05,
        1.51971006e-05, -4.04702330e-05, -6.16987497e-05,  4.54186731e-06,
       -4.84967136e-06, -2.00489547e-06,  1.39928467e-05,  0.00000000e+00,
       -1.03246986e-06,  2.03868873e-06,  2.60116258e-06, -4.54186731e-06,
        0.00000000e+00,  7.82060820e-07, -1.09042418e-05, -3.54470699e-06,
       -4.03592963e-05,  1.88194970e-05, -7.69312054e-06, -9.99035689e-06,
        3.46875141e-05,  2.09766240e-05, -3.61945596e-06,  3.35416805e-06,
       -1.85103473e-06,  1.27551264e-05,  6.12867302e-06, -2.23474491e-05,
        3.84155310e-06, -4.29579923e-06,  4.33895249e-06,  1.85103473e-06,
        0.00000000e+00, -2.12332855e-09, -4.56890792e-07,  1.37082504e-06,
       -3.84155310e-06,  0.00000000e+00, -1.95375272e-06,  1.17285308e-05,
        4.61546738e-06,  7.57963652e-06, -1.12411436e-05, -1.21754657e-05,
        1.16282341e-06, -5.50619698e-06, -2.27776697e-06, -2.75817402e-06,
        1.09471821e-05,  2.62058317e-06, -3.73690981e-06, -1.62548314e-06,
        3.87099271e-06, -1.05523861e-07,  2.27078682e-06,  1.22828359e-06,
       -2.62058317e-06,  0.00000000e+00, -8.76282659e-08, -4.47956397e-07,
       -1.59322574e-06,  1.05523861e-07,  0.00000000e+00,  7.39153971e-07,
        1.26212571e-06, -1.75149610e-06, -6.35658144e-07, -1.52333785e-06,
       -4.08554616e-07, -8.54435252e-07,  7.88038522e-07,  1.12612939e-06,
       -2.65197511e-09,  1.74945930e-06,  8.73030095e-07,  1.87480951e-06,
        1.25778024e-08, -1.55724950e-06, -1.21968365e-07,  2.63864118e-07,
       -1.34090468e-06, -8.73030095e-07,  0.00000000e+00, -8.03212129e-09,
       -1.64958181e-07,  4.31120110e-07,  1.21968365e-07,  0.00000000e+00,
       -1.09452330e-07, -1.84754595e-07,  1.96904386e-07, -4.82860432e-07,
        3.86792223e-07, -6.57518094e-07,  4.45072101e-08,  7.44100501e-07,
       -4.74420006e-07,  6.17331352e-08,  1.62720318e-08,  2.80379492e-07,
       -1.60533253e-07, -2.56018112e-07,  4.85250714e-07,  3.28860443e-07,
       -2.63770763e-07,  6.41246063e-07, -2.80379492e-07,  0.00000000e+00,
        2.85739860e-08, -5.22195726e-09, -1.08307076e-08, -3.28860443e-07,
        0.00000000e+00], dtype=float64),
                   'Ra_n': Array([ 7.84927611e+00,  1.52724984e+00,  2.88011820e-02, -1.74977014e-03,
       -8.69726030e-07, -1.84208388e-05, -1.75711515e-06, -2.46626805e-07,
       -7.27422670e-08], dtype=float64),
                   'Rb_lmn': Array([ 0.00000000e+00,  0.00000000e+00,  0.00000000e+00,  0.00000000e+00,
        0.00000000e+00,  0.00000000e+00,  0.00000000e+00,  0.00000000e+00,
        0.00000000e+00,  0.00000000e+00,  0.00000000e+00,  0.00000000e+00,
        0.00000000e+00,  0.00000000e+00,  0.00000000e+00,  0.00000000e+00,
        0.00000000e+00,  0.00000000e+00,  0.00000000e+00,  0.00000000e+00,
        0.00000000e+00,  0.00000000e+00,  0.00000000e+00,  0.00000000e+00,
        0.00000000e+00,  0.00000000e+00,  0.00000000e+00,  0.00000000e+00,
        0.00000000e+00,  0.00000000e+00,  0.00000000e+00,  0.00000000e+00,
        0.00000000e+00,  0.00000000e+00,  0.00000000e+00,  0.00000000e+00,
       -8.25440422e-04, -3.47188486e-04, -1.31502876e-04, -5.56809168e-04,
        0.00000000e+00,  0.00000000e+00,  0.00000000e+00,  0.00000000e+00,
       -8.04212494e-04,  1.46894812e-03,  1.13640013e-03,  7.36545088e-04,
        0.00000000e+00,  0.00000000e+00,  0.00000000e+00,  0.00000000e+00,
       -5.59535500e-03,  7.55060633e-03, -9.55321185e-03,  1.25117891e-02,
        0.00000000e+00,  0.00000000e+00,  0.00000000e+00,  0.00000000e+00,
       -1.27888875e-02,  2.30443009e-02,  1.96114363e-02,  2.91290502e-02,
        8.00000000e+00,  1.83836776e+00,  2.24181408e-02,  5.09549713e-03,
       -4.60613077e-03,  0.00000000e+00,  0.00000000e+00,  0.00000000e+00,
        0.00000000e+00,  1.66503485e+00, -1.51242860e-03, -3.18411406e-02,
       -1.86023340e-02,  1.01282661e-02,  0.00000000e+00,  0.00000000e+00,
        0.00000000e+00,  0.00000000e+00,  5.69524838e-03, -3.79033748e-04,
        1.00302808e-02, -8.34527278e-03,  3.26607582e-03,  0.00000000e+00,
        0.00000000e+00,  0.00000000e+00,  0.00000000e+00, -5.44225379e-04,
        2.32876536e-05, -1.07657976e-03, -1.48174845e-03, -4.60019241e-04,
        0.00000000e+00,  0.00000000e+00,  0.00000000e+00,  0.00000000e+00,
        2.00132894e-05,  6.53856738e-05,  1.11304437e-04,  3.93089978e-04,
        1.03239918e-05,  0.00000000e+00,  0.00000000e+00,  0.00000000e+00,
        0.00000000e+00,  0.00000000e+00,  0.00000000e+00,  0.00000000e+00,
        0.00000000e+00,  0.00000000e+00,  0.00000000e+00,  0.00000000e+00,
        0.00000000e+00,  0.00000000e+00,  0.00000000e+00,  0.00000000e+00,
        0.00000000e+00,  0.00000000e+00,  0.00000000e+00,  0.00000000e+00,
        0.00000000e+00,  0.00000000e+00,  0.00000000e+00,  0.00000000e+00,
        0.00000000e+00,  0.00000000e+00,  0.00000000e+00,  0.00000000e+00,
        0.00000000e+00,  0.00000000e+00,  0.00000000e+00,  0.00000000e+00,
        0.00000000e+00,  0.00000000e+00,  0.00000000e+00,  0.00000000e+00,
        0.00000000e+00,  0.00000000e+00,  0.00000000e+00,  0.00000000e+00,
        0.00000000e+00], dtype=float64),
                   'Te_l': Array([], shape=(0,), dtype=float64),
                   'Ti_l': Array([], shape=(0,), dtype=float64),
                   'Z_lmn': Array([-3.25749873e-07, -1.06948547e-07,  2.93231854e-07, -1.19594542e-06,
        3.92015246e-07, -8.26643792e-07,  3.76367407e-07,  1.37363960e-06,
       -9.60550387e-07, -6.93595881e-08,  7.91017355e-07, -4.70203631e-07,
       -3.18512705e-07, -2.79535002e-07,  6.81793896e-07, -4.08711848e-07,
       -2.15707111e-07,  3.56264361e-08,  4.70203631e-07,  0.00000000e+00,
       -2.53366825e-08,  1.01840827e-07,  2.78756491e-07,  4.08711848e-07,
        0.00000000e+00, -3.25072369e-07, -2.03512151e-06,  8.98911126e-07,
       -2.48150181e-06,  5.82078986e-07, -3.18017073e-06,  6.82790890e-07,
        3.52568133e-06, -6.74668674e-08,  1.94264147e-06,  4.05648545e-06,
       -1.63584511e-06, -1.23097644e-06, -9.08707782e-07,  2.81990432e-07,
        8.18656918e-07, -4.89598949e-07, -8.76314721e-07,  1.63584511e-06,
        0.00000000e+00, -2.56532075e-08, -1.35471738e-07, -2.14523565e-07,
       -8.18656918e-07,  0.00000000e+00,  1.27740581e-05, -2.04720986e-06,
       -6.02233192e-06,  7.91519646e-06, -7.99639475e-06, -6.78092252e-06,
       -1.18221502e-05, -1.20672376e-05, -1.78544335e-06,  8.55886142e-06,
        8.11196725e-06,  7.54520156e-06,  5.77594073e-06,  5.33203893e-06,
        2.77221797e-06,  8.80019266e-07,  1.48474320e-06, -1.33104473e-06,
       -7.54520156e-06,  0.00000000e+00, -7.05516712e-07, -1.17999774e-06,
       -9.86774618e-07, -8.80019266e-07,  0.00000000e+00, -3.22330389e-05,
        6.91369697e-05,  6.83723053e-06, -1.04731625e-04, -7.18585016e-05,
        1.41488282e-05,  3.53749909e-05,  6.49995240e-05, -4.90449729e-05,
        1.12896421e-06, -1.76964112e-05, -1.44334472e-05, -9.04471246e-06,
        4.12876419e-05,  4.79155657e-05,  2.70337479e-07,  1.59256774e-06,
        3.54758302e-06,  1.44334472e-05,  0.00000000e+00, -9.34470054e-07,
       -1.55554104e-06,  1.12940717e-06, -2.70337479e-07,  0.00000000e+00,
        1.97283952e-04,  5.38470978e-04,  4.14999442e-05,  3.96319467e-04,
       -1.51180976e-04, -7.65257474e-04, -2.27115553e-04, -3.20395974e-04,
       -7.81300577e-05,  1.66275005e-04,  1.71437451e-04,  1.29705410e-05,
        1.13904829e-05, -1.52195030e-05,  1.07985074e-04, -3.84021281e-06,
       -6.81627529e-07,  1.86744606e-06, -1.29705410e-05,  0.00000000e+00,
       -1.82827057e-06,  1.58798175e-06,  1.33345325e-06,  3.84021280e-06,
        0.00000000e+00, -1.97775682e-03,  9.83315764e-04,  7.57720376e-04,
        6.22422702e-04, -2.13167716e-03, -6.33131076e-04,  5.68802356e-04,
        3.66603335e-04,  2.54532033e-03,  3.39866566e-04,  5.20924520e-04,
        1.73385566e-05,  8.72597201e-05, -3.90418367e-05, -1.67793369e-04,
       -6.89595961e-06, -9.87952154e-06,  7.78854036e-06, -1.73385566e-05,
        0.00000000e+00, -5.38354225e-07,  2.64377378e-06, -6.93547415e-06,
        6.89595961e-06,  0.00000000e+00,  2.14413561e-02, -3.46739159e-02,
       -1.38799058e-02, -6.43921369e-03,  2.24098433e-02,  5.45335702e-03,
       -1.72991114e-03, -1.79917631e-03, -3.42662897e-03,  1.26750627e-04,
        1.27540391e-03, -2.94190890e-05, -9.09362928e-05,  2.74850011e-04,
       -4.94945658e-04, -6.51312800e-06, -2.55449389e-05,  1.36103264e-06,
        2.94190890e-05,  0.00000000e+00,  3.68950713e-06, -1.18823215e-05,
        3.29637809e-06,  6.51312800e-06,  0.00000000e+00,  1.59047385e+00,
        3.65773495e-02,  7.52662095e-02,  3.89095181e-02, -6.66752654e-02,
        2.11059074e-02,  4.19879024e-03,  1.03164490e-03, -8.01064354e-03,
        3.37349880e-04, -1.19032764e-03,  4.49631104e-06,  6.13174257e-05,
        2.61341244e-04,  6.29022200e-04,  1.78594995e-06,  5.42059054e-06,
       -6.68578992e-06, -4.49631104e-06,  0.00000000e+00, -1.17277052e-06,
        4.06022968e-06,  7.25201844e-06, -1.78594995e-06,  0.00000000e+00,
       -1.83139175e+00, -2.79601143e-02, -3.36407530e-03, -1.31700347e-02,
        2.64793482e-03, -5.33250002e-05, -1.89603680e-05, -8.26936724e-05,
        1.05719817e-03, -6.54908906e-06,  1.00182754e-04, -1.37088763e-04,
        0.00000000e+00,  1.89603680e-05,  2.77742779e-05, -8.99231370e-06,
        0.00000000e+00,  6.54908906e-06, -1.21443643e-05,  5.49386160e-06,
       -3.44584929e-03,  2.85185637e-02,  1.65562325e-02,  4.68742805e-03,
       -1.17290582e-02,  7.48749677e-03,  1.36028712e-05,  3.06551241e-04,
       -4.14326203e-04, -1.49961905e-06,  1.90516122e-04,  9.37520825e-05,
        0.00000000e+00, -1.36028712e-05, -1.38071480e-05,  2.62575816e-05,
        0.00000000e+00,  1.49961905e-06,  9.52871485e-06,  1.46450667e-06,
       -2.76998823e-03, -5.93126778e-03,  7.66975855e-03,  3.35492444e-03,
       -6.62690319e-03, -1.45566031e-03, -3.87962756e-05,  1.45627289e-04,
       -6.73462737e-04,  3.50843721e-06, -2.96015857e-04,  5.98505856e-05,
        0.00000000e+00,  3.87962756e-05, -1.48522834e-05,  5.06924873e-05,
        0.00000000e+00, -3.50843721e-06,  2.68900899e-06, -6.38337581e-06,
        1.94106534e-04,  2.74434703e-03,  9.34526589e-05, -6.05556328e-04,
        1.06808684e-03, -1.80493835e-03,  4.15620057e-06, -1.18345174e-04,
        3.59867597e-04, -5.32413132e-06, -1.28798408e-04, -4.10912985e-05,
        0.00000000e+00, -4.15620057e-06,  1.65620941e-05, -2.57828081e-05,
        0.00000000e+00,  5.32413132e-06, -1.00930677e-05,  4.13111726e-06,
        5.99089970e-05, -2.55979322e-05, -4.72156989e-04,  1.82366305e-04,
       -7.63739645e-04,  1.75368330e-05,  1.12160434e-05, -1.02562094e-04,
       -1.40583156e-04, -1.56779892e-06,  1.28621517e-04,  5.51528457e-05,
        0.00000000e+00, -1.12160434e-05, -1.72797447e-06, -4.34441119e-06,
        0.00000000e+00,  1.56779892e-06,  1.57071794e-06,  1.35741048e-06,
        5.93222340e-06, -2.30393767e-05, -8.99580939e-06, -2.16827792e-05,
       -1.15239488e-05,  1.35287374e-05, -6.66988665e-06,  1.13175659e-05,
        1.77954997e-05, -2.02591721e-06,  9.79269521e-06,  1.07085855e-05,
        0.00000000e+00,  6.66988665e-06, -2.32175651e-06, -2.04494383e-06,
        0.00000000e+00,  2.02591721e-06,  1.73125362e-06, -1.19794615e-06,
        1.18568180e-05,  1.52166107e-05,  2.08801497e-07, -8.86036688e-06,
        4.81139830e-06, -1.30992858e-05,  2.27791588e-06, -7.83704623e-07,
       -4.86079827e-06,  1.71257439e-06, -4.55130494e-06, -1.87394212e-06,
        0.00000000e+00, -2.27791588e-06,  5.74903126e-07,  1.86434713e-06,
        0.00000000e+00, -1.71257439e-06, -2.60093362e-07, -2.43382777e-07,
       -2.92943711e-07, -1.80520785e-06,  6.53154408e-07, -3.66979716e-07,
       -2.40272463e-06,  6.08993723e-07, -6.52226938e-07, -2.26587111e-06,
        2.65502478e-07,  8.55794152e-07,  2.57612503e-06,  7.87050431e-07,
        0.00000000e+00,  6.52226938e-07,  1.61271670e-06,  3.94420949e-07,
        0.00000000e+00, -8.55794152e-07, -1.73400396e-07,  4.09163698e-07,
       -4.59497524e-09,  7.02069534e-09, -7.02559995e-07,  3.23906614e-07,
       -4.14519729e-07, -1.96973645e-07, -6.10220847e-07,  8.58596736e-07,
       -1.40311449e-07, -5.41870156e-07,  2.23072343e-07,  2.69097987e-07,
        0.00000000e+00,  6.10220847e-07, -1.56036741e-07, -1.79000190e-07,
        0.00000000e+00,  5.41870156e-07,  1.91447385e-07, -7.91450369e-08],      dtype=float64),
                   'Za_n': Array([ 5.05617021e-08,  6.64130626e-07,  4.92782374e-07,  4.41496388e-06,
       -8.45502992e-05, -2.25447291e-03,  3.36859765e-02,  1.51934394e+00],      dtype=float64),
                   'Zb_lmn': Array([ 0.00000000e+00,  0.00000000e+00,  0.00000000e+00,  0.00000000e+00,
        0.00000000e+00,  0.00000000e+00,  0.00000000e+00,  0.00000000e+00,
        0.00000000e+00,  0.00000000e+00,  0.00000000e+00,  0.00000000e+00,
        0.00000000e+00,  0.00000000e+00,  0.00000000e+00,  0.00000000e+00,
        0.00000000e+00,  0.00000000e+00,  0.00000000e+00,  0.00000000e+00,
        0.00000000e+00,  0.00000000e+00,  0.00000000e+00,  0.00000000e+00,
        0.00000000e+00,  0.00000000e+00,  0.00000000e+00,  0.00000000e+00,
        0.00000000e+00,  0.00000000e+00,  0.00000000e+00,  0.00000000e+00,
        0.00000000e+00,  0.00000000e+00,  0.00000000e+00,  0.00000000e+00,
        2.12305550e-05,  5.52883380e-04,  6.22919715e-05, -5.91952576e-04,
        3.11884695e-05,  0.00000000e+00,  0.00000000e+00,  0.00000000e+00,
        0.00000000e+00, -5.64512720e-04, -8.18374357e-04,  9.52627973e-04,
       -1.04418016e-04,  2.37059148e-03,  0.00000000e+00,  0.00000000e+00,
        0.00000000e+00,  0.00000000e+00,  5.74429239e-03, -1.21628669e-02,
       -7.97542231e-03,  6.73012196e-03, -3.91827825e-03,  0.00000000e+00,
        0.00000000e+00,  0.00000000e+00,  0.00000000e+00,  1.66999900e+00,
       -2.97551455e-02,  4.02065645e-02,  1.99088940e-02, -7.37436932e-03,
        0.00000000e+00,  0.00000000e+00,  0.00000000e+00,  0.00000000e+00,
        0.00000000e+00,  0.00000000e+00,  0.00000000e+00,  0.00000000e+00,
        2.73597321e-03, -3.41899469e-03, -2.81450342e-02, -1.84351357e+00,
        0.00000000e+00,  0.00000000e+00,  0.00000000e+00,  0.00000000e+00,
       -1.15290134e-02,  1.68489765e-02,  3.61012771e-02,  8.53510143e-04,
        0.00000000e+00,  0.00000000e+00,  0.00000000e+00,  0.00000000e+00,
       -6.92023004e-03,  7.80053355e-03, -7.33346088e-03, -3.78340402e-05,
        0.00000000e+00,  0.00000000e+00,  0.00000000e+00,  0.00000000e+00,
        9.29195364e-04, -8.33042121e-06,  9.02448494e-04, -7.73650052e-05,
        0.00000000e+00,  0.00000000e+00,  0.00000000e+00,  0.00000000e+00,
       -6.33547410e-04, -5.76447057e-04,  4.84491570e-05,  9.73477348e-05,
        0.00000000e+00,  0.00000000e+00,  0.00000000e+00,  0.00000000e+00,
        0.00000000e+00,  0.00000000e+00,  0.00000000e+00,  0.00000000e+00,
        0.00000000e+00,  0.00000000e+00,  0.00000000e+00,  0.00000000e+00,
        0.00000000e+00,  0.00000000e+00,  0.00000000e+00,  0.00000000e+00,
        0.00000000e+00,  0.00000000e+00,  0.00000000e+00,  0.00000000e+00,
        0.00000000e+00,  0.00000000e+00,  0.00000000e+00,  0.00000000e+00,
        0.00000000e+00,  0.00000000e+00,  0.00000000e+00,  0.00000000e+00,
        0.00000000e+00,  0.00000000e+00,  0.00000000e+00,  0.00000000e+00],      dtype=float64),
                   'Zeff_l': Array([], shape=(0,), dtype=float64),
                   'a_lmn': Array([], shape=(0,), dtype=float64),
                   'c_l': Array([0., 0., 0., 0., 0.], dtype=float64),
                   'i_l': Array([], shape=(0,), dtype=float64),
                   'ne_l': Array([], shape=(0,), dtype=float64),
                   'ni_l': Array([], shape=(0,), dtype=float64),
                   'p_l': Array([0., 0., 0., 0., 0.], dtype=float64)}],
               [ { 'G': Array([], shape=(0,), dtype=float64),
                   'I': Array([], shape=(0,), dtype=float64),
                   'L_lmn': Array([ 3.69606238e-06, -6.18672161e-06, -7.89997051e-06,  1.36122123e-06,
        7.35659437e-06,  1.39528868e-06,  5.33734582e-06,  1.73236555e-06,
       -2.64281101e-07, -1.57513261e-06, -2.14855180e-06, -3.64018887e-06,
       -2.63519557e-06,  1.62269669e-07, -1.75018028e-06, -7.42902306e-07,
        1.36868855e-06,  4.00133697e-07,  2.85088576e-06,  1.65224565e-06,
       -3.63034247e-07,  6.72793329e-08,  1.36050281e-07, -6.22616572e-07,
       -1.17865406e-07, -3.06623747e-06,  1.47324316e-05,  2.13445547e-05,
        3.17437274e-06, -3.04982354e-05, -3.31347552e-06, -2.50432077e-05,
       -1.13439119e-05, -6.71239312e-06,  5.29558016e-06,  1.62434080e-05,
        6.15248001e-06,  1.52165848e-05,  3.91935353e-06, -3.08896939e-06,
       -2.74085822e-06,  1.97146064e-06, -7.61853607e-06, -1.87813059e-06,
        1.97887658e-07, -8.95593128e-09, -2.08242937e-06,  1.31546545e-06,
       -2.52407580e-06,  7.04241555e-07, -3.40146892e-05,  6.38802174e-05,
        7.21352601e-05,  1.76165101e-05,  3.73505601e-08, -7.32048072e-05,
       -9.45982750e-06,  1.34800835e-05,  1.18209234e-05, -4.82064477e-05,
       -2.59653486e-06,  3.33399570e-05, -1.82402334e-06, -2.22378675e-05,
       -6.54843647e-06, -2.64269170e-05,  3.24252185e-06,  1.82365824e-07,
       -4.93764052e-06,  1.22707912e-05, -2.66578296e-06,  1.03477414e-06,
        2.51612242e-06, -2.66217382e-06, -2.28832429e-06, -4.49651094e-05,
       -4.73216928e-06, -1.49930862e-05,  7.30691813e-05,  6.94478562e-05,
       -1.38464277e-04,  3.79848445e-05, -1.87725411e-04,  5.62713425e-06,
       -1.98937756e-05,  2.26491759e-04,  2.57079060e-05, -1.93158329e-05,
        6.05698866e-05,  3.24537273e-05, -5.80332135e-05, -6.48050416e-06,
       -1.25708227e-05, -2.81466904e-05,  5.86123109e-05, -6.74530567e-06,
       -9.11137890e-06,  1.55959518e-05, -3.50548952e-06, -1.81441134e-05,
        1.28713706e-03,  1.56911157e-03, -1.40833686e-03,  1.40028354e-03,
       -1.37674689e-03,  1.10260175e-03, -2.48300541e-04, -1.00317155e-03,
       -8.97994609e-04, -2.63691347e-04,  3.27843174e-04,  4.86338387e-04,
       -2.98136734e-05,  2.51655330e-05,  6.29921085e-05, -1.19429599e-04,
        2.50142040e-05, -1.29878800e-05, -8.88193857e-06,  6.29610438e-05,
       -1.77777448e-07, -2.46344101e-05,  2.52770191e-05,  3.49271191e-07,
       -4.64421195e-05, -5.02560817e-03, -2.87383623e-03,  1.59979635e-03,
       -2.42097495e-03,  3.01108197e-03, -1.13219670e-03,  9.10346195e-04,
       -4.10846088e-04, -7.39785075e-04, -5.36443771e-05,  1.42997603e-05,
        1.58487976e-03,  8.93085270e-05,  7.89591314e-05,  2.43084798e-04,
       -4.68722480e-04,  6.00581014e-07, -2.00103833e-05,  2.75205480e-05,
        1.16020363e-04, -2.32660512e-05, -4.17589368e-05,  1.97057028e-05,
        1.71708692e-05, -2.21367398e-05, -5.10424274e-03,  2.99863836e-02,
        2.95742990e-03, -2.48678593e-02, -3.49586879e-03,  2.19072713e-02,
        1.96567469e-03, -7.03039387e-04,  4.82531239e-04,  3.20345617e-04,
       -4.25675012e-04,  3.57029550e-04, -4.32209424e-05, -1.41327391e-04,
        6.91181365e-04, -6.90848989e-04, -3.39634910e-05, -3.12298272e-05,
       -2.06463445e-05,  5.92187048e-05,  3.74783347e-05, -7.35243625e-06,
        4.68793668e-06,  2.28509750e-05, -7.95059096e-06,  1.61298366e-01,
       -1.49152390e-01,  3.90394352e-03, -1.13812831e-01, -2.41677525e-03,
        4.72823406e-02, -4.67713108e-04,  5.27796149e-03,  2.47027487e-03,
       -5.05617600e-04, -2.88085182e-03, -1.02404414e-03, -2.42913320e-04,
       -5.12726708e-04,  1.16163623e-04,  3.61087997e-04,  2.80689680e-04,
        2.74124573e-05,  1.14045797e-04, -7.93550641e-05,  1.66594951e-04,
       -1.93144759e-05, -1.99688343e-05, -1.97773904e-05, -1.21638098e-05,
        1.00803855e-01, -3.82015153e-02, -1.37986133e-02, -2.54888033e-03,
        8.40012362e-04,  1.18367810e-02,  8.91629146e-05,  4.85804473e-04,
        2.88665733e-03, -1.30516152e-04, -5.31248177e-04, -1.30010980e-03,
        6.58265335e-05, -2.77506378e-06,  2.54421638e-05,  2.31190789e-04,
       -1.33095150e-05,  3.84482414e-05, -2.97998831e-05,  3.51737179e-05,
       -1.17063675e-01, -7.67024371e-02,  5.19497610e-02, -5.41910212e-02,
        1.19898073e-03, -5.19728908e-04, -1.23061925e-03, -1.73688014e-03,
        6.94733022e-04,  1.02914780e-04,  7.27925999e-04, -3.43701898e-04,
       -1.09090536e-04,  3.40677848e-05,  7.28019153e-05, -3.40555611e-04,
       -5.16560697e-06, -2.60426942e-05,  6.69547038e-06,  1.38243922e-05,
        2.30710200e-02, -3.98767563e-02,  2.28856398e-02,  1.11003540e-03,
        8.84162234e-04,  1.05788793e-03,  3.11531845e-04, -1.47045262e-03,
       -3.43805883e-04, -5.92755145e-04,  4.38271656e-04, -1.04208456e-04,
        2.08581673e-05,  6.47690265e-05, -5.72617105e-06, -3.80122136e-05,
       -3.99364336e-06,  1.77851066e-05, -1.26770872e-05,  3.87572604e-05,
        5.07671683e-03, -1.49490112e-03, -2.42876505e-03, -5.11290548e-03,
       -9.75849258e-04, -1.50134566e-03,  1.67527467e-03,  2.79834052e-04,
       -5.84897113e-04, -5.23922493e-04,  4.15589864e-04,  5.95551065e-06,
        1.30829316e-04, -3.69202275e-05, -1.65063041e-05,  6.86328022e-07,
       -4.05418546e-05,  2.16376921e-05,  5.66400172e-06, -2.57022665e-05,
        2.04211858e-03,  2.36269586e-03,  2.78340187e-04, -1.90131481e-03,
       -8.13880457e-04, -1.63291176e-03,  3.69821023e-04,  4.64225339e-05,
       -9.61338750e-05, -1.19628607e-04,  1.55114176e-04, -5.81919225e-07,
        7.63892460e-05, -4.11426667e-05,  3.53449826e-05,  2.25865794e-05,
       -4.52147730e-05,  4.68727319e-06,  1.00398194e-05, -5.96465829e-06,
        3.55403761e-04,  1.60050015e-04,  8.20868343e-05, -3.29894528e-04,
        8.58994080e-05, -2.94752157e-04,  3.71364157e-05,  4.35143170e-05,
        7.25356404e-05, -4.43536855e-05, -1.80355667e-05,  5.05023567e-05,
        5.22359023e-05, -2.88645770e-05, -9.71769549e-06,  1.09241725e-06,
       -2.09749581e-05, -2.37988132e-06, -1.59903741e-06,  2.56329979e-06,
        1.36035788e-05,  9.36263655e-06,  2.11208370e-05, -3.89550020e-05,
        2.27439232e-05, -6.28271146e-05,  3.46132537e-05,  4.21041002e-05,
       -3.45795044e-06, -2.74803250e-05, -2.78897109e-05,  3.16456101e-05,
        1.61624533e-05, -4.92292870e-07, -1.07479201e-05,  6.25468551e-06,
        6.84884892e-07, -1.36508244e-07,  3.14794857e-06, -3.54214511e-06,
        5.24622197e-06,  6.32341733e-06, -1.78483032e-06, -8.03033838e-06,
       -5.55395418e-06, -1.25316582e-05,  7.90657445e-06,  7.94217964e-06,
        4.52195204e-06,  5.21859864e-07,  7.68724082e-07,  5.08341474e-07,
        1.55375423e-06, -1.69328823e-06, -1.85022346e-06,  3.98017047e-06,
        8.86620429e-07, -2.45515063e-06,  1.72277637e-06,  1.44619940e-06,
        6.11987068e-06,  1.36929738e-06,  2.68854236e-06, -4.55043309e-06,
       -7.72839475e-08, -3.66450735e-06,  8.44525881e-07, -2.79712519e-06,
        4.64762533e-06, -6.24031738e-07, -9.02284820e-07,  5.04489632e-07,
       -5.95740388e-07,  1.22640599e-06,  7.10961737e-07,  1.14096154e-06,
        1.47116252e-07,  5.03464017e-08, -9.16986339e-07,  1.01824607e-06],      dtype=float64),
                   'Phi_mn': Array([], shape=(0,), dtype=float64),
                   'Psi': Array([50.], dtype=float64),
                   'R_lmn': Array([-3.57786909e-06,  4.67839265e-06, -1.63492117e-06,  5.99789298e-06,
       -5.32694446e-06, -6.93364892e-06,  1.01726787e-06,  9.48553083e-07,
       -5.29560701e-06,  4.16613971e-06,  5.90425068e-06,  2.11119805e-06,
        0.00000000e+00, -1.01726787e-06,  6.86368087e-07,  2.87558312e-06,
        0.00000000e+00, -4.16613971e-06, -5.77306219e-07,  1.44058217e-07,
        7.10597034e-06, -6.68309684e-06,  1.32788133e-06, -1.35935481e-05,
        1.64594513e-05,  1.27915628e-05,  1.03866948e-05,  2.48065297e-06,
        1.91637543e-05, -3.71639867e-06, -1.84335400e-05, -3.79300292e-06,
        0.00000000e+00, -1.03866948e-05, -3.80853430e-06, -1.26761765e-05,
        0.00000000e+00,  3.71639867e-06,  1.97408870e-06, -2.31546308e-06,
        8.11675703e-05, -4.00946585e-05,  3.34063370e-05, -7.70251623e-05,
        1.16719245e-05, -8.34475799e-06,  5.67648777e-06, -4.56747627e-05,
       -5.27940202e-06, -2.48150116e-05, -1.06308624e-05,  4.66985197e-05,
        0.00000000e+00, -5.67648777e-06,  1.22684256e-05,  1.13699400e-06,
        0.00000000e+00,  2.48150116e-05, -1.04106211e-06,  1.74089682e-06,
        1.86132816e-04,  9.85337825e-05, -1.66436480e-04, -1.86685636e-05,
        2.07251554e-04, -1.63171662e-04,  6.47021286e-05,  2.01393691e-04,
       -1.88881618e-04, -4.08961472e-05, -2.03214704e-04,  6.63592282e-05,
        0.00000000e+00, -6.47021286e-05, -3.49572105e-05,  2.14173660e-05,
        0.00000000e+00,  4.08961472e-05, -4.03684971e-06, -1.72134887e-06,
       -2.36740779e-03, -1.02765012e-03, -1.53133654e-03,  1.55869440e-03,
        1.63958887e-03,  9.70526415e-04,  6.42675033e-05,  9.28353551e-04,
       -1.81460508e-04, -5.95540446e-05, -9.82497015e-05,  1.33532794e-04,
        0.00000000e+00, -6.42675033e-05,  2.06909450e-05,  2.90210751e-05,
        0.00000000e+00,  5.95540446e-05, -8.84627677e-06, -2.33660449e-05,
        8.32134190e-03,  2.87663884e-03,  5.41355993e-03, -4.54509279e-03,
        2.07365206e-03, -2.38051198e-03, -1.17068454e-04, -3.19787131e-04,
       -1.21897860e-03,  3.56900210e-05,  1.65094036e-04,  1.27129158e-04,
        0.00000000e+00,  1.17068454e-04, -1.11009821e-04, -6.34659474e-05,
        0.00000000e+00, -3.56900210e-05, -3.33552442e-05, -2.77133246e-06,
        6.83414327e-02, -4.15538454e-02,  3.08757052e-02, -1.51359794e-02,
       -3.09060917e-02,  6.02354929e-03,  2.14689124e-05,  2.37780729e-04,
       -3.07002900e-03,  6.08867033e-05, -1.51230712e-04, -2.45435853e-04,
        0.00000000e+00, -2.14689124e-05, -3.25952356e-05,  9.82133395e-05,
        0.00000000e+00, -6.08867033e-05,  1.73376965e-06,  1.72715334e-05,
        1.56149707e-01,  6.11242655e-02,  1.16970993e-01, -2.84430298e-02,
       -3.38782908e-02,  1.63021557e-02, -3.80467820e-04, -5.71211406e-03,
        8.79514981e-04, -2.74236317e-06,  3.31630151e-04, -1.56094869e-05,
        0.00000000e+00,  3.80467820e-04,  5.04649740e-06,  7.46170898e-05,
        0.00000000e+00,  2.74236317e-06, -7.30803649e-05,  8.35803900e-05,
        7.97677105e+00,  1.96717499e+00,  1.63956753e-02,  9.36870625e-02,
       -1.82021679e-02,  1.32283163e-02,  7.00916086e-03, -1.09105017e-02,
       -1.63795658e-02, -1.28944914e-03,  4.01459851e-03,  4.78919009e-04,
       -2.18142502e-04,  7.35934592e-04,  8.12777820e-04,  2.43344788e-05,
       -1.58899720e-04,  6.83885050e-05, -4.78919009e-04,  0.00000000e+00,
        4.22579180e-05, -6.44065991e-05,  1.04042578e-05, -2.43344788e-05,
        0.00000000e+00,  1.42417955e+00, -2.87204642e-02,  1.06643079e-01,
       -5.48317280e-02,  2.63969137e-02, -8.51501603e-02,  2.52750512e-02,
       -4.65450997e-02,  4.51776681e-02,  2.33636397e-04, -6.54580285e-04,
       -1.45526195e-04, -4.31381397e-04,  1.11459913e-03, -1.06522578e-03,
       -1.01130667e-04,  5.06424175e-05,  6.23190035e-05,  1.45526195e-04,
        0.00000000e+00, -2.79073389e-05,  9.19658615e-06, -1.06687864e-04,
        1.01130667e-04,  0.00000000e+00,  2.66786617e-02, -1.57790953e-02,
       -9.74780244e-03,  3.56343567e-02,  1.37636041e-02, -4.38454781e-02,
       -1.04593622e-03, -3.78266844e-03,  2.17856882e-02,  7.52565335e-04,
        1.50287397e-03,  3.46449553e-04,  2.63026444e-05, -8.41295269e-05,
       -5.80048700e-04, -3.68480042e-05, -5.12066614e-05,  1.41915459e-04,
       -3.46449553e-04,  0.00000000e+00,  1.74417920e-05, -2.47365102e-05,
        8.80188550e-05,  3.68480042e-05,  0.00000000e+00, -2.54923052e-03,
       -2.38163759e-03, -4.06968511e-04,  3.65026198e-03,  1.62498936e-03,
       -3.66431759e-03,  2.23497742e-03, -3.75062483e-03, -2.12650969e-03,
        6.85574689e-04, -1.94768568e-03, -1.78579215e-04,  1.87776711e-04,
       -4.58345216e-04, -3.20599283e-05,  4.59140866e-05, -7.06157640e-05,
       -3.44703978e-05,  1.78579215e-04,  0.00000000e+00, -1.11716533e-05,
        1.01259441e-05,  1.83140677e-05, -4.59140866e-05,  0.00000000e+00,
       -8.49816275e-04, -3.85697077e-04, -6.97232303e-05,  1.38996885e-03,
        5.07762677e-06,  1.27688026e-03,  8.12814619e-04, -1.40896123e-03,
        1.52949265e-03,  5.02403503e-04, -1.12354265e-03, -6.72874236e-05,
       -9.02556911e-06, -1.48241850e-04, -1.01032466e-04,  5.10816264e-05,
       -2.53288962e-05,  3.67494454e-05,  6.72874236e-05,  0.00000000e+00,
       -1.22527268e-05, -1.89825848e-05,  8.49109654e-05, -5.10816264e-05,
        0.00000000e+00, -1.30086667e-04, -3.20933232e-04,  2.20103171e-05,
        1.27465953e-04,  1.69468924e-04, -3.04478713e-05,  1.42934329e-04,
       -2.12670564e-04, -1.05115681e-04,  1.83798866e-04, -6.41389314e-05,
        1.26881863e-05, -3.42808043e-05,  8.26835666e-05,  8.29154298e-05,
        5.89595968e-05, -3.23345572e-05,  9.45868027e-05, -1.26881863e-05,
        0.00000000e+00, -5.77175027e-07,  2.52104517e-06,  2.22002510e-05,
       -5.89595968e-05,  0.00000000e+00,  2.65588226e-05, -5.79100285e-05,
        4.52339862e-06,  1.42678244e-05,  6.19047717e-05,  3.77289241e-05,
       -1.61626789e-05, -2.17799232e-05,  2.32479139e-06,  8.21759201e-06,
       -6.99708738e-05,  1.41677416e-05, -1.00406210e-05, -9.96434599e-07,
        5.79936342e-06,  2.00807010e-05, -1.22123352e-05,  3.22419497e-05,
       -1.41677416e-05,  0.00000000e+00, -4.87892132e-06,  8.50853344e-06,
       -8.12415480e-06, -2.00807010e-05,  0.00000000e+00, -4.31299757e-06,
       -2.08322735e-05,  2.88654890e-06, -9.74143283e-06,  1.00939461e-05,
        1.59997080e-06,  5.52296483e-06,  4.80167638e-06, -5.18716428e-06,
        1.21689441e-05, -4.17239070e-06, -5.80569003e-06, -2.16970254e-06,
        2.50752131e-06,  5.38029346e-06,  2.88865607e-06, -1.43061666e-06,
        2.57241990e-06,  5.80569003e-06,  0.00000000e+00, -1.92681362e-06,
        2.43223514e-06, -1.93129177e-07, -2.88865607e-06,  0.00000000e+00,
       -2.83323765e-06,  3.25241648e-06,  1.01183280e-06, -1.43630608e-06,
       -1.68484808e-06,  1.10729692e-06,  3.77378954e-06, -2.67916375e-06,
       -2.02322519e-06,  4.27239532e-07, -3.65262776e-06,  1.32646941e-06,
       -1.73968748e-06,  3.88710994e-06,  5.12213556e-08,  9.78352850e-07,
       -1.99480793e-06,  2.54533084e-06, -1.32646941e-06,  0.00000000e+00,
       -2.12697215e-07,  2.28359898e-07,  1.97200383e-06, -9.78352850e-07,
        0.00000000e+00], dtype=float64),
                   'Ra_n': Array([ 7.96764493e+00,  1.34321500e+00,  3.53716671e-02, -1.06232950e-04,
        2.94944167e-05,  2.45409744e-05,  1.10344448e-05, -1.43369273e-06,
        1.45570936e-06], dtype=float64),
                   'Rb_lmn': Array([ 0.00000000e+00,  0.00000000e+00,  0.00000000e+00,  0.00000000e+00,
        0.00000000e+00,  0.00000000e+00,  0.00000000e+00,  0.00000000e+00,
        0.00000000e+00,  0.00000000e+00,  0.00000000e+00,  0.00000000e+00,
        0.00000000e+00,  0.00000000e+00,  0.00000000e+00,  0.00000000e+00,
        0.00000000e+00,  0.00000000e+00,  0.00000000e+00,  0.00000000e+00,
        0.00000000e+00,  0.00000000e+00,  0.00000000e+00,  0.00000000e+00,
        0.00000000e+00,  0.00000000e+00,  0.00000000e+00,  0.00000000e+00,
        0.00000000e+00,  0.00000000e+00,  0.00000000e+00,  0.00000000e+00,
        0.00000000e+00,  0.00000000e+00,  0.00000000e+00,  0.00000000e+00,
        1.53249289e-03, -5.82292043e-04,  5.30430410e-05, -9.61152833e-04,
        0.00000000e+00,  0.00000000e+00,  0.00000000e+00,  0.00000000e+00,
        2.20539085e-03,  4.98276297e-03,  6.20484692e-04,  2.49380456e-03,
        0.00000000e+00,  0.00000000e+00,  0.00000000e+00,  0.00000000e+00,
       -3.10555887e-02,  3.10808907e-02, -3.57584604e-02,  5.02336377e-02,
        0.00000000e+00,  0.00000000e+00,  0.00000000e+00,  0.00000000e+00,
       -3.36197410e-02,  1.11263925e-01,  7.74943921e-02,  1.28660809e-01,
        8.00000000e+00,  1.94752447e+00,  8.34480888e-02,  1.73113033e-02,
       -1.55563838e-02,  0.00000000e+00,  0.00000000e+00,  0.00000000e+00,
        0.00000000e+00,  1.55563839e+00, -2.03927171e-03, -1.00253032e-01,
       -8.57424216e-02,  4.40057545e-02,  0.00000000e+00,  0.00000000e+00,
        0.00000000e+00,  0.00000000e+00,  1.59286675e-02, -1.31413246e-03,
        3.17428223e-02, -4.22006887e-02,  2.12936584e-02,  0.00000000e+00,
        0.00000000e+00,  0.00000000e+00,  0.00000000e+00, -5.44616551e-04,
       -1.41689299e-04, -5.48582122e-04, -5.64647367e-03, -2.14025555e-03,
        0.00000000e+00,  0.00000000e+00,  0.00000000e+00,  0.00000000e+00,
       -1.28003182e-04,  9.64551569e-05, -1.86216807e-04,  1.90087051e-04,
        1.51337115e-03,  0.00000000e+00,  0.00000000e+00,  0.00000000e+00,
        0.00000000e+00,  0.00000000e+00,  0.00000000e+00,  0.00000000e+00,
        0.00000000e+00,  0.00000000e+00,  0.00000000e+00,  0.00000000e+00,
        0.00000000e+00,  0.00000000e+00,  0.00000000e+00,  0.00000000e+00,
        0.00000000e+00,  0.00000000e+00,  0.00000000e+00,  0.00000000e+00,
        0.00000000e+00,  0.00000000e+00,  0.00000000e+00,  0.00000000e+00,
        0.00000000e+00,  0.00000000e+00,  0.00000000e+00,  0.00000000e+00,
        0.00000000e+00,  0.00000000e+00,  0.00000000e+00,  0.00000000e+00,
        0.00000000e+00,  0.00000000e+00,  0.00000000e+00,  0.00000000e+00,
        0.00000000e+00,  0.00000000e+00,  0.00000000e+00,  0.00000000e+00,
        0.00000000e+00], dtype=float64),
                   'Te_l': Array([], shape=(0,), dtype=float64),
                   'Ti_l': Array([], shape=(0,), dtype=float64),
                   'Z_lmn': Array([ 2.04477812e-06,  6.95707323e-07, -1.27654999e-06,  5.08568599e-06,
        2.11200328e-06,  6.61747435e-07, -1.77759112e-06, -2.51910463e-06,
        3.01627634e-06, -5.57042066e-06,  1.75954362e-06, -3.65476194e-06,
        1.31078704e-06, -1.63348171e-06, -1.41445459e-06, -5.73717271e-07,
        2.76271006e-06, -2.42129105e-06,  3.65476194e-06,  0.00000000e+00,
       -3.01424047e-07, -9.33099661e-07, -1.60182174e-06,  5.73717271e-07,
        0.00000000e+00, -1.59169114e-05,  9.43545316e-07,  3.51122722e-06,
       -1.32212589e-05, -5.19229492e-06,  4.46416924e-06,  1.44632141e-05,
        2.27777852e-05,  2.50206235e-06,  1.85263023e-05,  1.63465614e-06,
       -8.34580833e-06, -1.26270994e-06, -8.66462775e-06, -6.36617289e-06,
       -3.27283210e-06, -1.42775527e-05, -6.09882537e-06,  8.34580833e-06,
        0.00000000e+00, -7.94819887e-07, -8.91898621e-07,  3.86411054e-06,
        3.27283210e-06,  0.00000000e+00, -2.80388180e-05,  5.25077005e-05,
       -1.44308774e-05, -5.14629912e-05, -8.34581487e-05, -7.50663617e-06,
        1.73365172e-05,  2.24382670e-05, -1.20202398e-05,  1.93051996e-05,
       -1.18202591e-05,  9.21535231e-06,  2.62872885e-05,  2.92734099e-05,
        1.22717058e-05, -1.20061210e-05,  1.16452485e-05,  1.93268952e-05,
       -9.21535231e-06,  0.00000000e+00, -1.15411032e-06, -2.48685648e-07,
       -2.51465998e-07,  1.20061210e-05,  0.00000000e+00,  4.71744213e-05,
        3.86679409e-05,  7.18634142e-06,  9.51512007e-05, -1.02672303e-04,
        1.47604869e-05, -7.88257511e-05, -3.08360671e-05,  2.56099374e-04,
        4.91410135e-05,  4.21736130e-05,  3.46934368e-05,  2.16552587e-05,
       -7.90476717e-05, -2.44185452e-04, -3.23776754e-05,  1.48633482e-05,
       -5.69340998e-05, -3.46934368e-05,  0.00000000e+00,  2.80972961e-06,
        1.47325381e-05, -1.19139214e-05,  3.23776754e-05,  0.00000000e+00,
       -6.35062674e-04, -2.02069089e-03, -5.43795340e-05, -1.37631253e-03,
        2.17169252e-03, -1.81147978e-03,  5.59154055e-04,  1.38664165e-03,
       -2.99574805e-03,  7.38411744e-04,  9.15749218e-04,  2.19560453e-07,
        6.41482940e-05,  2.44774093e-04, -4.64832885e-04, -2.46066594e-05,
        2.95305568e-05,  2.05713981e-05, -2.19560454e-07,  0.00000000e+00,
       -2.17998636e-05,  1.83872250e-05, -1.56978130e-05,  2.46066594e-05,
        0.00000000e+00,  7.18054183e-04,  4.94319767e-04,  5.18377431e-04,
        3.26740714e-03, -2.95032966e-03,  1.24105637e-03, -1.63998639e-03,
       -2.07843133e-03, -7.81380512e-04, -1.10402871e-03,  9.45033666e-04,
        1.06165914e-04, -7.32663905e-05,  7.97715333e-05, -9.35422214e-04,
        4.00846834e-05, -1.17296894e-04, -9.58594612e-05, -1.06165914e-04,
        0.00000000e+00, -1.22351199e-05,  3.74412672e-05, -8.66703363e-06,
       -4.00846834e-05,  0.00000000e+00,  4.35480608e-02, -4.97077748e-02,
       -2.24049791e-02, -2.41661864e-02,  3.11623631e-03,  2.14358345e-02,
       -5.97767469e-04, -9.39954582e-04, -1.91344809e-02, -1.42072222e-03,
        7.47613074e-04,  9.40653751e-05, -2.19381838e-04,  5.57401195e-05,
       -9.24272890e-04,  3.25204778e-05,  2.93071774e-05, -1.36558951e-04,
       -9.40653751e-05,  0.00000000e+00, -1.41208008e-05, -9.31925518e-06,
        2.36242295e-05, -3.25204778e-05,  0.00000000e+00,  1.47222517e+00,
       -1.59389574e-01,  1.00134530e-01,  1.68433145e-01,  2.70385931e-02,
        9.55388642e-02,  2.86538578e-03, -6.57205386e-03, -3.98773068e-02,
       -4.34023692e-04, -1.22672933e-03, -2.60570501e-04, -8.88184582e-05,
        1.40478716e-03,  6.98510913e-04,  1.11649597e-05, -1.60618797e-04,
        9.02906745e-06,  2.60570501e-04,  0.00000000e+00,  5.70114904e-06,
        1.58931483e-06, -5.68393111e-05, -1.11649597e-05,  0.00000000e+00,
       -1.96882783e+00, -1.15992922e-01,  6.82715931e-03, -1.02705246e-02,
        3.74302706e-03,  8.14147294e-03, -3.83099846e-04, -8.79304527e-03,
        1.54629762e-03, -1.59335909e-05, -9.49161769e-04, -2.09878901e-04,
        0.00000000e+00,  3.83099846e-04, -3.53993490e-05,  2.28602522e-04,
        0.00000000e+00,  1.59335909e-05, -1.07909919e-05, -1.26638400e-05,
       -1.77960740e-02,  1.27975984e-01,  7.97484407e-02,  1.85208214e-02,
       -4.49337551e-02,  2.75920588e-02, -6.59248327e-05,  3.62013607e-03,
       -1.53648137e-03,  4.89168222e-05,  6.88394476e-04,  9.29429208e-05,
        0.00000000e+00,  6.59248327e-05, -2.40185849e-04,  1.01093401e-04,
        0.00000000e+00, -4.89168222e-05,  3.94206985e-05, -4.11991406e-05,
       -1.61318841e-02, -1.21052775e-02,  3.41283281e-02,  1.31323679e-02,
       -2.78306851e-02, -4.61721577e-03, -1.90641987e-04, -7.12198957e-04,
        1.94012331e-03,  6.28925126e-05, -6.65632791e-04,  9.75354363e-04,
        0.00000000e+00,  1.90641987e-04, -2.40546251e-04,  3.49428750e-04,
        0.00000000e+00, -6.28925126e-05,  1.79330546e-06, -2.62242987e-06,
       -1.08232505e-03, -4.36746019e-03,  1.54328485e-03,  6.47077982e-04,
        1.54410496e-03,  4.99269952e-03,  1.33094697e-04,  1.36063605e-03,
        2.12267957e-04,  3.94088395e-05, -9.56457750e-04,  4.74684984e-04,
        0.00000000e+00, -1.33094697e-04, -9.74098716e-05,  2.60864539e-05,
        0.00000000e+00, -3.94088395e-05,  3.82517742e-06, -1.93602360e-06,
       -4.59588798e-04, -1.26090790e-03, -3.64600568e-03, -1.60130238e-04,
        1.25596804e-03,  1.62547107e-03,  1.06552880e-04,  1.83912167e-03,
        7.29358974e-04, -3.39513101e-05, -1.37940299e-04,  7.24775734e-05,
        0.00000000e+00, -1.06552880e-04,  6.37254522e-06,  7.02677215e-05,
        0.00000000e+00,  3.39513101e-05, -4.46508110e-05, -6.08021876e-06,
       -1.45259456e-04, -2.00442495e-04, -2.08219574e-04,  5.30674874e-05,
        4.45250277e-05,  1.89394065e-04,  2.02366472e-05,  2.27030702e-04,
        9.40825529e-05, -4.35676254e-05, -3.54883618e-05,  2.38250101e-07,
        0.00000000e+00, -2.02366472e-05, -1.88111273e-05, -1.89058475e-06,
        0.00000000e+00,  4.35676254e-05, -9.03666583e-06,  1.08101799e-05,
       -3.29641597e-05, -7.61181469e-05, -2.70465843e-05,  3.40399326e-05,
        5.20435591e-05,  7.36794393e-05, -1.71802018e-05,  3.76569633e-05,
        5.99474042e-06, -1.46321655e-05, -4.94006812e-05,  4.59210008e-06,
        0.00000000e+00,  1.71802018e-05, -1.06103790e-05, -7.07051334e-06,
        0.00000000e+00,  1.46321655e-05, -2.64287799e-06, -2.15339249e-06,
        2.77679544e-06, -3.02797067e-06, -1.04480107e-05, -4.08449431e-06,
        2.00207144e-06,  5.64909135e-06,  5.93162976e-06,  1.26699704e-05,
        7.04282670e-07, -2.89319157e-06, -1.98598349e-06, -2.70400032e-06,
        0.00000000e+00, -5.93162976e-06, -2.22195968e-06,  6.03416202e-07,
        0.00000000e+00,  2.89319157e-06, -1.60879548e-08,  8.28796346e-08,
        4.53913338e-07, -5.00458588e-06, -6.59866934e-06, -4.06248431e-07,
       -5.73408356e-06,  6.34047705e-06, -2.98902013e-06,  6.03472219e-06,
        6.39768824e-07, -4.76059608e-08,  6.52443909e-06, -2.32347940e-06,
        0.00000000e+00,  2.98902013e-06,  5.63947148e-07, -6.87433731e-07,
        0.00000000e+00,  4.76059608e-08, -7.90355530e-07,  9.87588228e-07],      dtype=float64),
                   'Za_n': Array([-6.84740947e-08, -4.49703456e-06, -2.37128223e-05, -5.76832003e-05,
       -1.07477243e-04, -1.37927837e-03,  6.55605335e-02,  1.37505055e+00],      dtype=float64),
                   'Zb_lmn': Array([ 0.00000000e+00,  0.00000000e+00,  0.00000000e+00,  0.00000000e+00,
        0.00000000e+00,  0.00000000e+00,  0.00000000e+00,  0.00000000e+00,
        0.00000000e+00,  0.00000000e+00,  0.00000000e+00,  0.00000000e+00,
        0.00000000e+00,  0.00000000e+00,  0.00000000e+00,  0.00000000e+00,
        0.00000000e+00,  0.00000000e+00,  0.00000000e+00,  0.00000000e+00,
        0.00000000e+00,  0.00000000e+00,  0.00000000e+00,  0.00000000e+00,
        0.00000000e+00,  0.00000000e+00,  0.00000000e+00,  0.00000000e+00,
        0.00000000e+00,  0.00000000e+00,  0.00000000e+00,  0.00000000e+00,
        0.00000000e+00,  0.00000000e+00,  0.00000000e+00,  0.00000000e+00,
       -8.79397234e-05,  9.18943934e-04,  2.73490431e-04, -8.75159169e-04,
       -3.47627874e-03,  0.00000000e+00,  0.00000000e+00,  0.00000000e+00,
        0.00000000e+00, -4.89056288e-04, -3.67733549e-03,  1.30618861e-03,
        2.09023058e-03, -1.72546976e-03,  0.00000000e+00,  0.00000000e+00,
        0.00000000e+00,  0.00000000e+00,  2.03118116e-02, -4.79829535e-02,
       -2.50597201e-02,  2.20468887e-02, -2.00351296e-02,  0.00000000e+00,
        0.00000000e+00,  0.00000000e+00,  0.00000000e+00,  1.57514197e+00,
       -1.32945623e-01,  1.63267468e-01,  9.43211639e-02, -3.92356352e-02,
        0.00000000e+00,  0.00000000e+00,  0.00000000e+00,  0.00000000e+00,
        0.00000000e+00,  0.00000000e+00,  0.00000000e+00,  0.00000000e+00,
        2.78307430e-03, -2.00128531e-03, -1.08073992e-01, -1.97732345e+00,
        0.00000000e+00,  0.00000000e+00,  0.00000000e+00,  0.00000000e+00,
       -4.42059399e-02,  8.31283909e-02,  1.55619787e-01, -7.10640603e-04,
        0.00000000e+00,  0.00000000e+00,  0.00000000e+00,  0.00000000e+00,
       -2.84945246e-02,  3.31755829e-02, -1.57497613e-02, -7.09964103e-04,
        0.00000000e+00,  0.00000000e+00,  0.00000000e+00,  0.00000000e+00,
        5.91472385e-04,  2.80651102e-03,  1.09798829e-03, -1.96892656e-04,
        0.00000000e+00,  0.00000000e+00,  0.00000000e+00,  0.00000000e+00,
        1.07337693e-03, -1.80051147e-03,  4.30960524e-04,  1.79907660e-04,
        0.00000000e+00,  0.00000000e+00,  0.00000000e+00,  0.00000000e+00,
        0.00000000e+00,  0.00000000e+00,  0.00000000e+00,  0.00000000e+00,
        0.00000000e+00,  0.00000000e+00,  0.00000000e+00,  0.00000000e+00,
        0.00000000e+00,  0.00000000e+00,  0.00000000e+00,  0.00000000e+00,
        0.00000000e+00,  0.00000000e+00,  0.00000000e+00,  0.00000000e+00,
        0.00000000e+00,  0.00000000e+00,  0.00000000e+00,  0.00000000e+00,
        0.00000000e+00,  0.00000000e+00,  0.00000000e+00,  0.00000000e+00,
        0.00000000e+00,  0.00000000e+00,  0.00000000e+00,  0.00000000e+00],      dtype=float64),
                   'Zeff_l': Array([], shape=(0,), dtype=float64),
                   'a_lmn': Array([], shape=(0,), dtype=float64),
                   'c_l': Array([0., 0., 0., 0., 0.], dtype=float64),
                   'i_l': Array([], shape=(0,), dtype=float64),
                   'ne_l': Array([], shape=(0,), dtype=float64),
                   'ni_l': Array([], shape=(0,), dtype=float64),
                   'p_l': Array([0., 0., 0., 0., 0.], dtype=float64)}],
               [ { 'G': Array([], shape=(0,), dtype=float64),
                   'I': Array([], shape=(0,), dtype=float64),
                   'L_lmn': Array([ 9.35079809e-06,  3.81595317e-07, -1.62371407e-05,  1.44305025e-05,
        5.19288356e-06,  2.21690450e-06,  6.93821995e-06, -1.73315956e-05,
       -2.36838887e-07, -2.88190465e-06,  1.81353576e-06,  1.23213339e-05,
        1.16651490e-06, -9.10741468e-08, -6.43464053e-06, -5.81385203e-06,
       -2.79355587e-07,  2.60872865e-06, -2.98490127e-06,  5.03102558e-06,
       -2.62331913e-06,  3.90015688e-07, -9.97983700e-07, -5.93090690e-07,
       -3.72331531e-06,  4.17995929e-06,  5.39451568e-05,  2.80328699e-05,
       -3.40232472e-05, -2.19579652e-05,  2.45002327e-05, -1.70494258e-05,
        3.21742084e-05,  3.86112879e-08, -1.81270832e-05,  1.14483228e-05,
        4.21972550e-05,  6.85509671e-06, -1.94621591e-05, -4.73821433e-05,
       -5.12146470e-05, -1.70577026e-06, -2.79418334e-07,  1.10022871e-05,
        2.98442174e-05, -3.56194719e-06,  3.46317853e-07, -1.81377972e-06,
       -6.36871819e-07, -1.21679423e-05,  1.15640107e-04, -1.53901487e-04,
       -1.44723850e-04,  4.46681208e-05,  4.10938229e-04, -1.33426736e-04,
       -1.06814504e-04, -6.09812892e-05, -4.18627024e-05, -7.27797572e-05,
        8.96052831e-05,  7.18484304e-05, -1.23593419e-05, -2.61935968e-05,
        2.61683042e-05, -1.12510732e-04,  1.32255292e-05, -9.02435647e-07,
        2.65070844e-06,  8.60284616e-05, -7.29995063e-06,  2.76480866e-06,
        1.49088844e-06, -1.93028287e-05, -1.36298540e-05,  6.13227737e-06,
        3.58533756e-04, -4.16802811e-04, -1.70499607e-05,  9.84316153e-05,
        5.96484858e-04,  1.44446806e-04, -2.71420509e-04, -5.73960714e-04,
       -5.28536454e-05, -1.39034368e-04,  3.65672704e-04,  2.49755436e-05,
       -4.76407308e-06,  9.24577801e-05, -2.60484842e-04, -4.27542859e-05,
       -6.08613318e-06, -2.48623859e-06,  1.66950780e-04, -3.50912965e-06,
        1.51650566e-05,  3.85195801e-06, -7.01593101e-05, -4.37186378e-05,
        2.02012578e-03,  9.90950832e-04, -2.85243342e-03,  7.83741207e-04,
       -1.92098185e-04, -8.18063605e-04,  1.85670322e-04, -1.40875918e-03,
       -1.69365510e-03,  1.68348134e-04,  2.14431663e-04,  1.96332903e-03,
       -2.06169821e-05, -1.10840009e-04, -1.95453870e-04, -6.42709168e-04,
        5.92324362e-05, -1.81569634e-05,  1.46409429e-04,  2.25213246e-04,
       -2.23824206e-06, -1.46376702e-06,  4.72865721e-06, -6.37067142e-05,
       -5.97071371e-06, -5.51541114e-03, -7.76872715e-04,  9.14173788e-04,
       -9.45984839e-03,  3.18267944e-03,  5.40133044e-04,  1.13866731e-03,
       -1.48260350e-04, -2.08594846e-03, -6.67723449e-04, -7.37244215e-04,
        4.07424315e-03,  1.95870721e-05, -3.27754312e-05,  4.58434047e-04,
       -1.09117007e-03, -5.98080997e-05, -1.41677568e-05, -1.76230763e-04,
        2.27850189e-04,  5.94665578e-05,  2.58111932e-05, -1.82051847e-05,
       -5.47339415e-05,  8.71375986e-06,  2.60031045e-02,  4.80002793e-02,
       -2.89457367e-02, -4.69367494e-02, -8.89906150e-03,  4.08465866e-02,
        2.07289713e-03,  3.47727863e-03, -1.00650041e-02, -3.30872102e-04,
       -1.45778211e-03,  2.97723205e-03,  7.55197454e-05, -5.01284508e-04,
        1.83281813e-03, -9.81815727e-04, -1.93715366e-04,  2.88323097e-04,
        2.08912624e-05, -3.54053159e-05,  7.35566402e-05,  1.57892369e-04,
        4.92886705e-05, -5.72415633e-05, -1.93943013e-05,  1.49979283e-01,
       -2.37852017e-01,  1.34972966e-02, -1.76637763e-01, -1.75941267e-02,
        1.79258599e-02, -6.42919421e-03,  1.17974789e-02, -4.68080517e-03,
        1.57020605e-03, -8.61094512e-03, -4.66767348e-04, -1.64055759e-03,
       -2.31541555e-03,  1.13111743e-03,  6.14004951e-04, -6.90987943e-04,
        1.05960355e-04,  4.02933635e-05, -7.93906743e-05,  8.03467892e-04,
        9.63267231e-05,  6.23645995e-06, -2.30853880e-05,  2.48738831e-05,
        4.28886946e-02, -1.24271103e-02, -9.10528625e-03,  1.41483692e-02,
        4.06109873e-03,  1.01298499e-02, -5.02767911e-04, -1.74289738e-03,
        1.05525220e-02,  5.74412674e-05, -1.00949209e-03, -2.03683598e-03,
        4.24527328e-05, -6.95241990e-05,  1.35973535e-04,  2.33711809e-05,
        5.79227026e-07, -1.63928291e-05,  1.80255574e-05,  8.15670392e-05,
       -1.69626912e-01, -1.40963353e-01,  2.15586790e-02, -4.56193368e-02,
       -4.27200835e-03,  5.45557415e-03,  9.13617480e-04, -5.52767546e-03,
        2.64350847e-03, -1.27752470e-04,  7.02051987e-04, -1.74194747e-03,
        3.95537671e-05, -1.49759633e-04, -1.58699609e-04, -1.49948504e-03,
        6.91336768e-05, -5.09395429e-05,  6.00796253e-05,  2.24593345e-04,
        1.97315345e-02, -6.96808622e-02,  4.67070903e-02, -1.72998902e-03,
       -1.05438215e-02,  5.60093405e-03,  3.89568177e-03, -3.74158714e-03,
       -1.02222261e-03, -7.94942934e-04,  2.07407136e-03,  5.25014635e-05,
       -1.90172739e-05, -1.25573555e-04,  2.50230554e-04,  6.83154117e-06,
       -2.10294638e-05, -9.57430594e-05,  4.20058482e-05,  1.42563128e-04,
       -3.94147910e-03, -1.21510350e-02,  6.16252449e-03,  5.10321744e-03,
       -2.00529478e-03,  3.14248024e-03,  4.61844846e-03,  4.77196047e-04,
        6.52505624e-05, -1.29489464e-03,  4.48804185e-04, -8.95632096e-05,
        1.59630997e-04, -6.99056544e-05,  2.05326149e-05, -3.30684302e-05,
        2.68242870e-05, -5.30449467e-05, -2.91699945e-06,  3.99487457e-05,
       -1.96551782e-03,  1.17352094e-03,  2.10224935e-03,  1.87362712e-03,
       -1.84575993e-03, -9.13096349e-04,  1.65177094e-03, -3.05890742e-04,
       -7.52305735e-05, -7.05840703e-04, -1.43070978e-04,  6.35752759e-05,
        2.93742993e-04,  7.69087348e-05, -1.27537598e-05, -2.45479891e-06,
       -3.62911292e-05, -7.78622939e-05,  1.44169195e-05,  6.69615604e-06,
       -1.15684481e-04, -1.15060435e-04,  4.40497075e-04, -2.69022431e-04,
       -3.18037949e-04, -3.14509321e-04,  3.53094609e-04,  5.78066939e-05,
        2.98712171e-04, -1.97038370e-04, -5.04758746e-05,  1.87259287e-05,
        1.31280610e-04, -2.70403773e-05,  1.26142208e-05,  6.45057228e-07,
       -9.37786497e-06, -6.40945447e-05,  1.59871339e-05,  2.02061018e-05,
       -1.90489717e-04, -2.52977874e-05,  1.91070180e-04,  1.99342807e-04,
       -4.92098325e-05,  4.04660026e-05,  1.13220630e-04, -3.90065468e-05,
       -4.68316098e-05, -1.38811221e-04,  1.06150558e-05, -5.51741310e-06,
        9.30750347e-05,  1.06839267e-05, -5.05402950e-06,  5.71937723e-06,
       -2.08287103e-05, -2.16703476e-05, -9.34279065e-06,  4.91396732e-06,
       -7.19593382e-06,  3.34825133e-05, -2.92513774e-05,  1.43833890e-05,
       -8.71173150e-06, -1.87694729e-05,  3.39522024e-05,  3.37425681e-05,
       -1.29163396e-05, -5.49479875e-05, -1.79714331e-05, -1.87130189e-06,
        2.56212567e-05, -3.16743591e-07, -5.29137636e-06, -2.85399166e-06,
       -9.29120179e-06,  7.48599140e-07, -1.07509230e-06,  4.19245538e-06,
        1.81376464e-05, -1.73518188e-06,  3.88936420e-07,  6.72283008e-06,
        1.23786412e-07, -8.83216871e-06,  1.25084611e-05,  4.64107346e-06,
        8.76548856e-06, -7.37942011e-06, -3.73862716e-06, -7.07695570e-06,
        5.77705178e-06, -8.19397649e-06,  4.52894826e-06, -3.38099052e-07,
       -4.40270878e-06, -6.88198128e-07,  4.76596779e-07,  2.20695079e-06],      dtype=float64),
                   'Phi_mn': Array([], shape=(0,), dtype=float64),
                   'Psi': Array([50.], dtype=float64),
                   'R_lmn': Array([ 9.85136916e-07, -8.72502106e-06,  1.10979422e-06,  1.36923673e-05,
       -1.32505650e-05,  5.06700299e-06, -4.20260637e-06,  1.56561739e-06,
       -1.49131235e-05, -3.68945908e-06,  1.39430772e-05,  2.76138616e-06,
        0.00000000e+00,  4.20260637e-06, -2.67541161e-06,  2.35619291e-07,
        0.00000000e+00,  3.68945908e-06, -6.92512256e-07,  8.96631912e-07,
       -4.27703197e-05, -3.88351109e-05,  8.11987257e-05, -5.52680048e-07,
        8.06856468e-06,  4.08232604e-05, -4.05431936e-05, -8.23813249e-05,
        4.90639934e-05, -1.04704065e-05, -7.25790357e-06, -4.60949107e-06,
        0.00000000e+00,  4.05431936e-05,  1.18259922e-06, -5.74099372e-06,
        0.00000000e+00,  1.04704065e-05, -8.10661107e-07,  2.62134153e-06,
       -2.37752303e-04, -7.64447461e-05,  5.08981813e-05,  1.41719018e-04,
       -1.03926845e-04, -3.06493788e-05,  3.40522716e-05, -8.40546618e-05,
        6.74571983e-05, -3.16250507e-05,  1.02180450e-04,  1.22169324e-04,
        0.00000000e+00, -3.40522716e-05,  3.31564805e-05,  2.85760873e-05,
        0.00000000e+00,  3.16250507e-05,  1.74639525e-06, -1.50751991e-05,
       -1.12548651e-04, -3.99811307e-04, -2.36248618e-04,  3.36199941e-04,
       -2.77441035e-04,  3.58852576e-04,  2.11652464e-04,  1.64014403e-04,
       -2.04137927e-04, -5.60629627e-05,  2.81149239e-04,  1.17198831e-05,
        0.00000000e+00, -2.11652464e-04,  7.22342145e-05, -1.95133632e-05,
        0.00000000e+00,  5.60629627e-05, -3.70820357e-06,  2.92388480e-05,
       -2.28713062e-03, -2.20051088e-03,  2.98404208e-04,  2.17989556e-03,
        6.55390901e-03,  1.66566201e-03, -3.42906412e-04,  6.75400474e-04,
       -3.14594588e-04, -5.28848327e-05,  1.76371393e-04, -1.22331453e-04,
        0.00000000e+00,  3.42906412e-04,  2.78410068e-04,  7.42917793e-05,
        0.00000000e+00,  5.28848327e-05, -9.57228593e-05, -2.55264186e-06,
        1.57543993e-02, -3.17000869e-03,  1.57334893e-02, -6.42265219e-03,
        1.03588380e-02, -3.90661882e-03, -4.82631925e-04, -2.04329684e-03,
       -1.57967343e-03, -7.08509802e-06,  5.70409687e-04,  3.27014206e-04,
        0.00000000e+00,  4.82631925e-04,  6.01084124e-05, -2.58240593e-05,
        0.00000000e+00,  7.08509802e-06, -4.42337940e-05,  1.50103796e-04,
        5.21865387e-02, -6.99352278e-02,  4.45204548e-02,  1.44236193e-02,
       -5.37103735e-02,  1.42391879e-02, -2.21990589e-04, -7.13029427e-04,
       -6.73915631e-04, -1.83219322e-05, -2.67117742e-03, -8.04097074e-05,
        0.00000000e+00,  2.21990589e-04,  3.50297497e-05, -1.57788509e-04,
        0.00000000e+00,  1.83219322e-05, -1.36391106e-04,  1.60703339e-04,
        3.34862794e-01,  1.27747777e-01,  2.12234622e-01, -8.91537367e-02,
        2.32552604e-03,  2.45614444e-02, -2.37184978e-04, -1.38084357e-02,
        6.19863288e-03, -1.82067377e-04,  8.59343399e-04,  2.47599856e-05,
        0.00000000e+00,  2.37184978e-04,  1.46050327e-04,  1.80912534e-04,
        0.00000000e+00,  1.82067377e-04, -1.17742984e-04,  1.35502982e-04,
        8.02244952e+00,  1.97447758e+00, -4.42058002e-02,  8.64461908e-02,
        8.66381290e-03, -1.51840541e-02,  2.16365892e-02, -2.68885206e-02,
       -1.25339851e-02, -8.52492607e-04,  4.60013031e-03,  5.80154010e-04,
        6.58833811e-05,  9.72745872e-04,  3.57483710e-04,  1.08411997e-04,
       -3.50478662e-05, -1.01379642e-04, -5.80154010e-04,  0.00000000e+00,
        5.38074004e-05, -6.35391778e-05,  3.84165493e-05, -1.08411997e-04,
        0.00000000e+00,  1.25912560e+00, -2.44269781e-02,  1.27438377e-01,
       -1.17933123e-01,  3.13705580e-02, -1.60331202e-01,  2.27613494e-02,
       -3.81379286e-02,  4.80728407e-02, -4.21558646e-03,  5.68391260e-03,
        4.78360601e-04, -1.14084048e-03,  1.79557955e-03,  9.84956904e-04,
       -4.62573229e-05, -2.48071148e-04,  6.41498527e-04, -4.78360601e-04,
        0.00000000e+00,  5.63067675e-05, -1.74747007e-04, -1.07206005e-05,
        4.62573229e-05,  0.00000000e+00,  2.16190252e-02, -3.01934450e-02,
        1.18527326e-03,  5.13265523e-02,  2.78393769e-02, -7.86196086e-02,
        9.18218599e-05, -5.71555934e-03,  3.61554007e-02, -8.62655856e-04,
        7.92764676e-03,  6.46986630e-04, -4.07068903e-05, -1.53487914e-04,
       -4.16880533e-04,  1.12375591e-04,  8.51511515e-05,  3.57973419e-04,
       -6.46986630e-04,  0.00000000e+00,  3.40051635e-05, -1.04818462e-04,
        1.02501932e-04, -1.12375591e-04,  0.00000000e+00,  2.24871383e-03,
       -5.00891665e-03, -1.12483537e-03,  2.95202055e-04,  6.15483561e-03,
       -1.61390279e-02, -1.48309343e-03,  2.48354975e-03, -4.87633168e-03,
       -1.73826533e-03,  2.39401114e-03,  6.63362808e-04, -1.14487042e-05,
        7.41470490e-05,  1.72870263e-03,  1.09683893e-04,  4.12289935e-05,
       -4.07808394e-04, -6.63362808e-04,  0.00000000e+00,  3.36065334e-05,
       -8.43482135e-05,  7.81772348e-05, -1.09683893e-04,  0.00000000e+00,
        1.40416710e-03, -2.95348438e-04, -2.58270628e-04, -1.49360223e-03,
       -1.38170582e-04,  2.73322749e-03, -9.95292758e-04,  4.49753468e-04,
        4.59637350e-03,  2.66599794e-04,  3.60269062e-05,  4.71053268e-04,
        8.50129314e-05,  1.07306538e-04, -8.06292228e-04, -1.98764031e-05,
        2.82844754e-05,  5.91640672e-05, -4.71053268e-04,  0.00000000e+00,
       -6.59395433e-06, -4.79508589e-05,  6.05224062e-05,  1.98764031e-05,
        0.00000000e+00, -4.18269481e-04, -6.93857591e-04,  2.34578035e-04,
       -2.54544393e-04,  5.84991194e-04, -5.60202907e-04,  3.21304945e-04,
       -1.64507449e-05,  2.77013346e-05,  1.65602417e-04,  5.67421013e-04,
       -9.23359271e-05, -1.36836275e-04,  2.71966345e-04, -7.74341850e-05,
        9.71119874e-05, -5.67360201e-05, -7.21810612e-06,  9.23359271e-05,
        0.00000000e+00, -7.77223809e-07, -9.71207795e-07,  4.97328504e-05,
       -9.71119874e-05,  0.00000000e+00,  1.62750222e-05,  5.64863935e-05,
        1.06590309e-06, -1.48407497e-04, -3.36764800e-05, -1.33858966e-04,
       -4.14870468e-05,  6.44192326e-05,  1.15014099e-04, -3.43994205e-05,
        1.27035985e-04, -7.43020321e-06,  2.70474394e-05,  7.22116247e-05,
       -1.00400183e-04,  1.77799392e-05,  1.15895070e-05,  6.82298091e-06,
        7.43020321e-06,  0.00000000e+00, -2.90131786e-06,  1.17766395e-05,
       -1.46139158e-05, -1.77799392e-05,  0.00000000e+00,  1.87774224e-05,
       -2.24719200e-05, -1.37983150e-05,  5.20225189e-05,  1.44069327e-05,
        3.30903770e-05, -2.15112092e-05, -4.64666614e-05,  4.67424776e-06,
        1.10780952e-05, -3.00128586e-05,  1.19743600e-05,  1.34506660e-05,
       -8.32385303e-06, -2.98174537e-06,  1.72506559e-06, -3.01310799e-06,
       -3.07751844e-06, -1.19743600e-05,  0.00000000e+00,  3.08143576e-06,
        2.76799547e-06, -1.69250239e-06, -1.72506559e-06,  0.00000000e+00,
        1.40858289e-07, -1.07877273e-05,  1.05610361e-06,  4.49053144e-06,
       -2.91451237e-06,  2.40860352e-07, -1.22041462e-06, -5.21131133e-06,
       -3.13668152e-06,  1.24744640e-05,  2.97292250e-06, -5.87134367e-06,
       -2.70294843e-07,  1.23620456e-06,  2.29135342e-06,  6.75055793e-06,
        1.22777570e-06, -3.21378285e-06,  5.87134367e-06,  0.00000000e+00,
        2.93747565e-07, -5.15424671e-07,  8.45328099e-07, -6.75055793e-06,
        0.00000000e+00], dtype=float64),
                   'Ra_n': Array([ 8.08827983e+00,  1.15564572e+00,  2.06002859e-02,  1.93551101e-03,
        5.75538088e-04, -1.95483521e-04, -5.62266851e-05,  6.95297894e-07,
       -1.57161753e-06], dtype=float64),
                   'Rb_lmn': Array([ 0.00000000e+00,  0.00000000e+00,  0.00000000e+00,  0.00000000e+00,
        0.00000000e+00,  0.00000000e+00,  0.00000000e+00,  0.00000000e+00,
        0.00000000e+00,  0.00000000e+00,  0.00000000e+00,  0.00000000e+00,
        0.00000000e+00,  0.00000000e+00,  0.00000000e+00,  0.00000000e+00,
        0.00000000e+00,  0.00000000e+00,  0.00000000e+00,  0.00000000e+00,
        0.00000000e+00,  0.00000000e+00,  0.00000000e+00,  0.00000000e+00,
        0.00000000e+00,  0.00000000e+00,  0.00000000e+00,  0.00000000e+00,
        0.00000000e+00,  0.00000000e+00,  0.00000000e+00,  0.00000000e+00,
        0.00000000e+00,  0.00000000e+00,  0.00000000e+00,  0.00000000e+00,
        6.63455755e-03,  1.25221475e-03, -6.59732962e-04, -3.47537872e-04,
        0.00000000e+00,  0.00000000e+00,  0.00000000e+00,  0.00000000e+00,
        1.08850139e-02,  1.37503009e-02, -6.59950951e-03,  7.72624961e-03,
        0.00000000e+00,  0.00000000e+00,  0.00000000e+00,  0.00000000e+00,
       -5.65179420e-02,  4.38424552e-02, -5.56157463e-02,  6.57784539e-02,
        0.00000000e+00,  0.00000000e+00,  0.00000000e+00,  0.00000000e+00,
        3.06712646e-03,  1.98572237e-01,  1.52469484e-01,  2.52088603e-01,
        8.00000000e+00,  1.98225386e+00,  6.04668770e-02, -1.06853034e-02,
       -1.21380848e-02,  0.00000000e+00,  0.00000000e+00,  0.00000000e+00,
        0.00000000e+00,  1.40824079e+00,  2.47992226e-03, -1.54450219e-01,
       -1.54005791e-01,  4.90470770e-02,  0.00000000e+00,  0.00000000e+00,
        0.00000000e+00,  0.00000000e+00,  2.28894186e-02, -3.13157279e-03,
        4.53526866e-02, -7.03339885e-02,  3.58410221e-02,  0.00000000e+00,
        0.00000000e+00,  0.00000000e+00,  0.00000000e+00, -3.37057143e-04,
       -5.51117377e-04,  2.76855064e-03, -1.41528252e-02, -3.06945181e-03,
        0.00000000e+00,  0.00000000e+00,  0.00000000e+00,  0.00000000e+00,
        2.29022696e-04, -1.38634750e-04, -9.84493082e-04,  2.82841846e-03,
        3.85060368e-03,  0.00000000e+00,  0.00000000e+00,  0.00000000e+00,
        0.00000000e+00,  0.00000000e+00,  0.00000000e+00,  0.00000000e+00,
        0.00000000e+00,  0.00000000e+00,  0.00000000e+00,  0.00000000e+00,
        0.00000000e+00,  0.00000000e+00,  0.00000000e+00,  0.00000000e+00,
        0.00000000e+00,  0.00000000e+00,  0.00000000e+00,  0.00000000e+00,
        0.00000000e+00,  0.00000000e+00,  0.00000000e+00,  0.00000000e+00,
        0.00000000e+00,  0.00000000e+00,  0.00000000e+00,  0.00000000e+00,
        0.00000000e+00,  0.00000000e+00,  0.00000000e+00,  0.00000000e+00,
        0.00000000e+00,  0.00000000e+00,  0.00000000e+00,  0.00000000e+00,
        0.00000000e+00,  0.00000000e+00,  0.00000000e+00,  0.00000000e+00,
        0.00000000e+00], dtype=float64),
                   'Te_l': Array([], shape=(0,), dtype=float64),
                   'Ti_l': Array([], shape=(0,), dtype=float64),
                   'Z_lmn': Array([ 2.61781367e-06, -2.00860191e-05,  6.15247282e-07,  1.13285495e-05,
        2.43378678e-05, -1.08530393e-05, -1.87880794e-06, -1.00054443e-05,
        8.66427325e-06, -4.66536954e-06,  6.72671475e-06, -9.79696779e-06,
       -1.81744829e-06, -7.46646250e-08, -3.00047299e-06,  1.00404482e-06,
        4.13520800e-07,  4.12632457e-06,  9.79696779e-06,  0.00000000e+00,
        4.63195274e-07, -1.24844059e-06, -5.66380026e-06, -1.00404482e-06,
        0.00000000e+00, -1.25639065e-05, -1.57707942e-05, -9.01875119e-06,
       -4.44350959e-06, -2.28795580e-05,  2.16739980e-05,  1.45416735e-05,
        4.09289238e-07, -3.52531981e-05,  2.48861008e-05, -3.64326893e-05,
       -1.99794751e-05,  9.32524372e-06,  9.53406298e-06,  3.23174843e-05,
        1.33642227e-05,  1.37642515e-05,  1.47586912e-05,  1.99794751e-05,
        0.00000000e+00, -2.28425953e-06, -5.49984263e-06,  2.93571379e-06,
       -1.33642227e-05,  0.00000000e+00,  1.55767040e-04, -3.76242613e-04,
       -6.45800719e-05,  3.66211260e-04,  2.10280585e-04, -9.83905017e-05,
       -1.46259064e-04, -3.65888511e-04,  9.70259995e-05,  1.59727211e-04,
        5.71214032e-05,  8.44834075e-05,  5.69189834e-05, -2.36018704e-06,
       -9.59904596e-05,  5.98324287e-06,  6.23481813e-06,  4.12690985e-05,
       -8.44834075e-05,  0.00000000e+00, -1.84688734e-06,  2.03743790e-06,
       -1.03553989e-06, -5.98324287e-06,  0.00000000e+00,  6.63973996e-05,
       -1.90004581e-04, -1.72913388e-04,  4.30609458e-04,  2.67550387e-04,
       -8.71814777e-05,  1.19498668e-04, -3.65838791e-04, -4.20493104e-05,
       -7.49219827e-05, -1.83139898e-05, -1.54288809e-05,  2.21350886e-06,
       -8.84417023e-05,  5.07965440e-05,  4.34946055e-05, -2.62382340e-06,
        1.05495467e-04,  1.54288809e-05,  0.00000000e+00, -1.51961880e-05,
        2.36710354e-05, -8.74723364e-06, -4.34946055e-05,  0.00000000e+00,
        8.28761311e-04, -4.38889335e-03, -4.29679778e-04,  7.12432370e-04,
        4.16932871e-03, -2.14475920e-03, -1.88247544e-04,  1.67374722e-04,
       -2.56657236e-03, -9.55347042e-05,  1.37867428e-03, -7.50946324e-04,
       -1.49239869e-04, -1.62012570e-04,  1.66038528e-04,  1.26894041e-04,
       -1.35770063e-04,  5.14505421e-05,  7.50946324e-04,  0.00000000e+00,
       -5.15539180e-05,  4.25371611e-05, -2.46712888e-06, -1.26894041e-04,
        0.00000000e+00,  3.49665956e-03, -8.98944680e-03, -5.65434257e-04,
        2.33319668e-03, -1.21852812e-03,  1.16542116e-02, -1.65615982e-03,
       -3.01034139e-03, -1.47777693e-02, -6.11502561e-04,  5.37410025e-04,
       -9.13787605e-04,  2.64465358e-04,  1.61728241e-05, -1.72815713e-03,
       -2.17009354e-05, -4.19493755e-05, -3.33986357e-05,  9.13787605e-04,
        0.00000000e+00, -3.75323955e-05, -2.03885300e-05,  1.07528097e-04,
        2.17009354e-05,  0.00000000e+00,  5.50631296e-02, -1.04498685e-01,
       -2.72030222e-02, -3.87257539e-02,  5.11690829e-02,  4.49205020e-02,
        2.38089805e-03,  1.12880257e-02, -5.42942339e-02, -3.91438158e-03,
       -4.33301467e-03, -4.90194408e-04, -1.70906674e-04, -5.55673323e-04,
       -1.87476710e-03, -4.47002537e-05,  3.74298863e-05, -3.24362686e-04,
        4.90194408e-04,  0.00000000e+00,  2.79750155e-05, -1.55022717e-04,
        1.87007588e-04,  4.47002537e-05,  0.00000000e+00,  1.32116600e+00,
       -2.99896040e-01,  1.29668295e-01,  2.57805993e-01,  5.20627820e-02,
        2.08227816e-01,  1.04436498e-02,  4.87507338e-03, -1.69419327e-02,
       -4.13578462e-04, -1.30664502e-02, -3.17111532e-04, -3.64049485e-04,
        3.69111677e-04,  1.46241360e-04, -7.02572166e-05,  9.24167076e-05,
       -6.32986718e-06,  3.17111532e-04,  0.00000000e+00, -9.50699807e-06,
       -2.98432364e-04, -3.20655176e-05,  7.02572166e-05,  0.00000000e+00,
       -2.08898176e+00, -1.45354447e-01,  3.83817306e-02,  5.57108052e-02,
        1.03712013e-02,  2.19637269e-02, -1.27718088e-04, -1.73445691e-03,
        7.66706150e-04, -1.16530219e-05, -9.21052448e-04, -9.65309805e-04,
        0.00000000e+00,  1.27718088e-04,  3.80129094e-04, -1.80476771e-04,
        0.00000000e+00,  1.16530219e-05, -3.23769519e-05, -1.61704657e-04,
       -4.73792680e-02,  1.89734441e-01,  1.56122877e-01,  4.42298858e-02,
        1.10145241e-02,  3.22968588e-02, -1.61035028e-04, -4.19981252e-03,
       -4.20608624e-03, -6.92999535e-05,  4.87432236e-04, -5.50184730e-04,
        0.00000000e+00,  1.61035028e-04, -3.13506118e-04,  1.91706370e-04,
        0.00000000e+00,  6.92999535e-05,  9.57174742e-05, -1.06099750e-04,
       -2.05947069e-02, -1.96544682e-04,  6.37775910e-02,  2.06583450e-02,
       -7.92363242e-02, -4.22504270e-03, -1.08544057e-03, -2.23314104e-03,
       -9.06349451e-04, -7.08738777e-05, -1.14592243e-03,  1.02014895e-03,
        0.00000000e+00,  1.08544057e-03, -4.80258797e-04,  2.25150253e-04,
        0.00000000e+00,  7.08738777e-05,  1.08510997e-04, -2.73653991e-04,
       -4.38118580e-03,  7.76449156e-03,  1.69003657e-02,  5.06805773e-03,
       -2.05415086e-02, -5.44164870e-03, -1.01426410e-03, -5.19466466e-03,
       -1.10509146e-03,  3.88951217e-05, -2.12780349e-03, -8.73733003e-05,
        0.00000000e+00,  1.01426410e-03, -1.20470847e-04, -9.62009782e-05,
        0.00000000e+00, -3.88951217e-05,  1.94530577e-04, -4.27986192e-05,
       -2.57417708e-04,  9.44305373e-04, -1.20859326e-03,  8.51083442e-04,
        5.04109781e-04, -1.84920406e-03, -7.90528927e-04,  1.31620600e-03,
        1.72020896e-04,  6.74463535e-05,  3.11728102e-04, -1.98219190e-04,
        0.00000000e+00,  7.90528927e-04,  1.73486405e-04, -1.63908802e-04,
        0.00000000e+00, -6.74463535e-05, -7.13486361e-06, -8.08670902e-06,
        1.16787688e-04,  5.75862881e-04, -5.94224297e-04,  4.46764162e-05,
        2.66766191e-05, -3.90336751e-04, -8.80859655e-05,  5.19221553e-04,
       -9.77958484e-05,  5.31652093e-05, -2.73333387e-05, -1.94594010e-04,
        0.00000000e+00,  8.80859655e-05,  7.50027442e-05, -6.36682556e-05,
        0.00000000e+00, -5.31652093e-05,  6.56719608e-07,  9.06788005e-06,
       -9.42323358e-05,  1.04595225e-04, -5.31954625e-05,  1.45546252e-04,
       -1.11153063e-04, -1.28638368e-04,  8.59562910e-05, -3.20297119e-06,
       -5.42164965e-05,  1.17410174e-05,  1.14003484e-04,  2.93234945e-05,
        0.00000000e+00, -8.59562910e-05,  5.63984337e-05,  2.90258033e-06,
        0.00000000e+00, -1.17410174e-05, -2.85042026e-06, -5.28035169e-06,
       -5.89651180e-05,  4.90107021e-05, -1.85556646e-05,  3.45681066e-05,
        2.11807624e-06, -4.84279109e-05, -3.00130185e-06,  9.98564794e-06,
        2.07384225e-05,  1.29975539e-06, -2.52749051e-07, -2.55506957e-06,
        0.00000000e+00,  3.00130185e-06,  8.57001667e-06,  3.65858890e-06,
        0.00000000e+00, -1.29975539e-06, -1.86532718e-06,  1.97227834e-06,
       -8.37947574e-06, -1.47444090e-05,  6.23431206e-06,  7.17199748e-06,
       -5.47990863e-07,  1.45694123e-05, -1.03274539e-05, -6.06188844e-06,
        1.99531097e-06,  1.15333851e-06,  4.47120148e-06,  2.71964154e-06,
        0.00000000e+00,  1.03274539e-05, -1.72423617e-07, -7.87832713e-07,
        0.00000000e+00, -1.15333851e-06, -3.92321062e-06, -2.54464485e-06],      dtype=float64),
                   'Za_n': Array([ 2.40440201e-06, -6.12985052e-07,  1.53221770e-05,  3.41399758e-04,
        1.16787950e-03,  2.10393624e-03,  8.48459316e-02,  1.20229589e+00],      dtype=float64),
                   'Zb_lmn': Array([ 0.00000000e+00,  0.00000000e+00,  0.00000000e+00,  0.00000000e+00,
        0.00000000e+00,  0.00000000e+00,  0.00000000e+00,  0.00000000e+00,
        0.00000000e+00,  0.00000000e+00,  0.00000000e+00,  0.00000000e+00,
        0.00000000e+00,  0.00000000e+00,  0.00000000e+00,  0.00000000e+00,
        0.00000000e+00,  0.00000000e+00,  0.00000000e+00,  0.00000000e+00,
        0.00000000e+00,  0.00000000e+00,  0.00000000e+00,  0.00000000e+00,
        0.00000000e+00,  0.00000000e+00,  0.00000000e+00,  0.00000000e+00,
        0.00000000e+00,  0.00000000e+00,  0.00000000e+00,  0.00000000e+00,
        0.00000000e+00,  0.00000000e+00,  0.00000000e+00,  0.00000000e+00,
        1.00402021e-05, -4.50869411e-04,  7.60331683e-04, -7.14634378e-04,
       -2.40300096e-03,  0.00000000e+00,  0.00000000e+00,  0.00000000e+00,
        0.00000000e+00,  1.50199844e-03, -1.08614269e-02, -6.81360412e-04,
        1.21582230e-02, -1.63983984e-02,  0.00000000e+00,  0.00000000e+00,
        0.00000000e+00,  0.00000000e+00,  3.00980738e-02, -5.72065542e-02,
       -2.81484242e-02,  4.02631246e-02, -5.59819934e-02,  0.00000000e+00,
        0.00000000e+00,  0.00000000e+00,  0.00000000e+00,  1.46090439e+00,
       -2.48154420e-01,  2.62751746e-01,  1.95155036e-01, -1.68277569e-02,
        0.00000000e+00,  0.00000000e+00,  0.00000000e+00,  0.00000000e+00,
        0.00000000e+00,  0.00000000e+00,  0.00000000e+00,  0.00000000e+00,
        9.41777186e-03,  3.70274028e-02, -1.24517734e-01, -2.03268473e+00,
        0.00000000e+00,  0.00000000e+00,  0.00000000e+00,  0.00000000e+00,
        1.15976738e-02,  1.51609558e-01,  2.21375015e-01, -7.16376205e-03,
        0.00000000e+00,  0.00000000e+00,  0.00000000e+00,  0.00000000e+00,
       -8.02737356e-02,  6.10641912e-02, -3.67509242e-03, -6.17561075e-04,
        0.00000000e+00,  0.00000000e+00,  0.00000000e+00,  0.00000000e+00,
       -2.24747815e-02,  1.15852302e-02,  2.19267094e-03, -5.14420506e-04,
        0.00000000e+00,  0.00000000e+00,  0.00000000e+00,  0.00000000e+00,
        8.08703019e-04,  2.81099139e-04, -1.11120459e-03,  6.01777828e-04,
        0.00000000e+00,  0.00000000e+00,  0.00000000e+00,  0.00000000e+00,
        0.00000000e+00,  0.00000000e+00,  0.00000000e+00,  0.00000000e+00,
        0.00000000e+00,  0.00000000e+00,  0.00000000e+00,  0.00000000e+00,
        0.00000000e+00,  0.00000000e+00,  0.00000000e+00,  0.00000000e+00,
        0.00000000e+00,  0.00000000e+00,  0.00000000e+00,  0.00000000e+00,
        0.00000000e+00,  0.00000000e+00,  0.00000000e+00,  0.00000000e+00,
        0.00000000e+00,  0.00000000e+00,  0.00000000e+00,  0.00000000e+00,
        0.00000000e+00,  0.00000000e+00,  0.00000000e+00,  0.00000000e+00],      dtype=float64),
                   'Zeff_l': Array([], shape=(0,), dtype=float64),
                   'a_lmn': Array([], shape=(0,), dtype=float64),
                   'c_l': Array([0., 0., 0., 0., 0.], dtype=float64),
                   'i_l': Array([], shape=(0,), dtype=float64),
                   'ne_l': Array([], shape=(0,), dtype=float64),
                   'ni_l': Array([], shape=(0,), dtype=float64),
                   'p_l': Array([0., 0., 0., 0., 0.], dtype=float64)}],
               [ { 'G': Array([], shape=(0,), dtype=float64),
                   'I': Array([], shape=(0,), dtype=float64),
                   'L_lmn': Array([ 1.72891356e-05,  5.67276196e-05, -3.60096864e-05, -6.41714319e-05,
        2.76259767e-05,  7.92620061e-05,  1.79764988e-05, -6.22184792e-07,
       -8.14174296e-05, -3.91878237e-05, -1.96717479e-05,  6.28589169e-05,
        1.09279346e-05, -1.37488667e-06,  3.04453891e-05, -4.20866616e-05,
        6.02525022e-06,  1.35129870e-05, -3.10634726e-05,  3.52846747e-05,
       -1.72220115e-06,  2.02713139e-05,  8.14550964e-06, -1.88097987e-06,
       -1.24489821e-05,  6.43259462e-05,  1.29928947e-04, -2.53277253e-05,
       -1.25815310e-04,  1.33428312e-04,  2.40785970e-04,  8.02732721e-05,
       -2.50728144e-05, -2.26617799e-04, -2.03194491e-04, -3.47040037e-06,
        2.64331097e-04, -4.06506847e-05,  3.52637969e-05, -1.68695316e-05,
       -2.20381002e-04, -4.49968140e-05, -3.71499067e-05, -5.33326721e-06,
        1.54880257e-04,  7.60670007e-06,  9.67077296e-08,  9.33048918e-06,
       -2.30510016e-06, -6.43341742e-05, -8.92161619e-06, -9.37476406e-04,
        1.20695159e-04,  4.54879990e-04,  1.07155871e-03, -1.69485812e-04,
       -5.59689361e-04, -6.94339703e-04, -3.14599911e-04,  1.79014157e-04,
        3.53306493e-04,  2.81617889e-04,  8.93693733e-05,  1.47161843e-04,
        1.54071336e-04, -2.87779982e-04,  3.29245621e-05, -6.07339212e-05,
        8.93784061e-05,  1.79178450e-04, -1.43456624e-05, -3.12314043e-05,
        2.83655356e-05,  4.19376255e-05, -6.46866330e-05, -2.09154330e-04,
        1.99310675e-03,  8.02567223e-05,  2.04671540e-04, -6.80894582e-04,
        1.41291399e-03,  5.06010897e-05, -5.68814700e-04, -1.09074789e-03,
       -6.94741967e-04, -3.68532663e-04,  1.03115361e-03, -1.26025473e-04,
       -2.19127355e-04,  5.10677718e-04, -3.91761408e-04, -9.25352672e-05,
       -4.53184478e-05,  2.81418064e-05,  3.58660940e-04,  7.71265196e-05,
       -1.09911161e-07,  7.99194061e-05, -1.68827833e-04, -1.86329243e-04,
        1.21118630e-03,  1.42105072e-04, -3.88749589e-03,  1.63329714e-03,
        3.61023807e-05,  2.79585287e-03,  2.55149522e-03, -2.66144832e-03,
       -1.67701581e-03, -6.81062105e-05, -9.29136319e-04,  3.36032235e-03,
        4.67717189e-05,  3.68775464e-04,  5.53050481e-04, -5.42742715e-04,
        2.54605726e-04, -3.99136668e-04,  2.81906430e-04,  3.30237496e-04,
       -5.32368549e-05, -2.27347452e-04, -2.31724981e-05, -1.01506286e-04,
        5.33652477e-05,  5.96025393e-04,  4.74795753e-03, -8.05680897e-03,
       -1.25141582e-02,  1.68461282e-03,  7.27385576e-03,  2.02006370e-03,
        1.56658137e-03,  5.75505694e-03, -8.25474383e-04, -1.67034027e-03,
        4.23373677e-03, -4.42100093e-05, -2.47419587e-04,  2.39519606e-03,
       -7.02381665e-04, -9.46175350e-05,  4.00522927e-05, -7.43344296e-04,
        3.98707765e-04,  5.07059209e-05, -4.96791816e-05, -2.38711277e-05,
       -1.36114953e-04, -1.40408886e-04,  2.94419801e-02,  7.03647777e-02,
       -2.35643181e-02, -5.73046561e-02, -4.46093943e-02,  5.27084550e-02,
        6.76920750e-03,  1.26336339e-02, -1.71309323e-03, -1.06583724e-03,
       -6.30481424e-03, -6.38674776e-04, -3.13075742e-06, -2.53191975e-03,
        5.57862344e-03,  5.24071370e-04,  4.84290191e-04,  1.58200602e-03,
       -7.96973993e-05,  4.50680953e-05,  1.32137135e-04,  5.96233588e-04,
       -1.04963026e-05, -7.71898664e-05, -1.70556959e-04,  1.39797817e-01,
       -2.40038047e-01, -9.00516169e-03, -2.77623166e-01, -5.14360483e-02,
        4.09315180e-02, -1.13604755e-02,  2.08992005e-02, -3.37747436e-03,
        5.83215392e-03, -2.06226022e-02, -6.95017182e-03, -3.43785865e-03,
       -8.40011333e-03,  4.04589175e-03,  1.52024163e-04, -1.63178438e-03,
        1.14178878e-03,  1.28975163e-03,  3.06868235e-04, -4.66870480e-05,
        5.92238531e-04,  2.62864331e-05,  9.39702988e-05,  1.37761633e-04,
        2.75996246e-01, -7.07461012e-02, -4.69143357e-03,  4.21443087e-02,
        6.22712551e-03,  1.33427490e-02,  7.11690792e-05, -1.18649420e-03,
        2.52291243e-02, -6.82731665e-04, -1.68263286e-03, -3.82518299e-03,
        2.54386368e-04,  1.27916946e-04, -3.91160761e-04, -1.27158144e-04,
       -1.87439153e-05,  1.23309885e-04,  1.17648351e-04,  1.91423839e-04,
       -2.24493020e-01, -1.86754402e-01,  1.00460250e-02, -8.56229321e-02,
       -3.92458968e-03,  3.06953667e-03, -3.72774170e-03, -9.57065061e-03,
        1.92370231e-03, -2.49664613e-04,  2.60147156e-03, -7.09267770e-03,
       -1.62051974e-04,  3.43583884e-04,  1.02367590e-03, -3.24234154e-03,
        9.13607827e-05,  3.38515156e-05,  9.49315377e-05,  2.19981023e-04,
        3.02965125e-02, -8.06040397e-02,  7.24052419e-02, -1.57792617e-02,
       -1.62684601e-03,  1.10029354e-02, -1.81136090e-03, -1.22352279e-02,
       -2.67742247e-03,  1.21868254e-03,  7.39497992e-03, -8.59492336e-05,
        6.65146579e-04, -5.40645994e-04,  1.71904149e-03,  7.76211853e-04,
       -2.52594568e-04,  2.27579290e-06, -1.77900158e-04,  3.86016185e-04,
       -1.32054703e-02, -2.12218948e-02,  3.03315421e-03,  1.11801988e-02,
        4.81484362e-03,  8.40287665e-03,  4.62792023e-03,  1.26601004e-03,
        3.47996018e-04, -6.67666297e-04,  2.87362550e-03, -6.77803484e-04,
       -5.04484799e-05, -2.10836716e-04,  2.48349388e-04,  1.53360927e-04,
        1.63844098e-04, -1.43164136e-04, -9.98073649e-05,  1.34756368e-04,
        1.68396132e-03,  2.80545259e-03,  3.64350296e-03, -1.59528866e-03,
       -1.19698496e-03, -2.46087073e-03,  3.29128656e-03, -1.99084405e-03,
       -7.94593065e-04, -8.37395843e-04,  5.15461215e-04,  1.44875498e-04,
        6.57687693e-04,  3.60709186e-05, -1.54092973e-04,  9.64807977e-05,
       -2.66522098e-04, -1.06628845e-04,  4.35811103e-05, -1.96054941e-04,
        5.45027799e-04,  1.19734882e-03,  9.08596427e-04,  3.37291805e-05,
       -8.13035091e-04, -2.02923825e-03,  9.40325746e-04,  2.75383338e-04,
        3.80521278e-04, -1.72340821e-04,  4.21586088e-04,  1.23068624e-04,
        1.26286381e-04, -8.72812284e-05, -1.85257377e-04, -1.23855267e-04,
       -9.04258644e-06, -1.28020719e-04,  7.96989950e-05, -2.95576011e-05,
       -5.69918396e-04,  8.36237717e-05,  2.80634935e-04,  6.99767655e-04,
       -2.96005020e-04, -2.31213858e-04,  4.29221367e-04,  1.30516729e-04,
       -2.12564183e-04, -3.74784554e-04,  6.98064623e-05,  7.89799732e-05,
        3.07462156e-04,  9.65154774e-05, -2.38221351e-05,  8.59178299e-05,
       -1.24331451e-04, -1.39800486e-05, -2.36356965e-05, -5.13802412e-05,
        3.64561621e-05, -3.15359526e-05,  2.11588218e-04,  1.13119638e-05,
       -1.67534314e-04, -3.67513132e-05,  2.56770124e-04, -1.84248387e-05,
       -7.63396237e-05, -1.67893698e-04, -1.16501200e-05,  4.42291050e-05,
        8.56765709e-05, -3.98691438e-05, -4.31722713e-05, -5.95637764e-05,
       -4.80722235e-05,  2.50431150e-05,  5.27237143e-05,  2.82178951e-05,
        8.28762361e-05, -3.57386477e-05,  1.09031595e-04,  1.04801119e-05,
       -7.06403909e-05, -7.37929240e-05,  9.47731065e-05, -2.96246422e-05,
        3.06012891e-06, -5.97951609e-05,  9.23550140e-06,  1.46897513e-05,
        5.06888115e-05, -3.71292454e-05,  2.34535749e-05,  1.26480965e-05,
       -1.89399255e-05, -1.56957094e-05, -1.06077715e-05,  5.31905449e-06],      dtype=float64),
                   'Phi_mn': Array([], shape=(0,), dtype=float64),
                   'Psi': Array([50.], dtype=float64),
                   'R_lmn': Array([ 2.48072360e-07, -6.51038719e-05,  1.05154015e-04,  5.10888128e-05,
       -5.09884022e-05,  4.01871191e-05,  8.41412185e-05, -8.27807306e-05,
       -5.07084441e-05, -2.30595611e-05,  5.93584709e-05,  3.59530043e-05,
        0.00000000e+00, -8.41412185e-05, -2.23732848e-05, -6.28440980e-07,
        0.00000000e+00,  2.30595611e-05, -8.37006870e-06, -1.10362514e-05,
       -1.30100815e-04, -9.46358973e-05,  1.38406741e-04,  7.17779650e-05,
       -1.26127962e-04, -1.10746289e-05,  6.70997807e-06, -1.24419849e-04,
        1.09498125e-05, -8.14427894e-05,  1.29481033e-04,  9.75389836e-05,
        0.00000000e+00, -6.70997807e-06, -1.39868922e-05,  4.73730374e-05,
        0.00000000e+00,  8.14427894e-05, -3.35307066e-06,  8.17154264e-06,
        4.86595551e-05,  8.40207409e-04, -2.44739811e-04, -2.53782380e-04,
        4.94146135e-05, -6.60530777e-04, -2.76082353e-05,  2.39501625e-04,
        2.75187156e-04, -5.20132454e-05,  4.02576278e-05, -9.65286442e-05,
        0.00000000e+00,  2.76082353e-05,  5.23818639e-06, -7.00643312e-05,
        0.00000000e+00,  5.20132454e-05, -8.96722413e-05, -8.31479877e-05,
        9.83125694e-04, -1.03475448e-03, -5.16289985e-04, -9.20729673e-04,
       -2.14037131e-04,  6.88137158e-04,  7.61585449e-04,  8.07802723e-05,
       -1.77271268e-04,  1.01047210e-04,  3.31942399e-04,  2.83884799e-04,
        0.00000000e+00, -7.61585449e-04,  4.35509713e-04,  1.14875247e-04,
        0.00000000e+00, -1.01047210e-04, -1.17905268e-04,  6.27325246e-05,
        1.43597165e-03, -2.33024624e-03, -4.20839553e-03,  3.62059503e-04,
        5.83048306e-03,  1.91951896e-03, -1.31831515e-03,  2.68873718e-03,
       -2.70750659e-03,  1.77101847e-05,  1.58105705e-03, -1.22254168e-03,
        0.00000000e+00,  1.31831515e-03,  3.10719450e-04,  8.92655088e-05,
        0.00000000e+00, -1.77101847e-05, -7.55311312e-05,  1.13399323e-04,
        1.05687498e-02, -1.24719221e-02,  2.01835053e-02,  2.41540050e-03,
        6.98462031e-03, -2.46158665e-03, -1.37444393e-03, -6.21188866e-04,
       -2.98049912e-03,  9.10030780e-05, -5.66520714e-04, -3.89050466e-04,
        0.00000000e+00,  1.37444393e-03,  6.60060792e-05, -2.58614746e-04,
        0.00000000e+00, -9.10030780e-05,  3.65517286e-05,  3.61563071e-04,
        6.36773790e-02, -1.02590189e-01,  4.68732092e-02, -2.36346123e-03,
       -8.58724450e-02,  2.96491028e-02,  1.27130230e-04, -2.85299695e-03,
       -5.01623707e-03,  5.47650294e-05, -4.32967041e-03, -1.52499335e-03,
        0.00000000e+00, -1.27130230e-04, -1.38588352e-03, -7.60721699e-04,
        0.00000000e+00, -5.47650294e-05, -1.87397801e-05,  4.25331958e-04,
        4.39509142e-01,  1.17411322e-01,  2.65511608e-01, -9.51177455e-02,
        4.30847231e-03,  4.28593122e-02, -3.75528465e-04, -2.65008127e-02,
        1.26474702e-02, -2.49646165e-04,  2.13841842e-03, -6.78477169e-04,
        0.00000000e+00,  3.75528465e-04,  4.21684274e-04,  6.42683281e-04,
        0.00000000e+00,  2.49646165e-04, -1.21001011e-04,  1.58841843e-04,
        7.95524686e+00,  1.94899666e+00,  6.46975771e-03,  8.23861400e-02,
       -2.59002561e-02, -1.71698507e-02,  3.81789837e-02, -3.17877605e-02,
       -4.64760156e-02, -4.15145555e-03,  6.77671301e-03, -3.46586958e-04,
       -4.65222658e-05,  1.75677577e-03,  1.61554034e-03,  1.63777823e-05,
       -8.08969800e-05, -6.25852046e-04,  3.46586958e-04,  0.00000000e+00,
        1.50923948e-04,  1.50385848e-05, -1.12952946e-04, -1.63777823e-05,
        0.00000000e+00,  1.04298525e+00, -2.70386858e-02,  1.50791181e-01,
       -1.51710083e-01,  3.39802177e-02, -1.82258427e-01,  3.07434565e-02,
       -5.45202801e-02,  4.37910979e-02, -1.22906828e-03,  1.33136330e-03,
       -2.74982243e-04, -1.12741272e-03, -1.98349920e-03,  7.35522406e-04,
       -1.79594183e-04, -5.05513276e-04,  9.38148701e-04,  2.74982243e-04,
        0.00000000e+00,  1.00457863e-04,  3.72461092e-05, -2.84825228e-05,
        1.79594183e-04,  0.00000000e+00,  1.60364504e-02, -4.36071479e-02,
        7.44000036e-03,  8.30445736e-02,  3.83815494e-02, -7.92202393e-02,
        6.09285630e-03, -1.60062290e-02,  6.76571775e-02,  1.57605527e-04,
        1.22697717e-02,  4.69955460e-04, -2.15971590e-04, -4.89254461e-04,
       -3.48652917e-03,  1.44904982e-04,  1.78469801e-04,  6.69089682e-04,
       -4.69955460e-04,  0.00000000e+00,  9.50334863e-05, -1.23250629e-04,
        4.72237131e-05, -1.44904982e-04,  0.00000000e+00,  4.92301591e-03,
       -1.06055568e-02, -3.25273897e-03, -3.21111096e-03,  1.24287672e-02,
       -2.46898946e-02, -3.13675361e-03,  1.00452330e-02, -8.45666987e-03,
       -4.01625116e-03,  2.24461868e-03,  1.08995146e-03,  3.00028248e-04,
        8.02502638e-04,  5.79502671e-03,  2.70084277e-05,  1.48289386e-04,
       -8.16602267e-04, -1.08995146e-03,  0.00000000e+00,  6.43577971e-05,
       -3.32751996e-04, -7.84303020e-05, -2.70084277e-05,  0.00000000e+00,
        1.18562762e-04, -3.95727040e-03, -4.78669390e-04,  1.02274360e-03,
        2.01411634e-03,  5.74818075e-03,  1.08139965e-03, -1.73479843e-03,
        2.59417113e-03,  6.80068586e-04, -2.12647495e-03,  1.13023328e-03,
        2.37174113e-04,  4.78993308e-04, -2.39888594e-03, -6.21538477e-05,
        2.42029118e-04,  4.72668066e-05, -1.13023328e-03,  0.00000000e+00,
       -1.90245347e-04, -1.20824941e-04,  1.62268199e-04,  6.21538477e-05,
        0.00000000e+00, -2.07806285e-04, -1.56965625e-03,  2.11651463e-04,
        4.92769469e-05,  1.50596228e-03,  2.60388961e-04,  6.49322557e-05,
       -6.03595297e-04,  2.77042024e-05,  3.08883500e-04, -1.20544290e-04,
       -4.40872333e-04, -7.91271925e-05,  5.87644326e-04, -2.19077210e-04,
        2.35220141e-05, -2.45189530e-04, -1.39844670e-04,  4.40872333e-04,
        0.00000000e+00,  1.03497590e-05, -3.33259755e-05,  1.91373008e-04,
       -2.35220141e-05,  0.00000000e+00,  1.55070460e-04, -3.46160237e-04,
       -7.78236431e-05, -6.18898598e-04,  1.16759486e-04, -2.17508249e-04,
       -1.36217048e-04,  4.42797835e-04, -6.15861804e-05,  1.81833983e-04,
        1.12431437e-04, -1.04588918e-05,  1.05439313e-04,  1.20894528e-04,
       -8.51973650e-06,  3.03804920e-05,  4.75667679e-05,  1.05076812e-04,
        1.04588918e-05,  0.00000000e+00, -4.64690815e-05,  5.52062355e-05,
        7.01059169e-05, -3.03804920e-05,  0.00000000e+00,  7.35075323e-05,
        3.81587069e-05, -2.14511805e-05,  1.73449826e-04, -5.02817062e-05,
       -4.59140808e-05, -8.48324331e-05, -1.07995739e-04,  1.23812279e-04,
        4.40434405e-05,  5.09404500e-05, -2.31350791e-05,  1.62787297e-05,
       -7.05543131e-05, -1.21711326e-04,  8.60063095e-05, -3.19204411e-05,
       -5.02636913e-06,  2.31350791e-05,  0.00000000e+00,  1.64973517e-05,
        5.10022693e-06, -2.10095324e-06, -8.60063095e-05,  0.00000000e+00,
       -1.99748673e-06, -5.50739309e-05, -2.82054363e-06,  2.32034360e-05,
        6.31462978e-06, -7.65050110e-05, -1.64766073e-06, -3.05812418e-05,
        4.54999544e-05,  4.56098801e-05,  2.96096402e-05, -6.66015847e-05,
       -1.05277939e-06, -3.33973774e-06, -6.52455138e-05,  4.21544768e-05,
        3.14942106e-06,  4.68953708e-05,  6.66015847e-05,  0.00000000e+00,
        7.51847047e-06,  1.07175435e-05,  1.97455594e-05, -4.21544768e-05,
        0.00000000e+00], dtype=float64),
                   'Ra_n': Array([ 7.98715353e+00,  9.24165398e-01,  1.50003114e-02,  4.80333082e-03,
        1.25121234e-03, -2.65048541e-04, -5.52313391e-05,  1.03449017e-05,
        7.74664603e-06], dtype=float64),
                   'Rb_lmn': Array([ 0.00000000e+00,  0.00000000e+00,  0.00000000e+00,  0.00000000e+00,
        0.00000000e+00,  0.00000000e+00,  0.00000000e+00,  0.00000000e+00,
        0.00000000e+00,  0.00000000e+00,  0.00000000e+00,  0.00000000e+00,
        0.00000000e+00,  0.00000000e+00,  0.00000000e+00,  0.00000000e+00,
        0.00000000e+00,  0.00000000e+00,  0.00000000e+00,  0.00000000e+00,
        0.00000000e+00,  0.00000000e+00,  0.00000000e+00,  0.00000000e+00,
        0.00000000e+00,  0.00000000e+00,  0.00000000e+00,  0.00000000e+00,
        0.00000000e+00,  0.00000000e+00,  0.00000000e+00,  0.00000000e+00,
        0.00000000e+00,  0.00000000e+00,  0.00000000e+00,  0.00000000e+00,
        7.33600899e-03, -1.20893889e-03, -1.51986964e-03, -8.20209930e-04,
        0.00000000e+00,  0.00000000e+00,  0.00000000e+00,  0.00000000e+00,
        6.45465133e-03,  1.96283225e-02, -1.49609962e-02,  9.74503641e-03,
        0.00000000e+00,  0.00000000e+00,  0.00000000e+00,  0.00000000e+00,
       -9.02208552e-02,  4.26343287e-02, -7.40407480e-02,  5.55369590e-02,
        0.00000000e+00,  0.00000000e+00,  0.00000000e+00,  0.00000000e+00,
        6.32588971e-03,  2.39432480e-01,  1.59750999e-01,  3.57681550e-01,
        8.00000000e+00,  1.91886405e+00,  5.23701939e-02, -1.10189897e-02,
       -4.49734282e-02,  0.00000000e+00,  0.00000000e+00,  0.00000000e+00,
        0.00000000e+00,  1.22349293e+00,  5.20695031e-03, -2.08176616e-01,
       -1.79988915e-01,  4.44981378e-02,  0.00000000e+00,  0.00000000e+00,
        0.00000000e+00,  0.00000000e+00,  2.94483689e-02, -4.88952323e-03,
        6.64258395e-02, -6.62813779e-02,  6.42178720e-02,  0.00000000e+00,
        0.00000000e+00,  0.00000000e+00,  0.00000000e+00, -1.10209062e-03,
       -2.04475132e-03,  7.30387263e-03, -2.32618782e-02, -2.74007346e-03,
        0.00000000e+00,  0.00000000e+00,  0.00000000e+00,  0.00000000e+00,
        7.68221788e-04, -1.02105635e-03, -3.53886460e-04,  3.66897260e-03,
        3.57553391e-04,  0.00000000e+00,  0.00000000e+00,  0.00000000e+00,
        0.00000000e+00,  0.00000000e+00,  0.00000000e+00,  0.00000000e+00,
        0.00000000e+00,  0.00000000e+00,  0.00000000e+00,  0.00000000e+00,
        0.00000000e+00,  0.00000000e+00,  0.00000000e+00,  0.00000000e+00,
        0.00000000e+00,  0.00000000e+00,  0.00000000e+00,  0.00000000e+00,
        0.00000000e+00,  0.00000000e+00,  0.00000000e+00,  0.00000000e+00,
        0.00000000e+00,  0.00000000e+00,  0.00000000e+00,  0.00000000e+00,
        0.00000000e+00,  0.00000000e+00,  0.00000000e+00,  0.00000000e+00,
        0.00000000e+00,  0.00000000e+00,  0.00000000e+00,  0.00000000e+00,
        0.00000000e+00,  0.00000000e+00,  0.00000000e+00,  0.00000000e+00,
        0.00000000e+00], dtype=float64),
                   'Te_l': Array([], shape=(0,), dtype=float64),
                   'Ti_l': Array([], shape=(0,), dtype=float64),
                   'Z_lmn': Array([ 1.32631758e-05, -5.52527922e-05,  7.02432554e-06,  1.28650197e-06,
        1.68425152e-05,  3.57576700e-05, -4.78415256e-06, -6.32339665e-06,
       -3.08097373e-05,  1.96349553e-05, -2.39185208e-05,  2.95472541e-05,
       -9.21958663e-06,  5.42342869e-06,  4.57210714e-05, -3.42246081e-05,
        1.87753217e-05, -1.18391492e-05, -2.95472541e-05,  0.00000000e+00,
       -6.28376216e-06, -3.86534005e-07, -1.49113341e-05,  3.42246081e-05,
        0.00000000e+00, -6.70365805e-05,  3.12739791e-05, -7.08344732e-05,
       -1.56092226e-04, -5.45534590e-05, -1.81964848e-04,  2.10688621e-05,
       -5.07710452e-05, -5.60218371e-05, -5.02849709e-05,  1.77272836e-04,
        6.58222581e-05,  9.77729419e-05,  1.85677050e-04,  4.38665530e-05,
       -2.58185782e-05,  7.35644508e-05,  4.69201173e-06, -6.58222581e-05,
        0.00000000e+00,  1.90292497e-05,  2.11862204e-05,  1.21552841e-05,
        2.58185782e-05,  0.00000000e+00,  5.21087007e-04, -7.25297765e-04,
        1.08426857e-04,  1.32641142e-03,  5.84084920e-05, -9.16652955e-04,
       -5.81056047e-04, -9.57663512e-04,  6.98997249e-04,  7.46423669e-04,
        8.38620545e-04,  3.11600170e-04, -4.90957044e-05, -3.42293278e-04,
       -5.89727790e-04,  1.25425262e-04, -7.95343962e-05,  7.80324099e-05,
       -3.11600170e-04,  0.00000000e+00,  6.37886847e-07, -2.64546246e-05,
       -1.09269459e-04, -1.25425262e-04,  0.00000000e+00, -3.97156039e-04,
       -1.00001397e-03, -2.87557506e-04, -9.61126437e-04,  1.71507843e-04,
       -6.59105621e-04,  6.14297137e-04,  3.77760290e-04,  2.06729895e-04,
        7.06905825e-04,  2.44708379e-04,  1.97802073e-04,  1.37905824e-04,
        4.99418953e-04, -2.48254684e-04,  1.83138804e-04,  1.21600297e-04,
        4.14397241e-04, -1.97802073e-04,  0.00000000e+00, -6.74894153e-05,
        8.39471944e-05,  4.15247884e-05, -1.83138804e-04,  0.00000000e+00,
        4.53111131e-04, -6.31637562e-03, -5.42419926e-04,  2.36215488e-03,
        5.72884592e-03,  2.51872024e-04,  4.82131487e-04, -2.60554444e-03,
       -1.08929347e-02, -2.64003127e-03,  2.69787131e-03, -1.78426064e-03,
        7.58954774e-05,  1.33185380e-05, -4.90361054e-04,  2.42351465e-04,
       -3.56633733e-04,  5.20176146e-05,  1.78426064e-03,  0.00000000e+00,
       -1.39735653e-04,  2.04514004e-04,  7.35869518e-05, -2.42351465e-04,
        0.00000000e+00,  6.13785615e-03, -2.37874128e-02, -1.95903653e-03,
        1.49154924e-03,  9.66367055e-03,  1.90703069e-02, -1.28798398e-03,
        3.05793865e-04, -3.62686001e-02, -1.59796867e-03, -2.40192551e-03,
       -1.69051314e-03,  2.10100743e-04,  7.70633591e-05, -4.31312754e-03,
        1.91505053e-05, -1.23815645e-04, -9.73745998e-05,  1.69051314e-03,
        0.00000000e+00, -1.56186586e-04, -5.08554886e-05,  5.16935130e-04,
       -1.91505053e-05,  0.00000000e+00,  5.75799137e-02, -9.38972787e-02,
       -3.63624757e-02, -5.63366363e-02,  6.15368274e-02,  6.64911322e-02,
        1.43448214e-02,  3.52729357e-02, -8.02391644e-02, -6.99864802e-03,
       -1.32329863e-02, -1.14810582e-03, -9.19033976e-04, -1.65915663e-03,
       -3.24299347e-03, -2.90535733e-04, -8.99074227e-05, -9.95547220e-04,
        1.14810582e-03,  0.00000000e+00,  8.73035995e-05, -4.33700930e-04,
        2.42516994e-04,  2.90535733e-04,  0.00000000e+00,  1.18092511e+00,
       -4.08044307e-01,  1.35118916e-01,  3.13807418e-01,  8.52637878e-02,
        2.75699428e-01,  2.68618562e-02,  3.34780496e-02, -5.94449778e-02,
       -4.61737510e-03, -2.82291413e-02,  3.08570515e-04, -2.48205106e-03,
       -1.08632081e-03, -8.96143881e-04,  1.79700461e-04, -1.96934395e-05,
       -5.67301273e-04, -3.08570515e-04,  0.00000000e+00,  4.08141225e-06,
       -6.22403302e-04,  5.10834559e-05, -1.79700461e-04,  0.00000000e+00,
       -2.02428907e+00, -2.32448730e-01,  6.65390471e-02,  4.18205545e-02,
       -9.41676642e-03,  5.67953129e-02,  7.41469226e-04, -7.12166821e-03,
       -2.54751364e-03,  4.43678171e-05, -2.71560006e-03, -2.51999943e-03,
        0.00000000e+00, -7.41469226e-04, -4.30175898e-04,  3.47271300e-04,
        0.00000000e+00, -4.43678171e-05, -8.89067030e-05, -1.75182904e-04,
       -5.97476587e-02,  2.52003567e-01,  2.01755689e-01,  4.56455251e-02,
        1.58812239e-02,  6.30831697e-02,  5.23164264e-04, -1.45084763e-02,
        1.45752842e-03,  1.64268064e-04, -1.73652742e-04, -1.73105484e-03,
        0.00000000e+00, -5.23164264e-04, -4.46502910e-04,  1.02983288e-03,
        0.00000000e+00, -1.64268064e-04, -5.96748580e-05, -3.85489457e-04,
       -2.33230261e-02,  2.85307503e-03,  8.63020667e-02,  2.26969725e-02,
       -1.41441401e-01,  5.39785743e-03, -1.96072231e-03, -6.16050552e-03,
       -4.05104635e-04, -3.25551629e-04, -9.31108042e-04,  2.81007958e-03,
        0.00000000e+00,  1.96072231e-03, -1.83786731e-03,  8.09463986e-04,
        0.00000000e+00,  3.25551629e-04,  1.76727380e-04, -6.75410929e-04,
       -6.77358531e-03,  1.61240142e-02,  3.07729289e-02,  8.77254452e-03,
       -2.76127614e-02, -8.31368324e-03, -1.17123701e-03, -1.56073116e-02,
       -2.11318533e-03,  9.54173164e-05, -6.03143448e-03,  1.98931601e-05,
        0.00000000e+00,  1.17123701e-03, -9.00280246e-05, -1.40284188e-04,
        0.00000000e+00, -9.54173164e-05,  6.00537763e-04, -1.09246812e-04,
       -2.50279858e-03, -2.21778389e-03,  2.47500266e-04,  3.34310400e-03,
       -4.98609696e-03,  1.04303277e-05, -1.86721785e-03,  3.81906201e-03,
        6.47196645e-04,  1.04396084e-04,  1.57047894e-04, -2.83917481e-04,
        0.00000000e+00,  1.86721785e-03,  2.98175788e-04, -2.10833493e-04,
        0.00000000e+00, -1.04396084e-04,  1.94056374e-05, -3.20753303e-05,
       -1.28495404e-03,  4.36327962e-04, -3.17164338e-03,  1.16879326e-03,
        6.28548956e-04, -5.07044844e-04,  2.65607831e-04,  2.87098028e-03,
        1.89784168e-04,  3.21507512e-04, -6.35627576e-04, -6.99432822e-05,
        0.00000000e+00, -2.65607831e-04,  3.00663094e-04, -7.36233877e-05,
        0.00000000e+00, -3.21507512e-04,  7.07862046e-06,  1.40660165e-04,
       -7.19041133e-05,  3.79378736e-04, -4.94260365e-04,  1.66617152e-04,
        2.02390524e-04, -4.64294367e-04,  1.53744006e-04,  3.78550381e-04,
       -1.35952507e-04, -3.28558697e-06, -1.08802677e-04,  5.08363454e-05,
        0.00000000e+00, -1.53744006e-04,  1.15709984e-04,  4.12394688e-05,
        0.00000000e+00,  3.28558697e-06, -9.35878470e-05,  3.40792853e-05,
       -1.65018555e-04,  5.76672221e-05, -2.78488323e-04,  1.21731277e-05,
       -2.58964769e-05, -6.16132619e-05,  1.30175661e-05,  2.41082970e-04,
        1.34293496e-04, -2.38942149e-05,  1.90622294e-05, -1.34096164e-05,
        0.00000000e+00, -1.30175661e-05,  3.74053534e-05,  1.85519309e-05,
        0.00000000e+00,  2.38942149e-05,  6.83424756e-06,  1.73556562e-05,
       -2.04889680e-05, -7.29668871e-05, -5.68859419e-06,  1.26751674e-05,
       -7.08213362e-05,  5.26425931e-05,  2.65944899e-05,  2.71034557e-05,
        1.76244131e-05, -5.37212644e-05,  7.60907613e-05,  2.75511901e-05,
        0.00000000e+00, -2.65944899e-05, -2.14148615e-05, -9.81061241e-06,
        0.00000000e+00,  5.37212644e-05, -5.26942507e-06, -7.22689611e-06],      dtype=float64),
                   'Za_n': Array([ 4.39052218e-06, -5.38769374e-05, -1.18662306e-04,  2.99303364e-04,
        1.26203141e-03,  6.44262137e-03,  1.09293548e-01,  1.07515418e+00],      dtype=float64),
                   'Zb_lmn': Array([ 0.00000000e+00,  0.00000000e+00,  0.00000000e+00,  0.00000000e+00,
        0.00000000e+00,  0.00000000e+00,  0.00000000e+00,  0.00000000e+00,
        0.00000000e+00,  0.00000000e+00,  0.00000000e+00,  0.00000000e+00,
        0.00000000e+00,  0.00000000e+00,  0.00000000e+00,  0.00000000e+00,
        0.00000000e+00,  0.00000000e+00,  0.00000000e+00,  0.00000000e+00,
        0.00000000e+00,  0.00000000e+00,  0.00000000e+00,  0.00000000e+00,
        0.00000000e+00,  0.00000000e+00,  0.00000000e+00,  0.00000000e+00,
        0.00000000e+00,  0.00000000e+00,  0.00000000e+00,  0.00000000e+00,
        0.00000000e+00,  0.00000000e+00,  0.00000000e+00,  0.00000000e+00,
        3.28982517e-04, -3.58419470e-03, -2.55570118e-05,  3.00176095e-03,
       -1.13097088e-02,  0.00000000e+00,  0.00000000e+00,  0.00000000e+00,
        0.00000000e+00,  2.94474980e-03, -1.58455266e-02,  1.82355098e-03,
        1.65710068e-02, -4.00647925e-02,  0.00000000e+00,  0.00000000e+00,
        0.00000000e+00,  0.00000000e+00,  3.47305290e-02, -3.94490068e-02,
       -2.31565581e-02,  5.22625987e-02, -8.32396409e-02,  0.00000000e+00,
        0.00000000e+00,  0.00000000e+00,  0.00000000e+00,  1.34042791e+00,
       -3.27417588e-01,  3.45576744e-01,  2.46902986e-01, -6.02900383e-02,
        0.00000000e+00,  0.00000000e+00,  0.00000000e+00,  0.00000000e+00,
        0.00000000e+00,  0.00000000e+00,  0.00000000e+00,  0.00000000e+00,
       -1.22212732e-02,  5.89872030e-02, -1.78348599e-01, -1.98466876e+00,
        0.00000000e+00,  0.00000000e+00,  0.00000000e+00,  0.00000000e+00,
        1.56478963e-02,  1.86800709e-01,  3.12970193e-01, -1.16147723e-02,
        0.00000000e+00,  0.00000000e+00,  0.00000000e+00,  0.00000000e+00,
       -1.42195781e-01,  7.83036938e-02,  1.03856011e-02, -2.21694303e-04,
        0.00000000e+00,  0.00000000e+00,  0.00000000e+00,  0.00000000e+00,
       -3.30436581e-02,  1.50755893e-02,  7.72097726e-03, -2.54510308e-04,
        0.00000000e+00,  0.00000000e+00,  0.00000000e+00,  0.00000000e+00,
       -4.80964342e-03,  4.36473807e-03, -2.52334637e-03,  1.27666857e-03,
        0.00000000e+00,  0.00000000e+00,  0.00000000e+00,  0.00000000e+00,
        0.00000000e+00,  0.00000000e+00,  0.00000000e+00,  0.00000000e+00,
        0.00000000e+00,  0.00000000e+00,  0.00000000e+00,  0.00000000e+00,
        0.00000000e+00,  0.00000000e+00,  0.00000000e+00,  0.00000000e+00,
        0.00000000e+00,  0.00000000e+00,  0.00000000e+00,  0.00000000e+00,
        0.00000000e+00,  0.00000000e+00,  0.00000000e+00,  0.00000000e+00,
        0.00000000e+00,  0.00000000e+00,  0.00000000e+00,  0.00000000e+00,
        0.00000000e+00,  0.00000000e+00,  0.00000000e+00,  0.00000000e+00],      dtype=float64),
                   'Zeff_l': Array([], shape=(0,), dtype=float64),
                   'a_lmn': Array([], shape=(0,), dtype=float64),
                   'c_l': Array([0., 0., 0., 0., 0.], dtype=float64),
                   'i_l': Array([], shape=(0,), dtype=float64),
                   'ne_l': Array([], shape=(0,), dtype=float64),
                   'ni_l': Array([], shape=(0,), dtype=float64),
                   'p_l': Array([0., 0., 0., 0., 0.], dtype=float64)}],
               [ { 'G': Array([], shape=(0,), dtype=float64),
                   'I': Array([], shape=(0,), dtype=float64),
                   'L_lmn': Array([ 1.49982865e-05,  1.03148289e-04, -4.46564400e-05, -1.30904179e-04,
       -3.89491418e-06,  1.22961657e-04,  7.18750095e-05,  7.22009406e-05,
       -1.29239613e-04, -7.71527484e-05, -5.14668584e-05,  1.01006817e-04,
        1.38331655e-05,  4.02559523e-05,  6.23761178e-05, -7.84270331e-05,
       -9.26813841e-06, -3.59302818e-06, -9.59688415e-06,  3.71866106e-05,
        3.21326250e-05,  2.99454012e-05,  1.33549651e-05, -3.86072051e-05,
       -6.31408382e-05,  2.93245671e-05,  9.67820944e-05,  2.02086216e-05,
       -2.41359632e-04,  3.85643729e-04,  4.85735921e-04,  3.64385511e-05,
        1.32874813e-04, -2.62207317e-04, -3.69512916e-04, -7.31580857e-05,
        4.63602259e-04, -2.56951682e-05, -7.26129641e-05, -7.70168260e-05,
       -2.74400934e-04, -5.61373525e-06, -2.09566981e-05, -4.28891106e-05,
        2.76509583e-04, -2.45512097e-05,  2.05696168e-05,  2.12146287e-05,
        1.90225854e-05, -1.58801640e-04,  1.40155407e-04, -1.36377139e-03,
       -2.53021518e-04,  8.05375924e-04,  1.36603718e-03, -2.04681335e-05,
       -1.77607121e-04, -9.63333454e-04, -6.56199762e-04,  1.77888782e-04,
        1.75518624e-04,  5.84478898e-04,  1.38830577e-04,  5.60844120e-04,
        7.31904128e-04, -3.57349749e-04,  7.93966128e-05, -2.70029502e-04,
        1.47671235e-04,  1.27274978e-04,  3.03383993e-05, -3.02174348e-05,
        6.10098928e-05, -1.79233568e-05, -1.04321215e-04, -3.62516569e-04,
        1.95857170e-03, -4.26995303e-04, -3.90515186e-04,  5.16924856e-04,
        2.45015604e-03,  6.61434654e-04, -4.24970385e-04, -6.46590459e-04,
       -1.01003897e-03, -8.74252570e-04,  1.60683802e-03, -2.84842295e-04,
       -4.91936979e-04,  6.07460339e-04, -2.65193308e-04, -1.12965532e-04,
       -5.90768617e-05, -1.29639531e-04,  6.26377088e-04,  1.10903299e-04,
       -2.71965023e-05,  1.27211501e-04, -1.94914419e-04, -3.33159318e-04,
        1.48975210e-03, -4.73233264e-05, -4.12174678e-03,  1.91936830e-03,
       -1.25087464e-03,  2.73567932e-03,  3.95677973e-03, -1.48258809e-03,
       -3.42062890e-04, -4.11351456e-04, -8.07228473e-04,  3.96972739e-03,
       -3.48562267e-04,  1.98373919e-05,  2.04065748e-03, -1.53526999e-04,
        3.33542189e-04, -1.37220814e-04,  6.49246110e-05,  3.84370361e-04,
        1.65687209e-04, -4.28090384e-04, -3.77409291e-05, -6.13287251e-05,
        8.95508731e-05,  3.71460078e-03,  1.06629226e-02, -1.20606837e-02,
       -1.56740163e-02,  2.80556616e-04,  1.37242249e-02,  1.94382816e-03,
        2.44822078e-03,  1.22314942e-02, -2.08908667e-03, -1.41083721e-03,
        2.64416449e-03,  5.46408014e-04,  5.79301172e-04,  2.93945924e-03,
        8.62251900e-04, -4.87315977e-04,  3.70664046e-04, -9.42496041e-04,
        8.03277038e-04, -1.90563401e-04, -1.58214033e-04, -2.04557865e-04,
       -8.12738966e-05, -2.85083905e-04,  2.21043106e-02,  6.30597571e-02,
       -1.71766024e-03, -5.72446542e-02, -5.18244360e-02,  4.82954352e-02,
       -1.24441559e-03,  2.05048050e-02,  2.57321942e-03,  1.11319238e-03,
       -4.47035013e-03, -5.61141924e-03, -6.38847692e-04, -3.49698226e-03,
        5.78536647e-03,  2.52595618e-03,  8.00356759e-04,  2.15664083e-03,
        4.06404767e-04, -2.90629565e-04,  8.07919929e-04,  1.09453372e-03,
        3.03959522e-04,  7.40085119e-05,  1.00451051e-04,  1.27837626e-01,
       -2.53656010e-01, -2.64493009e-02, -3.30259695e-01, -7.63123163e-02,
        5.28180595e-02, -1.10566795e-02,  3.71039774e-02, -4.24568864e-03,
        9.99104035e-03, -2.15370450e-02, -1.35223840e-02, -1.95455487e-03,
       -1.07826092e-02,  1.60282594e-03, -6.17190267e-04, -3.15263160e-03,
        1.83617334e-03,  2.34670808e-03, -6.52777079e-05, -4.61143361e-05,
        1.25738984e-03,  4.38502049e-04,  1.27782503e-04,  4.52233420e-04,
        3.90604513e-01, -8.34752462e-02, -2.11596910e-03,  7.83281658e-03,
        5.13496555e-03,  1.36474972e-02,  3.20998986e-03,  1.16182459e-03,
        3.44070834e-02, -1.56435952e-03, -2.09356505e-03, -4.04859879e-03,
        7.22136473e-05, -5.55356765e-05, -8.47058273e-04,  9.20812478e-05,
       -3.42849808e-04,  1.81885062e-04,  1.51025128e-04,  5.65379295e-05,
       -2.69750124e-01, -2.16176080e-01, -1.82604864e-03, -8.03325457e-02,
       -2.78108339e-03,  1.47376867e-02, -6.20373251e-03, -8.15026255e-03,
        7.44868367e-03, -5.48166781e-04, -3.37072474e-04, -1.06487017e-02,
       -6.34796920e-04, -1.61614522e-04,  4.92976027e-04, -5.31664297e-03,
        5.45681946e-04, -1.09518669e-04,  1.37383192e-04, -3.02513199e-04,
        2.23862926e-02, -8.41121977e-02,  9.03123677e-02, -1.04412707e-02,
        4.73675487e-03,  1.72469758e-02, -7.93228721e-03, -1.92917923e-02,
       -2.06424972e-03,  3.91153497e-03,  7.73104385e-03, -1.35838492e-03,
        8.95423558e-04, -4.28568428e-05,  3.39561023e-03,  7.61518298e-04,
       -5.78367454e-04,  1.91166899e-04, -5.55766592e-04,  1.15180054e-03,
       -2.27406048e-02, -2.45323716e-02,  3.03954902e-03,  1.92141081e-02,
        1.13143585e-02,  1.23494859e-02,  3.53153739e-03,  3.05160332e-03,
       -6.51239341e-04,  3.47930838e-04,  3.21618157e-03, -5.15587689e-04,
       -1.27759078e-04, -9.29823289e-04,  5.98070222e-04,  3.55180002e-04,
        7.54560437e-04, -1.61834133e-04, -1.15670819e-04,  4.19923622e-04,
       -4.53957042e-04, -2.80963005e-04,  6.40978357e-03, -8.38571083e-04,
        1.88674885e-04, -8.21791073e-04,  3.83507044e-03, -3.32685937e-03,
       -3.84077317e-04, -3.98741385e-04,  1.11389568e-03, -1.98887091e-04,
        1.05957362e-03,  3.53665069e-04,  1.94239032e-04,  2.75695247e-04,
       -7.05453897e-04,  8.24024398e-05, -5.32974561e-05,  5.73652369e-05,
       -4.04723754e-05,  1.78624275e-03,  8.44965302e-04,  9.59984294e-04,
       -6.52510389e-04, -3.10263453e-03,  1.54771505e-03,  5.53474452e-04,
        4.79233955e-04, -1.91692664e-04,  1.06845737e-03,  1.54397517e-04,
        3.67199237e-05, -4.10414476e-04, -5.18115337e-04, -2.71065848e-04,
        1.90143654e-04, -2.01203933e-04,  3.58835481e-04, -1.53836614e-04,
       -3.54338562e-04, -3.19821301e-04,  3.67182425e-04,  2.71686233e-04,
       -6.56931532e-04,  5.71410343e-05,  6.08007913e-04,  1.78730507e-04,
       -3.54206456e-05, -4.80167117e-04,  3.04168641e-04,  2.95106997e-04,
        4.83402257e-04,  1.95191162e-04, -6.56263408e-05,  1.36719625e-04,
       -3.37555315e-04, -8.70954068e-05, -9.42493686e-05, -1.90341763e-04,
       -1.40971471e-04, -1.66847998e-04,  4.63269148e-04,  2.87675223e-04,
       -2.30182137e-04,  3.73124248e-05,  5.06959983e-04, -2.52144835e-04,
       -1.05833116e-04, -2.03575850e-04,  6.11862545e-06,  5.96480856e-05,
        8.45796427e-05, -1.32682507e-04, -5.15048247e-05, -1.52703048e-04,
       -7.56315799e-05,  5.39828545e-05,  1.31651549e-04,  5.74497592e-05,
        1.08911081e-04, -5.76337768e-05,  1.60072955e-04, -9.80605374e-06,
       -1.19436951e-04, -8.94836942e-05,  1.05841308e-04, -2.69702185e-05,
        4.31124886e-06, -1.12150889e-04,  1.04592227e-05,  4.12053378e-05,
        8.18553721e-05,  1.75995452e-06,  3.22989731e-05,  4.20046162e-06,
       -7.88370270e-05, -5.92894403e-05, -4.04011166e-05,  2.99840655e-06],      dtype=float64),
                   'Phi_mn': Array([], shape=(0,), dtype=float64),
                   'Psi': Array([50.], dtype=float64),
                   'R_lmn': Array([-2.11909609e-05, -1.38033303e-04,  2.05829060e-04,  6.51735205e-05,
       -7.08081662e-05,  1.15555886e-04,  1.32836846e-04, -1.73831299e-04,
       -3.20266575e-05,  2.04843725e-05,  1.01022390e-04,  3.23121537e-05,
        0.00000000e+00, -1.32836846e-04, -3.19977615e-05, -1.19559021e-05,
        0.00000000e+00, -2.04843725e-05, -3.02142241e-05, -9.83473694e-06,
       -2.25764101e-04, -3.53331599e-05,  1.16250927e-04,  6.81636863e-05,
       -1.76628351e-04, -1.28330673e-04, -1.19413771e-04, -2.01799228e-04,
        1.24854514e-04, -1.64241482e-04,  2.07514708e-04,  1.96795547e-04,
        0.00000000e+00,  1.19413771e-04,  8.55483014e-05,  3.27459012e-05,
        0.00000000e+00,  1.64241482e-04, -3.08863573e-05, -3.31317143e-05,
        1.26355476e-04,  1.14398486e-03, -2.79811124e-04, -1.17246674e-04,
       -8.40514965e-05, -9.19140936e-04,  2.37507783e-04,  4.63729130e-04,
       -7.46974856e-07,  8.31635403e-06,  1.71677753e-04, -1.79577814e-04,
        0.00000000e+00, -2.37507783e-04, -1.83918007e-04, -8.36182768e-06,
        0.00000000e+00, -8.31635403e-06, -8.76262563e-05, -4.52661107e-05,
        1.13959571e-03, -9.14891795e-04, -1.74663023e-04, -7.75872100e-04,
       -8.45899860e-04,  7.23253607e-04,  7.46519648e-04, -4.82916344e-04,
       -6.13433454e-04,  3.60606377e-05,  1.01833090e-03,  1.39176260e-04,
        0.00000000e+00, -7.46519648e-04,  6.57579368e-04,  2.49709848e-04,
        0.00000000e+00, -3.60606377e-05, -1.72431043e-04,  5.24619279e-05,
        1.33294701e-03, -5.13244546e-03, -6.86752494e-03,  9.39446517e-04,
        1.08002572e-02,  3.11987812e-03, -1.29356091e-03,  3.91273573e-03,
       -3.25820717e-03,  8.01520753e-05,  1.91155475e-03, -6.06862076e-04,
        0.00000000e+00,  1.29356091e-03,  5.92901169e-04,  1.77084451e-04,
        0.00000000e+00, -8.01520753e-05, -1.71142072e-04,  3.18323724e-04,
        8.44968250e-03, -2.36958662e-02,  2.07757986e-02,  7.49317946e-03,
        1.15262786e-02, -5.39844106e-04, -1.20441169e-03,  2.92597326e-03,
       -3.71155465e-03,  2.48537679e-04, -1.29125003e-03,  8.66158681e-04,
        0.00000000e+00,  1.20441169e-03,  1.38328232e-05, -4.84758456e-04,
        0.00000000e+00, -2.48537679e-04,  1.48660748e-04,  3.79755945e-04,
        4.25075546e-02, -1.06949573e-01,  2.83020004e-02, -3.06841625e-02,
       -8.61565238e-02,  2.45445792e-02,  2.41938004e-04, -4.44321938e-03,
        4.30868052e-03,  7.73670888e-06, -3.47235794e-03, -8.76826433e-04,
        0.00000000e+00, -2.41938004e-04, -1.73214750e-03, -6.86559492e-04,
        0.00000000e+00, -7.73670888e-06,  1.01310746e-04,  2.91591691e-04,
        5.08774060e-01,  9.65181334e-02,  2.65746139e-01, -8.00746579e-02,
        1.39508727e-02,  4.54095797e-02, -1.97363720e-04, -3.15065829e-02,
        1.19356289e-02, -2.67095563e-04,  4.25679626e-04, -2.42333881e-03,
        0.00000000e+00,  1.97363720e-04,  5.46048473e-04,  7.07200076e-04,
        0.00000000e+00,  2.67095563e-04,  1.95019234e-04,  8.24763368e-05,
        7.94268727e+00,  1.88277034e+00,  2.31062124e-02,  5.92900555e-02,
       -5.43217888e-02,  1.54938782e-02,  3.44887423e-02, -2.54018935e-02,
       -5.94614338e-02, -6.54667553e-04,  2.09433060e-03, -7.44943539e-04,
       -4.16950137e-04,  4.74710182e-03,  1.54442832e-03,  1.85782666e-04,
        4.43603621e-04, -1.14527815e-04,  7.44943539e-04,  0.00000000e+00,
        1.34722660e-04,  2.72403997e-04,  1.63611375e-05, -1.85782666e-04,
        0.00000000e+00,  8.22138134e-01, -1.90790737e-02,  1.60871087e-01,
       -1.96409290e-01,  2.52620175e-02, -1.94815229e-01,  2.40352228e-02,
       -3.62569568e-02,  4.01721519e-02,  4.82751500e-04,  6.35916625e-03,
       -2.02675622e-04, -9.24274614e-04, -3.05437679e-03,  3.73309746e-03,
       -2.65929355e-04, -5.95894501e-04,  3.98903696e-04,  2.02675622e-04,
        0.00000000e+00,  1.16674319e-04, -9.11958633e-05,  9.11730122e-06,
        2.65929355e-04,  0.00000000e+00,  1.66138322e-02, -5.07591247e-02,
        1.37049797e-02,  9.41459027e-02,  4.42828792e-02, -6.14828765e-02,
        1.93950541e-03, -1.23301972e-02,  8.31541171e-02,  2.67007914e-04,
        1.85826285e-02,  7.38282666e-04, -3.16992882e-04,  1.25684579e-03,
       -9.16147045e-03,  5.43493229e-04, -2.42443569e-04,  6.54774423e-04,
       -7.38282666e-04,  0.00000000e+00,  1.04255508e-04,  2.45243304e-05,
       -7.29124734e-05, -5.43493229e-04,  0.00000000e+00,  5.60856473e-03,
       -8.58679026e-03, -6.99211717e-03, -4.11558824e-03,  1.27317530e-02,
       -2.41744026e-02, -5.13742935e-03,  1.43897172e-02, -1.15719718e-02,
       -5.81288131e-03,  1.75760247e-04,  1.57290440e-03,  1.67015727e-03,
       -7.32830073e-05,  7.33055651e-03, -1.97198607e-04,  2.40555186e-04,
       -3.50162305e-04, -1.57290440e-03,  0.00000000e+00,  8.97249095e-05,
       -4.45455726e-04, -2.68697303e-04,  1.97198607e-04,  0.00000000e+00,
       -1.64867342e-04, -7.03025052e-03, -1.57097927e-04,  3.88816737e-04,
        2.96770314e-03,  4.21989286e-03,  6.93850773e-04, -1.13049773e-03,
       -5.06080833e-03,  1.28548176e-03, -2.40739683e-03,  8.47346644e-04,
       -4.22188884e-04,  7.47776268e-04, -4.02813254e-03, -1.26800737e-04,
        4.39214129e-04, -2.22704589e-04, -8.47346644e-04,  0.00000000e+00,
       -2.11913385e-04, -1.42671013e-04,  2.30861456e-04,  1.26800737e-04,
        0.00000000e+00, -8.59265897e-05, -1.94788842e-03,  1.50084583e-04,
        1.32503029e-04,  1.95324724e-03,  1.74421182e-03, -2.04314911e-04,
       -8.64338907e-04, -2.87963134e-04,  2.38120034e-04, -1.32160269e-03,
       -3.70028647e-04,  8.28171200e-05,  7.40761529e-04,  7.09472527e-05,
       -5.31588101e-05, -2.43478850e-04, -4.22609125e-04,  3.70028647e-04,
        0.00000000e+00,  5.73397979e-05, -8.92565058e-06,  2.17015881e-04,
        5.31588101e-05,  0.00000000e+00,  9.07558482e-05, -1.46726377e-04,
        5.33557233e-05, -3.46405949e-04,  9.76363692e-05, -5.30971970e-04,
       -6.00745046e-05,  2.73901726e-05,  1.41982099e-04, -5.52713172e-05,
        2.29029165e-04, -3.22097233e-04, -4.66192219e-06,  2.51491185e-04,
       -2.27364873e-04,  3.53580914e-05,  1.04361325e-04,  3.01942805e-04,
        3.22097233e-04,  0.00000000e+00, -7.93751447e-05,  6.75245914e-05,
        8.53827743e-05, -3.53580914e-05,  0.00000000e+00,  1.43854459e-04,
        1.36725983e-04, -6.41163443e-05,  1.53232868e-05,  1.51254996e-05,
       -2.04857256e-04, -1.93110839e-04,  2.69579457e-05,  2.52917493e-04,
       -6.42683111e-05,  3.12221426e-04,  1.41312982e-04,  7.16695687e-05,
       -2.88071791e-05, -3.05106096e-04,  1.66621501e-04, -8.75831711e-05,
       -1.07364170e-04, -1.41312982e-04,  0.00000000e+00,  4.17031553e-05,
       -1.34740533e-05,  5.21886024e-05, -1.66621501e-04,  0.00000000e+00,
        2.83874888e-05, -1.11052381e-04, -6.33067710e-06,  6.99821288e-05,
        1.69314692e-05, -8.43494849e-05, -4.39491994e-05, -9.72772807e-05,
        2.76684576e-05,  9.38725837e-05,  1.25583655e-05, -1.03993649e-04,
        1.36645691e-05,  8.90344639e-06, -5.35684201e-05, -1.23662281e-05,
        2.48328623e-07,  7.17911194e-05,  1.03993649e-04,  0.00000000e+00,
        8.22781861e-06,  1.83917055e-05,  2.58999624e-05,  1.23662281e-05,
        0.00000000e+00], dtype=float64),
                   'Ra_n': Array([ 7.95462148e+00,  6.86343219e-01,  5.26960628e-03,  5.88282018e-03,
        8.96356857e-04, -4.65803406e-04, -9.73876022e-05, -1.51064488e-05,
       -1.46677839e-05], dtype=float64),
                   'Rb_lmn': Array([ 0.00000000e+00,  0.00000000e+00,  0.00000000e+00,  0.00000000e+00,
        0.00000000e+00,  0.00000000e+00,  0.00000000e+00,  0.00000000e+00,
        0.00000000e+00,  0.00000000e+00,  0.00000000e+00,  0.00000000e+00,
        0.00000000e+00,  0.00000000e+00,  0.00000000e+00,  0.00000000e+00,
        0.00000000e+00,  0.00000000e+00,  0.00000000e+00,  0.00000000e+00,
        0.00000000e+00,  0.00000000e+00,  0.00000000e+00,  0.00000000e+00,
        0.00000000e+00,  0.00000000e+00,  0.00000000e+00,  0.00000000e+00,
        0.00000000e+00,  0.00000000e+00,  0.00000000e+00,  0.00000000e+00,
        0.00000000e+00,  0.00000000e+00,  0.00000000e+00,  0.00000000e+00,
        1.25406699e-02, -2.36188804e-03, -2.30110569e-03, -8.08729192e-04,
        0.00000000e+00,  0.00000000e+00,  0.00000000e+00,  0.00000000e+00,
        1.03836894e-02,  2.37156047e-02, -2.29897957e-02,  1.17465489e-02,
        0.00000000e+00,  0.00000000e+00,  0.00000000e+00,  0.00000000e+00,
       -8.95275710e-02,  2.21266335e-02, -8.29902289e-02,  1.54455131e-02,
        0.00000000e+00,  0.00000000e+00,  0.00000000e+00,  0.00000000e+00,
        1.45715715e-02,  2.34785604e-01,  1.39586851e-01,  4.41342231e-01,
        8.00000000e+00,  1.82823749e+00,  3.89076678e-02,  1.74736809e-02,
       -5.79006444e-02,  0.00000000e+00,  0.00000000e+00,  0.00000000e+00,
        0.00000000e+00,  1.00623684e+00,  6.06980078e-03, -2.35811819e-01,
       -1.88057159e-01,  4.39143667e-02,  0.00000000e+00,  0.00000000e+00,
        0.00000000e+00,  0.00000000e+00,  3.20455800e-02, -6.45168116e-03,
        8.30970757e-02, -4.22454736e-02,  7.39197342e-02,  0.00000000e+00,
        0.00000000e+00,  0.00000000e+00,  0.00000000e+00, -4.76109960e-03,
       -1.42736335e-03,  9.75539022e-03, -2.43488046e-02, -4.51011258e-03,
        0.00000000e+00,  0.00000000e+00,  0.00000000e+00,  0.00000000e+00,
       -2.62216766e-04, -2.33785148e-03, -1.36575739e-04,  1.58979144e-03,
       -8.85807941e-03,  0.00000000e+00,  0.00000000e+00,  0.00000000e+00,
        0.00000000e+00,  0.00000000e+00,  0.00000000e+00,  0.00000000e+00,
        0.00000000e+00,  0.00000000e+00,  0.00000000e+00,  0.00000000e+00,
        0.00000000e+00,  0.00000000e+00,  0.00000000e+00,  0.00000000e+00,
        0.00000000e+00,  0.00000000e+00,  0.00000000e+00,  0.00000000e+00,
        0.00000000e+00,  0.00000000e+00,  0.00000000e+00,  0.00000000e+00,
        0.00000000e+00,  0.00000000e+00,  0.00000000e+00,  0.00000000e+00,
        0.00000000e+00,  0.00000000e+00,  0.00000000e+00,  0.00000000e+00,
        0.00000000e+00,  0.00000000e+00,  0.00000000e+00,  0.00000000e+00,
        0.00000000e+00,  0.00000000e+00,  0.00000000e+00,  0.00000000e+00,
        0.00000000e+00], dtype=float64),
                   'Te_l': Array([], shape=(0,), dtype=float64),
                   'Ti_l': Array([], shape=(0,), dtype=float64),
                   'Z_lmn': Array([ 2.00409434e-05, -6.21941999e-05,  2.40330218e-05, -1.70568525e-05,
       -1.02080781e-05,  4.74020611e-05, -1.05734421e-05, -2.69598785e-05,
       -3.79946910e-05,  1.54611459e-05, -1.94605990e-05,  7.99067941e-05,
       -2.52030791e-05,  3.31114425e-05,  7.64811055e-05, -2.80920304e-05,
        5.69411321e-05, -2.79414621e-05, -7.99067941e-05,  0.00000000e+00,
       -8.29744394e-06,  1.09052884e-05, -3.84864145e-05,  2.80920304e-05,
        0.00000000e+00,  2.45630859e-06, -7.30029406e-05, -8.95163501e-05,
       -1.31697998e-04, -1.12056008e-04, -3.29155306e-04, -8.31578174e-05,
       -1.53445270e-04, -1.72401360e-04,  8.11346384e-05,  1.27540160e-04,
        1.12302564e-04,  1.46121033e-04,  3.12800056e-04,  1.53241276e-04,
       -1.25727961e-04,  1.03924311e-04,  2.01615146e-04, -1.12302564e-04,
        0.00000000e+00,  2.40968261e-05, -2.76567876e-05,  1.91600834e-05,
        1.25727961e-04,  0.00000000e+00,  5.71863366e-04, -6.46677533e-04,
        1.60780881e-04,  1.94398805e-03,  5.55037261e-04, -1.57798326e-03,
       -6.50653811e-04, -1.58029102e-03,  9.05641193e-04,  3.17090640e-04,
        1.37883113e-03,  5.56490396e-04, -9.32270381e-05, -4.01777297e-04,
       -7.76858136e-04,  2.30574814e-04, -2.25450367e-04,  1.99152125e-04,
       -5.56490396e-04,  0.00000000e+00,  1.12366018e-05,  3.80802671e-05,
       -1.28783057e-04, -2.30574814e-04,  0.00000000e+00, -2.74094175e-04,
       -1.37853110e-03, -4.74426387e-04,  2.55132895e-04,  5.65919080e-04,
       -1.25909114e-03,  4.21165753e-04, -1.28838897e-03, -3.86108526e-04,
        4.23438779e-04,  4.08612057e-04, -3.69168534e-05,  4.08509962e-04,
        8.08288659e-04,  3.88376167e-04,  8.60188612e-05,  3.89173245e-04,
        8.50479087e-04,  3.69168534e-05,  0.00000000e+00, -8.11551536e-05,
        2.24967416e-04, -2.26764177e-06, -8.60188612e-05,  0.00000000e+00,
       -3.18057852e-04, -6.69464215e-03, -3.68255600e-04,  5.29773505e-03,
        6.63495021e-03,  1.67755018e-03,  1.85903109e-03, -4.95758763e-03,
       -1.92609968e-02, -3.50191486e-03,  1.11719032e-03, -1.52571178e-03,
        2.94045744e-04,  8.78607389e-05, -1.26659846e-03,  4.00423347e-04,
       -3.00309817e-04,  1.08822881e-04,  1.52571178e-03,  0.00000000e+00,
       -1.35997356e-04,  3.54313135e-04,  3.48926756e-05, -4.00423347e-04,
        0.00000000e+00,  6.01769282e-03, -3.07554943e-02, -3.35238701e-03,
        8.33304308e-03,  1.29945694e-02,  2.33580303e-02,  2.10507407e-04,
        1.79815421e-03, -5.74497841e-02, -3.50001935e-04, -5.98558723e-03,
       -2.06809943e-03,  1.28234368e-03, -8.50357655e-04, -3.26707625e-03,
        5.62944653e-05, -1.95957576e-04, -8.77981126e-04,  2.06809943e-03,
        0.00000000e+00, -3.74022766e-05, -1.24802873e-04,  5.92678061e-04,
       -5.62944653e-05,  0.00000000e+00,  4.77367112e-02, -5.73490991e-02,
       -3.92889933e-02, -3.69964987e-02,  4.49262954e-02,  7.52251939e-02,
        1.83656811e-02,  3.62653163e-02, -9.24822367e-02,  1.50872642e-03,
       -2.61753355e-02, -1.13913482e-03, -1.02434562e-03, -1.59105923e-03,
       -6.18743846e-03, -4.11350211e-04, -1.39261918e-04, -1.43253631e-03,
        1.13913482e-03,  0.00000000e+00,  2.65548404e-04, -8.65388394e-04,
        3.10581567e-04,  4.11350211e-04,  0.00000000e+00,  1.08017076e+00,
       -4.82237641e-01,  1.26075635e-01,  3.70608259e-01,  1.15835675e-01,
        3.12959551e-01,  3.04309580e-02,  4.51806308e-02, -7.99254954e-02,
       -7.37818475e-03, -4.10715003e-02,  2.86076967e-04, -3.29029627e-03,
       -3.27967085e-03, -3.28607366e-03,  1.98282464e-04, -4.63884140e-04,
       -1.27266325e-03, -2.86076967e-04,  0.00000000e+00,  2.85015599e-04,
       -7.32205613e-04,  1.84675375e-04, -1.98282464e-04,  0.00000000e+00,
       -1.91546342e+00, -2.88662704e-01,  7.55836208e-02,  2.13529891e-02,
       -8.92646640e-03,  8.23572771e-02,  8.17842708e-04, -2.58531785e-03,
       -2.60920076e-04,  1.48854252e-04,  7.40069138e-04, -3.06932949e-03,
        0.00000000e+00, -8.17842708e-04, -1.73732844e-04,  1.03031609e-04,
        0.00000000e+00, -1.48854252e-04, -1.96052704e-04,  6.35777973e-06,
       -5.31444759e-02,  2.72123170e-01,  2.15057911e-01,  3.25615616e-02,
        4.25249724e-02,  6.05568638e-02,  1.43308029e-03, -2.00221066e-02,
        6.21762570e-03, -2.64717895e-04,  3.68516661e-04, -3.73862645e-03,
        0.00000000e+00, -1.43308029e-03,  1.34691901e-03, -2.48893909e-05,
        0.00000000e+00,  2.64717895e-04, -9.82622960e-05, -2.89126773e-04,
       -1.39450686e-02,  2.66616404e-02,  9.54145694e-02,  1.70601198e-02,
       -1.74616220e-01,  9.36717023e-04, -3.11040873e-03, -1.18975905e-02,
       -1.54205378e-03, -2.46594356e-04,  4.86535133e-03,  3.27951332e-03,
        0.00000000e+00,  3.11040873e-03, -1.64504285e-03,  1.71333047e-04,
        0.00000000e+00,  2.46594356e-04,  1.06392597e-04, -6.82564541e-04,
       -6.83382977e-03,  2.75855928e-02,  2.96178499e-02,  8.91872467e-03,
       -3.71278247e-02, -1.27932729e-02, -1.33579671e-03, -2.28977938e-02,
       -1.94166148e-03, -2.43017573e-04, -5.76818002e-03, -6.04475476e-04,
        0.00000000e+00,  1.33579671e-03,  2.47714479e-04, -7.31824138e-04,
        0.00000000e+00,  2.43017573e-04,  6.89995336e-04, -3.19695764e-04,
       -1.46787924e-03,  1.17828658e-03,  5.48391660e-03,  4.39875002e-03,
       -1.85107788e-02, -3.17635855e-03, -2.50121038e-03,  1.46951996e-03,
        1.00572589e-04,  4.69122896e-04,  2.62522585e-04, -6.54961466e-04,
        0.00000000e+00,  2.50121038e-03, -5.42492355e-05, -5.15709640e-04,
        0.00000000e+00, -4.69122896e-04, -6.68102897e-06, -4.62584980e-05,
       -2.14906735e-03,  1.75005190e-03, -4.41505118e-03,  1.92398147e-03,
        8.21165929e-04, -1.71582143e-03,  5.47128322e-04,  3.83894781e-03,
        3.39720771e-04,  2.55972560e-04, -8.69688845e-04, -2.62486140e-04,
        0.00000000e+00, -5.47128322e-04,  5.76103372e-04, -1.14634886e-04,
        0.00000000e+00, -2.55972560e-04,  4.85229168e-05,  2.28255664e-04,
        6.98597771e-04,  2.41980348e-04, -2.92349783e-04, -3.58849188e-05,
        5.49544790e-04, -3.37649426e-04,  2.46077121e-04,  1.84099142e-04,
       -6.26700120e-04,  1.50389717e-04, -3.75497590e-04,  7.45393905e-07,
        0.00000000e+00, -2.46077121e-04,  1.08250640e-04, -3.60127319e-05,
        0.00000000e+00, -1.50389717e-04, -1.74047201e-04,  9.49236840e-05,
       -2.27743943e-04,  3.88263860e-04, -5.94664734e-04,  6.11791357e-05,
       -1.42220809e-04, -3.40139873e-04,  1.06576124e-04,  4.41685163e-04,
        9.47161966e-05, -1.57149593e-04,  1.39040200e-04, -5.81603543e-05,
        0.00000000e+00, -1.06576124e-04,  1.52979570e-04,  7.18486106e-05,
        0.00000000e+00,  1.57149593e-04,  3.18060892e-06,  1.00363673e-05,
       -1.88194992e-05, -9.02774330e-05,  7.31662594e-06,  2.99988549e-05,
       -9.62442705e-05,  3.67676712e-05,  5.13393926e-05,  1.23819288e-05,
       -6.49407359e-07, -4.11299903e-05,  1.16817752e-04,  4.10874140e-05,
        0.00000000e+00, -5.13393926e-05, -1.96985547e-05, -1.05299483e-05,
        0.00000000e+00,  4.11299903e-05, -2.05734813e-05,  1.24223479e-05],      dtype=float64),
                   'Za_n': Array([ 2.34011475e-06, -1.13209365e-04, -1.35107687e-04,  1.31832849e-04,
        1.47918574e-03,  8.26084129e-03,  1.06681280e-01,  9.88101399e-01],      dtype=float64),
                   'Zb_lmn': Array([ 0.00000000e+00,  0.00000000e+00,  0.00000000e+00,  0.00000000e+00,
        0.00000000e+00,  0.00000000e+00,  0.00000000e+00,  0.00000000e+00,
        0.00000000e+00,  0.00000000e+00,  0.00000000e+00,  0.00000000e+00,
        0.00000000e+00,  0.00000000e+00,  0.00000000e+00,  0.00000000e+00,
        0.00000000e+00,  0.00000000e+00,  0.00000000e+00,  0.00000000e+00,
        0.00000000e+00,  0.00000000e+00,  0.00000000e+00,  0.00000000e+00,
        0.00000000e+00,  0.00000000e+00,  0.00000000e+00,  0.00000000e+00,
        0.00000000e+00,  0.00000000e+00,  0.00000000e+00,  0.00000000e+00,
        0.00000000e+00,  0.00000000e+00,  0.00000000e+00,  0.00000000e+00,
        1.33076603e-03, -3.86191662e-03,  7.82321295e-04,  2.90356339e-03,
       -2.04927026e-02,  0.00000000e+00,  0.00000000e+00,  0.00000000e+00,
        0.00000000e+00,  4.12075462e-03, -1.83068844e-02,  9.15603676e-03,
        1.64944619e-02, -6.01241823e-02,  0.00000000e+00,  0.00000000e+00,
        0.00000000e+00,  0.00000000e+00,  2.60546017e-02, -1.10533392e-02,
       -3.18762994e-03,  4.76173221e-02, -9.83590936e-02,  0.00000000e+00,
        0.00000000e+00,  0.00000000e+00,  0.00000000e+00,  1.23367208e+00,
       -3.74244035e-01,  4.11777013e-01,  2.70615388e-01, -8.30268937e-02,
        0.00000000e+00,  0.00000000e+00,  0.00000000e+00,  0.00000000e+00,
        0.00000000e+00,  0.00000000e+00,  0.00000000e+00,  0.00000000e+00,
       -8.38244997e-03,  7.28245701e-02, -2.09368399e-01, -1.89426832e+00,
        0.00000000e+00,  0.00000000e+00,  0.00000000e+00,  0.00000000e+00,
        4.27952268e-02,  1.96382723e-01,  3.28652281e-01, -1.43901780e-02,
        0.00000000e+00,  0.00000000e+00,  0.00000000e+00,  0.00000000e+00,
       -1.69644476e-01,  8.18719361e-02,  3.01953062e-02,  1.74433042e-03,
        0.00000000e+00,  0.00000000e+00,  0.00000000e+00,  0.00000000e+00,
       -4.22060094e-02,  6.96777057e-03,  1.38681487e-02, -5.88590715e-04,
        0.00000000e+00,  0.00000000e+00,  0.00000000e+00,  0.00000000e+00,
       -1.82549373e-02,  6.89918733e-03, -2.69929193e-03,  2.51573373e-03,
        0.00000000e+00,  0.00000000e+00,  0.00000000e+00,  0.00000000e+00,
        0.00000000e+00,  0.00000000e+00,  0.00000000e+00,  0.00000000e+00,
        0.00000000e+00,  0.00000000e+00,  0.00000000e+00,  0.00000000e+00,
        0.00000000e+00,  0.00000000e+00,  0.00000000e+00,  0.00000000e+00,
        0.00000000e+00,  0.00000000e+00,  0.00000000e+00,  0.00000000e+00,
        0.00000000e+00,  0.00000000e+00,  0.00000000e+00,  0.00000000e+00,
        0.00000000e+00,  0.00000000e+00,  0.00000000e+00,  0.00000000e+00,
        0.00000000e+00,  0.00000000e+00,  0.00000000e+00,  0.00000000e+00],      dtype=float64),
                   'Zeff_l': Array([], shape=(0,), dtype=float64),
                   'a_lmn': Array([], shape=(0,), dtype=float64),
                   'c_l': Array([0., 0., 0., 0., 0.], dtype=float64),
                   'i_l': Array([], shape=(0,), dtype=float64),
                   'ne_l': Array([], shape=(0,), dtype=float64),
                   'ni_l': Array([], shape=(0,), dtype=float64),
                   'p_l': Array([0., 0., 0., 0., 0.], dtype=float64)}],
               [ { 'G': Array([], shape=(0,), dtype=float64),
                   'I': Array([], shape=(0,), dtype=float64),
                   'L_lmn': Array([ 3.92092894e-05,  3.15886925e-05, -8.93524122e-06, -4.34268177e-05,
       -5.11642421e-05,  9.62798863e-05,  5.34592660e-05,  8.28217688e-05,
       -1.10458339e-04, -6.32519262e-05, -8.14406992e-05,  9.64817691e-05,
        5.40351222e-05,  6.54432217e-05,  6.10165933e-05, -7.60413289e-05,
       -6.98766450e-05, -2.30407609e-05,  1.16697290e-05,  2.78475233e-05,
        2.05736205e-05,  5.50311182e-05, -1.33756090e-05, -4.69920282e-05,
       -7.11331883e-05, -5.16761833e-06,  5.77921657e-05, -5.97575254e-05,
       -1.93877260e-04,  3.81534050e-04,  4.86774715e-04, -3.82323923e-05,
        3.07951342e-05, -1.49279385e-04, -1.73117389e-04, -9.49241211e-05,
        3.33012628e-04,  7.67518686e-06, -4.75783601e-05, -1.01200632e-04,
       -1.92213291e-04,  1.27360219e-04,  2.47835350e-05, -6.02168611e-05,
        2.58208198e-04, -2.30623210e-05,  8.13473779e-06,  2.45094337e-05,
        5.57193103e-05, -1.45680776e-04,  2.62842516e-04, -1.01219096e-03,
       -3.70053149e-05,  5.62861034e-04,  9.16512992e-04, -1.90103756e-04,
        1.32483511e-05, -5.15623273e-04, -4.62250647e-04, -7.05072837e-05,
        6.76450084e-05,  6.49810575e-04, -6.09176104e-05,  4.06315388e-04,
        6.14422094e-04, -3.14855076e-04,  6.73142593e-05, -2.54360394e-04,
       -1.59390490e-05,  1.24588068e-04,  1.24148037e-05,  8.70803089e-05,
        8.81972448e-05, -7.56777666e-05, -1.02677711e-04, -5.38163299e-04,
        6.74053614e-04, -5.17589039e-04, -6.77322275e-04,  2.29416675e-03,
        3.02344207e-03,  4.47057795e-04, -5.20915588e-04, -4.57291118e-04,
       -1.32175602e-03, -1.69780995e-03,  1.32485790e-03,  8.58937241e-05,
       -4.34813076e-04,  4.82422298e-04, -1.94435429e-04, -3.30527775e-04,
        2.05250150e-04, -6.45908870e-05,  7.39182643e-04,  4.45955956e-06,
       -7.63733093e-05, -3.78478478e-05, -9.34811456e-05, -3.56770350e-04,
        3.93015234e-04,  1.17702866e-04, -7.35397965e-04,  1.78092831e-03,
       -3.34656678e-03,  5.36000242e-04,  2.19862827e-03, -1.54418095e-03,
        5.32885127e-04,  7.19198026e-04,  3.28380575e-04,  3.64204362e-03,
       -9.11840482e-04, -9.50496681e-04,  1.77653413e-03, -2.09252400e-04,
        9.81708573e-05, -2.09625349e-04, -2.78628437e-04,  5.44157118e-04,
        2.62682923e-04, -4.06471921e-04,  2.62923022e-04, -5.98042749e-05,
        1.82258493e-05,  8.44475079e-03,  1.17593065e-02, -1.80512816e-02,
       -1.80820055e-02,  1.94122904e-03,  1.48282634e-02,  2.13954595e-03,
        1.47512103e-03,  1.21524187e-02, -4.65656810e-03, -3.86724276e-04,
        1.58016293e-03,  1.23417532e-03,  2.19958835e-03,  2.80082535e-03,
        1.01339625e-03,  1.43597571e-04,  3.50251460e-04, -4.80719686e-04,
        1.10240540e-03, -5.41637672e-04, -2.05370632e-04, -4.25008861e-04,
        2.22890470e-04, -2.05148472e-04, -6.24745813e-03,  3.55894698e-02,
        4.02879241e-02, -5.47191240e-02, -3.42168408e-02,  3.74447549e-02,
       -1.08191725e-02,  2.00999761e-02,  1.88817138e-03,  6.81036230e-03,
       -3.51884673e-03, -7.44548359e-03, -9.87737084e-05, -3.79515265e-03,
        2.46287442e-03,  3.32736305e-03, -1.98207989e-04,  2.09243314e-03,
       -4.05626566e-04, -4.49795880e-04, -1.53413459e-05,  1.25739558e-03,
        5.06104617e-04,  4.67929752e-05,  2.26233070e-04,  1.32567085e-01,
       -2.25575102e-01, -4.72949070e-02, -3.37024683e-01, -9.77880561e-02,
        5.72268823e-02, -2.00088164e-03,  4.75415994e-02, -1.39383076e-03,
        8.93380200e-03, -1.08845865e-02, -1.47761337e-02, -7.91107888e-04,
       -9.71939435e-03,  3.69836329e-04, -1.29722050e-03, -2.03040913e-03,
        1.60248699e-03,  2.74236525e-03, -5.54026544e-05,  1.41337720e-03,
        1.07015441e-03,  6.21116279e-04,  3.54472834e-05,  3.24627841e-04,
        4.50991193e-01, -9.53309171e-02, -1.12091367e-02, -4.91019096e-02,
       -1.94975155e-03,  1.20698875e-02,  5.19145782e-03,  2.18188860e-03,
        2.81401216e-02, -2.79436820e-03, -2.13876460e-03, -3.03186482e-03,
        4.66665194e-04,  3.16318563e-04, -9.04501817e-04, -8.73490625e-04,
       -3.48754202e-04,  1.94151942e-04,  1.54806106e-04, -3.21592093e-04,
       -3.24308703e-01, -2.13485137e-01, -7.49083755e-03, -4.48827237e-02,
        3.37997009e-03,  1.83434664e-02, -7.15295064e-03, -4.94151717e-03,
        1.31969844e-02,  7.24332054e-04, -4.43488737e-04, -7.10131205e-03,
       -1.47311881e-03,  1.41563702e-04,  3.65431647e-06, -3.53285265e-03,
        3.40610158e-04, -2.79047545e-04,  3.87626299e-04, -7.36680137e-04,
        9.30656908e-03, -8.24488366e-02,  8.90152467e-02, -5.97310916e-04,
        5.60649853e-03,  1.75041365e-02, -1.11370413e-02, -1.72154356e-02,
       -9.11365848e-04,  2.37786454e-03,  3.85570059e-03, -3.03209925e-03,
        9.63766724e-04, -2.62090879e-04,  2.67266463e-03,  1.79264389e-04,
       -2.97513375e-04,  2.84682051e-04, -4.18465426e-04,  1.13338333e-03,
       -1.71954350e-02, -1.55210595e-02,  4.31816667e-03,  1.78731279e-02,
        1.12652029e-02,  5.92394796e-03,  2.56144251e-03,  3.46971197e-03,
       -3.45625297e-03,  1.45660264e-03,  2.94414513e-03,  1.76334034e-04,
       -3.05068682e-05, -1.43498082e-03,  8.37374349e-04,  6.44739948e-04,
        7.99680914e-04, -3.27384805e-04,  1.36860251e-05,  9.83686578e-05,
       -2.59605359e-03, -2.89641929e-03,  5.70917545e-03,  1.30638762e-03,
        9.22256206e-04,  1.54992443e-03,  3.61862174e-03, -2.75799313e-03,
        1.66410051e-03, -6.53859619e-04,  7.31635639e-04, -7.27368528e-04,
        1.43612714e-03,  4.24543253e-04,  4.56693212e-04, -9.65444562e-05,
       -7.44032703e-04,  4.11527474e-04, -1.97777941e-04,  6.90736881e-04,
       -3.02058616e-04,  1.99030778e-03,  8.83743197e-04,  1.89290145e-03,
       -4.76082491e-04, -3.05700018e-03,  1.27550899e-03, -9.83938077e-05,
       -7.32338756e-04, -9.11002198e-05,  1.17101448e-03,  2.69543113e-04,
        1.13475753e-04, -4.95898818e-04, -5.18517556e-04, -2.34654042e-04,
        1.32524506e-04, -2.06056977e-04,  5.09738288e-04, -3.94157570e-04,
       -1.64958938e-04, -4.50764319e-04,  3.75989466e-04, -3.57320794e-04,
       -6.20227286e-04,  1.26767233e-04,  4.67117031e-04,  1.04414556e-04,
        6.15921451e-04, -4.58720094e-04,  1.64578062e-04,  4.02085931e-05,
        4.91565732e-04,  1.82182452e-04,  6.53073685e-05,  2.09806125e-04,
       -2.96690006e-04, -7.20493242e-05, -1.68643819e-04, -9.83102558e-05,
       -1.72991607e-04, -1.73066814e-04,  4.33804224e-04,  2.24633973e-04,
       -9.96400495e-05,  3.61577804e-05,  4.49013716e-04, -2.89157554e-04,
       -4.52421492e-05, -1.60733129e-04, -2.27175847e-05,  1.68328907e-04,
        6.87981910e-05, -2.25418274e-04, -1.64950482e-04, -1.27722457e-04,
       -7.42865860e-05,  2.66893884e-05,  1.16655807e-04,  3.91467876e-05,
        5.78563738e-05, -1.03421325e-05,  9.87195920e-05,  4.87607944e-05,
       -1.29682262e-04, -3.72950926e-05,  5.20179101e-05, -3.54853064e-05,
       -4.55608511e-05, -1.11551101e-04,  2.64359845e-05,  4.74557857e-06,
        8.69484734e-05,  3.71377943e-05,  9.25173745e-05, -2.21217220e-06,
       -8.38143725e-05, -5.31673692e-05, -3.49813533e-05,  1.88442321e-05],      dtype=float64),
                   'Phi_mn': Array([], shape=(0,), dtype=float64),
                   'Psi': Array([50.], dtype=float64),
                   'R_lmn': Array([-5.49060834e-05, -9.36956351e-05,  1.19458908e-04,  6.93366400e-05,
       -3.05269587e-05,  6.70593967e-05,  1.28230400e-04, -1.12973408e-04,
        9.50891521e-06,  4.58154873e-05,  6.49664134e-05,  2.22740062e-05,
        0.00000000e+00, -1.28230400e-04, -6.48550005e-06, -2.39394717e-05,
        0.00000000e+00, -4.58154873e-05, -3.44394547e-05,  4.36223217e-06,
       -1.51005468e-04,  5.24271737e-05,  1.43471604e-04,  4.28296840e-05,
       -5.59382152e-05, -1.09881630e-04, -1.45115031e-04, -1.59572623e-04,
        1.05922968e-04, -1.24700843e-04,  4.83715165e-05,  1.12233516e-04,
        0.00000000e+00,  1.45115031e-04,  1.61010185e-05,  2.25281598e-06,
        0.00000000e+00,  1.24700843e-04,  7.56669874e-06, -5.47790594e-05,
       -3.04964895e-04,  6.03085506e-04,  1.04422463e-04,  1.66937274e-04,
       -1.98206879e-05, -6.56918023e-04,  3.06155513e-04,  7.97270464e-05,
        1.71286217e-05, -3.47612014e-05,  8.60978796e-05,  2.83877817e-05,
        0.00000000e+00, -3.06155513e-04, -1.84149509e-04,  1.20899000e-04,
        0.00000000e+00,  3.47612014e-05, -6.62771917e-05,  2.54447352e-05,
        8.22315021e-04, -2.45734995e-04,  1.50975023e-04, -3.48491849e-04,
       -1.49372975e-03,  2.62021256e-04,  3.09782296e-04, -6.27175361e-04,
       -4.76183674e-04, -4.70498407e-05,  1.65872040e-03,  4.31994567e-05,
        0.00000000e+00, -3.09782296e-04,  4.76200338e-04,  2.36050091e-06,
        0.00000000e+00,  4.70498407e-05, -1.64990646e-04, -5.94857175e-05,
       -1.04023772e-03, -2.82831678e-03, -5.53923545e-03, -3.09573385e-04,
        1.39725691e-02,  2.59285734e-03, -6.56252326e-04,  3.23220535e-03,
       -2.16515912e-03,  2.50331335e-04,  8.98912849e-04, -2.69850283e-04,
        0.00000000e+00,  6.56252326e-04,  7.69249928e-04,  3.79428278e-04,
        0.00000000e+00, -2.50331335e-04, -5.53894358e-05,  2.88846841e-04,
        1.54340424e-03, -2.84813049e-02,  2.08618966e-02,  1.65098432e-02,
        1.12423380e-02,  1.40100482e-03, -3.66678182e-04,  6.61581565e-03,
       -3.52009356e-03,  3.64714671e-04, -1.77682419e-03,  1.70362205e-03,
        0.00000000e+00,  3.66678182e-04, -3.76407144e-04, -3.45683743e-04,
        0.00000000e+00, -3.64714671e-04,  1.38487940e-05,  2.33445359e-04,
        1.99545774e-02, -8.70874075e-02,  1.85487936e-02, -7.55794619e-02,
       -7.02333029e-02,  1.03309213e-02, -1.07516497e-03, -1.15736046e-02,
        1.51039495e-02, -5.21922664e-04,  1.00493645e-03, -9.16636291e-04,
        0.00000000e+00,  1.07516497e-03, -8.27184266e-04, -4.58154887e-04,
        0.00000000e+00,  5.21922664e-04,  9.03756307e-06,  1.71305575e-04,
        5.23238951e-01,  5.66908640e-02,  2.41934449e-01, -5.49797226e-02,
        3.85137987e-03,  5.73117474e-02,  7.10589114e-04, -2.53400076e-02,
        4.02968729e-03,  1.25584868e-04, -4.87342613e-03, -3.50562762e-03,
        0.00000000e+00, -7.10589114e-04, -5.55197557e-04,  3.72966495e-04,
        0.00000000e+00, -1.25584868e-04,  6.03384231e-04,  1.42495872e-04,
        7.93595071e+00,  1.81922051e+00,  3.03382219e-02,  5.90962621e-02,
       -6.45418584e-02,  4.04164793e-02,  3.46590817e-02, -3.67600149e-02,
       -6.35770712e-02, -1.81429973e-03, -2.07120889e-03, -1.70452269e-03,
       -1.06517776e-03,  4.39482821e-03, -3.91141221e-04,  1.18225846e-04,
        6.12643398e-04, -3.08433946e-04,  1.70452269e-03,  0.00000000e+00,
        1.17162706e-04,  3.13394820e-04,  2.88438918e-04, -1.18225846e-04,
        0.00000000e+00,  5.89160513e-01, -1.04320879e-02,  1.64833466e-01,
       -2.41531511e-01,  1.85184482e-02, -2.00090269e-01,  5.96705940e-03,
       -4.40414656e-03,  3.54557057e-02,  2.15891384e-03,  1.25937218e-02,
        2.58545264e-04, -2.27020482e-04, -2.89157617e-03,  6.14628998e-03,
       -2.10291344e-05, -8.32904783e-04,  1.00839436e-03, -2.58545264e-04,
        0.00000000e+00,  1.12502898e-04, -2.93819707e-06, -2.25584044e-04,
        2.10291344e-05,  0.00000000e+00,  1.30347983e-02, -5.68577215e-02,
        1.53391013e-02,  9.26570956e-02,  4.82740830e-02, -4.55931016e-02,
       -4.02987442e-03, -7.65874289e-03,  8.33121895e-02,  2.49512861e-03,
        1.82606199e-02,  1.41524449e-03, -1.71862416e-04,  3.44642569e-03,
       -9.20810000e-03,  3.54660227e-04, -2.44164685e-04, -3.06838108e-04,
       -1.41524449e-03,  0.00000000e+00, -1.97404329e-05,  1.02476351e-04,
       -1.67660220e-04, -3.54660227e-04,  0.00000000e+00,  7.03669128e-04,
        2.02516938e-03, -1.20106688e-02,  1.41222858e-03,  6.18263712e-03,
       -1.57418605e-02, -2.17511481e-03,  1.08585790e-02, -9.90216473e-03,
       -6.39047477e-03, -5.99443962e-03,  9.64701391e-04,  2.68554926e-03,
       -2.35173170e-03,  4.86734187e-03, -2.37179634e-05,  4.13532029e-04,
        1.29116585e-04, -9.64701391e-04,  0.00000000e+00,  1.85327280e-05,
       -4.30602017e-04, -1.63603356e-04,  2.37179634e-05,  0.00000000e+00,
        3.95006114e-04, -6.99268236e-03,  3.67950799e-04,  1.74917322e-03,
        2.46374958e-03,  5.94078776e-04, -9.37167358e-04,  6.08900998e-04,
       -8.59885924e-03,  1.69039276e-03, -4.35718084e-04,  5.56758487e-04,
       -1.43193403e-03,  1.20978949e-03, -2.87125950e-03, -1.66138253e-04,
        8.27109178e-05, -1.45664045e-04, -5.56758487e-04,  0.00000000e+00,
       -8.27956186e-05, -1.02161071e-04,  2.48277445e-04,  1.66138253e-04,
        0.00000000e+00, -2.22036965e-04, -2.07228432e-03, -7.13938615e-04,
       -1.55249796e-04,  1.89054835e-03,  2.02033612e-03,  1.82116876e-04,
        1.93196568e-06,  2.76919766e-04,  1.54709346e-04, -1.48670957e-03,
       -4.10978004e-04,  7.40429885e-04,  1.80169267e-04, -4.32000790e-04,
       -2.64386969e-05,  2.70266316e-05, -5.33626548e-04,  4.10978004e-04,
        0.00000000e+00,  1.34288192e-05, -2.68514361e-05,  1.55081024e-04,
        2.64386969e-05,  0.00000000e+00,  1.65257441e-04,  1.29132309e-04,
        3.75269566e-04, -8.13424019e-05, -2.22665731e-04, -8.20193982e-04,
       -1.79104145e-04, -3.86245199e-04,  2.20768721e-04,  5.50079324e-05,
        4.80453377e-04, -3.08567683e-04, -3.44564028e-04,  3.67273802e-04,
       -2.81404725e-04, -1.58647927e-05,  3.85254897e-05,  3.39740605e-04,
        3.08567683e-04,  0.00000000e+00, -1.68588332e-05,  1.00313798e-04,
        6.06360044e-05,  1.58647927e-05,  0.00000000e+00,  8.19980100e-05,
        2.05795994e-04, -7.85036885e-05, -1.31160995e-04, -3.55352557e-05,
       -2.34345374e-04, -1.10524573e-04,  2.11851647e-05,  9.04511376e-05,
       -1.23096567e-04,  2.98946194e-04,  1.52675031e-04,  7.95245618e-05,
        1.30872386e-04, -1.14906726e-04,  2.21019732e-04, -4.71641708e-05,
       -6.46008200e-05, -1.52675031e-04,  0.00000000e+00,  2.75056902e-05,
       -2.08965554e-05,  2.44555880e-05, -2.21019732e-04,  0.00000000e+00,
        3.70094410e-05, -8.99353594e-05, -2.78279328e-05,  9.84855511e-05,
        5.23594825e-05, -1.35894049e-05, -5.54183697e-05, -4.80868754e-05,
        1.94808695e-05,  5.86840242e-05, -5.87472390e-06, -8.94829083e-05,
        4.72229044e-05, -6.70922182e-05, -3.95944064e-05, -7.37643637e-05,
       -2.11081473e-05,  1.94641288e-05,  8.94829083e-05,  0.00000000e+00,
       -9.86042979e-07,  1.66935424e-05,  2.01135369e-05,  7.37643637e-05,
        0.00000000e+00], dtype=float64),
                   'Ra_n': Array([ 7.94145391e+00,  4.30633629e-01, -6.18205548e-03,  7.87220654e-03,
        4.39026366e-04, -5.29825401e-05, -6.14110745e-05, -2.04174651e-06,
       -3.87899432e-05], dtype=float64),
                   'Rb_lmn': Array([ 0.00000000e+00,  0.00000000e+00,  0.00000000e+00,  0.00000000e+00,
        0.00000000e+00,  0.00000000e+00,  0.00000000e+00,  0.00000000e+00,
        0.00000000e+00,  0.00000000e+00,  0.00000000e+00,  0.00000000e+00,
        0.00000000e+00,  0.00000000e+00,  0.00000000e+00,  0.00000000e+00,
        0.00000000e+00,  0.00000000e+00,  0.00000000e+00,  0.00000000e+00,
        0.00000000e+00,  0.00000000e+00,  0.00000000e+00,  0.00000000e+00,
        0.00000000e+00,  0.00000000e+00,  0.00000000e+00,  0.00000000e+00,
        0.00000000e+00,  0.00000000e+00,  0.00000000e+00,  0.00000000e+00,
        0.00000000e+00,  0.00000000e+00,  0.00000000e+00,  0.00000000e+00,
        1.48160925e-02, -1.53778018e-03, -2.16462878e-04, -3.13554195e-03,
        0.00000000e+00,  0.00000000e+00,  0.00000000e+00,  0.00000000e+00,
        9.47936259e-03,  2.71013051e-02, -2.51432326e-02,  1.41874702e-02,
        0.00000000e+00,  0.00000000e+00,  0.00000000e+00,  0.00000000e+00,
       -6.92193289e-02,  6.14800470e-03, -7.75018169e-02, -4.09790899e-02,
        0.00000000e+00,  0.00000000e+00,  0.00000000e+00,  0.00000000e+00,
       -4.18662028e-04,  2.16039244e-01,  1.10639480e-01,  4.72661882e-01,
        8.00000000e+00,  1.75347699e+00,  2.70444703e-02,  3.80368364e-02,
       -6.36797735e-02,  0.00000000e+00,  0.00000000e+00,  0.00000000e+00,
        0.00000000e+00,  7.59846521e-01,  9.41236935e-03, -2.48830172e-01,
       -1.86488153e-01,  4.13764117e-02,  0.00000000e+00,  0.00000000e+00,
        0.00000000e+00,  0.00000000e+00,  2.41524224e-02, -6.33267456e-03,
        8.85472547e-02, -2.76393198e-02,  7.39364293e-02,  0.00000000e+00,
        0.00000000e+00,  0.00000000e+00,  0.00000000e+00, -1.07780324e-02,
        2.23086376e-03,  9.48847391e-03, -2.16071836e-02, -5.19842621e-03,
        0.00000000e+00,  0.00000000e+00,  0.00000000e+00,  0.00000000e+00,
       -1.68894009e-03, -2.75582910e-03,  3.46570263e-03,  1.26966464e-05,
       -1.12218413e-02,  0.00000000e+00,  0.00000000e+00,  0.00000000e+00,
        0.00000000e+00,  0.00000000e+00,  0.00000000e+00,  0.00000000e+00,
        0.00000000e+00,  0.00000000e+00,  0.00000000e+00,  0.00000000e+00,
        0.00000000e+00,  0.00000000e+00,  0.00000000e+00,  0.00000000e+00,
        0.00000000e+00,  0.00000000e+00,  0.00000000e+00,  0.00000000e+00,
        0.00000000e+00,  0.00000000e+00,  0.00000000e+00,  0.00000000e+00,
        0.00000000e+00,  0.00000000e+00,  0.00000000e+00,  0.00000000e+00,
        0.00000000e+00,  0.00000000e+00,  0.00000000e+00,  0.00000000e+00,
        0.00000000e+00,  0.00000000e+00,  0.00000000e+00,  0.00000000e+00,
        0.00000000e+00,  0.00000000e+00,  0.00000000e+00,  0.00000000e+00,
        0.00000000e+00], dtype=float64),
                   'Te_l': Array([], shape=(0,), dtype=float64),
                   'Ti_l': Array([], shape=(0,), dtype=float64),
                   'Z_lmn': Array([ 1.22332330e-05, -5.81336466e-05,  3.53008282e-05, -2.15570568e-05,
       -6.25280956e-06,  1.63914512e-05, -1.66587367e-05, -3.97299901e-07,
       -6.85264791e-05,  7.23339487e-06, -4.16585135e-06,  5.91283019e-05,
       -2.43566467e-05,  2.12622633e-05,  8.64651155e-05, -1.25361001e-05,
        5.71530612e-05, -1.22255998e-05, -5.91283019e-05,  0.00000000e+00,
       -6.51867785e-06,  6.92093397e-07, -1.79386363e-05,  1.25361001e-05,
        0.00000000e+00,  4.75516294e-05, -1.09962744e-04, -1.13594262e-04,
        1.27577254e-04,  8.64679174e-05, -2.92660134e-04, -9.73060096e-05,
       -1.13431631e-04, -3.01605014e-04,  6.46231806e-05,  5.98650360e-05,
        7.28088077e-05,  1.52982127e-04,  4.13680537e-05,  2.89701448e-04,
       -1.26307849e-04, -4.11283541e-05,  2.32795098e-04, -7.28088077e-05,
        0.00000000e+00,  1.03665144e-05, -5.55136763e-05,  1.19035668e-05,
        1.26307849e-04,  0.00000000e+00,  2.85417672e-04, -2.24698919e-04,
        1.82464644e-04,  1.07928541e-03,  8.75779388e-05, -1.47725242e-03,
       -3.71625685e-04, -1.22253699e-03,  8.18837746e-04,  1.58794177e-04,
        1.34082260e-03,  4.75723875e-04, -1.18330693e-04,  5.98350478e-05,
       -6.81947850e-04,  7.84992547e-05, -2.16731966e-05,  1.36429827e-04,
       -4.75723875e-04,  0.00000000e+00,  2.20740626e-05,  8.34165319e-05,
       -1.36889897e-04, -7.84992547e-05,  0.00000000e+00,  1.94684440e-04,
       -1.29158626e-03, -6.42682280e-04,  1.56793647e-03,  6.08876710e-04,
       -1.54583404e-03, -2.45827009e-04, -2.40040464e-03, -1.39684930e-03,
        4.25609827e-04,  7.50764537e-04,  1.54452402e-04,  7.16410438e-04,
        6.26355350e-04,  1.50477077e-03,  1.52256771e-04,  2.57099721e-04,
        7.95069498e-04, -1.54452402e-04,  0.00000000e+00, -2.25855878e-05,
        2.06112822e-04, -1.07921469e-04, -1.52256771e-04,  0.00000000e+00,
       -1.75441434e-03, -5.67303302e-04,  4.80377721e-04,  3.02923428e-03,
        3.73679045e-03,  1.57677966e-03,  3.04368295e-03, -3.11524547e-03,
       -1.86202328e-02, -1.50749093e-03,  1.94926139e-03, -9.15745643e-04,
        1.37471518e-04,  2.28323976e-04, -2.93266926e-03,  3.94657642e-04,
        2.48241628e-04, -2.37736630e-04,  9.15745643e-04,  0.00000000e+00,
       -1.32597912e-04,  3.71112779e-04,  7.63693156e-05, -3.94657642e-04,
        0.00000000e+00,  5.68163439e-03, -3.23885734e-02, -3.66714244e-03,
        1.34458731e-02,  1.77438266e-02,  1.93432887e-02, -1.96596160e-03,
        2.56345425e-03, -5.83548961e-02, -3.02064751e-04, -5.51774266e-03,
       -1.50407098e-03,  2.16179370e-03, -1.65825364e-03, -1.00548151e-03,
       -7.69474151e-05, -4.49922816e-04, -8.96217194e-04,  1.50407098e-03,
        0.00000000e+00,  1.25370923e-04, -1.85083016e-04,  5.63550093e-05,
        7.69474151e-05,  0.00000000e+00,  1.92152768e-02,  1.93397949e-02,
       -3.66056964e-02,  4.41253968e-04, -5.22801102e-03,  6.89767157e-02,
        1.98227617e-02,  1.77810370e-02, -8.58593772e-02,  7.54674470e-03,
       -2.73609564e-02, -1.17643059e-03, -2.29091029e-03, -6.12177307e-04,
       -6.43702432e-03, -7.36800793e-04, -4.37430204e-04, -1.61522315e-03,
        1.17643059e-03,  0.00000000e+00,  3.98141796e-04, -9.39440303e-04,
        4.26216732e-04,  7.36800793e-04,  0.00000000e+00,  1.03865619e+00,
       -5.18786528e-01,  1.11438691e-01,  3.65766240e-01,  1.44602792e-01,
        3.25797622e-01,  3.23585629e-02,  6.07040782e-02, -7.67141616e-02,
       -5.74200438e-03, -4.14617894e-02, -2.10423712e-04, -2.77042074e-03,
       -2.41332892e-03, -5.16109345e-03,  1.88333737e-04, -4.75558609e-04,
       -1.95010686e-03,  2.10423712e-04,  0.00000000e+00,  3.17992313e-04,
       -5.96771606e-04,  2.82244469e-04, -1.88333737e-04,  0.00000000e+00,
       -1.86761900e+00, -3.25852917e-01,  9.00406423e-02,  2.35047802e-03,
       -1.09451233e-03,  9.91424027e-02,  6.49283526e-04,  1.60394459e-03,
       -2.23593561e-03,  5.35258320e-05,  2.13515313e-03, -3.25233924e-03,
        0.00000000e+00, -6.49283526e-04, -5.21858484e-04,  4.01934630e-04,
        0.00000000e+00, -5.35258320e-05, -7.81967102e-05,  1.69701113e-05,
       -5.70662694e-02,  3.09520569e-01,  1.88538659e-01,  2.88001462e-02,
        6.19379465e-02,  3.27203726e-02,  3.81089414e-03, -1.71808464e-02,
        1.32643292e-02, -1.09730853e-04,  1.03343521e-03, -4.41213620e-03,
        0.00000000e+00, -3.81089414e-03,  2.29640707e-03, -1.62601840e-03,
        0.00000000e+00,  1.09730853e-04, -5.11643096e-04,  7.53886013e-05,
       -8.66077845e-03,  5.12188980e-02,  9.80133241e-02,  1.53132649e-02,
       -1.60982450e-01, -7.50642794e-03, -3.87935192e-03, -1.31560895e-02,
       -3.52427512e-03, -4.58152301e-04,  3.74150556e-03,  3.36342200e-03,
        0.00000000e+00,  3.87935192e-03, -1.05332857e-03,  1.96251722e-04,
        0.00000000e+00,  4.58152301e-04,  1.87948354e-04, -4.70363258e-04,
       -3.60812982e-03,  2.47609216e-02,  1.11511750e-02,  3.75496100e-03,
       -4.04588550e-02, -8.30740569e-03, -1.13940359e-03, -1.50621267e-02,
        3.72087925e-05, -2.65243897e-04, -3.24977239e-03,  2.45987695e-04,
        0.00000000e+00,  1.13940359e-03,  1.04529606e-04, -1.08336956e-03,
        0.00000000e+00,  2.65243897e-04,  2.37602219e-04, -1.83663821e-04,
       -1.78917357e-03,  3.71712097e-03,  6.07308462e-03,  5.34627434e-03,
       -1.98812182e-02, -6.33847150e-03, -1.73235154e-03, -4.76720227e-04,
       -2.03795756e-04,  3.27924936e-04, -1.65636011e-04, -1.34515791e-03,
        0.00000000e+00,  1.73235154e-03, -2.37655877e-04,  1.32739410e-04,
        0.00000000e+00, -3.27924936e-04,  1.17036619e-05, -5.15914184e-05,
       -1.21980294e-03,  1.21475137e-03, -4.07107364e-03,  1.16268470e-03,
        4.09052660e-04, -1.67589407e-03,  4.33187819e-04,  3.56795697e-03,
        2.70335002e-04,  1.52959472e-04, -3.83257395e-04,  2.72493030e-04,
        0.00000000e+00, -4.33187819e-04,  5.03116669e-04, -2.13216761e-04,
        0.00000000e+00, -1.52959472e-04, -2.57952648e-05,  1.88649663e-04,
        5.72918081e-04,  3.09607169e-04, -5.61818738e-04, -2.79878641e-04,
        4.72249378e-04, -1.08443185e-04,  4.73656847e-04,  4.48613302e-04,
       -2.68777033e-04,  2.05326797e-04, -3.14093229e-04, -2.73741610e-04,
        0.00000000e+00, -4.73656847e-04,  1.13205436e-04, -2.42624075e-05,
        0.00000000e+00, -2.05326797e-04, -1.58156149e-04,  7.25776257e-05,
       -9.37561331e-05,  2.98157064e-04, -3.65292619e-04,  3.78024240e-05,
       -2.49798423e-04, -2.31780583e-04, -2.87361002e-05,  3.16156826e-04,
       -1.33901763e-05, -1.99361437e-04,  2.15608194e-04, -2.49760230e-05,
        0.00000000e+00,  2.87361002e-05,  4.91357931e-05,  6.93438853e-05,
        0.00000000e+00,  1.99361437e-04,  3.41902293e-05, -4.14004578e-05,
       -2.76556513e-05, -1.14260716e-05, -2.42255840e-05,  4.23007106e-05,
       -9.16517786e-05, -1.83209983e-05,  8.57009698e-05, -2.45861754e-05,
        8.46095042e-06, -3.86240427e-05,  1.26525242e-04,  1.56387372e-05,
        0.00000000e+00, -8.57009698e-05,  4.88117594e-05, -2.31060097e-05,
        0.00000000e+00,  3.86240427e-05, -3.48734631e-05,  1.41083327e-05],      dtype=float64),
                   'Za_n': Array([-2.18883631e-05, -7.87757317e-05, -1.28267901e-04, -1.47456315e-04,
        5.38821456e-04,  5.34639246e-03,  7.83327869e-02,  9.62664476e-01],      dtype=float64),
                   'Zb_lmn': Array([ 0.00000000e+00,  0.00000000e+00,  0.00000000e+00,  0.00000000e+00,
        0.00000000e+00,  0.00000000e+00,  0.00000000e+00,  0.00000000e+00,
        0.00000000e+00,  0.00000000e+00,  0.00000000e+00,  0.00000000e+00,
        0.00000000e+00,  0.00000000e+00,  0.00000000e+00,  0.00000000e+00,
        0.00000000e+00,  0.00000000e+00,  0.00000000e+00,  0.00000000e+00,
        0.00000000e+00,  0.00000000e+00,  0.00000000e+00,  0.00000000e+00,
        0.00000000e+00,  0.00000000e+00,  0.00000000e+00,  0.00000000e+00,
        0.00000000e+00,  0.00000000e+00,  0.00000000e+00,  0.00000000e+00,
        0.00000000e+00,  0.00000000e+00,  0.00000000e+00,  0.00000000e+00,
        1.77451993e-03,  1.91023784e-03,  5.13425565e-04,  3.28830442e-03,
       -2.14765327e-02,  0.00000000e+00,  0.00000000e+00,  0.00000000e+00,
        0.00000000e+00,  2.33569497e-03, -1.53967344e-02,  1.41659907e-02,
        1.29293288e-02, -5.93040226e-02,  0.00000000e+00,  0.00000000e+00,
        0.00000000e+00,  0.00000000e+00,  5.39573533e-04,  2.12210984e-02,
        1.66706734e-02,  4.00005362e-02, -9.18701848e-02,  0.00000000e+00,
        0.00000000e+00,  0.00000000e+00,  0.00000000e+00,  1.18000102e+00,
       -3.80401299e-01,  4.23460217e-01,  2.82385725e-01, -8.15930106e-02,
        0.00000000e+00,  0.00000000e+00,  0.00000000e+00,  0.00000000e+00,
        0.00000000e+00,  0.00000000e+00,  0.00000000e+00,  0.00000000e+00,
        9.62444083e-04,  9.11227284e-02, -2.29945883e-01, -1.86710252e+00,
        0.00000000e+00,  0.00000000e+00,  0.00000000e+00,  0.00000000e+00,
        6.24597386e-02,  1.73654220e-01,  3.37904194e-01, -1.66278124e-02,
        0.00000000e+00,  0.00000000e+00,  0.00000000e+00,  0.00000000e+00,
       -1.57052996e-01,  8.38039061e-02,  4.66055288e-02,  3.32446308e-03,
        0.00000000e+00,  0.00000000e+00,  0.00000000e+00,  0.00000000e+00,
       -4.34710252e-02, -3.80642206e-03,  1.65158398e-02, -8.99329581e-04,
        0.00000000e+00,  0.00000000e+00,  0.00000000e+00,  0.00000000e+00,
       -2.00351506e-02,  5.35870851e-03, -4.01809986e-03,  3.48604443e-03,
        0.00000000e+00,  0.00000000e+00,  0.00000000e+00,  0.00000000e+00,
        0.00000000e+00,  0.00000000e+00,  0.00000000e+00,  0.00000000e+00,
        0.00000000e+00,  0.00000000e+00,  0.00000000e+00,  0.00000000e+00,
        0.00000000e+00,  0.00000000e+00,  0.00000000e+00,  0.00000000e+00,
        0.00000000e+00,  0.00000000e+00,  0.00000000e+00,  0.00000000e+00,
        0.00000000e+00,  0.00000000e+00,  0.00000000e+00,  0.00000000e+00,
        0.00000000e+00,  0.00000000e+00,  0.00000000e+00,  0.00000000e+00,
        0.00000000e+00,  0.00000000e+00,  0.00000000e+00,  0.00000000e+00],      dtype=float64),
                   'Zeff_l': Array([], shape=(0,), dtype=float64),
                   'a_lmn': Array([], shape=(0,), dtype=float64),
                   'c_l': Array([0., 0., 0., 0., 0.], dtype=float64),
                   'i_l': Array([], shape=(0,), dtype=float64),
                   'ne_l': Array([], shape=(0,), dtype=float64),
                   'ni_l': Array([], shape=(0,), dtype=float64),
                   'p_l': Array([0., 0., 0., 0., 0.], dtype=float64)}],
               [ { 'G': Array([], shape=(0,), dtype=float64),
                   'I': Array([], shape=(0,), dtype=float64),
                   'L_lmn': Array([ 9.92895314e-06,  5.57828431e-06,  2.90871982e-05,  2.49556597e-06,
       -2.24912250e-05,  5.65142427e-05,  2.63736247e-05, -1.25505184e-05,
       -7.07166824e-05, -1.44421073e-05, -1.27633792e-05,  3.36730640e-05,
        3.84156374e-05,  1.56908783e-05,  2.31677147e-05, -5.84279112e-05,
       -5.80572245e-05, -7.61937647e-06,  5.10177637e-05,  1.58616110e-05,
        1.52718933e-05,  4.51165438e-05, -2.65900345e-05, -1.88110245e-05,
       -4.13439037e-05, -2.30643653e-05,  1.10827682e-05, -3.50249939e-05,
       -1.20871585e-04,  1.53380133e-04,  1.42010472e-04, -6.51751492e-05,
        2.65499040e-05, -5.85215040e-05,  3.00192076e-05,  3.56985632e-05,
        1.29632096e-04,  5.77416305e-06,  3.89816692e-06, -2.54948837e-05,
       -7.60430069e-05,  1.35194979e-04,  3.16123903e-05, -3.35270491e-05,
        9.06435819e-05, -2.00948059e-05, -3.61784837e-05, -6.28077248e-06,
        9.25987348e-05, -5.92612870e-05,  4.64088419e-05, -4.27696864e-04,
        5.25773318e-04, -1.98452401e-04,  2.31635729e-04, -1.09161712e-04,
       -1.61556482e-04,  4.45501101e-04, -2.50727329e-04, -1.92255427e-05,
       -1.68790202e-05,  3.12449097e-04, -5.91453299e-06,  2.97961733e-05,
        2.45710418e-04, -1.83359995e-04, -4.53332253e-05, -1.63157339e-04,
        6.82684170e-06,  1.63568151e-04, -9.49675586e-05,  1.82337147e-04,
        3.91236612e-05, -7.10498983e-05, -1.10396162e-04,  1.61530689e-03,
        2.09102899e-03, -2.81179908e-03, -2.88637386e-04, -4.42694519e-04,
        2.20737844e-03,  6.00300580e-04, -8.30702107e-04, -4.61669142e-04,
       -3.70562471e-04, -1.19264606e-03,  7.49523288e-04,  9.42980556e-05,
       -4.96037415e-04,  1.82830896e-04, -6.86333233e-05, -4.21710439e-04,
        1.54222459e-04,  3.38062279e-05,  3.19897178e-04,  1.51444783e-04,
       -1.44889184e-04, -1.61857517e-04, -3.87004542e-05, -1.48135732e-04,
       -7.99588795e-04, -1.17526524e-03,  2.37704287e-04, -8.08392292e-04,
       -2.35855850e-03,  7.40783840e-04,  2.23714936e-03,  7.59742755e-04,
        1.22227108e-03,  9.74292629e-04,  6.77702473e-05,  2.64255454e-03,
       -7.85348728e-04, -9.85104934e-04,  1.05596983e-03, -8.12329739e-05,
        2.85352481e-04, -3.34331589e-04,  4.35256211e-05,  4.05389775e-04,
        1.77010044e-04, -2.83877358e-04,  2.52911959e-04,  1.38397828e-05,
        5.41394939e-05,  9.23880660e-03,  4.77794415e-03, -2.11888531e-02,
       -1.27650675e-02,  7.48361779e-03,  8.79588908e-03,  2.24095906e-03,
       -2.74854123e-03,  9.58254307e-03, -4.19012588e-03, -1.09721866e-04,
        2.13363249e-03,  1.43050471e-03,  3.11155867e-03,  2.08068603e-03,
        5.91507006e-04,  1.92972382e-04,  1.09776417e-04, -2.06601250e-04,
        5.25082566e-04, -7.18186264e-04, -6.11936755e-04, -2.95401693e-04,
        5.62791677e-05,  4.00863007e-05, -2.74988024e-02,  1.34124295e-02,
        5.96814329e-02, -5.21083141e-02, -2.14524191e-02,  3.19577656e-02,
       -8.48724838e-03,  1.84540226e-02, -1.54503782e-03,  1.11322489e-02,
       -5.98821716e-03, -6.94060226e-03, -5.41510479e-04, -4.08872030e-03,
        2.82782640e-03,  2.57196888e-03, -1.43677905e-03,  1.20341998e-03,
       -8.64608234e-04,  6.86028814e-05, -2.78435237e-04,  9.78083213e-04,
        2.65838259e-04,  6.50414340e-05,  7.81682528e-05,  1.35728285e-01,
       -1.83309047e-01, -6.68317050e-02, -3.11166814e-01, -1.13952070e-01,
        5.21497928e-02,  6.59347302e-04,  3.11491552e-02,  3.21185897e-04,
       -5.30771847e-03, -1.80074077e-02, -1.10600432e-02, -2.10974890e-03,
       -1.06106339e-02, -4.23298615e-04, -1.84572589e-03,  3.04113998e-03,
        3.03836478e-03,  2.02309429e-03, -4.33058729e-04,  1.77551609e-03,
        1.20127535e-03,  2.37875559e-04, -2.47824292e-04, -2.70343666e-04,
        4.38549288e-01, -9.46291252e-02, -3.38207822e-02, -5.15134250e-03,
       -4.29276928e-03,  5.83775304e-03,  5.29778820e-03,  2.51726884e-03,
        2.29624366e-02, -1.88807908e-03, -1.00414087e-03, -2.71226365e-03,
        4.10588959e-04,  8.81193638e-04, -1.01205132e-03, -3.53833588e-03,
       -1.98318918e-04,  1.62286840e-04,  1.86527214e-04,  2.99018704e-04,
       -3.52899807e-01, -1.81581660e-01, -4.68689613e-03, -1.98078704e-02,
        3.48567056e-03,  8.09112715e-03, -6.47790955e-03, -7.93563897e-03,
        6.51958753e-03,  7.23526438e-04, -2.47985207e-03, -1.96028562e-03,
       -8.49616836e-04, -1.22138860e-04, -1.06098470e-04, -3.05087789e-04,
        7.56957757e-05, -8.37698326e-05,  2.23141434e-04, -2.62462902e-04,
       -1.36846975e-02, -7.53524211e-02,  7.23494700e-02,  2.15291606e-02,
        4.57614274e-03,  1.16725361e-02, -9.60820329e-03, -1.35984911e-02,
       -3.01374322e-03,  1.45882628e-04,  3.76016254e-03, -1.09778928e-03,
        2.21173809e-04, -2.82447360e-04,  1.51363408e-03,  2.38919106e-03,
       -4.23372693e-06,  3.96829243e-06, -4.62741969e-04, -1.90272905e-04,
       -7.18576330e-03, -7.25998433e-03,  9.28786591e-03,  8.00149518e-03,
        8.42716815e-03,  1.49009851e-03,  1.21435991e-03,  1.39543895e-03,
       -1.91162410e-03,  1.01326172e-03,  2.76510435e-03,  6.54087114e-04,
       -1.87436047e-05, -1.49536894e-03,  3.36841810e-04,  9.80994621e-05,
        4.74512428e-04, -4.51324558e-04, -2.51444830e-04, -1.09418379e-04,
       -6.48965604e-04, -2.54419643e-03,  2.61142871e-05,  4.47177225e-04,
        3.89731800e-04,  1.64802933e-03,  3.20071622e-03, -1.24184874e-03,
        5.68907378e-04, -3.49817991e-04,  1.76453749e-04, -1.14054799e-03,
        8.31274243e-04,  3.38325035e-04,  7.07805781e-04, -3.71237293e-04,
       -3.33871657e-04,  2.65340077e-04,  8.11928398e-05,  4.70086739e-04,
        1.56241596e-03,  2.60838662e-03,  1.17965552e-03, -2.31144787e-05,
       -2.38902849e-04, -3.20818516e-03,  7.08143625e-04, -5.66410491e-04,
       -6.53203161e-04,  2.44009401e-05,  4.49002754e-04,  3.55128867e-04,
        1.46876540e-04, -1.01572276e-04, -6.83452919e-04, -1.81406317e-04,
       -3.46198044e-05, -4.07633915e-05,  2.62782151e-04, -1.52452711e-04,
        2.60354686e-04, -2.75671179e-04,  1.04458136e-04, -2.29000442e-04,
       -1.57275616e-04,  2.04709772e-04,  1.67528845e-04, -9.16181743e-05,
        2.58835046e-04, -1.71445145e-04,  8.06495319e-05, -2.20132921e-04,
        2.24500818e-04,  7.84391304e-05,  9.62196492e-05,  2.24879076e-04,
       -1.14954911e-04, -8.87893574e-05, -1.60891956e-04, -1.98716126e-04,
       -1.80667419e-05, -2.64374448e-04,  1.61816853e-04,  6.21956126e-05,
       -9.21386893e-05,  1.41941657e-04,  2.70613308e-04,  6.65184050e-05,
       -1.10989320e-05, -1.20372266e-04, -5.09519620e-05,  3.83963621e-05,
        8.25522389e-05, -1.11708992e-04, -1.68802592e-04, -9.77333727e-05,
       -5.93955337e-05,  7.51390563e-05,  3.66180558e-05,  9.55257427e-05,
        1.71357772e-06,  9.41164901e-06,  2.89574268e-05,  2.50403899e-05,
       -4.29089770e-05, -5.53890171e-06, -1.60197289e-05, -4.49278232e-05,
       -6.51063643e-05, -4.70115366e-05,  3.65593673e-05, -1.18871350e-05,
        3.39798590e-05,  3.52971445e-05,  7.17511503e-05,  1.23754502e-05,
       -4.36708794e-05, -1.30106172e-05, -1.64273173e-05,  1.27172158e-05],      dtype=float64),
                   'Phi_mn': Array([], shape=(0,), dtype=float64),
                   'Psi': Array([50.], dtype=float64),
                   'R_lmn': Array([ 2.16859809e-06, -2.85125215e-05, -5.74892826e-05,  8.11486665e-06,
       -2.43631551e-05,  4.71484865e-06,  2.94457485e-05,  6.68416760e-05,
       -9.38547626e-06,  3.45557548e-05,  3.46894525e-05,  1.33574712e-05,
        0.00000000e+00, -2.94457485e-05, -9.35239344e-06, -8.97988476e-07,
        0.00000000e+00, -3.45557548e-05, -1.03262974e-05,  1.04402017e-05,
        5.40760909e-05,  5.64464752e-05,  4.27478823e-05, -1.44008916e-04,
        1.00943207e-04,  7.35340778e-06, -9.41716099e-05, -7.07959758e-05,
        9.22552675e-05, -4.97536477e-05, -1.06271224e-04, -1.72530392e-05,
        0.00000000e+00,  9.41716099e-05,  2.80480936e-05, -2.32244258e-06,
        0.00000000e+00,  4.97536477e-05,  5.32801645e-06, -4.65468438e-05,
       -5.05660850e-05,  5.18218423e-04,  7.80430837e-04, -5.27688710e-05,
       -6.81705624e-05, -6.65873014e-04,  3.10684531e-04, -7.19506265e-04,
        9.62435840e-05, -3.12892834e-05,  1.14305673e-04,  1.34301299e-04,
        0.00000000e+00, -3.10684531e-04, -6.09245721e-05,  7.09137203e-06,
        0.00000000e+00,  3.12892834e-05, -4.61351110e-05,  1.33532920e-05,
       -8.59618103e-04, -1.18556114e-03,  1.07080426e-05,  1.74209164e-03,
       -9.89317528e-04,  1.74823825e-03, -8.66723991e-05, -2.53212309e-04,
       -7.24169319e-04,  1.96468080e-05,  1.01333077e-03, -5.09472133e-04,
        0.00000000e+00,  8.66723991e-05,  2.42504266e-04, -1.58304219e-04,
        0.00000000e+00, -1.96468080e-05, -2.40132409e-05, -5.32049805e-05,
       -5.48084968e-03,  1.57139363e-03, -2.73498217e-03,  6.61789467e-04,
        9.57295608e-03,  2.18901430e-04, -7.06996613e-05,  7.02523411e-04,
       -1.98203879e-03,  3.78098089e-04,  8.57059605e-04, -1.72424084e-04,
        0.00000000e+00,  7.06996613e-05,  9.10088091e-04,  2.38458871e-04,
        0.00000000e+00, -3.78098089e-04, -2.36180619e-05,  2.29106578e-04,
       -1.65053690e-04, -2.56700055e-02,  1.82567572e-02,  2.24705476e-02,
        5.64409125e-03, -6.51652378e-04, -8.56870052e-04,  8.70255500e-03,
       -2.98648349e-03,  2.41528266e-04, -1.13419962e-03,  9.56648590e-04,
        0.00000000e+00,  8.56870052e-04, -5.22201821e-05,  1.37301055e-04,
        0.00000000e+00, -2.41528266e-04,  1.04671101e-05,  1.72467700e-04,
        4.90537315e-03, -6.46596283e-02,  2.54840065e-02, -9.33014100e-02,
       -5.78145782e-02, -6.96114589e-04, -7.32884587e-04, -1.62304061e-02,
        1.41923768e-02, -4.96025979e-04,  1.36438540e-03, -2.77714413e-03,
        0.00000000e+00,  7.32884587e-04,  2.87633939e-04, -2.92171558e-04,
        0.00000000e+00,  4.96025979e-04, -1.22547042e-04,  3.71712235e-04,
        5.41820615e-01,  1.41752240e-02,  2.13950182e-01, -5.00929351e-02,
       -7.99906492e-03,  8.18527035e-02,  1.64791854e-03, -2.07967935e-02,
       -5.78856750e-03, -2.92515598e-05, -8.68688014e-04, -1.18918905e-03,
        0.00000000e+00, -1.64791854e-03, -1.78321646e-03,  6.19715662e-05,
        0.00000000e+00,  2.92515598e-05,  3.49586219e-04, -2.17459058e-04,
        7.95129156e+00,  1.78516368e+00,  1.00989965e-02,  6.36888715e-02,
       -5.71934271e-02,  4.23322328e-02,  3.94399536e-02, -4.58042995e-02,
       -6.93727180e-02, -5.79198662e-03, -2.48496601e-03, -1.96214900e-03,
       -8.58804102e-04,  2.45254415e-03, -2.90678899e-03,  3.60007877e-04,
       -7.25636032e-04, -7.77128998e-04,  1.96214900e-03,  0.00000000e+00,
        2.82920145e-05,  8.63144212e-07,  4.23856346e-04, -3.60007877e-04,
        0.00000000e+00,  3.95358074e-01,  5.40169981e-03,  1.64860492e-01,
       -2.67879343e-01,  8.81444375e-03, -1.70576220e-01, -2.52689487e-03,
        1.52162665e-02,  3.04086937e-02,  3.14816319e-03,  1.09409702e-02,
        5.25883434e-04, -6.78393796e-05, -2.69968402e-03,  3.98285473e-03,
       -2.35103641e-04,  8.62353630e-05,  8.89682314e-04, -5.25883434e-04,
        0.00000000e+00,  1.41318830e-04,  2.34906421e-04, -4.16956863e-04,
        2.35103641e-04,  0.00000000e+00,  8.88525173e-03, -6.15840151e-02,
        1.82464680e-02,  7.50611079e-02,  5.07685622e-02, -4.48202555e-02,
       -1.03358871e-02,  7.78914729e-03,  7.65383708e-02,  5.26863687e-03,
        1.54177381e-02,  1.52254433e-03,  5.16657739e-04,  2.79215731e-03,
       -3.23754393e-03,  2.02029034e-04,  9.83496465e-04,  3.50287478e-04,
       -1.52254433e-03,  0.00000000e+00,  1.03880326e-04,  8.01701670e-05,
       -2.31763166e-04, -2.02029034e-04,  0.00000000e+00, -6.75569413e-03,
        1.40146691e-02, -1.44857961e-02,  1.23478792e-03,  2.60750286e-03,
       -1.01989398e-02,  1.25708152e-03,  5.14819131e-03,  4.61518519e-03,
       -7.20915968e-03, -6.08492845e-03,  7.38915521e-04,  1.68223473e-03,
       -8.40774153e-04,  1.72544313e-03,  2.60857655e-04,  7.66585987e-05,
        1.17635300e-04, -7.38915521e-04,  0.00000000e+00, -9.96546252e-05,
       -4.21668344e-04, -8.77535773e-05, -2.60857655e-04,  0.00000000e+00,
        7.05246712e-04, -5.83731249e-03,  1.16826512e-03,  5.68324494e-03,
       -1.29455807e-05, -1.14515453e-03,  2.69756902e-05,  1.84236706e-04,
       -9.55873357e-03,  1.49616419e-03,  3.36418486e-04, -4.27361148e-05,
       -1.01266667e-03, -4.22501877e-05, -1.19787903e-03, -1.50139258e-04,
        1.69129737e-04, -2.98041130e-04,  4.27361148e-05,  0.00000000e+00,
        1.12169854e-05,  1.25293651e-05,  1.59118994e-04,  1.50139258e-04,
        0.00000000e+00,  7.03053785e-05, -2.01681023e-03, -7.31231790e-04,
        8.63822839e-04,  2.00235246e-03,  1.84558121e-03,  2.13718191e-04,
       -1.02638276e-03,  6.67755534e-04,  2.55323962e-04, -1.66524928e-03,
        8.46486330e-05,  5.03485898e-04,  1.45716420e-04, -7.63065629e-04,
       -9.80399293e-05, -2.40866188e-04, -1.80331926e-04, -8.46486330e-05,
        0.00000000e+00, -5.62776779e-05,  1.68435012e-05,  9.53100956e-05,
        9.80399293e-05,  0.00000000e+00, -3.89825094e-05, -3.01836944e-04,
        2.00045936e-04, -8.80953263e-05,  2.09768722e-04, -7.41688530e-04,
        1.90853599e-05, -2.17870013e-04,  9.94391097e-05, -2.67109052e-05,
        6.21959183e-04, -2.72900706e-04, -1.61552697e-04,  2.86948162e-04,
       -5.32034561e-05, -1.16157210e-05,  1.18779127e-04,  1.19729347e-04,
        2.72900706e-04,  0.00000000e+00, -1.85960894e-05,  1.90171775e-05,
       -4.62356535e-05,  1.16157210e-05,  0.00000000e+00,  1.46833978e-05,
        2.80126716e-04, -6.33160579e-05, -8.61008077e-05, -5.69268452e-05,
       -4.41317702e-05,  2.57329850e-05,  1.55668176e-05, -1.37088735e-04,
       -2.18621779e-04,  9.92245033e-05,  1.01645099e-04,  1.72205687e-05,
        6.13805758e-05,  1.50503650e-04,  1.20999192e-04, -4.57809084e-06,
       -5.50927331e-05, -1.01645099e-04,  0.00000000e+00,  5.67910645e-06,
        9.15341424e-06, -1.34149154e-05, -1.20999192e-04,  0.00000000e+00,
        1.05576725e-05, -1.22127273e-05, -6.05028412e-06,  6.88402985e-05,
       -2.61826490e-05,  1.68238541e-05, -1.90735499e-05, -2.01989677e-05,
        5.02044837e-05,  5.76038226e-05, -3.28042362e-05, -2.68492338e-05,
        1.29820477e-05, -6.11615930e-05, -5.67286584e-05, -3.51202679e-05,
       -1.92084464e-05,  1.59803821e-05,  2.68492338e-05,  0.00000000e+00,
        1.58411380e-06,  1.25202622e-05,  6.52417472e-06,  3.51202679e-05,
        0.00000000e+00], dtype=float64),
                   'Ra_n': Array([ 7.98151962e+00,  2.28179845e-01, -2.01098808e-02,  7.20529413e-03,
        5.87840940e-04,  4.55491782e-04, -7.69864777e-05,  9.21909784e-05,
       -1.38635272e-05], dtype=float64),
                   'Rb_lmn': Array([ 0.00000000e+00,  0.00000000e+00,  0.00000000e+00,  0.00000000e+00,
        0.00000000e+00,  0.00000000e+00,  0.00000000e+00,  0.00000000e+00,
        0.00000000e+00,  0.00000000e+00,  0.00000000e+00,  0.00000000e+00,
        0.00000000e+00,  0.00000000e+00,  0.00000000e+00,  0.00000000e+00,
        0.00000000e+00,  0.00000000e+00,  0.00000000e+00,  0.00000000e+00,
        0.00000000e+00,  0.00000000e+00,  0.00000000e+00,  0.00000000e+00,
        0.00000000e+00,  0.00000000e+00,  0.00000000e+00,  0.00000000e+00,
        0.00000000e+00,  0.00000000e+00,  0.00000000e+00,  0.00000000e+00,
        0.00000000e+00,  0.00000000e+00,  0.00000000e+00,  0.00000000e+00,
        1.04063976e-02, -1.12237067e-03,  1.84697756e-03, -6.56264013e-03,
        0.00000000e+00,  0.00000000e+00,  0.00000000e+00,  0.00000000e+00,
        4.52035874e-03,  2.69070920e-02, -2.51925416e-02,  1.94563115e-02,
        0.00000000e+00,  0.00000000e+00,  0.00000000e+00,  0.00000000e+00,
       -5.65727398e-02,  9.54123432e-03, -6.77611748e-02, -7.44958316e-02,
        0.00000000e+00,  0.00000000e+00,  0.00000000e+00,  0.00000000e+00,
       -8.51816671e-03,  1.91370172e-01,  9.46212794e-02,  4.86001084e-01,
        8.00000000e+00,  1.72145263e+00,  2.03379793e-02,  3.90701378e-02,
       -7.18556507e-02,  0.00000000e+00,  0.00000000e+00,  0.00000000e+00,
        0.00000000e+00,  5.57765151e-01,  1.74505421e-02, -2.55127854e-01,
       -1.58745568e-01,  3.39745916e-02,  0.00000000e+00,  0.00000000e+00,
        0.00000000e+00,  0.00000000e+00,  1.74163706e-02, -4.56331951e-03,
        8.57225827e-02, -2.90522299e-02,  7.30690637e-02,  0.00000000e+00,
        0.00000000e+00,  0.00000000e+00,  0.00000000e+00, -1.84018286e-02,
        9.48967090e-03,  5.12053673e-03, -1.61662329e-02,  6.25287475e-03,
        0.00000000e+00,  0.00000000e+00,  0.00000000e+00,  0.00000000e+00,
        8.99037835e-04, -4.18496414e-03,  5.83776083e-03, -1.10677718e-03,
       -1.05974936e-02,  0.00000000e+00,  0.00000000e+00,  0.00000000e+00,
        0.00000000e+00,  0.00000000e+00,  0.00000000e+00,  0.00000000e+00,
        0.00000000e+00,  0.00000000e+00,  0.00000000e+00,  0.00000000e+00,
        0.00000000e+00,  0.00000000e+00,  0.00000000e+00,  0.00000000e+00,
        0.00000000e+00,  0.00000000e+00,  0.00000000e+00,  0.00000000e+00,
        0.00000000e+00,  0.00000000e+00,  0.00000000e+00,  0.00000000e+00,
        0.00000000e+00,  0.00000000e+00,  0.00000000e+00,  0.00000000e+00,
        0.00000000e+00,  0.00000000e+00,  0.00000000e+00,  0.00000000e+00,
        0.00000000e+00,  0.00000000e+00,  0.00000000e+00,  0.00000000e+00,
        0.00000000e+00,  0.00000000e+00,  0.00000000e+00,  0.00000000e+00,
        0.00000000e+00], dtype=float64),
                   'Te_l': Array([], shape=(0,), dtype=float64),
                   'Ti_l': Array([], shape=(0,), dtype=float64),
                   'Z_lmn': Array([-1.41380288e-05, -3.13444673e-06,  2.39005990e-05, -7.73895025e-06,
       -3.47883565e-05,  5.87359330e-05,  1.44708271e-05,  5.43400093e-06,
       -1.75330355e-05,  7.17895814e-06, -4.32039663e-05, -2.02388237e-05,
       -1.34141101e-05,  5.45519915e-06,  2.32141648e-05,  2.92921662e-05,
        3.07438451e-05, -1.55319667e-05,  2.02388237e-05,  0.00000000e+00,
       -1.08192873e-05, -3.15024983e-06, -5.68112929e-06, -2.92921662e-05,
        0.00000000e+00,  2.99220567e-05, -4.98214933e-05, -5.23534847e-05,
        2.64242435e-04,  1.32671122e-04, -2.02828445e-05, -4.77493042e-05,
       -1.82862995e-04, -6.35980032e-05, -3.02688358e-05, -1.32177200e-04,
        3.15640631e-05,  6.25760946e-05, -5.93352461e-05,  5.04399594e-05,
       -8.42986830e-05, -5.25807925e-05,  1.52460045e-04, -3.15640631e-05,
        0.00000000e+00,  7.60463767e-06, -2.20441944e-05,  1.31580438e-05,
        8.42986830e-05,  0.00000000e+00, -1.16868951e-05,  5.62578331e-04,
        1.61371994e-04,  2.39308636e-05, -8.34853410e-04, -3.69719719e-04,
       -7.79035236e-05, -2.14991448e-04,  6.94135834e-04,  2.45373724e-04,
        2.91938002e-04,  3.55811557e-04, -1.29749882e-04,  1.32930532e-04,
       -6.49572568e-04,  1.50933482e-04,  2.69013551e-05,  7.77817169e-05,
       -3.55811557e-04,  0.00000000e+00,  5.79683065e-05,  5.81300526e-05,
       -4.45632663e-05, -1.50933482e-04,  0.00000000e+00, -4.17503310e-04,
       -3.79865440e-03, -2.15366933e-04, -8.31225876e-04,  3.73873881e-03,
       -1.18880687e-03,  5.15613804e-04,  3.38825917e-04, -1.41454843e-03,
       -1.69553780e-04,  6.84182977e-04,  3.68184189e-04,  1.33464103e-04,
        3.54845914e-04,  1.49279765e-03,  9.31363669e-05,  2.29469374e-04,
        5.04623895e-04, -3.68184189e-04,  0.00000000e+00, -1.62076645e-05,
        1.37554045e-04, -7.82492215e-05, -9.31363669e-05,  0.00000000e+00,
       -2.36676150e-03,  6.99409321e-03,  1.35680459e-04,  3.45341634e-04,
        1.62917596e-03,  4.55763036e-03,  1.11734776e-03, -1.60913195e-03,
       -1.41290024e-02, -2.44018055e-03,  1.00350099e-03, -5.97841090e-04,
       -6.01407201e-06,  5.65293229e-05, -2.86293463e-03,  5.67402548e-04,
        9.83487591e-05, -9.73465817e-05,  5.97841090e-04,  0.00000000e+00,
       -1.88899022e-04,  2.07099624e-04,  1.14232706e-04, -5.67402548e-04,
        0.00000000e+00,  5.84434070e-03, -2.77366550e-02,  1.43191291e-04,
        2.28856052e-02,  1.78392616e-02,  8.76929519e-04, -4.57561850e-03,
       -6.61363310e-04, -3.80743395e-02, -1.85918732e-03, -2.04093772e-04,
       -1.45957980e-03,  1.75480952e-03, -3.17756863e-03,  1.11374246e-03,
       -1.55948638e-04, -1.09142623e-03,  3.95201754e-04,  1.45957980e-03,
        0.00000000e+00,  7.36540059e-06,  1.68696691e-04, -2.44324183e-04,
        1.55948638e-04,  0.00000000e+00, -9.03761139e-03,  8.27719937e-02,
       -3.36418764e-02,  2.39009367e-02, -3.25475710e-02,  5.08684174e-02,
        1.71264309e-02,  8.88775262e-04, -7.42977766e-02,  5.65398131e-03,
       -2.48478575e-02,  1.90037338e-04, -4.67808760e-03, -4.85047005e-04,
       -2.41501796e-03, -8.14236052e-04, -6.18819170e-04, -6.95783779e-04,
       -1.90037338e-04,  0.00000000e+00,  2.43247603e-04, -7.78783299e-04,
        4.13221131e-04,  8.14236052e-04,  0.00000000e+00,  9.97383532e-01,
       -5.35033848e-01,  1.05039812e-01,  3.30982139e-01,  1.66476967e-01,
        3.25528944e-01,  4.76037215e-02,  8.70598483e-02, -6.30891363e-02,
       -7.09617941e-03, -2.42995871e-02, -2.46685546e-04, -1.18016120e-03,
       -4.22569788e-04,  1.83228005e-03, -8.33805031e-05,  3.34855110e-04,
       -1.87685349e-03,  2.46685546e-04,  0.00000000e+00,  4.63192642e-05,
       -4.86717602e-04,  8.75547784e-05,  8.33805031e-05,  0.00000000e+00,
       -1.87926226e+00, -3.36468291e-01,  8.58880738e-02,  5.93251294e-03,
        1.89026047e-02,  8.47001373e-02,  6.96805205e-04,  4.64138899e-03,
       -5.10141013e-03,  1.02385592e-04,  3.94143392e-03, -1.55861078e-03,
        0.00000000e+00, -6.96805205e-04,  1.42283677e-04,  5.36736543e-04,
        0.00000000e+00, -1.02385592e-04,  2.14404648e-05,  8.56454673e-05,
       -4.23472431e-02,  3.48260557e-01,  1.52421658e-01,  1.49502157e-02,
        6.46602132e-02,  1.94978961e-02,  3.19647843e-03, -1.22747251e-02,
        1.33537607e-02, -2.41553925e-04,  2.39354301e-03, -5.93733913e-03,
        0.00000000e+00, -3.19647843e-03,  1.32216142e-03, -1.19792500e-03,
        0.00000000e+00,  2.41553925e-04, -6.10814878e-04,  7.25819753e-05,
       -1.10452521e-02,  7.46842992e-02,  8.06414301e-02,  1.74333519e-02,
       -1.24136812e-01, -2.60774318e-02, -3.01101241e-03, -8.69164124e-03,
       -2.89440610e-03, -4.80425888e-06, -5.16156531e-04,  2.53726092e-03,
        0.00000000e+00,  3.01101241e-03, -7.66989116e-04, -8.40506137e-04,
        0.00000000e+00,  4.80425888e-06,  4.35268837e-04, -7.79636673e-05,
        4.14920992e-03,  1.31515871e-02, -2.99783848e-03, -4.49805687e-03,
       -3.26428721e-02, -1.30610724e-03, -1.08096226e-03, -5.03347311e-03,
       -1.51279915e-03, -3.91247560e-04, -1.07604617e-03,  1.97442945e-03,
        0.00000000e+00,  1.08096226e-03, -4.36168436e-04, -3.88069748e-04,
        0.00000000e+00,  3.91247560e-04,  2.28774928e-04, -1.05534486e-04,
       -1.37659767e-03, -2.21448144e-04,  8.97236589e-04,  5.81769475e-03,
       -8.15041932e-03, -3.78608588e-03, -6.40652850e-04,  1.65597898e-04,
       -6.79701177e-04,  1.33697240e-04, -5.76148674e-04, -1.26112411e-03,
        0.00000000e+00,  6.40652850e-04,  4.80881353e-04,  7.87067516e-04,
        0.00000000e+00, -1.33697240e-04,  6.80484945e-06, -8.35606258e-06,
       -1.15490204e-03, -6.98716931e-04, -3.76243562e-03,  3.17153891e-04,
       -4.42542915e-04, -9.72263137e-06,  1.71144135e-04,  3.34027329e-03,
        9.78432410e-04,  1.55335525e-04,  4.54071328e-04,  4.94461258e-04,
        0.00000000e+00, -1.71144135e-04,  4.22162324e-04, -1.40684261e-04,
        0.00000000e+00, -1.55335525e-04, -1.15284127e-05,  2.13978304e-04,
       -3.50011965e-04, -2.75592217e-04, -3.62457967e-04,  4.23927272e-04,
        3.66489334e-04,  1.16230295e-04,  2.48057541e-04,  2.07247951e-04,
       -1.65660535e-04,  2.26107432e-04, -3.12116118e-04,  8.87404415e-05,
        0.00000000e+00, -2.48057541e-04,  1.55210016e-04,  9.17452281e-05,
        0.00000000e+00, -2.26107432e-04, -5.43732167e-05,  7.06214803e-05,
        3.05732999e-06,  7.74929445e-05,  1.42303751e-04, -1.30311607e-04,
       -3.95375916e-05, -3.41436826e-05, -3.53408186e-05, -2.40566231e-04,
        8.67023495e-05, -1.19913121e-04, -3.13056447e-05,  1.80537929e-05,
        0.00000000e+00,  3.53408186e-05,  9.82624797e-05,  4.05519276e-05,
        0.00000000e+00,  1.19913121e-04,  7.08432363e-05, -6.14030547e-05,
       -5.87822938e-05,  2.14295798e-05,  3.53687494e-05,  6.78422621e-05,
       -6.28457270e-06, -1.06358820e-05,  9.72723432e-06, -4.48985412e-05,
        7.31352362e-06, -4.75281400e-06,  3.59620766e-05, -2.15223675e-05,
        0.00000000e+00, -9.72723432e-06,  9.52979175e-06, -1.63734920e-05,
        0.00000000e+00,  4.75281400e-06, -2.96775039e-05,  1.07286697e-05],      dtype=float64),
                   'Za_n': Array([-2.09729778e-05, -2.04452198e-05, -6.32442244e-05,  1.63805659e-04,
       -1.56797915e-03, -6.21913206e-04,  4.66520312e-02,  9.41173922e-01],      dtype=float64),
                   'Zb_lmn': Array([ 0.00000000e+00,  0.00000000e+00,  0.00000000e+00,  0.00000000e+00,
        0.00000000e+00,  0.00000000e+00,  0.00000000e+00,  0.00000000e+00,
        0.00000000e+00,  0.00000000e+00,  0.00000000e+00,  0.00000000e+00,
        0.00000000e+00,  0.00000000e+00,  0.00000000e+00,  0.00000000e+00,
        0.00000000e+00,  0.00000000e+00,  0.00000000e+00,  0.00000000e+00,
        0.00000000e+00,  0.00000000e+00,  0.00000000e+00,  0.00000000e+00,
        0.00000000e+00,  0.00000000e+00,  0.00000000e+00,  0.00000000e+00,
        0.00000000e+00,  0.00000000e+00,  0.00000000e+00,  0.00000000e+00,
        0.00000000e+00,  0.00000000e+00,  0.00000000e+00,  0.00000000e+00,
       -1.30864637e-03,  6.28143738e-03, -1.00016137e-03,  5.46378476e-03,
       -1.68777043e-02,  0.00000000e+00,  0.00000000e+00,  0.00000000e+00,
        0.00000000e+00,  3.17408841e-03, -1.28480069e-02,  1.92153699e-02,
        1.06803750e-03, -3.72049212e-02,  0.00000000e+00,  0.00000000e+00,
        0.00000000e+00,  0.00000000e+00, -2.99878969e-02,  5.52595848e-02,
        2.35258816e-02,  2.53247761e-02, -7.62995734e-02,  0.00000000e+00,
        0.00000000e+00,  0.00000000e+00,  0.00000000e+00,  1.14889322e+00,
       -3.75318206e-01,  4.17132700e-01,  2.99352503e-01, -6.11693015e-02,
        0.00000000e+00,  0.00000000e+00,  0.00000000e+00,  0.00000000e+00,
        0.00000000e+00,  0.00000000e+00,  0.00000000e+00,  0.00000000e+00,
        2.28654791e-02,  9.06717465e-02, -2.53241119e-01, -1.87789442e+00,
        0.00000000e+00,  0.00000000e+00,  0.00000000e+00,  0.00000000e+00,
        6.64429414e-02,  1.41469095e-01,  3.61893696e-01, -1.52411916e-02,
        0.00000000e+00,  0.00000000e+00,  0.00000000e+00,  0.00000000e+00,
       -1.24217700e-01,  7.11827998e-02,  5.10661646e-02,  2.65318753e-03,
        0.00000000e+00,  0.00000000e+00,  0.00000000e+00,  0.00000000e+00,
       -3.34901433e-02, -8.46748002e-03,  1.37143748e-02, -2.24971585e-03,
        0.00000000e+00,  0.00000000e+00,  0.00000000e+00,  0.00000000e+00,
       -8.71976314e-03,  1.54371584e-03, -5.27701419e-03,  4.54846342e-03,
        0.00000000e+00,  0.00000000e+00,  0.00000000e+00,  0.00000000e+00,
        0.00000000e+00,  0.00000000e+00,  0.00000000e+00,  0.00000000e+00,
        0.00000000e+00,  0.00000000e+00,  0.00000000e+00,  0.00000000e+00,
        0.00000000e+00,  0.00000000e+00,  0.00000000e+00,  0.00000000e+00,
        0.00000000e+00,  0.00000000e+00,  0.00000000e+00,  0.00000000e+00,
        0.00000000e+00,  0.00000000e+00,  0.00000000e+00,  0.00000000e+00,
        0.00000000e+00,  0.00000000e+00,  0.00000000e+00,  0.00000000e+00,
        0.00000000e+00,  0.00000000e+00,  0.00000000e+00,  0.00000000e+00],      dtype=float64),
                   'Zeff_l': Array([], shape=(0,), dtype=float64),
                   'a_lmn': Array([], shape=(0,), dtype=float64),
                   'c_l': Array([0., 0., 0., 0., 0.], dtype=float64),
                   'i_l': Array([], shape=(0,), dtype=float64),
                   'ne_l': Array([], shape=(0,), dtype=float64),
                   'ni_l': Array([], shape=(0,), dtype=float64),
                   'p_l': Array([0., 0., 0., 0., 0.], dtype=float64)}],
               [ { 'G': Array([], shape=(0,), dtype=float64),
                   'I': Array([], shape=(0,), dtype=float64),
                   'L_lmn': Array([ 7.83480220e-06,  1.77676740e-06, -7.45975457e-06,  1.60557391e-05,
       -3.57344713e-06,  6.80223444e-05,  4.35740006e-05, -2.45077490e-05,
       -4.96145972e-05, -3.06374182e-05, -1.35323713e-06,  1.64456404e-05,
       -3.14297827e-06,  7.20458746e-06,  2.80144576e-06, -3.80387495e-05,
       -3.71669474e-05, -4.05481781e-05,  2.75178171e-05,  1.43813791e-05,
        1.41557036e-05, -4.14483872e-06, -4.92133501e-05, -1.18955440e-05,
       -7.32644491e-06, -7.89706017e-05, -2.19770472e-04, -3.69759361e-05,
       -2.42221171e-04,  2.63532965e-04, -1.50289510e-04,  1.07026489e-04,
        3.69429176e-04,  2.01498157e-05,  9.27702739e-05,  2.02798540e-04,
        5.53241655e-05, -6.80095781e-05, -8.50372728e-05, -2.65571708e-05,
        9.75883888e-08,  2.84006146e-05, -2.72077355e-05, -4.74623098e-05,
       -2.95459784e-05, -4.74545830e-05, -6.09813837e-05,  4.76186472e-05,
        3.17730652e-05, -1.39597617e-05,  3.40451648e-04, -5.18561718e-05,
       -2.60913817e-05,  8.42791324e-05,  1.40717291e-04,  1.10918308e-04,
        7.25509435e-05,  2.97128747e-04, -1.83227399e-04, -3.57059353e-04,
       -2.20132650e-04,  1.50083697e-04, -6.74186325e-06, -1.55185877e-04,
        2.07889387e-04, -5.96966353e-07, -7.02260587e-05, -1.50706417e-05,
        2.13319346e-06,  1.29742016e-04, -1.00944188e-04,  3.05986407e-05,
       -6.97523542e-05, -8.38971756e-05, -7.03358762e-05,  1.69004282e-03,
        3.55400920e-03, -2.66862538e-03, -1.19192154e-04, -2.24701118e-03,
        1.29284533e-03,  4.38651530e-04, -7.25371208e-04, -1.74991067e-04,
        1.27261355e-04, -4.71330829e-04,  2.07719709e-04,  1.28677417e-04,
       -3.37945430e-04,  4.47850871e-05,  6.82728132e-05, -3.46558073e-04,
       -8.61518492e-05,  1.43847634e-04,  1.79237805e-04,  1.64179407e-04,
       -2.33803846e-05, -1.85001642e-04,  7.90882139e-05, -5.20586253e-05,
       -2.89266856e-03, -8.68388781e-03,  2.91154805e-03,  1.05662000e-03,
        5.90400337e-03, -1.65348787e-03,  3.07759854e-03, -3.87593441e-04,
        1.70670751e-03, -5.17330112e-05,  1.02204747e-03,  1.97329843e-03,
       -6.28501256e-04, -4.11964626e-04,  3.56868533e-05, -4.00510136e-05,
        6.84540968e-04, -2.05629830e-04,  1.09034051e-04,  1.87692902e-04,
        7.22067188e-05,  3.60380041e-05,  2.30984477e-04,  8.71810620e-05,
        2.14107029e-04,  6.70773182e-03, -9.64524465e-04, -1.80110628e-02,
       -9.64920898e-03,  1.36827715e-02,  8.82413576e-04,  5.37921754e-04,
       -3.09220948e-03,  5.30203316e-03, -3.56999560e-03,  3.69038798e-04,
        1.21535878e-03,  1.48580378e-03,  3.05665115e-03,  2.03936727e-03,
        3.92849426e-04, -3.09193658e-05, -4.04590252e-04, -1.41975064e-04,
        1.97128385e-04, -4.80856655e-04, -9.28268304e-04, -2.64573336e-04,
        1.60917874e-04,  5.63062190e-05, -4.64561160e-02,  6.67372878e-03,
        7.77257046e-02, -4.06476220e-02, -2.11723536e-02,  2.36521746e-02,
       -6.63156508e-03,  9.29566412e-03, -3.21947984e-03,  1.10620180e-02,
       -4.83814364e-03, -7.97499551e-03, -1.02462784e-03, -2.99924531e-03,
        1.33540119e-03,  2.13217796e-03, -2.25552599e-03,  5.22042503e-04,
       -5.94865884e-04, -3.50582026e-04, -2.25456455e-04,  2.51477197e-04,
        5.57616926e-04, -2.49472993e-04,  7.37023994e-05,  1.62891055e-01,
       -1.46501891e-01, -1.12560640e-01, -2.79315535e-01, -1.23196332e-01,
        4.27327299e-02,  6.92730995e-03,  1.29369765e-02, -6.46629635e-05,
       -1.51557980e-02, -1.83932173e-02, -8.66941841e-03, -2.92735167e-03,
       -1.24210959e-02,  5.87225436e-05, -2.35703463e-03,  3.90714202e-03,
        4.40700556e-03,  2.11638733e-03, -2.87488965e-04,  1.58604338e-03,
        1.85274959e-03, -2.38462980e-04, -4.59271558e-04, -6.41454298e-04,
        4.32835954e-01, -8.12290291e-02, -5.79159573e-02,  2.51335353e-02,
       -6.92584358e-03, -1.16069177e-02,  5.50211773e-03,  6.38577906e-03,
        1.16259869e-02, -1.31575646e-03, -1.19472891e-03, -2.19245555e-03,
        2.99005944e-04,  1.21452590e-03, -7.62782001e-04, -2.09009276e-03,
       -1.52115437e-04,  2.81374203e-04,  4.32341192e-04,  8.49689486e-04,
       -3.59269189e-01, -1.40814420e-01, -1.05668005e-02, -9.85274606e-03,
        1.08907893e-03, -1.40410377e-03, -4.86985319e-03, -1.37494284e-03,
        2.27483562e-03,  6.58828763e-04, -3.88618782e-03,  3.64012317e-03,
       -4.15925495e-04,  3.80457904e-05, -8.11172675e-04, -8.58330847e-04,
       -1.81805583e-04,  1.91746081e-04,  3.84683165e-04, -5.48519637e-04,
       -2.02537698e-02, -6.72683896e-02,  5.04820340e-02,  2.74696581e-02,
        2.71196316e-03,  6.58390934e-03, -7.99377987e-03, -1.00235067e-02,
       -4.70765543e-03, -7.58041086e-04,  2.77652738e-03, -1.58100854e-04,
       -2.52729611e-06, -7.29385903e-05,  8.04244533e-04,  3.52029696e-03,
       -9.08295252e-05, -2.58204841e-05, -9.64408157e-04, -7.45733998e-04,
        3.88273791e-03, -7.91870765e-04,  1.11765785e-02, -3.26280677e-03,
        6.10852149e-03,  4.90121737e-04, -4.21659503e-04,  1.99651256e-03,
        1.64419907e-04,  8.00510971e-04,  2.42489786e-03,  3.37908130e-04,
       -5.64085086e-04, -1.12944566e-03, -7.38388864e-05, -4.17282788e-04,
        4.73046949e-04, -4.51593805e-04, -1.63561137e-04,  1.33573919e-04,
       -6.61255772e-04, -3.12560112e-03, -1.93280284e-03, -3.66813234e-05,
       -3.14383649e-04,  3.77805556e-03,  1.99258175e-03, -2.16309380e-04,
       -4.01169239e-04, -2.11323258e-04,  1.99051596e-05, -7.69326144e-04,
        5.67346495e-04,  1.80816622e-04,  4.59586179e-04,  2.14640934e-04,
       -1.18701085e-04,  2.39305152e-04,  1.76815509e-04,  2.96003398e-04,
        1.51342702e-03,  1.73493155e-03,  1.20066491e-03, -1.92972539e-04,
       -4.64178631e-04, -2.20668087e-03,  3.09457102e-04, -4.86385646e-04,
       -7.51448911e-04,  1.31652686e-04,  1.34125299e-04,  1.10649562e-04,
        4.31645040e-06,  2.47189802e-05, -4.24200649e-04, -3.23088194e-04,
       -3.08979173e-05,  8.10598997e-05,  1.82004956e-04,  5.24644744e-06,
        2.90694684e-04,  2.76806118e-04,  9.06636008e-07, -2.53086003e-05,
        8.03260276e-05, -1.41106070e-04, -1.90171233e-04, -3.72387802e-04,
       -1.37345389e-04,  1.32011307e-05,  1.55108955e-04, -8.15541285e-05,
        6.58882641e-05,  1.12538811e-04,  2.12209225e-04,  1.26928893e-04,
       -2.65132412e-05, -8.64237815e-05, -1.48097522e-04, -2.63333660e-04,
       -4.37638760e-05, -2.32661935e-04,  5.10364112e-06,  2.51154483e-05,
       -1.05767932e-04,  1.28479704e-04,  1.68133358e-04,  2.74006425e-04,
        6.82552831e-05, -6.19170293e-05, -6.24742141e-05, -2.22325949e-05,
        2.35286561e-05, -7.12040327e-05, -1.63708101e-04, -7.03672766e-05,
       -1.31539116e-05,  4.17698038e-05,  3.51305864e-05,  6.45013797e-05,
       -4.01474633e-06,  9.25483308e-05, -3.30380283e-06, -5.15752294e-05,
       -1.32686742e-07, -1.03888366e-05, -1.61785876e-05, -4.14296863e-05,
       -5.25826645e-05, -1.91325317e-05,  3.90093234e-05,  1.55629246e-05,
        1.68820349e-05,  4.39302836e-06, -2.38493262e-06,  1.77123948e-05,
       -1.35979443e-05, -9.41198446e-06, -1.42117161e-05, -2.58983218e-05],      dtype=float64),
                   'Phi_mn': Array([], shape=(0,), dtype=float64),
                   'Psi': Array([50.], dtype=float64),
                   'R_lmn': Array([ 1.13379752e-05, -4.61094612e-05, -6.55116197e-05, -1.99901949e-05,
       -5.58032771e-05,  3.98828671e-05, -1.81221332e-05,  7.48495892e-05,
       -9.44238884e-06,  1.68199026e-05,  5.05025204e-05, -2.75353980e-08,
        0.00000000e+00,  1.81221332e-05, -9.33796951e-06,  1.80946085e-05,
        0.00000000e+00, -1.68199026e-05,  5.30075670e-06,  6.25412943e-06,
        1.00608445e-04,  1.59918842e-04,  2.64057052e-04, -1.35101984e-04,
        2.01015870e-04, -1.17174230e-04, -2.84779780e-05, -3.62157086e-04,
       -1.79683554e-05, -7.06668233e-05, -2.17235092e-04,  3.01680626e-06,
        0.00000000e+00,  2.84779780e-05,  9.81000342e-05,  5.24618952e-05,
        0.00000000e+00,  7.06668233e-05,  1.62192216e-05, -4.57614185e-05,
       -3.69226332e-04,  1.70645650e-04,  5.94412823e-04,  7.17790631e-04,
       -2.42492384e-04, -4.76726984e-04,  3.55385306e-04, -5.00504486e-04,
       -2.34214581e-04, -1.46263666e-05,  2.92140040e-04,  2.93276437e-04,
        0.00000000e+00, -3.55385306e-04, -9.39083371e-05, -1.14349718e-04,
        0.00000000e+00,  1.46263666e-05, -4.96476552e-05,  1.28048964e-05,
       -8.17334919e-04, -3.03789968e-03, -9.03306675e-04,  1.49402665e-03,
       -3.08127363e-04,  3.46287176e-03, -2.84052687e-04,  7.40424825e-04,
       -4.41673317e-04,  6.85379707e-05,  2.94527416e-04, -4.52091358e-04,
        0.00000000e+00,  2.84052687e-04,  1.62881850e-04, -2.35018414e-04,
        0.00000000e+00, -6.85379707e-05,  1.35999466e-05,  2.71192742e-05,
       -4.35854849e-03,  1.34512249e-02, -5.48355977e-03, -5.32810674e-04,
        1.08033812e-02, -7.24139259e-03, -4.69951751e-04,  2.86972244e-03,
       -2.63354249e-03,  3.62854154e-04,  2.98751896e-04,  6.42847547e-04,
        0.00000000e+00,  4.69951751e-04,  6.73940532e-04,  4.77271827e-04,
        0.00000000e+00, -3.62854154e-04,  1.83569309e-04,  5.67781779e-05,
        4.69897242e-03, -2.67089213e-02,  1.43905529e-02,  1.87105580e-02,
        4.17510053e-03, -3.32069533e-03, -6.08738788e-04,  6.10018507e-03,
       -6.67357181e-04,  2.01993782e-04, -1.41619263e-03, -1.56268889e-05,
        0.00000000e+00,  6.08738788e-04,  4.05971071e-04,  4.43465566e-05,
        0.00000000e+00, -2.01993782e-04, -1.75311212e-04,  5.38118230e-05,
        1.20858707e-03, -5.07723073e-02,  2.48278668e-02, -1.08447903e-01,
       -4.69967558e-02, -2.79606642e-03,  2.68898825e-04, -1.36735852e-02,
        9.50329579e-03, -4.10886899e-04,  2.14178135e-03, -8.84706152e-05,
        0.00000000e+00, -2.68898825e-04,  4.69890435e-04, -3.32255648e-04,
        0.00000000e+00,  4.10886899e-04, -1.83463955e-04,  8.58419185e-05,
        5.24781565e-01,  5.23773750e-04,  1.83542022e-01, -1.07748658e-02,
       -1.58663131e-02,  8.86278177e-02,  1.61135555e-03, -1.23829363e-02,
       -1.24388385e-02,  1.22484595e-04, -2.57925931e-04, -4.25024346e-03,
        0.00000000e+00, -1.61135555e-03, -1.82172763e-03,  1.95555595e-05,
        0.00000000e+00, -1.22484595e-04,  6.68519534e-05, -3.11175544e-05,
        7.95027022e+00,  1.79085515e+00,  1.30833443e-02,  4.91112354e-02,
       -5.28282004e-02,  3.71749451e-02,  3.93484796e-02, -4.37981591e-02,
       -7.96030993e-02, -8.63903488e-03, -6.59540560e-03, -1.39515098e-03,
       -2.76241587e-03, -1.18909564e-03, -1.72645167e-03,  2.95867477e-04,
       -9.61300414e-04, -3.70752699e-04,  1.39515098e-03,  0.00000000e+00,
        6.03706738e-05, -1.58769611e-05,  3.17846243e-04, -2.95867477e-04,
        0.00000000e+00,  2.16248149e-01,  3.69475654e-02,  1.70993117e-01,
       -2.76357188e-01, -9.13081774e-03, -1.26909784e-01, -5.27165081e-03,
        2.24602424e-02,  2.50904530e-02,  7.30020231e-04,  8.22609468e-03,
        4.50225344e-04,  1.88411807e-03, -3.23680667e-03,  4.88715857e-03,
       -1.91763856e-04, -1.96552620e-04,  3.90455030e-04, -4.50225344e-04,
        0.00000000e+00,  1.64948997e-06,  1.61849378e-04, -4.87894802e-04,
        1.91763856e-04,  0.00000000e+00,  7.69727490e-03, -7.24387000e-02,
        2.07525875e-02,  6.23363767e-02,  6.07034093e-02, -3.71929804e-02,
       -1.08595503e-02,  1.15783139e-02,  5.47606535e-02,  6.91018772e-03,
        1.44141080e-02,  1.37445040e-03,  1.50516551e-03,  3.47124065e-03,
       -6.54503142e-04, -2.39627351e-04,  1.48043675e-03,  4.22969867e-04,
       -1.37445040e-03,  0.00000000e+00,  1.27008676e-04, -5.75489658e-05,
       -1.55833718e-04,  2.39627351e-04,  0.00000000e+00, -1.61239418e-02,
        2.64391665e-02, -1.61753576e-02, -1.12812658e-03,  2.40038863e-04,
       -7.61253715e-03,  6.29215116e-03,  9.51619599e-04,  1.54868027e-02,
       -8.09818683e-03, -5.50283372e-03,  6.53314285e-05,  7.56776538e-04,
        7.10128117e-04,  1.33037605e-03,  3.58823413e-04,  4.06364688e-04,
        1.33024359e-04, -6.53314285e-05,  0.00000000e+00, -1.17327928e-04,
       -2.71778121e-04, -1.37333619e-04, -3.58823413e-04,  0.00000000e+00,
        1.30478070e-03, -1.80693843e-03,  2.41777805e-03,  6.77390645e-03,
       -2.65404232e-03, -3.11779828e-04,  3.62053061e-04, -9.03981647e-04,
       -6.06086205e-03,  1.40694162e-03,  2.93894428e-03, -1.84762479e-04,
       -9.79581108e-04, -8.93892420e-04, -4.87878689e-04, -7.69670748e-05,
        1.09736365e-04, -1.28087470e-04,  1.84762479e-04,  0.00000000e+00,
        6.47822317e-05,  1.08560376e-04, -3.76663693e-05,  7.69670748e-05,
        0.00000000e+00,  8.81868511e-04, -1.21141998e-03, -7.00625598e-04,
        1.45302013e-03,  1.27053296e-03,  1.38170694e-03, -7.24739428e-04,
       -1.05137241e-03,  5.28830649e-04,  4.64109274e-04, -1.18238921e-03,
        1.52890197e-04,  5.43301753e-04, -5.08579578e-04, -6.17357953e-04,
       -9.31046458e-05, -5.23222256e-04, -1.99317737e-04, -1.52890197e-04,
        0.00000000e+00,  1.94762977e-07,  1.06931851e-04,  8.85273038e-05,
        9.31046458e-05,  0.00000000e+00, -1.46064838e-04, -7.91617047e-04,
        8.63282284e-05,  2.25783250e-04,  3.60237303e-04, -5.18016997e-04,
        3.20303810e-05, -3.16128400e-04,  2.93447552e-04,  2.47765659e-04,
        4.04246259e-04, -2.70315932e-04,  9.12534913e-05,  1.77631804e-04,
       -3.41182320e-04, -4.31877025e-05,  1.83614085e-04,  1.13770737e-04,
        2.70315932e-04,  0.00000000e+00, -6.35472624e-05, -8.72866541e-05,
        4.77347679e-05,  4.31877025e-05,  0.00000000e+00,  4.42961656e-05,
        1.57032619e-04, -3.64402587e-05, -2.33144163e-04, -1.22767265e-05,
        1.50223219e-05,  3.80226425e-05,  1.60127907e-04, -2.54338019e-04,
       -2.17154063e-04,  2.17146348e-05,  6.30905342e-05, -5.96375048e-05,
        4.66857256e-05,  2.93757131e-04,  8.13850843e-05,  7.23981702e-05,
       -3.67369567e-05, -6.30905342e-05,  0.00000000e+00,  1.37589554e-05,
        2.63305312e-05, -3.94191129e-05, -8.13850843e-05,  0.00000000e+00,
       -1.33458948e-05,  4.15138056e-05,  5.15912980e-06,  1.02257440e-04,
       -2.36985724e-05,  7.06963199e-05,  7.22940669e-06, -9.24744152e-05,
        5.80737479e-05, -2.82181503e-05, -7.73891862e-05,  2.03803873e-05,
       -7.00136653e-06, -1.51298241e-05, -3.27930444e-05,  1.93795456e-06,
        1.04029171e-05,  6.69286637e-06, -2.03803873e-05,  0.00000000e+00,
        7.95872488e-06,  5.34679949e-06, -2.52807036e-05, -1.93795456e-06,
        0.00000000e+00], dtype=float64),
                   'Ra_n': Array([ 7.97935814e+00,  3.81009127e-02, -2.52930197e-02,  5.46946244e-03,
        2.93419047e-04,  3.14647692e-04, -3.55163439e-04,  1.92155527e-04,
        3.68447346e-06], dtype=float64),
                   'Rb_lmn': Array([ 0.00000000e+00,  0.00000000e+00,  0.00000000e+00,  0.00000000e+00,
        0.00000000e+00,  0.00000000e+00,  0.00000000e+00,  0.00000000e+00,
        0.00000000e+00,  0.00000000e+00,  0.00000000e+00,  0.00000000e+00,
        0.00000000e+00,  0.00000000e+00,  0.00000000e+00,  0.00000000e+00,
        0.00000000e+00,  0.00000000e+00,  0.00000000e+00,  0.00000000e+00,
        0.00000000e+00,  0.00000000e+00,  0.00000000e+00,  0.00000000e+00,
        0.00000000e+00,  0.00000000e+00,  0.00000000e+00,  0.00000000e+00,
        0.00000000e+00,  0.00000000e+00,  0.00000000e+00,  0.00000000e+00,
        0.00000000e+00,  0.00000000e+00,  0.00000000e+00,  0.00000000e+00,
        1.12857024e-02, -1.93989680e-03,  6.90945802e-03, -7.04762983e-03,
        0.00000000e+00,  0.00000000e+00,  0.00000000e+00,  0.00000000e+00,
        2.58359668e-03,  2.08967091e-02, -2.99914317e-02,  2.27865198e-02,
        0.00000000e+00,  0.00000000e+00,  0.00000000e+00,  0.00000000e+00,
       -4.50384384e-02,  1.16241720e-02, -5.35710024e-02, -9.80682760e-02,
        0.00000000e+00,  0.00000000e+00,  0.00000000e+00,  0.00000000e+00,
       -1.60573871e-02,  1.69337358e-01,  8.48702305e-02,  5.01587416e-01,
        8.00000000e+00,  1.72842661e+00,  4.10810371e-03,  3.02087868e-02,
       -8.10117047e-02,  0.00000000e+00,  0.00000000e+00,  0.00000000e+00,
        0.00000000e+00,  3.83855383e-01,  2.83502152e-02, -2.56971903e-01,
       -1.18293235e-01,  2.94897168e-02,  0.00000000e+00,  0.00000000e+00,
        0.00000000e+00,  0.00000000e+00,  1.92224862e-02, -3.34466627e-03,
        7.73283822e-02, -2.23559024e-02,  5.39503167e-02,  0.00000000e+00,
        0.00000000e+00,  0.00000000e+00,  0.00000000e+00, -2.53676996e-02,
        1.89873832e-02,  2.61843012e-04, -1.29823465e-02,  1.66798451e-02,
        0.00000000e+00,  0.00000000e+00,  0.00000000e+00,  0.00000000e+00,
        3.16981293e-03, -2.94430276e-03,  5.08459276e-03,  2.49907698e-03,
       -6.58640711e-03,  0.00000000e+00,  0.00000000e+00,  0.00000000e+00,
        0.00000000e+00,  0.00000000e+00,  0.00000000e+00,  0.00000000e+00,
        0.00000000e+00,  0.00000000e+00,  0.00000000e+00,  0.00000000e+00,
        0.00000000e+00,  0.00000000e+00,  0.00000000e+00,  0.00000000e+00,
        0.00000000e+00,  0.00000000e+00,  0.00000000e+00,  0.00000000e+00,
        0.00000000e+00,  0.00000000e+00,  0.00000000e+00,  0.00000000e+00,
        0.00000000e+00,  0.00000000e+00,  0.00000000e+00,  0.00000000e+00,
        0.00000000e+00,  0.00000000e+00,  0.00000000e+00,  0.00000000e+00,
        0.00000000e+00,  0.00000000e+00,  0.00000000e+00,  0.00000000e+00,
        0.00000000e+00,  0.00000000e+00,  0.00000000e+00,  0.00000000e+00,
        0.00000000e+00], dtype=float64),
                   'Te_l': Array([], shape=(0,), dtype=float64),
                   'Ti_l': Array([], shape=(0,), dtype=float64),
                   'Z_lmn': Array([ 2.01549721e-06,  1.82127447e-05, -1.28099966e-05, -6.84788384e-06,
       -6.22015819e-06,  5.71970441e-05,  6.53538572e-06, -2.04973090e-05,
       -3.57386169e-05, -5.33646122e-05, -5.54228454e-05, -6.20535693e-05,
        2.13542046e-05,  3.67193155e-05,  3.17378832e-05,  7.27022974e-06,
        4.13720257e-05, -1.77419861e-06,  6.20535693e-05,  0.00000000e+00,
       -1.70950909e-05, -9.37412270e-06,  4.00073375e-06, -7.27022974e-06,
        0.00000000e+00,  3.83044148e-05,  2.56688308e-04, -1.50059877e-05,
        4.30648796e-04, -8.13974808e-05,  1.45364731e-04, -8.49831043e-05,
       -4.90210195e-04,  2.30473201e-04, -2.55410951e-04, -3.17864441e-04,
        4.72771958e-05,  2.91866574e-05, -4.06090729e-05, -2.74075753e-04,
       -6.37217563e-05,  8.01201239e-05,  1.72499710e-04, -4.72771958e-05,
        0.00000000e+00,  3.24980198e-05,  1.00170471e-04,  4.36025518e-05,
        6.37217563e-05,  0.00000000e+00, -7.30091172e-05,  4.89182307e-05,
        3.40735581e-05, -7.00508747e-04, -5.65243295e-04, -2.37532309e-04,
       -1.40417533e-05,  4.03660315e-04,  1.74508850e-04,  3.27724576e-04,
        2.17171057e-04,  3.63579408e-04,  7.99404417e-06,  2.71321941e-04,
       -9.71875250e-05,  4.85916505e-05,  1.88600488e-04,  2.03612526e-05,
       -3.63579408e-04,  0.00000000e+00,  4.49832682e-05,  2.55264912e-05,
       -7.73213249e-05, -4.85916505e-05,  0.00000000e+00, -3.90356691e-04,
       -3.78787404e-03,  4.98741321e-05, -2.33022538e-03,  4.07725601e-03,
       -6.23508988e-04,  7.10443639e-04,  1.70536326e-03, -1.25552760e-03,
       -4.28232186e-04,  4.55534563e-04,  2.45542243e-05, -3.76937762e-04,
        6.26238729e-04,  1.09409595e-03,  8.41047693e-05,  1.38850217e-04,
        1.67974425e-04, -2.45542243e-05,  0.00000000e+00,  6.97668161e-06,
       -1.37660959e-06,  1.61431652e-04, -8.41047693e-05,  0.00000000e+00,
        1.43090374e-03,  8.30604242e-03, -5.84336843e-04,  1.34441666e-03,
       -4.75394792e-03,  4.53121112e-03, -3.77384103e-03, -4.15247191e-03,
       -8.26948589e-03, -2.82258490e-03,  9.88745530e-04, -1.12763816e-03,
        4.49943899e-04, -3.82128872e-04, -3.41305482e-03,  4.66556404e-04,
        2.53353311e-05,  1.14646514e-05,  1.12763816e-03,  0.00000000e+00,
       -3.09099492e-04,  7.22280568e-05,  8.72703443e-05, -4.66556404e-04,
        0.00000000e+00,  9.55020472e-03, -2.46232755e-02,  2.27517244e-03,
        2.82545114e-02,  1.48201355e-02, -6.62028503e-03, -8.71347380e-03,
       -3.40238380e-03, -1.71294439e-02, -7.68960614e-04, -1.46674877e-04,
       -5.47745705e-04,  1.18582360e-03, -1.56573832e-03,  2.28587974e-03,
       -8.85263074e-05, -7.92914961e-04,  7.86274619e-04,  5.47745705e-04,
        0.00000000e+00, -2.55242933e-06,  4.46985642e-05, -1.45897956e-04,
        8.85263074e-05,  0.00000000e+00, -3.79967206e-02,  1.29012531e-01,
       -3.28307877e-02,  3.11893780e-02, -5.73401524e-02,  2.77036016e-02,
        2.08840450e-02, -8.06515536e-03, -5.60891059e-02,  8.13328527e-03,
       -1.56969729e-02,  1.04596313e-03, -4.84371941e-03, -6.50878164e-05,
       -1.21907264e-03, -5.96946333e-04, -1.04135251e-03,  2.06638600e-04,
       -1.04596313e-03,  0.00000000e+00,  1.27109224e-04, -3.50148823e-04,
        2.91381307e-05,  5.96946333e-04,  0.00000000e+00,  1.00519872e+00,
       -5.79797826e-01,  9.80291598e-02,  2.88014518e-01,  2.17631361e-01,
        3.15559096e-01,  5.38943588e-02,  1.15730472e-01, -4.48156998e-02,
       -7.51019553e-03, -1.20403497e-02,  2.74866402e-04, -1.97757503e-04,
       -1.06066910e-03,  6.90403827e-03,  1.65934967e-04,  7.09749812e-04,
       -1.55872884e-03, -2.74866402e-04,  0.00000000e+00, -2.24967045e-04,
       -4.86054844e-05, -7.48103154e-05, -1.65934967e-04,  0.00000000e+00,
       -1.88050065e+00, -3.46161361e-01,  6.56913740e-02,  2.72500350e-03,
        4.72309590e-02,  7.13734778e-02,  2.11774298e-04,  1.10622754e-02,
       -5.22057158e-03, -9.66116187e-05,  1.66748694e-03, -5.66204349e-04,
        0.00000000e+00, -2.11774298e-04,  2.64583371e-05,  7.17866670e-04,
        0.00000000e+00,  9.66116187e-05,  9.11444675e-05, -1.30075557e-04,
       -1.54209752e-02,  3.85719783e-01,  1.06914311e-01, -7.02178596e-03,
        7.49106639e-02,  1.78983139e-02,  1.27364759e-03, -7.75023313e-03,
        9.81463128e-03,  3.26992615e-04, -7.44637442e-04, -4.43367385e-03,
        0.00000000e+00, -1.27364759e-03, -2.29169815e-04, -7.09875610e-04,
        0.00000000e+00, -3.26992615e-04, -4.35821831e-04,  8.50398573e-05,
       -2.33140107e-02,  8.02045797e-02,  6.68276061e-02,  2.96754269e-02,
       -8.92976683e-02, -3.34149245e-02, -1.82554642e-03, -7.68152768e-03,
       -3.32046264e-03,  1.32783975e-04, -1.19778707e-03,  1.91798307e-03,
        0.00000000e+00,  1.82554642e-03, -5.61740784e-04, -5.67098674e-04,
        0.00000000e+00, -1.32783975e-04,  4.15134591e-04,  1.01841194e-05,
        1.39245044e-02, -1.94886319e-03, -1.12660810e-02, -1.63681697e-02,
       -2.28481782e-02,  9.03206947e-03, -7.09366702e-04,  1.56897176e-04,
       -3.39983383e-03, -1.95781480e-04, -2.40250373e-03,  2.47080532e-03,
        0.00000000e+00,  7.09366702e-04, -8.69297111e-04, -1.07524382e-04,
        0.00000000e+00,  1.95781480e-04,  1.50291947e-04, -1.02701972e-04,
       -2.54027979e-04, -3.48495033e-04,  7.27053718e-04,  6.29079785e-03,
       -6.15602724e-04, -2.69601022e-03,  2.31019295e-04, -2.44341123e-03,
       -1.13991840e-03, -7.66019615e-05, -6.33874852e-04, -6.02599002e-04,
        0.00000000e+00, -2.31019295e-04,  2.46291557e-04,  8.41206916e-04,
        0.00000000e+00,  7.66019615e-05,  3.91754744e-05, -2.28528942e-04,
       -2.42970996e-04, -9.55468817e-04, -2.85913276e-03, -8.73813672e-04,
       -8.31522776e-04,  4.90796674e-05,  1.22044674e-04,  2.43245853e-03,
        1.19497535e-03,  9.48033896e-05,  8.76361043e-04,  7.33611376e-04,
        0.00000000e+00, -1.22044674e-04,  4.26674225e-04, -7.81906782e-05,
        0.00000000e+00, -9.48033896e-05, -4.48382674e-05,  1.72777773e-04,
       -8.17018214e-04, -5.65465196e-04, -2.94075869e-04,  8.98291740e-04,
        2.95934776e-04,  3.35719456e-04,  2.40347447e-04,  3.05650355e-04,
       -6.74173580e-05,  1.98143600e-04, -1.12798651e-04,  9.78917514e-05,
        0.00000000e+00, -2.40347447e-04, -1.15744858e-05, -1.38561684e-05,
        0.00000000e+00, -1.98143600e-04, -1.83136125e-04,  1.31853989e-04,
        3.73831645e-05,  8.05834612e-05,  1.79577418e-04, -1.31686678e-04,
        1.76646091e-04, -1.24089177e-04,  5.09185817e-05, -2.28940191e-04,
        4.74985927e-05, -9.91129206e-05, -2.66930169e-04,  7.86279786e-05,
        0.00000000e+00, -5.09185817e-05,  4.93627731e-05,  4.68049206e-05,
        0.00000000e+00,  9.91129206e-05,  9.02840780e-05, -3.51222624e-05,
       -6.32196389e-05, -7.65442835e-06,  4.25609889e-05,  3.02060875e-05,
       -2.57643878e-05,  5.80144559e-06, -2.16547571e-05, -5.96769724e-05,
        8.63751256e-06, -1.61042028e-05,  2.22821155e-05, -3.04374239e-06,
        0.00000000e+00,  2.16547571e-05,  1.71159835e-05,  2.43760389e-05,
        0.00000000e+00,  1.61042028e-05,  3.48227230e-06,  4.89672515e-06],      dtype=float64),
                   'Za_n': Array([-1.70884159e-05, -2.83613393e-05, -8.41352046e-05,  6.54127260e-04,
       -2.51764384e-03, -2.62681755e-03,  2.06889408e-02,  9.61036706e-01],      dtype=float64),
                   'Zb_lmn': Array([ 0.00000000e+00,  0.00000000e+00,  0.00000000e+00,  0.00000000e+00,
        0.00000000e+00,  0.00000000e+00,  0.00000000e+00,  0.00000000e+00,
        0.00000000e+00,  0.00000000e+00,  0.00000000e+00,  0.00000000e+00,
        0.00000000e+00,  0.00000000e+00,  0.00000000e+00,  0.00000000e+00,
        0.00000000e+00,  0.00000000e+00,  0.00000000e+00,  0.00000000e+00,
        0.00000000e+00,  0.00000000e+00,  0.00000000e+00,  0.00000000e+00,
        0.00000000e+00,  0.00000000e+00,  0.00000000e+00,  0.00000000e+00,
        0.00000000e+00,  0.00000000e+00,  0.00000000e+00,  0.00000000e+00,
        0.00000000e+00,  0.00000000e+00,  0.00000000e+00,  0.00000000e+00,
       -2.78642972e-03,  7.54844932e-04, -3.11795606e-03,  5.53142130e-03,
       -1.15952704e-02,  0.00000000e+00,  0.00000000e+00,  0.00000000e+00,
        0.00000000e+00,  4.29517453e-03, -1.13650156e-02,  2.33310878e-02,
       -5.98068528e-03, -1.49894621e-02,  0.00000000e+00,  0.00000000e+00,
        0.00000000e+00,  0.00000000e+00, -5.46600734e-02,  7.87643115e-02,
        2.27089860e-02,  1.22132673e-02, -5.72790404e-02,  0.00000000e+00,
        0.00000000e+00,  0.00000000e+00,  0.00000000e+00,  1.15669951e+00,
       -3.68966911e-01,  4.02635715e-01,  3.01960018e-01, -3.79864719e-02,
        0.00000000e+00,  0.00000000e+00,  0.00000000e+00,  0.00000000e+00,
        0.00000000e+00,  0.00000000e+00,  0.00000000e+00,  0.00000000e+00,
        4.89895904e-02,  7.67801076e-02, -2.75484163e-01, -1.88227835e+00,
        0.00000000e+00,  0.00000000e+00,  0.00000000e+00,  0.00000000e+00,
        7.37302046e-02,  9.89349080e-02,  3.99269463e-01, -1.33380055e-02,
        0.00000000e+00,  0.00000000e+00,  0.00000000e+00,  0.00000000e+00,
       -9.00803208e-02,  5.85843376e-02,  4.87178223e-02,  2.47385493e-03,
        0.00000000e+00,  0.00000000e+00,  0.00000000e+00,  0.00000000e+00,
       -2.51003900e-02, -1.19784810e-02,  9.45130963e-03, -5.95102349e-03,
        0.00000000e+00,  0.00000000e+00,  0.00000000e+00,  0.00000000e+00,
       -1.21030210e-03, -1.47006595e-03, -3.87563319e-03,  5.73805839e-03,
        0.00000000e+00,  0.00000000e+00,  0.00000000e+00,  0.00000000e+00,
        0.00000000e+00,  0.00000000e+00,  0.00000000e+00,  0.00000000e+00,
        0.00000000e+00,  0.00000000e+00,  0.00000000e+00,  0.00000000e+00,
        0.00000000e+00,  0.00000000e+00,  0.00000000e+00,  0.00000000e+00,
        0.00000000e+00,  0.00000000e+00,  0.00000000e+00,  0.00000000e+00,
        0.00000000e+00,  0.00000000e+00,  0.00000000e+00,  0.00000000e+00,
        0.00000000e+00,  0.00000000e+00,  0.00000000e+00,  0.00000000e+00,
        0.00000000e+00,  0.00000000e+00,  0.00000000e+00,  0.00000000e+00],      dtype=float64),
                   'Zeff_l': Array([], shape=(0,), dtype=float64),
                   'a_lmn': Array([], shape=(0,), dtype=float64),
                   'c_l': Array([0., 0., 0., 0., 0.], dtype=float64),
                   'i_l': Array([], shape=(0,), dtype=float64),
                   'ne_l': Array([], shape=(0,), dtype=float64),
                   'ni_l': Array([], shape=(0,), dtype=float64),
                   'p_l': Array([0., 0., 0., 0., 0.], dtype=float64)}],
               [ { 'G': Array([], shape=(0,), dtype=float64),
                   'I': Array([], shape=(0,), dtype=float64),
                   'L_lmn': Array([ 6.09717332e-06, -1.49570635e-07, -1.07137823e-05,  7.89781452e-07,
        1.72630548e-06,  6.24704179e-05,  4.38082768e-05, -1.63380441e-05,
       -4.88256672e-05, -9.87170687e-06,  7.54802912e-06,  2.16507932e-05,
       -8.79692894e-06,  1.14874811e-05, -8.75925212e-07, -2.38013044e-05,
       -4.03506340e-05, -3.73166293e-05,  1.93647002e-05,  1.20489070e-06,
        1.61347675e-05, -7.13113083e-06, -5.27838254e-05, -2.04634829e-05,
       -5.20317546e-06, -1.11913885e-04, -2.78082003e-04,  1.70468295e-05,
       -2.17669020e-04,  3.82509834e-04, -1.45416506e-04,  7.63072988e-05,
        3.88961567e-04,  3.68863653e-05,  2.34609361e-05,  1.48722831e-04,
        7.43732755e-05, -5.28212466e-05, -6.53652633e-05, -1.10339897e-05,
        2.25691315e-05,  5.03031469e-05,  2.17813153e-06, -8.57330480e-05,
       -3.65037589e-05, -5.36300343e-05, -6.60749153e-05,  5.68911043e-05,
        1.00603578e-05, -9.28798848e-06,  2.75552085e-04, -5.94744072e-05,
       -9.85459503e-05,  3.83743963e-04,  2.02591484e-04,  1.91599040e-04,
        1.46746032e-04,  2.92518250e-05, -1.33732236e-04, -4.24542441e-04,
       -2.16798263e-04,  1.81629469e-04,  5.03344476e-05, -1.80675518e-04,
        1.48249930e-04, -1.53105347e-05, -2.35909516e-05,  9.69758234e-06,
       -1.48486546e-05,  1.22763770e-04, -9.81139718e-05,  4.07722751e-05,
       -4.55385659e-05, -8.26870684e-05, -5.17432891e-05,  1.04287909e-03,
        3.44650566e-03, -2.50649486e-03,  2.15200050e-04, -2.33523082e-03,
        1.15056597e-03,  8.51708073e-04, -1.04943369e-03,  1.57664849e-04,
        2.24095433e-04, -8.12115399e-05,  1.42191489e-04,  1.57636320e-04,
       -3.11893881e-04, -1.55729960e-04,  3.04262838e-05, -2.62909472e-04,
       -1.72907784e-04,  9.75152474e-05,  9.27422804e-05,  1.54259687e-04,
        6.66628301e-05, -1.44135050e-04,  1.16376969e-04, -1.08960094e-05,
       -4.40568619e-03, -9.61844119e-03,  4.14299264e-03,  1.79678613e-03,
        6.70351541e-03, -1.42018175e-03,  3.02624848e-03, -2.83537017e-04,
        1.90582406e-03, -2.11982017e-04,  9.95422404e-04,  1.93182196e-03,
       -6.59651702e-04, -4.19575990e-04,  6.99134313e-05, -1.47190842e-04,
        6.64634435e-04, -2.39895656e-04,  4.38129755e-05,  1.72276246e-04,
        1.35299985e-05,  1.60819247e-05,  1.51082711e-04,  8.66182069e-05,
        2.20186330e-04,  2.90758498e-03, -5.65240028e-04, -1.27249352e-02,
       -8.99994752e-03,  1.39390680e-02, -4.76892799e-04, -1.03455668e-03,
       -2.85069107e-03,  4.61287358e-03, -3.92808432e-03,  4.62410789e-04,
        7.86601440e-04,  1.55288336e-03,  2.62985330e-03,  2.23888038e-03,
        4.01800394e-04, -4.08564341e-04, -4.13654972e-04,  2.33742939e-05,
        2.12547276e-04, -5.58770801e-04, -9.77893149e-04, -2.45811684e-04,
        1.24937194e-04,  1.56265237e-05, -4.36759358e-02,  1.00575045e-02,
        7.51312308e-02, -3.97815446e-02, -2.68573680e-02,  2.45290172e-02,
       -6.76324083e-03,  8.48226660e-03, -3.46109167e-03,  1.06231487e-02,
       -3.83183732e-03, -9.42521626e-03, -1.17370419e-03, -3.83551758e-03,
        1.14924161e-03,  2.09603293e-03, -2.32688256e-03,  1.77949027e-04,
       -4.11585693e-04, -3.19364528e-04, -1.89767434e-04,  1.49668181e-04,
        6.47909136e-04, -3.10238602e-04, -8.56414552e-05,  1.73742497e-01,
       -1.28373776e-01, -1.26705897e-01, -2.77773599e-01, -1.32654749e-01,
        4.01039513e-02,  9.73613844e-03,  1.21524891e-02,  3.21949875e-03,
       -1.66304998e-02, -1.45013294e-02, -8.22742620e-03, -3.24379150e-03,
       -1.23988517e-02,  8.23370483e-04, -2.05430494e-03,  3.15453312e-03,
        4.91737899e-03,  2.27994620e-03, -2.63756911e-04,  2.03531049e-03,
        1.88686428e-03, -1.10117689e-04, -4.47903422e-04, -7.62558349e-04,
        4.17598225e-01, -8.78782192e-02, -6.45621167e-02,  3.25258860e-02,
       -7.79171463e-03, -1.50930109e-02,  6.14581589e-03,  6.86611529e-03,
        1.20179238e-02, -8.98977243e-04, -1.24289610e-03, -2.87604824e-03,
        3.36516181e-04,  1.19879254e-03, -6.75474436e-04, -2.91564915e-03,
       -6.66690152e-05,  3.21047811e-04,  5.70934136e-04,  8.35822958e-04,
       -3.66391603e-01, -1.27050948e-01, -1.11230244e-02, -6.37152315e-03,
        1.54392771e-03, -3.65209864e-03, -3.82975212e-03,  1.75579114e-03,
        1.45125871e-03,  7.89840453e-04, -3.81275230e-03,  4.01710723e-03,
       -4.30500397e-04, -3.39030064e-05, -4.21594448e-04, -8.23105797e-04,
       -2.17077235e-04,  3.04552480e-04,  4.80733008e-04, -5.29854078e-04,
       -1.70155401e-02, -6.27433334e-02,  4.62520535e-02,  2.65250113e-02,
        1.85946712e-03,  5.41885696e-03, -8.46649658e-03, -9.82823808e-03,
       -4.94296584e-03, -1.21224541e-03,  2.57045922e-03, -5.24209666e-05,
        1.16066811e-04, -4.00747577e-05,  1.17439187e-03,  4.13834681e-03,
       -1.77931612e-04, -1.54107621e-05, -9.37384422e-04, -6.02850602e-04,
        7.54582806e-03,  2.25625185e-03,  1.32722540e-02, -5.75748467e-03,
        5.66743848e-03, -3.48976200e-04, -1.28465684e-03,  8.25891316e-04,
        8.27227627e-05,  6.90098491e-04,  2.74208901e-03, -3.14458428e-04,
       -5.64832730e-04, -9.62266742e-04, -6.76263198e-05, -4.19927011e-04,
        3.57051762e-04, -5.69074380e-04, -1.41820152e-04,  2.12816936e-04,
        1.66068470e-03, -1.87931132e-03, -1.97446070e-03, -2.42081132e-03,
       -6.21830826e-04,  3.01914771e-03,  1.78337579e-03, -1.84188390e-04,
       -6.96726003e-04, -2.29675255e-04,  1.97641924e-05, -9.38998352e-04,
        4.75653701e-04,  1.34684689e-04,  3.15509325e-04,  2.74476275e-04,
       -8.78442377e-05,  1.83457084e-04,  1.78208494e-04,  2.90133871e-04,
        1.09824053e-03,  1.56124680e-03,  1.02139116e-03,  2.09012236e-05,
       -4.62578828e-04, -2.00818608e-03,  2.98186313e-04, -7.06087574e-05,
       -8.19432488e-04,  9.16571471e-05, -1.04168872e-06,  1.29347397e-04,
       -2.08369145e-05, -8.86961904e-06, -5.11753265e-04, -2.97531939e-04,
        1.48905454e-05,  1.14795542e-04,  2.11457370e-04,  5.25804572e-05,
       -5.22736545e-05,  3.29003933e-04, -4.10096162e-05,  2.43128782e-04,
        1.68833776e-04, -1.75786004e-04, -2.06839063e-04, -3.81477315e-04,
       -7.01481655e-05,  3.31369188e-05,  1.14339855e-04, -1.42126549e-04,
        4.77808910e-05,  1.14433293e-04,  2.20989296e-04,  1.24037958e-04,
       -6.00023892e-06, -6.29990152e-05, -1.48571911e-04, -2.43541587e-04,
       -6.17523788e-05, -1.52356034e-04,  8.36208076e-05, -3.34279134e-06,
       -1.00534964e-04,  3.80435356e-06,  1.90173919e-04,  1.93228709e-04,
        1.32839222e-04, -3.81273877e-05, -4.82116987e-05, -7.88011616e-06,
        1.26185878e-05, -5.82440125e-05, -1.49321600e-04, -8.77066424e-05,
       -2.46776964e-06,  1.36801121e-05,  2.45200265e-05,  4.66128313e-05,
       -1.93416814e-05,  1.09641038e-04, -1.34749775e-05, -5.94201112e-05,
       -2.03826528e-06, -1.96686871e-05, -3.10957746e-06, -3.89869929e-05,
       -5.85409476e-05, -1.54264041e-05,  5.11225098e-05,  2.50119093e-05,
        1.71011581e-05,  9.35099403e-08, -6.20810345e-06,  1.17197175e-05,
       -1.14430389e-05, -2.28747035e-05, -1.09050902e-05, -5.15081660e-05],      dtype=float64),
                   'Phi_mn': Array([], shape=(0,), dtype=float64),
                   'Psi': Array([50.], dtype=float64),
                   'R_lmn': Array([-5.69564869e-06, -3.40236715e-05, -2.97717791e-05, -2.29845018e-05,
       -5.42617710e-05,  4.23712623e-05, -7.96865573e-06,  3.78520826e-05,
        3.46693807e-06,  1.22486806e-05,  4.82834168e-05, -1.28384034e-05,
        0.00000000e+00,  7.96865573e-06, -8.08030343e-06,  2.52132124e-05,
        0.00000000e+00, -1.22486806e-05,  5.97835414e-06,  4.49081251e-06,
        6.52022956e-05,  1.87771706e-04,  2.84505979e-04, -1.53812430e-04,
        1.85558261e-04, -1.86776150e-04, -8.35926940e-07, -3.75801270e-04,
        4.75272867e-05, -9.25067732e-05, -1.85207248e-04,  5.07126604e-05,
        0.00000000e+00,  8.35926940e-07,  9.12952913e-05,  4.10828481e-05,
        0.00000000e+00,  9.25067732e-05, -3.51013498e-07, -5.17082172e-05,
       -1.56897515e-04,  9.12963574e-05,  2.92420611e-04,  7.62228764e-04,
       -2.21700552e-04, -4.86415303e-04,  2.80814768e-04, -2.11409991e-04,
       -4.33797865e-04, -2.61220596e-05,  2.67300839e-04,  3.93228849e-04,
        0.00000000e+00, -2.80814768e-04, -8.10106204e-05, -1.71533384e-04,
        0.00000000e+00,  2.61220596e-05, -4.56002868e-05,  1.89009658e-06,
        3.20967781e-04, -2.67618665e-03, -1.21700148e-03,  1.01682243e-03,
        5.16356893e-07,  3.24888510e-03, -4.78542678e-04,  1.21663519e-03,
       -1.12244760e-03,  9.57635440e-05, -6.12562117e-05, -5.87505612e-04,
        0.00000000e+00,  4.78542678e-04,  3.66295456e-07, -2.15342605e-04,
        0.00000000e+00, -9.57635440e-05,  6.07398548e-05,  1.48071616e-05,
       -1.79886962e-03,  1.49620830e-02, -5.96697395e-03, -1.98517363e-03,
        1.05424082e-02, -7.77792932e-03, -4.95053900e-04,  2.60459023e-03,
       -2.63812699e-03,  3.30153239e-04,  2.45113204e-04,  5.69220138e-04,
        0.00000000e+00,  4.95053900e-04,  5.13972373e-04,  4.49574992e-04,
        0.00000000e+00, -3.30153239e-04,  1.69112921e-04,  1.75581941e-06,
        1.06493160e-02, -2.85728350e-02,  1.43921698e-02,  1.23444232e-02,
        3.88875242e-03, -3.39788864e-03, -3.53695526e-04,  4.94470611e-03,
        7.79525141e-04,  2.14188142e-04, -1.21521479e-03,  1.64231967e-04,
        0.00000000e+00,  3.53695526e-04,  6.54582181e-04,  1.69018551e-05,
        0.00000000e+00, -2.14188142e-04, -2.83762103e-04,  6.30296658e-05,
       -8.63977232e-03, -5.21335928e-02,  2.77418594e-02, -1.03064505e-01,
       -4.71464601e-02,  3.75567356e-04,  3.50828069e-04, -1.38930299e-02,
        9.60674013e-03, -3.10234888e-04,  1.28278761e-03,  3.72948697e-04,
        0.00000000e+00, -3.50828069e-04,  4.71732875e-04, -2.52225189e-04,
        0.00000000e+00,  3.10234888e-04, -1.57909772e-04,  1.99693798e-04,
        5.06048288e-01, -5.75372363e-03,  1.80997844e-01,  1.40864557e-02,
       -1.58586799e-02,  9.74297342e-02,  1.89217805e-03, -1.24204758e-02,
       -1.37325076e-02,  1.92303212e-04, -1.89761648e-03, -4.40167581e-03,
        0.00000000e+00, -1.89217805e-03, -2.01992212e-03, -2.35152604e-04,
        0.00000000e+00, -1.92303212e-04,  1.13181948e-05,  1.56303459e-04,
        7.95706726e+00,  1.81181175e+00,  8.48333503e-03,  4.57495319e-02,
       -6.09195102e-02,  3.74158369e-02,  3.77468321e-02, -4.21365944e-02,
       -8.24089305e-02, -1.14918769e-02, -5.52474537e-03, -1.33747102e-03,
       -3.39184873e-03, -2.35474611e-03, -1.98107372e-03,  3.29314563e-04,
       -1.40780672e-03, -2.43113331e-04,  1.33747102e-03,  0.00000000e+00,
        9.44236196e-05, -1.23830735e-05,  2.99495980e-04, -3.29314563e-04,
        0.00000000e+00,  1.76639312e-01,  4.71812661e-02,  1.74258809e-01,
       -2.81935948e-01, -1.66560607e-02, -1.12315645e-01, -7.24522011e-03,
        2.83135062e-02,  1.82131906e-02, -6.04413666e-05,  7.41903203e-03,
        5.19223340e-04,  1.61636176e-03, -3.61201527e-03,  4.90358191e-03,
       -7.60979690e-05, -5.86285609e-04,  6.10469506e-04, -5.19223340e-04,
        0.00000000e+00,  8.47389949e-06,  8.40277253e-05, -4.28881889e-04,
        7.60979690e-05,  0.00000000e+00,  8.92549426e-03, -7.84340642e-02,
        2.08466632e-02,  6.15149115e-02,  6.43227432e-02, -3.07141855e-02,
       -9.63913048e-03,  1.09123879e-02,  4.96274547e-02,  8.37092849e-03,
        1.35961298e-02,  1.33016542e-03,  1.77561892e-03,  4.37308251e-03,
       -3.26569796e-04, -3.55776445e-04,  1.43601139e-03,  3.83381540e-04,
       -1.33016542e-03,  0.00000000e+00,  6.04831728e-05, -1.71454545e-04,
       -4.15934512e-05,  3.55776445e-04,  0.00000000e+00, -1.88303831e-02,
        2.48127102e-02, -1.68728392e-02, -1.44019940e-03,  1.96502955e-03,
       -6.19310287e-03,  7.97128743e-03, -4.97960205e-04,  1.72266934e-02,
       -7.74702577e-03, -5.71222197e-03, -2.95240104e-05,  1.05052443e-03,
        1.28363711e-03,  9.19023552e-04,  3.08926105e-04,  5.98462929e-04,
        2.61082563e-05,  2.95240104e-05,  0.00000000e+00, -1.44850916e-04,
       -2.63839106e-04, -1.13632867e-04, -3.08926105e-04,  0.00000000e+00,
        3.79629747e-04, -1.83682702e-03,  2.57943999e-03,  8.19514292e-03,
       -3.07880085e-03,  1.28056711e-03,  1.74781425e-03, -2.03294255e-03,
       -6.13600927e-03,  1.56781492e-03,  2.29721067e-03, -3.32322265e-04,
       -1.03423582e-03, -9.86992469e-04, -4.87648609e-04, -7.70868771e-05,
        2.38364728e-04, -1.37124754e-04,  3.32322265e-04,  0.00000000e+00,
        8.68808023e-05,  1.43308829e-04, -7.37887365e-05,  7.70868771e-05,
        0.00000000e+00,  9.98187228e-04, -4.83870649e-04, -5.76358438e-04,
        1.40021321e-03,  5.62761945e-04,  1.39143912e-03, -8.73827022e-04,
       -7.11276973e-04,  1.20133409e-04,  5.13651822e-04, -1.23983351e-03,
        2.26178376e-04,  4.41334425e-04, -8.12962959e-04, -1.48433394e-04,
       -9.57572530e-05, -5.92543117e-04, -1.51605608e-04, -2.26178376e-04,
        0.00000000e+00,  1.06638069e-05,  1.24026718e-04,  2.82999847e-05,
        9.57572530e-05,  0.00000000e+00,  7.72481486e-05, -7.54508867e-04,
        1.25958990e-04, -5.04299399e-05,  2.78017333e-04, -4.05839015e-04,
       -2.15041188e-04, -1.60569427e-05,  2.69441087e-04,  3.12987082e-04,
        3.11471889e-04, -2.07186816e-04,  8.04487297e-05,  1.96912860e-04,
       -3.59297527e-04, -5.02195458e-05,  1.63504451e-04,  9.43671254e-05,
        2.07186816e-04,  0.00000000e+00, -6.86146797e-05, -1.30425978e-04,
        8.98564390e-05,  5.02195458e-05,  0.00000000e+00,  8.27115912e-05,
        8.64467093e-05, -2.96929489e-05, -3.24117036e-04,  2.81648500e-05,
        6.52114036e-05, -1.27626666e-06,  1.62220928e-04, -2.00309391e-04,
       -1.87324755e-04, -3.07624978e-05,  2.54840847e-05, -6.62670645e-05,
        1.48513382e-04,  2.00382634e-04,  9.22057071e-05,  7.27131957e-05,
       -3.44489058e-05, -2.54840847e-05,  0.00000000e+00,  1.45246889e-05,
        1.33827253e-05, -7.32428881e-08, -9.22057071e-05,  0.00000000e+00,
       -1.25446244e-05,  4.79055767e-05,  1.76577593e-06,  1.01593114e-04,
       -1.94283875e-05,  6.01427259e-05,  6.02439406e-06, -9.97361848e-05,
        4.46435388e-05, -4.31354838e-05, -6.76083499e-05,  1.79705804e-06,
       -2.11189162e-06, -1.23905443e-05, -2.32438411e-05,  5.06250538e-06,
        1.46582947e-05,  7.46562396e-06, -1.79705804e-06,  0.00000000e+00,
        6.86634605e-06,  1.05336156e-05, -2.13996976e-05, -5.06250538e-06,
        0.00000000e+00], dtype=float64),
                   'Ra_n': Array([ 7.98981703e+00, -6.47260481e-03, -2.32754351e-02,  4.81836815e-03,
        6.69120629e-04,  2.70048025e-04, -4.12815439e-04,  1.91920027e-04,
        6.92231388e-07], dtype=float64),
                   'Rb_lmn': Array([ 0.00000000e+00,  0.00000000e+00,  0.00000000e+00,  0.00000000e+00,
        0.00000000e+00,  0.00000000e+00,  0.00000000e+00,  0.00000000e+00,
        0.00000000e+00,  0.00000000e+00,  0.00000000e+00,  0.00000000e+00,
        0.00000000e+00,  0.00000000e+00,  0.00000000e+00,  0.00000000e+00,
        0.00000000e+00,  0.00000000e+00,  0.00000000e+00,  0.00000000e+00,
        0.00000000e+00,  0.00000000e+00,  0.00000000e+00,  0.00000000e+00,
        0.00000000e+00,  0.00000000e+00,  0.00000000e+00,  0.00000000e+00,
        0.00000000e+00,  0.00000000e+00,  0.00000000e+00,  0.00000000e+00,
        0.00000000e+00,  0.00000000e+00,  0.00000000e+00,  0.00000000e+00,
        1.09566344e-02, -2.84841135e-03,  7.75512959e-03, -5.97259525e-03,
        0.00000000e+00,  0.00000000e+00,  0.00000000e+00,  0.00000000e+00,
        2.38977553e-03,  1.99914581e-02, -3.17434620e-02,  2.37901662e-02,
        0.00000000e+00,  0.00000000e+00,  0.00000000e+00,  0.00000000e+00,
       -4.60215823e-02,  1.43205623e-02, -5.11853829e-02, -1.02349763e-01,
        0.00000000e+00,  0.00000000e+00,  0.00000000e+00,  0.00000000e+00,
       -1.77449782e-02,  1.66557446e-01,  8.74306382e-02,  5.06167084e-01,
        8.00000000e+00,  1.73799256e+00,  1.24580828e-03,  3.16479782e-02,
       -8.40905082e-02,  0.00000000e+00,  0.00000000e+00,  0.00000000e+00,
        0.00000000e+00,  3.45277736e-01,  2.98784784e-02, -2.57150429e-01,
       -1.04286143e-01,  2.26878906e-02,  0.00000000e+00,  0.00000000e+00,
        0.00000000e+00,  0.00000000e+00,  2.19691290e-02, -4.30438112e-03,
        7.66289273e-02, -1.67346742e-02,  4.92592915e-02,  0.00000000e+00,
        0.00000000e+00,  0.00000000e+00,  0.00000000e+00, -2.68262614e-02,
        1.96291769e-02, -9.18361594e-04, -1.18792166e-02,  1.80320841e-02,
        0.00000000e+00,  0.00000000e+00,  0.00000000e+00,  0.00000000e+00,
        3.75952897e-03, -3.10944822e-03,  5.31851673e-03,  3.44065302e-03,
       -6.69744662e-03,  0.00000000e+00,  0.00000000e+00,  0.00000000e+00,
        0.00000000e+00,  0.00000000e+00,  0.00000000e+00,  0.00000000e+00,
        0.00000000e+00,  0.00000000e+00,  0.00000000e+00,  0.00000000e+00,
        0.00000000e+00,  0.00000000e+00,  0.00000000e+00,  0.00000000e+00,
        0.00000000e+00,  0.00000000e+00,  0.00000000e+00,  0.00000000e+00,
        0.00000000e+00,  0.00000000e+00,  0.00000000e+00,  0.00000000e+00,
        0.00000000e+00,  0.00000000e+00,  0.00000000e+00,  0.00000000e+00,
        0.00000000e+00,  0.00000000e+00,  0.00000000e+00,  0.00000000e+00,
        0.00000000e+00,  0.00000000e+00,  0.00000000e+00,  0.00000000e+00,
        0.00000000e+00,  0.00000000e+00,  0.00000000e+00,  0.00000000e+00,
        0.00000000e+00], dtype=float64),
                   'Te_l': Array([], shape=(0,), dtype=float64),
                   'Ti_l': Array([], shape=(0,), dtype=float64),
                   'Z_lmn': Array([ 1.80831415e-07,  4.42323800e-05, -2.16696814e-05,  4.23582256e-06,
       -1.59845630e-05,  3.30225707e-05,  7.46599652e-06, -2.93404845e-05,
       -1.72983489e-05, -7.20538960e-05, -3.35758453e-05, -5.91150262e-05,
        3.47339882e-05,  2.64874646e-05,  2.23263522e-05,  2.06324920e-06,
        4.38060790e-05,  5.53274598e-07,  5.91150262e-05,  0.00000000e+00,
       -2.07111347e-05, -1.38280268e-06, -5.02800325e-06, -2.06324920e-06,
        0.00000000e+00,  4.72743236e-05,  2.93719514e-04, -2.97693664e-05,
        4.37872055e-04, -1.30557945e-04,  7.31867779e-05, -9.14204386e-05,
       -5.44934886e-04,  2.26439530e-04, -2.19910575e-04, -2.69386123e-04,
        5.25246542e-05,  3.93349532e-05, -6.84738266e-06, -2.49020258e-04,
       -8.80603459e-05,  5.67490058e-05,  1.96199345e-04, -5.25246542e-05,
        0.00000000e+00,  3.45805282e-05,  1.13910213e-04,  2.25807276e-05,
        8.80603459e-05,  0.00000000e+00, -5.91185178e-05,  5.90580125e-06,
        5.04076732e-05, -8.13119726e-04, -4.40108599e-04, -4.09575664e-04,
       -1.15963972e-06,  4.64598551e-04,  8.49378870e-05,  3.00098233e-04,
        3.40952901e-04,  2.58515392e-04, -2.34611523e-05,  3.69588395e-04,
       -2.87187614e-05,  2.59125997e-05,  1.34104564e-04,  6.86227632e-05,
       -2.58515392e-04,  0.00000000e+00,  3.33316366e-05, -2.10672195e-05,
       -5.62191256e-05, -2.59125997e-05,  0.00000000e+00, -1.11172768e-04,
       -3.01690414e-03,  4.64127965e-05, -2.73290502e-03,  3.67621243e-03,
       -8.36864886e-04,  4.49838640e-04,  2.25412036e-03, -9.68166141e-04,
       -7.94463618e-04,  7.21864098e-04, -1.94344687e-04, -3.50948757e-04,
        5.06109231e-04,  7.21944202e-04,  6.45018410e-05,  1.35155332e-04,
        1.15000788e-04,  1.94344687e-04,  0.00000000e+00, -3.41299120e-05,
       -2.73245696e-05,  2.46221939e-04, -6.45018410e-05,  0.00000000e+00,
        2.11838977e-03,  1.05585300e-02, -7.96036232e-04,  1.31163238e-03,
       -7.00899559e-03,  3.55115552e-03, -4.52153515e-03, -4.61441579e-03,
       -7.76696456e-03, -2.90703657e-03,  1.00048232e-03, -1.17061140e-03,
        6.56993293e-04, -2.63847315e-04, -3.15006092e-03,  4.40720757e-04,
        6.70996040e-05,  8.43527311e-06,  1.17061140e-03,  0.00000000e+00,
       -2.86800167e-04,  3.59101266e-05,  6.63703797e-05, -4.40720757e-04,
        0.00000000e+00,  8.66653909e-03, -2.12713194e-02,  2.35101569e-03,
        2.95061219e-02,  9.44658606e-03, -8.19231218e-03, -7.83678839e-03,
       -4.89350233e-03, -1.26149360e-02,  1.20340955e-03, -8.30294318e-04,
       -2.25705283e-04,  1.24188374e-03, -7.81664198e-04,  2.43343034e-03,
       -9.62170063e-06, -6.30961251e-04,  9.87535102e-04,  2.25705283e-04,
        0.00000000e+00,  7.58031816e-05,  5.89078456e-05, -1.82944908e-04,
        9.62170063e-06,  0.00000000e+00, -4.52544044e-02,  1.30217299e-01,
       -3.26578445e-02,  2.81106153e-02, -5.13735970e-02,  2.43589278e-02,
        2.40851696e-02, -5.92802173e-03, -5.43593441e-02,  9.87001618e-03,
       -1.54043601e-02,  1.35511660e-03, -4.47342337e-03, -6.82369110e-05,
       -1.39453283e-03, -4.25412429e-04, -1.16962490e-03,  2.96596099e-04,
       -1.35511660e-03,  0.00000000e+00,  6.45174760e-05, -3.00842843e-04,
       -3.91415470e-05,  4.25412429e-04,  0.00000000e+00,  1.00489973e+00,
       -5.92131252e-01,  9.73073657e-02,  2.64923055e-01,  2.37612672e-01,
        3.16039442e-01,  5.82841197e-02,  1.28590689e-01, -3.73152013e-02,
       -7.47869927e-03, -9.41538241e-03,  4.57622853e-04,  4.79584100e-04,
       -1.79454158e-03,  5.67435901e-03,  2.65589029e-04,  5.45502761e-04,
       -1.48298754e-03, -4.57622853e-04,  0.00000000e+00, -3.91362750e-04,
       -1.58196071e-05, -6.72914268e-05, -2.65589029e-04,  0.00000000e+00,
       -1.85569779e+00, -3.48321680e-01,  5.95128760e-02, -7.25926661e-03,
        5.47886232e-02,  6.64759063e-02,  4.82634892e-05,  1.15897039e-02,
       -7.02834907e-03, -2.42237434e-04,  5.42778460e-04, -4.00818627e-04,
        0.00000000e+00, -4.82634892e-05, -2.56080600e-04,  3.16654414e-04,
        0.00000000e+00,  2.42237434e-04,  4.68952254e-05, -2.99956619e-04,
       -4.75681284e-03,  3.93095767e-01,  9.62829905e-02, -1.51960060e-02,
        7.96613453e-02,  1.82883263e-02,  9.62851713e-04, -7.45619832e-03,
        8.93703804e-03,  2.44105280e-04, -1.79325582e-03, -5.00913326e-03,
        0.00000000e+00, -9.62851713e-04, -6.60300003e-04, -1.12343374e-03,
        0.00000000e+00, -2.44105280e-04, -5.64832537e-04, -5.03869174e-05,
       -2.67180860e-02,  7.51614108e-02,  6.32518352e-02,  3.50468681e-02,
       -8.14434785e-02, -3.18774096e-02, -1.70344250e-03, -8.11942306e-03,
       -4.19777420e-03,  1.64783864e-04, -9.92882277e-04,  4.42153513e-04,
        0.00000000e+00,  1.70344250e-03, -6.09704773e-04, -6.34319946e-04,
        0.00000000e+00, -1.64783864e-04,  2.56470107e-04,  1.51237521e-04,
        1.44564329e-02, -5.07587658e-03, -1.34844347e-02, -1.73941714e-02,
       -2.43497680e-02,  1.09251981e-02, -5.09107711e-04,  1.11033617e-03,
       -2.81536774e-03, -1.15915505e-04, -1.44268859e-03,  2.98848508e-03,
        0.00000000e+00,  5.09107711e-04, -5.22724284e-04, -1.64698540e-04,
        0.00000000e+00,  1.15915505e-04,  1.25743279e-04, -5.82749346e-05,
        8.49232790e-04, -3.09254470e-03, -3.09235307e-05,  5.05206007e-03,
       -4.89538932e-04, -4.53164689e-04,  3.65380777e-04, -2.07907953e-03,
       -5.41710444e-04, -8.67846059e-05, -5.61883542e-04,  2.91900266e-05,
        0.00000000e+00, -3.65380777e-04,  3.00209292e-04,  9.10032749e-04,
        0.00000000e+00,  8.67846059e-05,  8.95199628e-05, -3.12366480e-04,
       -2.65319655e-04, -7.56974589e-04, -2.57873247e-03, -1.07018652e-03,
       -6.06451033e-04, -1.48925473e-04,  6.40614086e-05,  2.10467487e-03,
        1.32192929e-03,  8.29284787e-05,  5.82497989e-04,  7.41543811e-04,
        0.00000000e+00, -6.40614086e-05,  4.74057603e-04,  1.35768804e-05,
        0.00000000e+00, -8.29284787e-05,  2.39530442e-05,  1.64356251e-04,
       -7.99248682e-04, -4.54204032e-04, -2.81713156e-04,  8.97869752e-04,
        3.54419772e-04,  2.82818452e-04,  1.62975128e-04,  2.88399961e-04,
       -9.20355679e-05,  1.99466419e-04, -1.83142197e-04,  1.63208973e-05,
        0.00000000e+00, -1.62975128e-04, -6.68680466e-06, -6.58550231e-06,
        0.00000000e+00, -1.99466419e-04, -1.71277575e-04,  1.55064682e-04,
        7.20860266e-05,  4.35961322e-05,  3.71161757e-05, -8.54921559e-05,
        1.61911731e-04, -1.03978674e-04,  3.86533809e-05, -6.60601787e-05,
        1.01839512e-06, -1.10262957e-04, -2.11781394e-04,  8.46183033e-05,
        0.00000000e+00, -3.86533809e-05,  2.89440030e-05,  1.23877341e-05,
        0.00000000e+00,  1.10262957e-04,  4.98696636e-05, -2.42357618e-05,
       -4.86949081e-05,  3.59002951e-08,  1.35697864e-05,  7.94073342e-06,
       -1.75339978e-05,  6.44321684e-07, -1.03090225e-05, -3.69191676e-05,
        1.58580722e-05, -2.37861457e-05,  1.29330292e-05,  6.37426978e-06,
        0.00000000e+00,  1.03090225e-05,  2.33493812e-05,  2.48961026e-05,
        0.00000000e+00,  2.37861457e-05,  4.60096861e-06, -7.05449176e-06],      dtype=float64),
                   'Za_n': Array([-2.61286136e-05, -1.91311736e-05, -5.38930418e-05,  6.09071921e-04,
       -2.55090261e-03, -2.68734556e-03,  1.60265506e-02,  9.65005540e-01],      dtype=float64),
                   'Zb_lmn': Array([ 0.00000000e+00,  0.00000000e+00,  0.00000000e+00,  0.00000000e+00,
        0.00000000e+00,  0.00000000e+00,  0.00000000e+00,  0.00000000e+00,
        0.00000000e+00,  0.00000000e+00,  0.00000000e+00,  0.00000000e+00,
        0.00000000e+00,  0.00000000e+00,  0.00000000e+00,  0.00000000e+00,
        0.00000000e+00,  0.00000000e+00,  0.00000000e+00,  0.00000000e+00,
        0.00000000e+00,  0.00000000e+00,  0.00000000e+00,  0.00000000e+00,
        0.00000000e+00,  0.00000000e+00,  0.00000000e+00,  0.00000000e+00,
        0.00000000e+00,  0.00000000e+00,  0.00000000e+00,  0.00000000e+00,
        0.00000000e+00,  0.00000000e+00,  0.00000000e+00,  0.00000000e+00,
       -2.82898849e-03,  7.09597439e-04, -3.53072061e-03,  4.56007312e-03,
       -1.08506551e-02,  0.00000000e+00,  0.00000000e+00,  0.00000000e+00,
        0.00000000e+00,  4.49845332e-03, -1.12522850e-02,  2.38898632e-02,
       -8.03507140e-03, -1.03644506e-02,  0.00000000e+00,  0.00000000e+00,
        0.00000000e+00,  0.00000000e+00, -5.82359852e-02,  8.75440933e-02,
        2.18135138e-02,  9.25116375e-03, -5.57930185e-02,  0.00000000e+00,
        0.00000000e+00,  0.00000000e+00,  0.00000000e+00,  1.16057944e+00,
       -3.61451776e-01,  3.91703383e-01,  3.05141072e-01, -3.17081338e-02,
        0.00000000e+00,  0.00000000e+00,  0.00000000e+00,  0.00000000e+00,
        0.00000000e+00,  0.00000000e+00,  0.00000000e+00,  0.00000000e+00,
        5.53782968e-02,  7.08464993e-02, -2.82546549e-01, -1.86966875e+00,
        0.00000000e+00,  0.00000000e+00,  0.00000000e+00,  0.00000000e+00,
        7.73032569e-02,  8.81664922e-02,  4.06324573e-01, -1.21392146e-02,
        0.00000000e+00,  0.00000000e+00,  0.00000000e+00,  0.00000000e+00,
       -8.21798907e-02,  5.45227074e-02,  4.38773922e-02,  3.49668792e-03,
        0.00000000e+00,  0.00000000e+00,  0.00000000e+00,  0.00000000e+00,
       -2.56667134e-02, -1.28968229e-02,  8.77953171e-03, -5.91780481e-03,
        0.00000000e+00,  0.00000000e+00,  0.00000000e+00,  0.00000000e+00,
       -9.61902511e-04, -1.80979376e-03, -3.82888584e-03,  6.26961517e-03,
        0.00000000e+00,  0.00000000e+00,  0.00000000e+00,  0.00000000e+00,
        0.00000000e+00,  0.00000000e+00,  0.00000000e+00,  0.00000000e+00,
        0.00000000e+00,  0.00000000e+00,  0.00000000e+00,  0.00000000e+00,
        0.00000000e+00,  0.00000000e+00,  0.00000000e+00,  0.00000000e+00,
        0.00000000e+00,  0.00000000e+00,  0.00000000e+00,  0.00000000e+00,
        0.00000000e+00,  0.00000000e+00,  0.00000000e+00,  0.00000000e+00,
        0.00000000e+00,  0.00000000e+00,  0.00000000e+00,  0.00000000e+00,
        0.00000000e+00,  0.00000000e+00,  0.00000000e+00,  0.00000000e+00],      dtype=float64),
                   'Zeff_l': Array([], shape=(0,), dtype=float64),
                   'a_lmn': Array([], shape=(0,), dtype=float64),
                   'c_l': Array([0., 0., 0., 0., 0.], dtype=float64),
                   'i_l': Array([], shape=(0,), dtype=float64),
                   'ne_l': Array([], shape=(0,), dtype=float64),
                   'ni_l': Array([], shape=(0,), dtype=float64),
                   'p_l': Array([0., 0., 0., 0., 0.], dtype=float64)}],
               [ { 'G': Array([], shape=(0,), dtype=float64),
                   'I': Array([], shape=(0,), dtype=float64),
                   'L_lmn': Array([ 5.93607920e-06,  6.15385496e-07, -1.17361779e-05, -3.44785002e-06,
        1.93036282e-05,  6.79094480e-05,  3.65095534e-05, -1.29801366e-05,
       -4.33631992e-05, -1.86683474e-05,  5.96042531e-06,  1.52409169e-05,
       -1.00381721e-05,  7.13481393e-06, -1.27580375e-05, -1.34815606e-05,
       -4.10766954e-05, -3.85550461e-05,  1.68982901e-05, -8.05799895e-06,
        2.03110578e-05, -1.21464643e-07, -5.60835443e-05, -2.54542352e-05,
        5.32617240e-07, -9.53383490e-05, -2.69864125e-04,  5.15330648e-05,
       -2.09527529e-04,  4.10105164e-04, -1.18619302e-04,  2.44680711e-05,
        3.77922708e-04,  5.89655010e-05, -4.26021935e-05,  8.34767938e-05,
        6.56730652e-05, -4.79913620e-05, -4.31709320e-05,  1.39474006e-06,
        2.34660699e-05,  6.10614145e-05,  1.97096575e-05, -1.10401948e-04,
       -3.24088669e-05, -5.20109347e-05, -7.53285638e-05,  5.39658884e-05,
       -1.58166289e-06, -7.85161260e-06,  3.01525197e-04, -1.27945795e-04,
       -1.67702309e-04,  3.74904302e-04,  2.04157286e-04,  5.77438605e-05,
        1.21324065e-04,  4.40418079e-05, -1.61428959e-04, -3.88977957e-04,
       -9.68391587e-05,  2.08801893e-04,  6.26854637e-05, -2.05065993e-04,
        1.31910593e-04, -2.66205301e-05,  4.70819227e-06,  3.12962804e-05,
       -1.45058718e-05,  1.05937713e-04, -9.47254916e-05,  4.94370315e-05,
       -2.53995292e-06, -6.37514735e-05, -3.28612218e-05,  9.92329630e-04,
        3.28981249e-03, -2.74589009e-03, -2.24079596e-05, -2.41264425e-03,
        9.04141582e-04,  1.10049778e-03, -9.43412199e-04,  1.63351382e-04,
        2.32256527e-04,  3.02718497e-05,  2.13118559e-05,  2.09953689e-04,
       -2.12276898e-04, -2.14822842e-04,  8.15009988e-05, -2.54610155e-04,
       -1.33866117e-04,  5.85603957e-05,  4.75249951e-05,  1.51904104e-04,
        1.12119137e-04, -1.40754914e-04,  1.17753024e-04,  1.30788117e-06,
       -4.45739711e-03, -9.73504527e-03,  4.08931471e-03,  1.77068812e-03,
        6.41288195e-03, -1.26790049e-03,  2.83402080e-03,  2.96138793e-05,
        1.73567904e-03,  7.22113698e-05,  8.47253272e-04,  1.68801194e-03,
       -7.12021536e-04, -4.95234041e-04,  1.85496983e-04, -2.30026034e-04,
        6.80242518e-04, -2.10384935e-04,  1.24581042e-05,  2.12150134e-04,
        3.72920262e-05,  1.96466224e-06,  1.26911706e-04,  1.02395428e-04,
        1.61208592e-04, -3.16217752e-04, -2.06464797e-03, -9.68162749e-03,
       -8.14153964e-03,  1.57848280e-02, -2.43648219e-03, -1.18623957e-03,
       -2.50945577e-03,  3.98111455e-03, -4.23949278e-03,  4.54289493e-04,
        1.57024061e-04,  1.69185004e-03,  2.56836661e-03,  2.03982922e-03,
        4.92498266e-04, -4.70771637e-04, -3.59152047e-04,  9.01626115e-05,
        2.13958647e-04, -5.31830304e-04, -9.96970447e-04, -1.92824330e-04,
        6.07933044e-05, -2.71682868e-05, -4.15032464e-02,  8.64637671e-03,
        7.24330534e-02, -3.62963602e-02, -2.69345890e-02,  2.45711743e-02,
       -7.08199599e-03,  7.01067309e-03, -3.71177629e-03,  1.03607790e-02,
       -2.64568835e-03, -1.06375956e-02, -9.27500640e-04, -3.93985914e-03,
        5.30414208e-04,  2.08876316e-03, -1.95568372e-03, -1.91240221e-04,
       -3.99420571e-04, -3.03662776e-04, -1.69110657e-04,  1.34966127e-04,
        6.79650523e-04, -2.91905886e-04, -1.10347479e-04,  1.71720617e-01,
       -1.17028783e-01, -1.30447992e-01, -2.75519068e-01, -1.39504765e-01,
        3.31839953e-02,  1.17560308e-02,  9.92367882e-03,  5.12157448e-03,
       -1.52472619e-02, -1.18391016e-02, -8.00765215e-03, -3.93797577e-03,
       -1.09906688e-02,  7.53183709e-04, -1.74454471e-03,  2.62054418e-03,
        4.93334975e-03,  2.29567459e-03, -3.37787631e-04,  2.53432104e-03,
        1.85574056e-03,  2.86557226e-05, -3.79277478e-04, -7.28287444e-04,
        4.22978740e-01, -9.30399177e-02, -6.51559827e-02,  3.70863339e-02,
       -8.14646285e-03, -1.92200027e-02,  7.04271951e-03,  6.75566633e-03,
        1.17802663e-02, -9.73887582e-04, -1.28319382e-03, -2.10430581e-03,
        3.30998357e-04,  1.06078958e-03, -8.07405161e-04, -2.87261157e-03,
        2.06396651e-05,  3.37862371e-04,  6.32681806e-04,  7.28119030e-04,
       -3.71430635e-01, -1.13604458e-01, -1.13521615e-02, -2.89180384e-03,
       -2.77198254e-04, -7.59540873e-03, -3.44164408e-03,  3.68121116e-03,
        6.99652388e-04,  2.89996323e-04, -3.96077449e-03,  3.69184099e-03,
       -4.79827138e-04, -1.86592917e-04, -2.94124971e-04, -5.58845762e-04,
       -2.22346238e-04,  3.95560350e-04,  5.07155598e-04, -4.51360264e-04,
       -1.72781105e-02, -6.01136950e-02,  4.01939510e-02,  2.48733691e-02,
        8.87568047e-04,  4.25240671e-03, -8.83191357e-03, -9.15153652e-03,
       -4.75250170e-03, -1.13898977e-03,  1.96796326e-03,  2.36079227e-04,
        2.20631177e-04, -1.07223572e-04,  1.10010777e-03,  3.76474792e-03,
       -1.55618040e-04, -5.91450303e-05, -8.74765247e-04, -5.17987713e-04,
        7.96225400e-03,  2.84537177e-03,  1.32576943e-02, -5.11988259e-03,
        5.42585309e-03,  1.65926779e-05, -1.98026990e-03,  2.46255677e-04,
        3.35307214e-05,  9.13538414e-04,  2.67023730e-03, -6.50614051e-04,
       -4.15606833e-04, -7.79556527e-04,  6.01867988e-05, -4.16651608e-04,
        2.44401138e-04, -6.00342899e-04, -1.14764590e-04,  2.32455581e-04,
        1.35765071e-03, -1.85192001e-03, -2.22906565e-03, -2.71505568e-03,
       -9.14705150e-04,  3.05639886e-03,  1.60009523e-03, -2.08922954e-04,
       -7.13133786e-04, -1.42347539e-04,  3.15408835e-05, -9.41003934e-04,
        3.88352425e-04,  1.60119432e-04,  3.09331850e-04,  2.37480895e-04,
       -1.17791804e-04,  1.49300331e-04,  1.97949400e-04,  3.17374503e-04,
        6.20198976e-04,  1.26333110e-03,  7.25281342e-04,  6.79303031e-04,
       -4.53804440e-04, -1.76714112e-03,  2.57439947e-04,  1.36864938e-04,
       -9.33037718e-04,  4.42755296e-05, -3.25445912e-05,  2.49442976e-04,
       -4.52025594e-05, -4.36753618e-05, -5.19103543e-04, -2.76703455e-04,
        2.77237691e-05,  1.20028493e-04,  2.16152896e-04,  3.46144570e-05,
       -2.37707206e-04,  3.70639997e-04, -1.92651469e-04,  3.54781686e-04,
        1.58219193e-04, -1.53264566e-04, -2.67638033e-04, -3.00885830e-04,
        1.04595842e-06,  3.36406723e-05,  1.03025371e-04, -2.33156425e-04,
        5.35137863e-05,  1.18302160e-04,  2.63870303e-04,  1.26929177e-04,
        7.03808850e-08, -3.94328680e-05, -1.51722850e-04, -2.09968468e-04,
       -5.60606720e-05, -9.66594724e-05,  1.24507990e-04, -4.43566970e-06,
       -1.13720666e-04, -8.05660443e-05,  1.95097767e-04,  1.27168986e-04,
        1.27795087e-04, -2.11626827e-05, -3.85530252e-05,  1.07356588e-05,
        1.13496553e-05, -6.08159067e-05, -1.61915269e-04, -9.22705375e-05,
        6.09920710e-06,  5.83633524e-06,  1.75856757e-05,  4.60423721e-05,
       -2.49010121e-05,  1.15432989e-04, -2.45723095e-05, -5.43729918e-05,
       -3.89259979e-06, -2.29003215e-05,  2.55335397e-06, -4.92757261e-05,
       -6.61404382e-05, -1.15993745e-05,  5.26257881e-05,  2.33309447e-05,
        2.29526654e-05,  2.06783819e-06,  9.10766720e-06,  2.22393096e-05,
       -7.57148797e-06, -2.91319147e-05, -6.94793052e-06, -5.77311320e-05],      dtype=float64),
                   'Phi_mn': Array([], shape=(0,), dtype=float64),
                   'Psi': Array([50.], dtype=float64),
                   'R_lmn': Array([-8.07384165e-06, -2.02622484e-05, -1.02502229e-05, -1.77872275e-05,
       -6.41433553e-05,  3.84622595e-05, -4.56614719e-06,  1.48271656e-05,
        4.17946589e-06,  1.47695548e-05,  5.85018973e-05, -1.79137299e-05,
        0.00000000e+00,  4.56614719e-06, -4.57694266e-06,  2.16816032e-05,
        0.00000000e+00, -1.47695548e-05,  5.64145804e-06, -2.86281291e-07,
        3.18456191e-05,  1.75905204e-04,  2.78766839e-04, -1.69589115e-04,
        1.34297165e-04, -1.96721527e-04, -1.34171092e-06, -3.58289967e-04,
        1.10002781e-04, -1.05111759e-04, -1.28883338e-04,  7.64627763e-05,
        0.00000000e+00,  1.34171092e-06,  7.95231280e-05,  2.77407143e-05,
        0.00000000e+00,  1.05111759e-04, -5.41382659e-06, -5.56464530e-05,
       -2.34194699e-04, -3.87209162e-05,  1.94605614e-04,  8.74506041e-04,
       -1.41596410e-04, -4.14445486e-04,  2.37677360e-04, -1.69474008e-04,
       -4.48213980e-04, -2.63106749e-05,  1.84744837e-04,  4.61776628e-04,
        0.00000000e+00, -2.37677360e-04, -2.51316057e-05, -1.92097362e-04,
        0.00000000e+00,  2.63106749e-05, -4.31484273e-05, -8.61022551e-06,
        4.40146541e-04, -2.54721470e-03, -1.09941156e-03,  1.12992157e-03,
        9.19774023e-05,  3.11697285e-03, -5.26166124e-04,  1.20187386e-03,
       -1.34896976e-03,  9.78874113e-05, -1.86472889e-04, -6.07282340e-04,
        0.00000000e+00,  5.26166124e-04, -1.02462303e-04, -2.21098355e-04,
        0.00000000e+00, -9.78874113e-05,  9.44954863e-05,  3.75241934e-05,
       -2.31468057e-03,  1.58949383e-02, -4.98910975e-03, -1.84552602e-03,
        1.00792443e-02, -6.95445487e-03, -4.64331462e-04,  2.28114098e-03,
       -2.26747472e-03,  3.05096827e-04,  3.77915539e-04,  2.98283743e-04,
        0.00000000e+00,  4.64331462e-04,  4.70505486e-04,  3.89651635e-04,
        0.00000000e+00, -3.05096827e-04,  1.12712086e-04, -1.89695071e-05,
        1.67059284e-02, -2.87440517e-02,  1.35496614e-02,  8.22167887e-03,
        4.47618836e-03, -5.37657943e-03, -1.79462659e-04,  4.27232104e-03,
        9.88136362e-04,  2.31466021e-04, -1.20321224e-03,  3.38583380e-04,
        0.00000000e+00,  1.79462659e-04,  7.69739982e-04,  1.86685798e-05,
        0.00000000e+00, -2.31466021e-04, -2.96539631e-04,  6.67697058e-05,
       -1.51253683e-02, -5.00930337e-02,  2.85227055e-02, -9.73657484e-02,
       -4.82146582e-02,  8.88002630e-04,  2.36062171e-04, -1.40101238e-02,
        9.25895555e-03, -2.79945431e-04,  1.28572731e-03,  1.01674006e-04,
        0.00000000e+00, -2.36062171e-04,  4.07945219e-04, -1.11799468e-04,
        0.00000000e+00,  2.79945431e-04, -1.44113520e-04,  2.13121343e-04,
        5.03801006e-01, -4.88566103e-03,  1.75671108e-01,  2.38732727e-02,
       -1.27046969e-02,  9.75794007e-02,  2.01436685e-03, -1.23128235e-02,
       -1.37820012e-02,  1.20799828e-04, -2.24277830e-03, -4.21473628e-03,
        0.00000000e+00, -2.01436685e-03, -2.08896095e-03, -3.61262715e-04,
        0.00000000e+00, -1.20799828e-04,  2.79898052e-05,  2.17190826e-04,
        7.95360646e+00,  1.83008102e+00,  1.43628268e-02,  3.63813249e-02,
       -6.79216929e-02,  3.59647291e-02,  3.52166521e-02, -3.69310678e-02,
       -8.28267758e-02, -1.25343847e-02, -5.70566015e-03, -1.27731715e-03,
       -3.31150507e-03, -3.15420246e-03, -1.77201282e-03,  3.39493316e-04,
       -1.45301836e-03, -1.83973066e-04,  1.27731715e-03,  0.00000000e+00,
        1.25561999e-04,  5.05252219e-05,  2.59064939e-04, -3.39493316e-04,
        0.00000000e+00,  1.41745869e-01,  5.30341925e-02,  1.77395964e-01,
       -2.86354437e-01, -2.12514873e-02, -9.87524330e-02, -9.06636906e-03,
        3.31404234e-02,  1.20078976e-02,  1.05093211e-03,  4.97342909e-03,
        6.73644726e-04,  1.28976826e-03, -3.75134628e-03,  4.29983096e-03,
        1.54615198e-05, -6.84747750e-04,  6.85530606e-04, -6.73644726e-04,
        0.00000000e+00,  2.52206960e-05,  7.64770447e-05, -3.85226592e-04,
       -1.54615198e-05,  0.00000000e+00,  1.05503677e-02, -8.05003758e-02,
        2.14706156e-02,  5.80033053e-02,  6.60343988e-02, -2.60467327e-02,
       -8.61883533e-03,  1.12305704e-02,  4.28711717e-02,  8.37099784e-03,
        1.21452507e-02,  1.27638108e-03,  2.13721191e-03,  4.62733794e-03,
        1.19232993e-04, -3.47620624e-04,  1.27596622e-03,  4.18429287e-04,
       -1.27638108e-03,  0.00000000e+00, -1.07977508e-05, -2.94228022e-04,
       -5.21233707e-05,  3.47620624e-04,  0.00000000e+00, -1.90350749e-02,
        2.77711212e-02, -1.74134623e-02, -1.02975147e-03,  1.73792746e-03,
       -7.28148569e-03,  7.95702407e-03, -4.35346060e-04,  1.72658764e-02,
       -7.70505934e-03, -5.10144657e-03, -3.15506073e-05,  1.10972805e-03,
        1.30796042e-03,  4.35779179e-04,  2.73401810e-04,  5.84029070e-04,
        3.06885331e-05,  3.15506073e-05,  0.00000000e+00, -1.43852329e-04,
       -2.60570878e-04, -8.90263697e-05, -2.73401810e-04,  0.00000000e+00,
        3.44837377e-04, -1.43250019e-03,  2.82061265e-03,  7.56386836e-03,
       -3.15563739e-03,  1.33238371e-03,  1.63370475e-03, -2.11505000e-03,
       -5.96273112e-03,  1.54107317e-03,  2.20172689e-03, -3.95976843e-04,
       -1.04997646e-03, -1.11692890e-03, -5.62101874e-04, -6.16891559e-05,
        1.98710591e-04, -1.46072858e-04,  3.95976843e-04,  0.00000000e+00,
        1.13466600e-04,  1.83798132e-04, -8.26545519e-05,  6.16891559e-05,
        0.00000000e+00,  1.18240045e-03, -1.50091680e-04, -6.35509119e-04,
        1.06256135e-03,  2.55329958e-04,  1.18111645e-03, -1.02508956e-03,
       -2.27824855e-04, -7.76751933e-05,  4.99149290e-04, -1.09486998e-03,
        2.22161053e-04,  4.77349990e-04, -9.53823212e-04,  6.50865049e-05,
       -8.75790662e-05, -6.04387568e-04, -8.62464626e-05, -2.22161053e-04,
        0.00000000e+00,  8.48240522e-07,  1.19086718e-04,  1.25886884e-05,
        8.75790662e-05,  0.00000000e+00,  1.52908722e-04, -8.39701244e-04,
        1.61107166e-04, -9.18756915e-05,  3.48576816e-04, -2.55200071e-04,
       -3.03327197e-04,  7.40647817e-05,  2.08465905e-04,  3.32971001e-04,
        2.12959213e-04, -1.79504567e-04,  5.86388071e-05,  1.68558423e-04,
       -3.15515233e-04, -6.52618128e-05,  1.58153427e-04,  4.22408582e-05,
        1.79504567e-04,  0.00000000e+00, -6.93274979e-05, -1.50747514e-04,
        1.07049328e-04,  6.52618128e-05,  0.00000000e+00,  8.71890995e-05,
        5.78179038e-05, -3.48507936e-05, -3.18737146e-04,  6.00756235e-05,
        1.56304967e-04,  2.48425029e-06,  1.29783789e-04, -1.54366630e-04,
       -1.84590679e-04, -1.13943396e-04,  2.63013878e-05, -6.52430825e-05,
        1.90245173e-04,  1.43159079e-04,  9.77540343e-05,  6.66971522e-05,
       -4.23615715e-05, -2.63013878e-05,  0.00000000e+00,  1.04205262e-05,
       -1.29181636e-06,  1.12075504e-05, -9.77540343e-05,  0.00000000e+00,
       -1.59876547e-05,  3.78987658e-05,  7.25955611e-07,  1.01078742e-04,
       -8.34392747e-06,  5.18688537e-05,  8.51527486e-06, -9.35884857e-05,
        4.16588271e-05, -4.31689342e-05, -5.72901236e-05, -1.03589969e-05,
        2.53769167e-07, -2.43438765e-05, -2.73854430e-05, -1.83208401e-06,
        1.36140959e-05,  5.42126987e-06,  1.03589969e-05,  0.00000000e+00,
        6.49265510e-06,  1.68536199e-05, -1.42733840e-05,  1.83208401e-06,
        0.00000000e+00], dtype=float64),
                   'Ra_n': Array([ 7.97789736e+00, -4.59810119e-02, -2.16870929e-02,  5.08183106e-03,
        3.21372544e-04,  3.16318259e-04, -4.39491945e-04,  2.00187752e-04,
       -1.95944956e-06], dtype=float64),
                   'Rb_lmn': Array([ 0.00000000e+00,  0.00000000e+00,  0.00000000e+00,  0.00000000e+00,
        0.00000000e+00,  0.00000000e+00,  0.00000000e+00,  0.00000000e+00,
        0.00000000e+00,  0.00000000e+00,  0.00000000e+00,  0.00000000e+00,
        0.00000000e+00,  0.00000000e+00,  0.00000000e+00,  0.00000000e+00,
        0.00000000e+00,  0.00000000e+00,  0.00000000e+00,  0.00000000e+00,
        0.00000000e+00,  0.00000000e+00,  0.00000000e+00,  0.00000000e+00,
        0.00000000e+00,  0.00000000e+00,  0.00000000e+00,  0.00000000e+00,
        0.00000000e+00,  0.00000000e+00,  0.00000000e+00,  0.00000000e+00,
        0.00000000e+00,  0.00000000e+00,  0.00000000e+00,  0.00000000e+00,
        1.05698719e-02, -2.23746328e-03,  9.21979764e-03, -6.03802968e-03,
        0.00000000e+00,  0.00000000e+00,  0.00000000e+00,  0.00000000e+00,
        2.97643649e-03,  1.85917224e-02, -3.37152780e-02,  2.59344123e-02,
        0.00000000e+00,  0.00000000e+00,  0.00000000e+00,  0.00000000e+00,
       -4.70730444e-02,  1.49205269e-02, -4.88902358e-02, -1.03343961e-01,
        0.00000000e+00,  0.00000000e+00,  0.00000000e+00,  0.00000000e+00,
       -1.49194854e-02,  1.61269324e-01,  8.86961942e-02,  5.13531014e-01,
        8.00000000e+00,  1.74817192e+00, -3.65342007e-03,  3.00750959e-02,
       -8.43397237e-02,  0.00000000e+00,  0.00000000e+00,  0.00000000e+00,
        0.00000000e+00,  3.11390453e-01,  3.21488895e-02, -2.56888883e-01,
       -9.30934733e-02,  1.59225020e-02,  0.00000000e+00,  0.00000000e+00,
        0.00000000e+00,  0.00000000e+00,  2.55285622e-02, -4.81901292e-03,
        7.35669856e-02, -1.34830527e-02,  4.29382813e-02,  0.00000000e+00,
        0.00000000e+00,  0.00000000e+00,  0.00000000e+00, -2.75256374e-02,
        2.23880183e-02, -4.17707986e-04, -1.23522437e-02,  1.76126292e-02,
        0.00000000e+00,  0.00000000e+00,  0.00000000e+00,  0.00000000e+00,
        3.86264491e-03, -2.84835382e-03,  4.51568759e-03,  3.38803774e-03,
       -6.60748755e-03,  0.00000000e+00,  0.00000000e+00,  0.00000000e+00,
        0.00000000e+00,  0.00000000e+00,  0.00000000e+00,  0.00000000e+00,
        0.00000000e+00,  0.00000000e+00,  0.00000000e+00,  0.00000000e+00,
        0.00000000e+00,  0.00000000e+00,  0.00000000e+00,  0.00000000e+00,
        0.00000000e+00,  0.00000000e+00,  0.00000000e+00,  0.00000000e+00,
        0.00000000e+00,  0.00000000e+00,  0.00000000e+00,  0.00000000e+00,
        0.00000000e+00,  0.00000000e+00,  0.00000000e+00,  0.00000000e+00,
        0.00000000e+00,  0.00000000e+00,  0.00000000e+00,  0.00000000e+00,
        0.00000000e+00,  0.00000000e+00,  0.00000000e+00,  0.00000000e+00,
        0.00000000e+00,  0.00000000e+00,  0.00000000e+00,  0.00000000e+00,
        0.00000000e+00], dtype=float64),
                   'Te_l': Array([], shape=(0,), dtype=float64),
                   'Ti_l': Array([], shape=(0,), dtype=float64),
                   'Z_lmn': Array([-8.03507897e-06,  4.04612637e-05, -3.01602368e-05,  5.26376377e-06,
       -2.21963687e-05,  1.05908445e-05,  1.32322721e-05, -3.59437351e-05,
       -1.29217300e-05, -6.82215177e-05, -1.04591048e-05, -5.93538759e-05,
        4.79172201e-05,  3.42362626e-05,  2.01971201e-05,  4.50387832e-06,
        4.99566227e-05, -1.31739680e-07,  5.93538759e-05,  0.00000000e+00,
       -2.29541764e-05, -3.55629129e-06, -7.27539015e-06, -4.50387832e-06,
        0.00000000e+00,  3.38742512e-05,  2.31154735e-04, -5.74474639e-05,
        4.08432411e-04, -1.12909573e-04,  2.85333370e-05, -7.67940310e-05,
       -5.54784368e-04,  1.96624936e-04, -1.55026685e-04, -2.27424584e-04,
        3.69479074e-05,  6.49959124e-05,  3.05342765e-05, -1.98689223e-04,
       -9.67482583e-05,  3.67815240e-05,  1.98891247e-04, -3.69479074e-05,
        0.00000000e+00,  3.53713313e-05,  1.15817680e-04,  2.06428695e-06,
        9.67482583e-05,  0.00000000e+00, -8.90672472e-05,  4.73457560e-05,
        1.00794413e-04, -6.37115053e-04, -3.84124291e-04, -3.31698806e-04,
        4.74997136e-05,  3.52345576e-04,  9.14716642e-05,  2.40958159e-04,
        2.49836700e-04,  2.56968263e-04, -8.48427714e-05,  3.25457081e-04,
       -5.07408442e-05,  1.85030221e-05,  9.58203757e-05,  8.18621059e-05,
       -2.56968263e-04,  0.00000000e+00,  2.56158915e-05, -4.06876039e-05,
       -4.07308200e-05, -1.85030221e-05,  0.00000000e+00, -3.49225924e-05,
       -2.76579006e-03,  2.89201723e-05, -2.64111946e-03,  3.78983220e-03,
       -5.69767633e-04,  4.26097640e-04,  2.36547051e-03, -8.54701810e-04,
       -1.07853575e-03,  5.25559644e-04, -2.07113736e-04, -3.61497823e-04,
        3.20134690e-04,  6.14671168e-04,  3.55005854e-05,  5.44936194e-05,
        4.42079893e-05,  2.07113736e-04,  0.00000000e+00, -5.85973965e-05,
       -4.44857361e-05,  2.40030642e-04, -3.55005854e-05,  0.00000000e+00,
        1.82203768e-03,  1.11699199e-02, -5.48497795e-04,  6.88723547e-04,
       -7.10699959e-03,  3.49978843e-03, -4.40720574e-03, -4.50172696e-03,
       -7.69362619e-03, -3.19622047e-03,  1.01654845e-03, -1.09355542e-03,
        5.35481142e-04, -3.07120090e-04, -2.78814208e-03,  3.99287093e-04,
        3.15139015e-05, -7.57671396e-05,  1.09355542e-03,  0.00000000e+00,
       -2.83063513e-04,  4.13053851e-07,  6.47791394e-05, -3.99287093e-04,
        0.00000000e+00,  9.70726387e-03, -1.88102775e-02,  2.30552549e-03,
        3.19406709e-02,  6.85310362e-03, -9.96301906e-03, -8.49515296e-03,
       -6.95080645e-03, -8.28671816e-03,  1.98718585e-03, -1.32857773e-03,
       -7.89928222e-05,  1.19267350e-03, -4.87325674e-04,  2.34268423e-03,
        4.69476027e-05, -5.72216218e-04,  1.05450849e-03,  7.89928222e-05,
        0.00000000e+00,  1.05138945e-04,  8.18436782e-05, -2.49955836e-04,
       -4.69476027e-05,  0.00000000e+00, -5.08098132e-02,  1.32360889e-01,
       -3.26567425e-02,  2.62158114e-02, -4.83836095e-02,  1.73169728e-02,
        2.38326365e-02, -5.73423030e-03, -5.03987602e-02,  1.03676340e-02,
       -1.38673014e-02,  1.35956435e-03, -4.29283279e-03, -2.14380884e-04,
       -1.36770365e-03, -3.92796073e-04, -1.33194805e-03,  2.77752725e-04,
       -1.35956435e-03,  0.00000000e+00,  5.26355810e-05, -2.90204136e-04,
       -1.14788099e-04,  3.92796073e-04,  0.00000000e+00,  1.00917643e+00,
       -5.88441455e-01,  9.42151803e-02,  2.53239548e-01,  2.41691226e-01,
        3.13745370e-01,  5.99324584e-02,  1.33992681e-01, -2.56603819e-02,
       -7.79868549e-03, -7.45291011e-03,  5.71187140e-04,  4.39215820e-04,
       -2.58534952e-03,  4.71065918e-03,  1.99031139e-04,  2.60543374e-04,
       -1.39375812e-03, -5.71187140e-04,  0.00000000e+00, -4.18573293e-04,
       -4.13944771e-05, -1.14874780e-04, -1.99031139e-04,  0.00000000e+00,
       -1.83648061e+00, -3.53189102e-01,  5.32883553e-02, -1.59136003e-02,
        5.99609673e-02,  6.39488143e-02, -1.49533247e-04,  1.32816936e-02,
       -7.71598874e-03, -3.17489877e-04, -7.56056762e-05,  1.32062144e-04,
        0.00000000e+00,  1.49533247e-04, -3.78551845e-04,  1.47072275e-04,
        0.00000000e+00,  3.17489877e-04,  5.56418886e-05, -3.37190044e-04,
        1.08196084e-03,  3.98856707e-01,  8.28812123e-02, -2.12703867e-02,
        8.21406116e-02,  1.79883064e-02,  6.42240475e-04, -4.43868054e-03,
        1.01520791e-02,  1.49240799e-04, -2.50166471e-03, -4.83875298e-03,
        0.00000000e+00, -6.42240475e-04, -9.08038742e-04, -1.25608742e-03,
        0.00000000e+00, -1.49240799e-04, -5.35077919e-04, -3.30031968e-05,
       -2.81762256e-02,  7.17766783e-02,  6.18169698e-02,  3.78339089e-02,
       -7.30934305e-02, -2.97641891e-02, -1.70774413e-03, -7.78817183e-03,
       -4.86033456e-03,  8.51572259e-05, -1.40586802e-03, -1.68270737e-04,
        0.00000000e+00,  1.70774413e-03, -7.73848734e-04, -6.72417367e-04,
        0.00000000e+00, -8.51572259e-05,  1.94636989e-04,  2.31848516e-04,
        1.19084069e-02, -6.16681704e-03, -1.46434145e-02, -1.71426945e-02,
       -2.29438526e-02,  1.06251615e-02, -3.93326524e-04,  9.33475541e-04,
       -2.63886912e-03, -1.40193798e-04, -6.56750259e-04,  3.10146009e-03,
        0.00000000e+00,  3.93326524e-04, -3.75006059e-04, -2.05677513e-04,
        0.00000000e+00,  1.40193798e-04,  9.99734757e-05, -5.17055068e-05,
        1.76778918e-03, -2.88487939e-03,  3.75001298e-04,  3.90237306e-03,
        3.21113464e-04, -2.15453717e-04,  4.53897480e-04, -2.06292743e-03,
       -3.12474215e-04, -1.27587527e-04, -2.45789738e-04,  3.99025888e-04,
        0.00000000e+00, -4.53897480e-04,  3.49080773e-04,  8.53029912e-04,
        0.00000000e+00,  1.27587527e-04,  7.73053593e-05, -3.44631641e-04,
       -2.93769678e-04, -2.34859868e-04, -2.29768149e-03, -9.61802847e-04,
       -5.01720750e-04, -5.67295151e-04,  5.34247979e-05,  1.84854513e-03,
        1.24053979e-03,  7.30378571e-05,  4.70471461e-04,  6.26671836e-04,
        0.00000000e+00, -5.34247979e-05,  4.49136361e-04,  1.50327361e-05,
        0.00000000e+00, -7.30378571e-05,  3.12492886e-05,  1.75483183e-04,
       -7.55434927e-04, -2.67151553e-04, -2.43178438e-04,  8.78078081e-04,
        4.02681961e-04,  1.64665247e-04,  1.46111274e-04,  2.37242773e-04,
       -1.44148246e-04,  2.05089404e-04, -2.60101931e-04, -6.18249443e-05,
        0.00000000e+00, -1.46111274e-04,  5.93566557e-06,  2.15050921e-05,
        0.00000000e+00, -2.05089404e-04, -1.42580030e-04,  1.64311251e-04,
        4.73937357e-05,  1.02019722e-05, -4.21402885e-06, -4.58396853e-05,
        1.24408492e-04, -8.42873912e-05,  2.24412172e-05, -8.31722351e-06,
        2.03316894e-06, -1.21670483e-04, -1.52326315e-04,  1.03171297e-04,
        0.00000000e+00, -2.24412172e-05,  1.25312524e-05, -3.58721931e-06,
        0.00000000e+00,  1.21670483e-04,  2.79178226e-05, -2.90858785e-05,
       -4.99559212e-05,  8.10430085e-06,  6.86062540e-06, -3.65082136e-06,
       -1.86176640e-05, -4.38400006e-06, -4.25332305e-06, -2.76517954e-05,
        3.04905129e-05, -2.38448856e-05,  2.10731263e-05,  1.33298789e-05,
        0.00000000e+00,  4.25332305e-06,  2.07911700e-05,  2.31162296e-05,
        0.00000000e+00,  2.38448856e-05, -2.45546232e-06, -1.70501797e-05],      dtype=float64),
                   'Za_n': Array([-3.55139666e-05, -1.50968971e-05, -3.19032842e-05,  6.65155302e-04,
       -2.85521492e-03, -2.18094912e-03,  1.00250341e-02,  9.74035920e-01],      dtype=float64),
                   'Zb_lmn': Array([ 0.00000000e+00,  0.00000000e+00,  0.00000000e+00,  0.00000000e+00,
        0.00000000e+00,  0.00000000e+00,  0.00000000e+00,  0.00000000e+00,
        0.00000000e+00,  0.00000000e+00,  0.00000000e+00,  0.00000000e+00,
        0.00000000e+00,  0.00000000e+00,  0.00000000e+00,  0.00000000e+00,
        0.00000000e+00,  0.00000000e+00,  0.00000000e+00,  0.00000000e+00,
        0.00000000e+00,  0.00000000e+00,  0.00000000e+00,  0.00000000e+00,
        0.00000000e+00,  0.00000000e+00,  0.00000000e+00,  0.00000000e+00,
        0.00000000e+00,  0.00000000e+00,  0.00000000e+00,  0.00000000e+00,
        0.00000000e+00,  0.00000000e+00,  0.00000000e+00,  0.00000000e+00,
       -2.88124822e-03,  8.98213744e-04, -4.11971045e-03,  4.44056974e-03,
       -1.04169891e-02,  0.00000000e+00,  0.00000000e+00,  0.00000000e+00,
        0.00000000e+00,  4.81544884e-03, -1.05422042e-02,  2.45843825e-02,
       -1.02370883e-02, -6.19398976e-03,  0.00000000e+00,  0.00000000e+00,
        0.00000000e+00,  0.00000000e+00, -6.38741164e-02,  9.30129652e-02,
        1.99769961e-02,  3.72742407e-03, -5.18812520e-02,  0.00000000e+00,
        0.00000000e+00,  0.00000000e+00,  0.00000000e+00,  1.16334471e+00,
       -3.54288371e-01,  3.84605485e-01,  3.04898702e-01, -2.10645975e-02,
        0.00000000e+00,  0.00000000e+00,  0.00000000e+00,  0.00000000e+00,
        0.00000000e+00,  0.00000000e+00,  0.00000000e+00,  0.00000000e+00,
        5.99410035e-02,  6.61914971e-02, -2.89445415e-01, -1.85996312e+00,
        0.00000000e+00,  0.00000000e+00,  0.00000000e+00,  0.00000000e+00,
        7.91038690e-02,  7.75344930e-02,  4.11973257e-01, -1.12924342e-02,
        0.00000000e+00,  0.00000000e+00,  0.00000000e+00,  0.00000000e+00,
       -7.43046615e-02,  5.32549493e-02,  4.20760670e-02,  4.12493136e-03,
        0.00000000e+00,  0.00000000e+00,  0.00000000e+00,  0.00000000e+00,
       -2.35006294e-02, -1.40849450e-02,  7.50809907e-03, -8.07883425e-03,
        0.00000000e+00,  0.00000000e+00,  0.00000000e+00,  0.00000000e+00,
        1.52629085e-04, -1.33884536e-03, -3.04593886e-03,  6.21071793e-03,
        0.00000000e+00,  0.00000000e+00,  0.00000000e+00,  0.00000000e+00,
        0.00000000e+00,  0.00000000e+00,  0.00000000e+00,  0.00000000e+00,
        0.00000000e+00,  0.00000000e+00,  0.00000000e+00,  0.00000000e+00,
        0.00000000e+00,  0.00000000e+00,  0.00000000e+00,  0.00000000e+00,
        0.00000000e+00,  0.00000000e+00,  0.00000000e+00,  0.00000000e+00,
        0.00000000e+00,  0.00000000e+00,  0.00000000e+00,  0.00000000e+00,
        0.00000000e+00,  0.00000000e+00,  0.00000000e+00,  0.00000000e+00,
        0.00000000e+00,  0.00000000e+00,  0.00000000e+00,  0.00000000e+00],      dtype=float64),
                   'Zeff_l': Array([], shape=(0,), dtype=float64),
                   'a_lmn': Array([], shape=(0,), dtype=float64),
                   'c_l': Array([0., 0., 0., 0., 0.], dtype=float64),
                   'i_l': Array([], shape=(0,), dtype=float64),
                   'ne_l': Array([], shape=(0,), dtype=float64),
                   'ni_l': Array([], shape=(0,), dtype=float64),
                   'p_l': Array([0., 0., 0., 0., 0.], dtype=float64)}],
               [ { 'G': Array([], shape=(0,), dtype=float64),
                   'I': Array([], shape=(0,), dtype=float64),
                   'L_lmn': Array([ 5.33618032e-05, -1.37835124e-04,  2.45279592e-05, -9.20511100e-05,
        1.04638370e-04,  1.42045010e-04,  4.92687968e-05,  8.25838076e-05,
       -2.04891399e-04, -1.19166067e-04,  5.06494424e-05,  1.17388448e-04,
       -1.84764591e-06, -9.17088715e-05, -9.15289878e-05, -5.34334096e-05,
       -1.02146974e-04, -6.72823879e-06,  8.94899843e-05, -1.25577184e-05,
       -1.29941639e-05,  6.69494683e-05,  5.09544487e-06,  1.18743121e-05,
        1.85578755e-05,  2.12453444e-04,  3.20257392e-04, -4.61218877e-05,
       -2.81002632e-04, -3.39820556e-04,  2.93883764e-04, -3.35785694e-04,
        2.21537608e-04,  3.05579460e-04,  3.28851841e-06, -5.34220800e-04,
       -1.14814046e-04,  4.83935327e-06,  1.64943850e-04, -1.29136776e-04,
        1.45548259e-04,  2.94399248e-04, -4.11455156e-05, -1.91544032e-04,
       -8.00563743e-05,  1.27730527e-05, -2.55874027e-05,  5.00870679e-06,
       -2.31859474e-05, -3.61203501e-05,  3.68552586e-04,  3.95013085e-04,
        8.57747314e-04,  3.05776584e-04, -9.06528581e-05,  1.39630889e-05,
       -1.22586133e-03, -2.81247739e-04, -2.42155449e-04, -4.25833197e-04,
       -2.92785067e-04,  3.33886596e-04,  6.32363112e-05,  4.14573287e-05,
        8.40013444e-05, -5.52594798e-05, -2.46427812e-04,  2.73217192e-04,
       -2.40384453e-05,  1.87553386e-04, -8.49695807e-05,  7.71876879e-05,
        2.05358868e-05, -9.37214981e-05, -4.42179059e-05,  1.43475429e-04,
        4.08240253e-03, -2.14521809e-03,  2.68100034e-04, -3.69542334e-03,
        5.23103362e-04,  1.42886794e-03, -1.25901551e-03,  9.17845153e-05,
        1.08140047e-04, -2.41394924e-04, -4.06193585e-04,  2.84285520e-04,
        1.54576876e-04, -2.59519988e-04,  2.52487216e-04,  3.17546171e-04,
        1.38459327e-04, -1.20469124e-04,  2.80663795e-04,  1.86984116e-04,
        1.03769812e-04, -3.16051506e-05,  8.94512802e-05, -8.12203691e-05,
        1.70161587e-03, -2.95102277e-03,  2.50045601e-03,  3.66199776e-03,
        1.44324082e-03, -1.09499757e-03, -2.26541728e-03, -2.02158619e-03,
        9.84597529e-04, -4.73256461e-04,  3.60719629e-04,  1.92332165e-03,
       -2.71188914e-04, -1.25264592e-04,  2.45107333e-04, -9.51713400e-04,
       -4.98526521e-04,  7.00848233e-06, -2.04975764e-04,  2.31377765e-04,
       -1.20825783e-04,  1.89180597e-04,  2.82609829e-04, -4.51574884e-05,
        1.65601449e-04, -1.26484923e-03, -1.88984287e-03, -7.81286960e-03,
       -7.92013923e-03,  1.62143811e-02, -5.00592084e-03,  4.76392091e-06,
        1.63751944e-03,  1.24111674e-03, -3.28801526e-03, -2.32078174e-03,
       -9.95791584e-04,  3.53393226e-04,  1.41043493e-03,  2.49135245e-03,
        1.93585932e-03,  1.57461000e-03, -6.54604656e-04, -2.06545342e-04,
        5.36486428e-04, -2.19819119e-04, -6.15106348e-04, -1.65568329e-04,
       -5.12632541e-05, -2.40356701e-04, -4.81355432e-02,  7.93068662e-04,
        7.84491405e-02, -2.47889618e-02, -2.85161561e-02,  2.33482922e-02,
       -1.25553939e-02, -4.28612356e-03, -5.05078651e-06,  6.46623011e-03,
        5.32897787e-03, -1.48814435e-02,  3.92052818e-03, -4.41826232e-05,
       -3.28279593e-03,  6.73513410e-04, -4.44937413e-03, -5.48009415e-04,
        1.60039484e-04, -1.16013848e-03, -3.46509176e-03, -1.17772642e-03,
        5.69381747e-04, -1.95138862e-04,  3.67968165e-05,  1.30233494e-01,
       -9.11485062e-02, -1.15777828e-01, -2.71935587e-01, -1.59776788e-01,
        5.09284097e-03,  5.06951716e-03,  3.33877663e-03,  6.83380220e-03,
        5.88686983e-03, -6.87853088e-03, -6.07977877e-03, -1.03041375e-02,
       -8.15883981e-03,  5.53681102e-05,  7.06153917e-04,  4.08579658e-03,
        3.87512167e-03,  2.18907979e-03,  7.82171543e-04,  9.27346796e-03,
        1.86046239e-03,  2.17347783e-04, -3.57961788e-04, -8.75896493e-04,
        5.46269874e-01, -9.83327093e-02, -5.97047941e-02,  2.15116412e-02,
       -1.64011744e-02, -2.22578694e-02,  8.44152906e-03,  5.44054160e-03,
        2.94211260e-03, -1.21821770e-03,  6.24585764e-04,  1.46139705e-03,
        2.94072912e-04,  4.56508626e-05, -2.33852643e-03, -5.00626502e-03,
        4.90829679e-04,  1.70269743e-04,  4.25245469e-04,  2.78327327e-04,
       -3.71489308e-01, -6.57560155e-02, -1.80893178e-02,  3.45898702e-03,
       -7.79160101e-03, -2.54334450e-02, -2.96553181e-03,  5.87808607e-03,
        5.98169363e-06, -1.71899611e-03, -6.47170761e-03,  1.00480270e-02,
       -3.56174789e-04,  1.27671511e-04, -5.57970161e-04,  4.29231117e-03,
       -3.77154644e-04,  3.70118014e-04,  1.27712412e-04, -1.43963619e-04,
       -1.60500416e-02, -4.86332656e-02,  2.16831759e-02,  1.59580501e-02,
       -2.95057485e-03, -1.03741260e-03, -9.49014523e-03, -9.35002011e-03,
       -1.45017850e-03, -5.36254691e-04,  4.63185721e-04, -1.89158529e-03,
       -2.61490710e-04, -9.85879771e-04, -1.29763774e-04,  3.07322711e-03,
        1.29962679e-04, -1.69014823e-04, -6.05338598e-04, -5.00334180e-04,
        5.41718443e-03,  1.52899846e-02,  1.00485532e-02,  2.39513567e-03,
        5.73499029e-03, -7.95073772e-03, -2.38161290e-03,  1.09816776e-03,
        7.47657488e-04,  1.14736909e-03,  3.05712288e-03, -9.52015600e-04,
        1.37424241e-04,  2.80676830e-04,  1.47010432e-03, -8.85213911e-06,
        2.61662118e-04, -3.51342821e-04, -2.03829529e-04,  5.68866527e-04,
        3.42226489e-03, -8.01549158e-03, -3.30635241e-03, -7.28919390e-03,
       -1.72891769e-03,  9.18124778e-03,  1.67209648e-03,  1.17781268e-03,
        7.61361049e-04,  1.37918459e-04,  4.15400891e-05, -9.10537167e-04,
        4.10066898e-04, -7.50144594e-04, -6.54132084e-05, -5.38835327e-04,
       -3.45357956e-04,  2.02947995e-04,  4.75003281e-04,  4.73176603e-04,
        2.10620356e-03,  1.34427251e-03,  3.72943627e-04, -9.34600864e-04,
       -7.30183853e-05, -1.49846819e-03,  4.89542245e-05, -1.58638219e-04,
       -6.20300440e-04,  8.46125655e-05, -1.18631616e-04,  4.44204194e-04,
       -3.24904642e-05,  4.54909826e-04,  2.14223576e-04,  5.13337579e-05,
        5.91494234e-05,  1.18408926e-05, -1.47094246e-04, -2.38368322e-04,
       -8.29530644e-04,  4.51071879e-04,  6.09251533e-04,  1.00569558e-03,
       -1.01604076e-04, -1.54052511e-04, -4.13897994e-04, -5.23648839e-04,
        2.02371909e-04, -4.64213333e-05,  1.92000103e-04, -6.68824068e-04,
        5.16697438e-05,  1.07931951e-04, -1.25889966e-04, -1.48271530e-04,
       -6.30895182e-05, -1.49918161e-05,  2.22885994e-05, -8.72491914e-05,
       -7.64659604e-05,  2.20524578e-04,  1.61997746e-04,  2.37214993e-05,
        1.15680842e-05, -1.27592919e-04, -5.25071234e-05, -3.51672975e-04,
       -2.29247493e-04,  1.63329884e-05, -1.37661676e-05,  8.49831811e-05,
        5.54089997e-05,  2.68224278e-05, -1.88828565e-05,  8.74285990e-05,
        1.37618106e-05, -3.37348074e-05, -2.45177872e-05,  1.41935154e-05,
        3.38197763e-05, -4.26155648e-05,  4.74984452e-05, -6.36879255e-06,
       -9.62815052e-05, -3.26003452e-05,  7.62567416e-05,  1.85648124e-04,
       -7.53652615e-06, -1.47877966e-05, -9.17205968e-05, -3.79264912e-05,
        7.04679875e-06, -2.08997582e-05, -1.08938335e-04, -1.40960355e-05,
       -2.05865268e-05,  2.75472444e-05,  2.20893452e-06, -2.20165170e-05],      dtype=float64),
                   'Phi_mn': Array([], shape=(0,), dtype=float64),
                   'Psi': Array([50.], dtype=float64),
                   'R_lmn': Array([-4.41008096e-05,  1.11978610e-04,  3.13461319e-05,  3.44751377e-05,
       -1.98616915e-05, -1.00769024e-04,  1.10173802e-05, -1.18872024e-04,
       -9.04002924e-05,  5.70438066e-05,  2.17012280e-05,  3.45407399e-05,
        0.00000000e+00, -1.10173802e-05,  8.75258919e-05,  1.00025964e-04,
        0.00000000e+00, -5.70438066e-05, -1.83953648e-06, -4.57503255e-05,
       -6.06833747e-04,  3.30106210e-04,  4.89383613e-04,  1.37008657e-04,
       -2.03222166e-04,  4.47300157e-05, -7.35018362e-05, -3.40560154e-04,
        5.51289726e-04, -8.40018344e-05,  1.49322281e-04, -3.06695229e-04,
        0.00000000e+00,  7.35018362e-05, -1.48823460e-04, -8.14646356e-05,
        0.00000000e+00,  8.40018344e-05,  5.38998850e-05, -6.81409972e-05,
       -7.71365051e-04, -1.79409939e-04,  1.71130401e-04,  1.76544076e-04,
       -9.66068608e-05, -4.75714638e-04,  2.50971032e-04,  6.27679561e-06,
        7.34419201e-04, -3.69568452e-05,  1.79017583e-04,  6.07022243e-04,
        0.00000000e+00, -2.50971032e-04, -1.77407197e-04, -1.39598226e-04,
        0.00000000e+00,  3.69568452e-05, -8.24107223e-05,  4.81023348e-05,
        1.95562449e-03, -2.37473704e-03, -1.82805624e-03, -3.17563495e-04,
        3.72218295e-04,  2.97941567e-03, -3.59181560e-04,  1.92801775e-03,
       -1.39444101e-03,  4.14079316e-05, -6.03967146e-04, -8.22880195e-04,
        0.00000000e+00,  3.59181560e-04, -9.99615116e-05, -2.43619990e-04,
        0.00000000e+00, -4.14079316e-05,  2.31748851e-04,  2.18201568e-04,
       -1.18033411e-02,  1.41073856e-02, -4.35543352e-03,  4.77456319e-03,
        5.93008724e-03, -4.00770258e-03, -1.24586034e-04,  2.52363093e-03,
        2.00131410e-03, -1.63860352e-05,  1.89786562e-03,  9.48849839e-05,
        0.00000000e+00,  1.24586034e-04,  4.36480082e-04,  1.34500992e-04,
        0.00000000e+00,  1.63860352e-05, -1.68925097e-04, -1.31489366e-04,
        2.01991008e-02, -2.84575561e-02,  1.00438096e-02,  4.12740363e-03,
        2.84323696e-03, -8.67557557e-03,  1.18885491e-03, -1.03968407e-04,
        2.63390450e-04,  1.95193369e-04, -3.07286452e-04, -1.67962623e-03,
        0.00000000e+00, -1.18885491e-03,  3.30076575e-04,  4.93167827e-04,
        0.00000000e+00, -1.95193369e-04, -4.95946563e-04,  3.53850168e-05,
       -2.67963054e-02, -5.45187920e-02,  4.21057270e-02, -9.95704686e-02,
       -6.55856929e-02,  1.92290049e-02, -3.83731252e-04, -1.88039368e-02,
        8.39759172e-03, -2.68224051e-04,  3.62748055e-04,  1.76505415e-03,
        0.00000000e+00,  3.83731252e-04, -3.53379140e-04, -2.42830382e-04,
        0.00000000e+00,  2.68224051e-04, -3.40693737e-05, -1.37577908e-04,
        5.27870590e-01,  2.74472548e-02,  1.49270086e-01,  7.58245224e-03,
       -2.46650240e-04,  8.23280327e-02,  2.66045964e-03, -9.56735948e-03,
       -6.49290312e-03, -1.22756617e-04, -1.64377298e-03, -5.03713100e-03,
        0.00000000e+00, -2.66045964e-03, -2.37494726e-03, -3.61371527e-04,
        0.00000000e+00,  1.22756617e-04, -9.95863594e-05,  1.81348844e-04,
        7.88050906e+00,  1.89237124e+00,  9.93822843e-02, -1.46133811e-03,
       -9.99005323e-02,  2.75977381e-02,  2.25503389e-02, -1.86022377e-02,
       -6.89470048e-02, -5.08144861e-03, -1.09930290e-02, -6.61040760e-04,
       -2.48794384e-03, -3.51867456e-03, -1.67222032e-03,  9.68366358e-05,
       -1.69884496e-03,  3.18892039e-04,  6.61040760e-04,  0.00000000e+00,
        4.62583572e-05,  3.40482034e-04, -6.46108384e-05, -9.68366358e-05,
        0.00000000e+00, -1.31162180e-02,  5.88085859e-02,  1.95273361e-01,
       -2.80032290e-01, -2.16287759e-02, -4.47768582e-02, -1.53340173e-02,
        2.81350530e-02, -1.07333123e-02,  5.40848052e-03,  5.71020225e-03,
       -6.32582715e-04,  1.91872640e-03, -4.82075382e-03, -4.76978918e-04,
        2.56367430e-04,  7.59882798e-05,  3.70606145e-04,  6.32582715e-04,
        0.00000000e+00,  1.44174220e-04,  1.60156662e-04,  2.83470789e-05,
       -2.56367430e-04,  0.00000000e+00,  2.60355917e-02, -8.45010742e-02,
        2.01054255e-02,  4.89890901e-02,  7.09301338e-02, -4.55493190e-03,
       -4.30553633e-03,  1.39209393e-02,  2.28646069e-02,  4.47780659e-03,
        1.71854268e-03,  2.32013460e-03,  2.30691370e-03,  6.39354563e-03,
        2.50842744e-03, -4.09528854e-04,  5.51728274e-04,  1.30345123e-04,
       -2.32013460e-03,  0.00000000e+00, -9.66033018e-05, -2.37800864e-04,
       -4.82142575e-04,  4.09528854e-04,  0.00000000e+00, -1.94033690e-02,
        3.68667379e-02, -1.68302285e-02, -5.91425389e-03, -6.08498505e-03,
       -4.92061319e-03,  5.37779874e-03,  4.25723299e-03,  2.39297025e-02,
       -3.31298662e-03, -8.10255847e-03, -1.99720341e-04, -9.34327427e-04,
       -6.44542521e-04, -1.30628147e-03,  2.02257102e-04,  1.27329498e-03,
        5.74288950e-04,  1.99720341e-04,  0.00000000e+00, -1.39469843e-04,
       -4.01418013e-04,  1.62106388e-04, -2.02257102e-04,  0.00000000e+00,
       -2.78179787e-04,  2.30149769e-03,  3.65680238e-03,  8.04826459e-03,
       -3.69789217e-03, -1.95164192e-03,  1.70526737e-03, -5.76713680e-03,
       -5.17801181e-03, -5.29285912e-04,  5.37497734e-03,  3.20393123e-07,
       -9.23940113e-04, -3.75185964e-04,  1.73576636e-03,  8.04068366e-05,
       -2.57002290e-04, -9.33122737e-04, -3.20393123e-07,  0.00000000e+00,
        2.71498560e-04,  1.84154767e-04, -2.07580094e-04, -8.04068366e-05,
        0.00000000e+00, -5.30952768e-04, -4.49363860e-04, -8.72974381e-04,
        1.36936794e-03,  2.56092240e-04, -4.84238654e-04,  7.89734922e-04,
       -9.87571506e-04,  9.49033459e-04,  3.83289939e-04,  3.36578038e-05,
       -3.08339259e-04,  6.59850258e-04, -5.29838894e-04, -1.12792928e-03,
        1.21529152e-05, -1.90018319e-04,  4.50580850e-04,  3.08339259e-04,
        0.00000000e+00, -4.56580302e-05,  1.48042463e-04,  1.78895818e-04,
       -1.21529152e-05,  0.00000000e+00,  6.01595225e-04, -1.31546868e-03,
        2.31412333e-04, -1.11817296e-03,  7.08795529e-04,  6.26631798e-04,
       -8.40582482e-04,  7.18441680e-04,  2.53549530e-04,  5.45896139e-04,
       -1.42599469e-04, -8.45924203e-05,  3.30855436e-05,  4.49447698e-04,
       -2.00471837e-04, -1.48859104e-04,  6.07770112e-05, -4.84032329e-04,
        8.45924203e-05,  0.00000000e+00, -2.55106199e-05, -4.97164142e-05,
       -5.30776930e-05,  1.48859104e-04,  0.00000000e+00, -2.62918851e-05,
       -1.16871858e-04, -7.49452745e-05, -5.48799757e-04, -1.35856543e-04,
        2.55366585e-04,  1.85119094e-04,  5.62217584e-04,  2.22953185e-05,
        1.13322337e-04, -2.72674616e-04, -1.16438341e-04, -2.50886973e-05,
       -2.54488467e-05, -1.34632769e-04, -3.46178607e-05,  1.39406065e-04,
        1.73080308e-05,  1.16438341e-04,  0.00000000e+00, -5.87932373e-05,
        1.20310191e-05,  1.12337450e-04,  3.46178607e-05,  0.00000000e+00,
       -8.39278759e-05, -7.94619724e-07, -4.24786757e-06,  1.80706940e-05,
        3.84374805e-05,  9.51364164e-06,  8.11037723e-05, -5.52895590e-05,
       -2.24152578e-04, -5.54769474e-06,  9.33417245e-06,  1.11265086e-04,
        1.11955937e-05,  5.18142507e-05,  2.82726855e-04, -5.29720145e-05,
       -3.20951661e-05, -1.88478141e-05, -1.11265086e-04,  0.00000000e+00,
       -4.12362257e-06, -1.45953858e-05, -5.85742770e-05,  5.29720145e-05,
        0.00000000e+00], dtype=float64),
                   'Ra_n': Array([ 7.80621132e+00, -2.25498149e-01, -7.78887120e-04,  3.59951578e-03,
       -1.03427612e-03,  4.26248247e-04, -5.28995753e-04,  2.00067944e-04,
       -1.38954522e-05], dtype=float64),
                   'Rb_lmn': Array([ 0.00000000e+00,  0.00000000e+00,  0.00000000e+00,  0.00000000e+00,
        0.00000000e+00,  0.00000000e+00,  0.00000000e+00,  0.00000000e+00,
        0.00000000e+00,  0.00000000e+00,  0.00000000e+00,  0.00000000e+00,
        0.00000000e+00,  0.00000000e+00,  0.00000000e+00,  0.00000000e+00,
        0.00000000e+00,  0.00000000e+00,  0.00000000e+00,  0.00000000e+00,
        0.00000000e+00,  0.00000000e+00,  0.00000000e+00,  0.00000000e+00,
        0.00000000e+00,  0.00000000e+00,  0.00000000e+00,  0.00000000e+00,
        0.00000000e+00,  0.00000000e+00,  0.00000000e+00,  0.00000000e+00,
        0.00000000e+00,  0.00000000e+00,  0.00000000e+00,  0.00000000e+00,
        7.65902776e-03, -1.39532251e-03,  1.00630786e-02, -4.89296287e-03,
        0.00000000e+00,  0.00000000e+00,  0.00000000e+00,  0.00000000e+00,
        2.04000395e-03,  1.02699178e-02, -3.87773729e-02,  2.50830627e-02,
        0.00000000e+00,  0.00000000e+00,  0.00000000e+00,  0.00000000e+00,
       -6.52570142e-02,  2.29484111e-02, -3.36623109e-02, -1.18212013e-01,
        0.00000000e+00,  0.00000000e+00,  0.00000000e+00,  0.00000000e+00,
       -1.99000958e-03,  1.37327780e-01,  1.04919505e-01,  5.28598768e-01,
        8.00000000e+00,  1.78569041e+00, -2.32417683e-02,  1.69236012e-02,
       -7.06838360e-02,  0.00000000e+00,  0.00000000e+00,  0.00000000e+00,
        0.00000000e+00,  1.68886026e-01,  4.26642789e-02, -2.56557834e-01,
       -3.86960498e-02, -1.11819441e-02,  0.00000000e+00,  0.00000000e+00,
        0.00000000e+00,  0.00000000e+00,  4.40457913e-02, -8.54140545e-03,
        6.90657741e-02, -2.70604410e-03,  2.48908918e-02,  0.00000000e+00,
        0.00000000e+00,  0.00000000e+00,  0.00000000e+00, -3.19295960e-02,
        2.87420612e-02, -2.70298144e-03, -1.24488827e-02,  2.27855274e-02,
        0.00000000e+00,  0.00000000e+00,  0.00000000e+00,  0.00000000e+00,
        4.43144841e-03, -2.18268268e-03,  2.09009659e-03,  2.49021267e-03,
       -3.64982555e-03,  0.00000000e+00,  0.00000000e+00,  0.00000000e+00,
        0.00000000e+00,  0.00000000e+00,  0.00000000e+00,  0.00000000e+00,
        0.00000000e+00,  0.00000000e+00,  0.00000000e+00,  0.00000000e+00,
        0.00000000e+00,  0.00000000e+00,  0.00000000e+00,  0.00000000e+00,
        0.00000000e+00,  0.00000000e+00,  0.00000000e+00,  0.00000000e+00,
        0.00000000e+00,  0.00000000e+00,  0.00000000e+00,  0.00000000e+00,
        0.00000000e+00,  0.00000000e+00,  0.00000000e+00,  0.00000000e+00,
        0.00000000e+00,  0.00000000e+00,  0.00000000e+00,  0.00000000e+00,
        0.00000000e+00,  0.00000000e+00,  0.00000000e+00,  0.00000000e+00,
        0.00000000e+00,  0.00000000e+00,  0.00000000e+00,  0.00000000e+00,
        0.00000000e+00], dtype=float64),
                   'Te_l': Array([], shape=(0,), dtype=float64),
                   'Ti_l': Array([], shape=(0,), dtype=float64),
                   'Z_lmn': Array([-1.75515644e-05,  9.90005660e-05, -8.91500474e-05, -1.34464684e-05,
       -7.52414958e-05,  1.46225533e-04,  1.80278076e-05, -3.83037639e-05,
       -9.92759905e-05, -1.04377954e-04, -1.34576514e-04,  7.91571492e-05,
        1.59125636e-04,  7.51606102e-05,  3.61733160e-05, -1.15446677e-05,
        8.06188838e-05, -1.16490185e-05, -7.91571492e-05,  0.00000000e+00,
       -7.04518314e-05, -2.34103779e-05,  6.31026745e-05,  1.15446677e-05,
        0.00000000e+00, -1.89975408e-04, -4.73126186e-04,  3.10717319e-05,
        1.30191450e-04,  3.36847092e-04, -2.32221918e-04,  1.81968959e-04,
        3.67228716e-05, -1.78150546e-04,  3.12558861e-04,  1.12487097e-04,
       -1.01144225e-04, -7.90411254e-05, -1.00747837e-04,  3.50975494e-04,
       -6.20933091e-05, -1.76279767e-04,  1.19734821e-04,  1.01144225e-04,
        0.00000000e+00,  5.59758426e-05, -6.61664848e-05, -1.72824948e-04,
        6.20933091e-05,  0.00000000e+00, -4.88442067e-04, -5.41286513e-05,
        9.63029089e-05, -1.60527777e-03, -8.81421802e-04,  2.96878814e-04,
        3.08233916e-04,  7.81301548e-04, -2.67674939e-04,  9.71500555e-04,
        9.35005728e-05,  2.89457763e-04,  9.09619359e-05,  7.98576818e-04,
        2.10893891e-04, -1.67720748e-04, -3.59501015e-05, -3.90379386e-04,
       -2.89457763e-04,  0.00000000e+00, -7.05669361e-06,  2.53994075e-05,
        5.67810476e-05,  1.67720748e-04,  0.00000000e+00,  3.14599095e-04,
       -3.64759099e-03,  3.21124419e-05, -2.02561471e-03,  3.87082604e-03,
        1.44807729e-03,  4.43074820e-04,  2.83118368e-03, -7.93605603e-04,
        6.35180072e-05, -1.13057523e-03, -3.22930540e-04, -6.54853991e-04,
       -5.81870697e-04,  8.08241715e-04, -8.49959184e-05, -2.86753049e-04,
       -3.17502058e-04,  3.22930540e-04,  0.00000000e+00, -1.34932366e-04,
       -2.23698276e-04, -1.46361125e-05,  8.49959184e-05,  0.00000000e+00,
       -2.68607944e-03,  4.88259177e-03, -1.28409541e-03, -8.79566660e-03,
       -3.43478592e-03,  7.92432509e-04,  3.01420913e-04,  1.33698105e-03,
       -2.57917703e-03, -4.68273494e-04,  4.21883890e-03, -3.82082236e-04,
        1.32386137e-03,  1.05413067e-03, -2.80645262e-03, -1.55274168e-04,
       -3.08837532e-04, -2.57646976e-04,  3.82082236e-04,  0.00000000e+00,
       -2.18982417e-04, -5.60963332e-05, -9.78555975e-05,  1.55274168e-04,
        0.00000000e+00,  1.45596286e-02, -2.38981802e-02,  2.03481248e-03,
        3.14460027e-02,  1.01680457e-02, -1.02824844e-02, -1.11246135e-02,
       -6.54754513e-03,  3.36331945e-03,  4.37415663e-03, -3.99156899e-03,
        7.43757715e-04,  1.15689353e-03, -7.48774715e-04,  4.33397177e-03,
        1.97773847e-04, -8.68697391e-05,  4.08991509e-04, -7.43757715e-04,
        0.00000000e+00,  1.30653918e-04, -2.48522627e-04, -5.41088700e-04,
       -1.97773847e-04,  0.00000000e+00, -7.56559038e-02,  1.68210640e-01,
       -2.39373583e-02,  1.79013826e-02, -5.55160489e-02, -6.61256122e-03,
        2.50035211e-02, -6.55754579e-03, -3.31357600e-02,  1.14531031e-02,
       -1.56750337e-03,  1.77049101e-03, -1.71935755e-03, -1.17587640e-04,
       -4.11362380e-03, -5.59366299e-04, -1.72839427e-03, -3.99294134e-04,
       -1.77049101e-03,  0.00000000e+00, -7.79908094e-05,  1.42053848e-04,
       -5.96675978e-04,  5.59366299e-04,  0.00000000e+00,  1.03335057e+00,
       -5.29172822e-01,  6.78340293e-02,  2.20443533e-01,  2.14398084e-01,
        3.17200299e-01,  6.18816292e-02,  1.40475096e-01, -5.09670899e-03,
       -7.36457182e-03, -1.52342041e-02,  1.15814060e-03, -5.91335851e-04,
       -4.18108569e-03,  5.97506553e-03, -8.30687413e-05,  4.20859607e-04,
       -1.25061235e-03, -1.15814060e-03,  0.00000000e+00, -2.42588136e-04,
       -5.00642725e-04, -2.19596441e-04,  8.30687413e-05,  0.00000000e+00,
       -1.77396012e+00, -3.77024205e-01,  3.07779639e-02, -5.12626067e-02,
        7.96937950e-02,  5.65769066e-02,  7.14455590e-04,  1.69088319e-02,
       -4.64316096e-04, -3.80376938e-04, -2.23260398e-05,  1.64219980e-03,
        0.00000000e+00, -7.14455590e-04, -4.48682355e-04,  5.22491260e-04,
        0.00000000e+00,  3.80376938e-04,  2.34305055e-04, -2.72154506e-04,
        1.07995415e-02,  4.26942271e-01,  1.48702683e-02, -2.80585065e-02,
        8.81380931e-02,  1.14751044e-02, -6.07058659e-04,  1.75186365e-02,
        1.02357373e-02,  5.04134378e-04, -5.79156194e-03,  1.53086083e-03,
        0.00000000e+00,  6.07058659e-04, -1.75710502e-03, -1.20669416e-04,
        0.00000000e+00, -5.04134378e-04, -1.85213228e-04, -1.30571630e-04,
       -3.05800016e-02,  4.64914844e-02,  5.56946879e-02,  3.98611171e-02,
       -4.85970642e-02, -2.42745534e-02, -1.79478254e-03, -2.59460226e-03,
       -1.75802606e-03, -1.19700235e-04, -1.46058366e-03,  3.53006786e-04,
        0.00000000e+00,  1.79478254e-03, -9.44330043e-04, -2.53493094e-04,
        0.00000000e+00,  1.19700235e-04,  3.53182115e-04,  1.33172970e-04,
        8.89150950e-03, -4.73714743e-03, -2.99015950e-02, -2.16545611e-02,
       -8.76078625e-03,  7.44260293e-03, -4.83613758e-04,  7.68049412e-03,
       -1.70641560e-05, -3.53557393e-05, -2.17725631e-03,  1.90678991e-03,
        0.00000000e+00,  4.83613758e-04, -6.24831922e-04, -3.94949758e-04,
        0.00000000e+00,  3.53557393e-05,  1.44887756e-04,  1.64709554e-04,
        5.20153198e-03, -5.37417938e-03,  7.29887419e-03,  2.81723505e-03,
        4.40977649e-03,  1.78810397e-03,  7.26080179e-04, -6.17373477e-03,
       -2.94699641e-03, -5.05761179e-04, -4.14410917e-04,  2.97927286e-04,
        0.00000000e+00, -7.26080179e-04,  5.59500236e-04,  8.94401272e-04,
        0.00000000e+00,  5.05761179e-04, -2.73354897e-05, -3.91077663e-04,
       -1.28615694e-03, -3.30946862e-04, -1.48546799e-03,  2.08303925e-04,
       -2.49392288e-04,  9.63717876e-04, -9.04304570e-06,  1.31335767e-03,
        1.17141051e-03,  1.18217260e-04,  3.73950600e-04, -7.53973613e-04,
        0.00000000e+00,  9.04304570e-06,  1.72110321e-04, -9.35574868e-05,
        0.00000000e+00, -1.18217260e-04, -1.24558312e-04,  1.21202599e-04,
       -5.99004739e-04, -3.73006459e-05, -6.50172706e-05,  4.08442544e-04,
       -6.42193300e-04, -5.52014402e-04,  3.92715273e-04, -1.47475431e-04,
        3.83720115e-05,  1.97064742e-04,  5.89736255e-04,  3.62643239e-04,
        0.00000000e+00, -3.92715273e-04,  2.12492701e-04,  1.52190184e-04,
        0.00000000e+00, -1.97064742e-04,  5.24570446e-05,  2.26671809e-04,
       -2.57260976e-04, -5.04045886e-06, -1.86605355e-04, -1.00110319e-04,
        2.03707533e-04,  2.49321561e-05, -9.80402353e-05,  2.44228010e-04,
        4.00656036e-04, -2.32920727e-05, -8.62523710e-05,  9.77501311e-05,
        0.00000000e+00,  9.80402353e-05, -5.76226555e-05, -4.32847411e-05,
        0.00000000e+00,  2.32920727e-05, -1.17455162e-04, -1.17641828e-04,
       -8.21452362e-06, -6.21257813e-06,  1.05386154e-04, -5.96255921e-05,
       -1.49813311e-04,  4.70302894e-05,  3.54013578e-05, -1.32827676e-04,
       -3.73333756e-05, -1.92617529e-05,  8.60960882e-05, -2.69485101e-07,
        0.00000000e+00, -3.54013578e-05,  2.74415220e-05,  1.05173491e-04,
        0.00000000e+00,  1.92617529e-05,  6.37172230e-05, -4.05482261e-05],      dtype=float64),
                   'Za_n': Array([-1.39951176e-04,  9.59387870e-05, -3.74529690e-04,  1.24548310e-03,
       -2.64340690e-03,  3.73963062e-04, -2.50736577e-02,  1.02774692e+00],      dtype=float64),
                   'Zb_lmn': Array([ 0.00000000e+00,  0.00000000e+00,  0.00000000e+00,  0.00000000e+00,
        0.00000000e+00,  0.00000000e+00,  0.00000000e+00,  0.00000000e+00,
        0.00000000e+00,  0.00000000e+00,  0.00000000e+00,  0.00000000e+00,
        0.00000000e+00,  0.00000000e+00,  0.00000000e+00,  0.00000000e+00,
        0.00000000e+00,  0.00000000e+00,  0.00000000e+00,  0.00000000e+00,
        0.00000000e+00,  0.00000000e+00,  0.00000000e+00,  0.00000000e+00,
        0.00000000e+00,  0.00000000e+00,  0.00000000e+00,  0.00000000e+00,
        0.00000000e+00,  0.00000000e+00,  0.00000000e+00,  0.00000000e+00,
        0.00000000e+00,  0.00000000e+00,  0.00000000e+00,  0.00000000e+00,
       -2.56387498e-03,  6.70694822e-04, -6.46065121e-03,  4.75362443e-03,
       -5.48348525e-03,  0.00000000e+00,  0.00000000e+00,  0.00000000e+00,
        0.00000000e+00,  6.75737508e-03, -9.44284762e-03,  2.39011602e-02,
       -1.38650619e-02,  7.15620251e-03,  0.00000000e+00,  0.00000000e+00,
        0.00000000e+00,  0.00000000e+00, -7.63870894e-02,  1.22419300e-01,
        1.13683030e-02, -8.57935873e-03, -3.78460598e-02,  0.00000000e+00,
        0.00000000e+00,  0.00000000e+00,  0.00000000e+00,  1.16223231e+00,
       -3.21718450e-01,  3.56236901e-01,  3.00715483e-01,  6.58760098e-04,
        0.00000000e+00,  0.00000000e+00,  0.00000000e+00,  0.00000000e+00,
        0.00000000e+00,  0.00000000e+00,  0.00000000e+00,  0.00000000e+00,
        7.99057740e-02,  4.72381134e-02, -3.19077253e-01, -1.82516455e+00,
        0.00000000e+00,  0.00000000e+00,  0.00000000e+00,  0.00000000e+00,
        8.21613179e-02,  3.06317998e-02,  4.39817664e-01, -7.14389709e-03,
        0.00000000e+00,  0.00000000e+00,  0.00000000e+00,  0.00000000e+00,
       -4.97044658e-02,  5.21557556e-02,  2.27031108e-02,  7.26959634e-03,
        0.00000000e+00,  0.00000000e+00,  0.00000000e+00,  0.00000000e+00,
       -1.07931548e-02, -2.28459328e-02,  4.77695496e-03, -1.31750655e-02,
        0.00000000e+00,  0.00000000e+00,  0.00000000e+00,  0.00000000e+00,
        3.96803008e-03,  1.68463965e-03, -3.67922578e-03,  5.96617190e-03,
        0.00000000e+00,  0.00000000e+00,  0.00000000e+00,  0.00000000e+00,
        0.00000000e+00,  0.00000000e+00,  0.00000000e+00,  0.00000000e+00,
        0.00000000e+00,  0.00000000e+00,  0.00000000e+00,  0.00000000e+00,
        0.00000000e+00,  0.00000000e+00,  0.00000000e+00,  0.00000000e+00,
        0.00000000e+00,  0.00000000e+00,  0.00000000e+00,  0.00000000e+00,
        0.00000000e+00,  0.00000000e+00,  0.00000000e+00,  0.00000000e+00,
        0.00000000e+00,  0.00000000e+00,  0.00000000e+00,  0.00000000e+00,
        0.00000000e+00,  0.00000000e+00,  0.00000000e+00,  0.00000000e+00],      dtype=float64),
                   'Zeff_l': Array([], shape=(0,), dtype=float64),
                   'a_lmn': Array([], shape=(0,), dtype=float64),
                   'c_l': Array([0., 0., 0., 0., 0.], dtype=float64),
                   'i_l': Array([], shape=(0,), dtype=float64),
                   'ne_l': Array([], shape=(0,), dtype=float64),
                   'ni_l': Array([], shape=(0,), dtype=float64),
                   'p_l': Array([0., 0., 0., 0., 0.], dtype=float64)}],
               [ { 'G': Array([], shape=(0,), dtype=float64),
                   'I': Array([], shape=(0,), dtype=float64),
                   'L_lmn': Array([ 4.12355312e-05, -1.31274968e-04,  2.58243503e-05, -1.20390910e-04,
        7.63430939e-05,  1.52029780e-04,  4.16997200e-05,  9.99760845e-05,
       -1.89509904e-04, -4.82034807e-05,  3.86703718e-05,  9.81038660e-05,
        2.10847855e-06, -7.64176817e-05, -1.16635427e-04, -2.97879176e-05,
       -1.29261611e-04,  1.14927827e-05,  1.04064193e-04, -2.08298100e-05,
       -4.73142864e-06,  6.47146881e-05, -2.37069111e-05, -7.80933686e-06,
        1.76752338e-05,  2.81205950e-04,  2.64373124e-04, -1.62540478e-04,
       -2.72609769e-04, -2.39837220e-04,  3.97030190e-04, -2.44198364e-04,
        1.95068689e-04,  4.01452699e-04, -6.41604924e-05, -5.64804190e-04,
       -1.20466179e-04, -1.71044197e-05,  2.18385243e-04, -2.07188782e-04,
        1.67366054e-04,  3.15949580e-04, -2.52748938e-05, -2.07203739e-04,
       -7.17945953e-05,  8.01228985e-06, -3.16607109e-05,  3.24580681e-06,
       -2.45012591e-05, -1.43462820e-05,  2.87368395e-04, -2.35770154e-04,
        8.19970608e-04, -6.68220660e-05,  2.54554523e-04,  2.22621176e-04,
       -1.04748820e-03,  1.86329087e-04, -1.97867043e-04, -2.13475025e-04,
       -4.93782152e-04,  4.10627328e-04,  2.79028700e-05, -2.02532967e-06,
        2.57351677e-05, -1.36677371e-04, -1.45390915e-04,  2.05689230e-04,
       -9.74417785e-05,  1.12750971e-04, -1.20788832e-04, -2.37855566e-05,
        3.50369963e-05, -9.61494383e-05, -5.30915316e-05, -5.46205588e-05,
        2.02632123e-03, -2.56729658e-03, -1.09125521e-03, -1.82849120e-03,
        7.34199742e-04,  2.03359863e-03, -2.37559348e-05,  2.89743872e-04,
        4.44201366e-04, -1.02566366e-04, -4.09262729e-04,  3.04661073e-04,
        1.71741628e-04, -5.23563377e-04,  4.84569807e-04, -1.89983239e-05,
       -1.44794352e-04, -1.02203566e-04,  1.47938896e-04,  2.07477563e-04,
        9.52144423e-05, -4.33923476e-05,  1.41852509e-04, -3.39572003e-05,
        1.73765752e-03, -1.08600019e-04,  1.16972483e-03,  4.75224087e-03,
       -1.98022959e-03, -6.46750184e-04, -1.31471540e-03, -2.25920041e-03,
        1.15440246e-03, -1.49310057e-04, -1.04639669e-04,  1.99646931e-03,
       -7.22516392e-04, -1.05993266e-03,  5.27586435e-04, -9.62086353e-04,
       -3.32084589e-04, -1.04532524e-04, -1.25653581e-04,  3.82963382e-04,
        4.02702001e-05,  1.40157957e-04,  1.42313923e-04, -9.33586233e-05,
        4.55376084e-06, -1.40372155e-02, -1.19526153e-02,  4.16533505e-03,
       -8.34721718e-03,  2.84103997e-02, -6.34105673e-03, -1.81395501e-04,
        2.75839018e-03,  1.66077824e-03, -4.30938229e-03, -2.05216378e-03,
       -1.15505583e-03,  2.39780476e-04,  1.21555690e-03,  2.43108167e-03,
        2.52698268e-03,  1.04225597e-03, -4.39302115e-04, -2.57046067e-04,
        7.83833664e-04, -2.37252431e-04, -9.21334123e-04,  1.56100362e-05,
        3.20173629e-07, -1.02489500e-04, -5.43219211e-02,  4.65770316e-03,
        8.17675761e-02, -1.81111037e-02, -3.30108047e-02,  2.43767380e-02,
       -9.30047808e-03, -9.95349852e-03, -1.00202011e-03,  4.85641493e-03,
        7.33884809e-03, -1.64883950e-02,  3.59576929e-03,  3.04697070e-04,
       -4.00216815e-03,  5.20204193e-04, -1.89929588e-03, -6.04730082e-04,
       -2.91649265e-05, -1.40357505e-03, -1.13861557e-03, -6.94076515e-04,
        5.04663515e-04, -2.48857029e-04, -9.91535907e-05,  1.32342414e-01,
       -9.53320459e-02, -1.06984909e-01, -2.80227487e-01, -1.59417412e-01,
        2.21800030e-02,  5.79579917e-03,  1.63068123e-02,  1.02721093e-02,
        1.20994490e-02, -4.45764129e-04, -8.10654075e-03, -9.61797919e-03,
       -7.19923794e-03, -1.82889819e-03,  6.91164645e-04,  1.02404902e-03,
        2.85374162e-03,  2.09720215e-03,  5.48051917e-04,  6.93075924e-03,
        1.52296011e-03,  2.03792592e-04, -4.10012944e-04, -9.96707489e-04,
        5.10213610e-01, -1.28339229e-01, -5.77076916e-02, -1.35188290e-02,
       -1.26726400e-02, -2.36976659e-02,  1.13688961e-02,  3.81707963e-03,
        1.34844459e-03, -2.17459569e-03, -2.98041399e-04,  2.40659713e-03,
        8.44914662e-05, -5.44473573e-04, -2.34558576e-03, -3.53681841e-03,
        4.62117127e-04,  1.02866971e-04,  3.06587313e-04,  1.93432742e-04,
       -3.73415720e-01, -5.25914261e-02, -6.14959808e-03, -1.18223626e-02,
       -8.16122987e-03, -1.84346469e-02, -3.57552578e-05,  1.17332679e-02,
        1.88243886e-03, -2.53615203e-03, -4.47389256e-03,  1.17947520e-02,
       -6.88426437e-04, -8.98123252e-05, -4.87831133e-04,  4.38875426e-04,
       -4.61889085e-04,  3.44903467e-04,  1.57883052e-04, -7.66232025e-04,
       -8.27738246e-03, -5.05223271e-02,  2.55503095e-02,  9.91272736e-03,
       -1.88102993e-03,  2.48729673e-03, -1.14947965e-02, -7.86878335e-03,
       -2.43288734e-03, -1.00863541e-04, -1.03743965e-03, -1.72579484e-03,
       -5.89333317e-04, -8.61378940e-04, -8.12861728e-05,  3.04560066e-03,
        9.50181823e-05, -7.08008200e-05, -5.59007722e-04, -9.33582977e-05,
        9.97526037e-04,  1.58357306e-02,  1.04297111e-02,  6.52021607e-03,
        5.58000803e-03, -7.69841638e-03, -2.69572684e-03,  8.74179029e-04,
        8.04678357e-04,  1.37550083e-03,  2.59181053e-03, -1.56022663e-03,
        3.57028847e-04,  1.01166039e-04,  1.44955033e-03, -1.00120071e-04,
        3.24773050e-04, -5.17411551e-04, -1.83184503e-04,  7.14840228e-04,
        3.02731822e-03, -4.54297760e-03, -2.66039158e-03, -5.98415805e-03,
       -2.30791948e-03,  6.40967157e-03,  1.81709377e-03, -1.14888235e-05,
       -5.13675774e-04,  1.91404961e-04,  1.62806942e-04, -5.67139781e-04,
        3.83976070e-04, -6.20799871e-04, -4.06134215e-04, -3.61010616e-04,
       -3.19883184e-04,  1.79424499e-04,  4.80090662e-04,  4.11589869e-04,
        1.18305564e-03,  2.08669779e-03,  6.32248642e-04, -2.59928939e-04,
       -5.83343931e-05, -2.15081101e-03,  2.35423093e-04, -2.45537307e-04,
       -3.33311130e-04,  1.12402322e-04, -2.28624431e-04,  2.14058739e-04,
       -1.26591232e-05,  1.66137747e-04, -8.04746057e-05, -7.92411920e-05,
        5.53051610e-05,  3.68163778e-05, -1.37471006e-04, -2.51152621e-04,
       -1.06564289e-03,  3.04809576e-04,  6.59915382e-04,  1.04846009e-03,
        1.01685417e-05,  2.38889173e-05, -4.65695191e-04, -7.60359109e-04,
        2.74426168e-04,  3.79582252e-05,  2.91934476e-05, -6.52659303e-04,
        3.22175013e-05,  1.03651558e-04, -2.13933234e-05,  2.43222536e-05,
       -9.91149473e-05, -1.54327136e-05, -7.39699077e-05, -8.94755145e-05,
       -6.08528064e-05,  2.10167368e-04,  3.20171701e-04, -3.66878081e-05,
        4.36077681e-05, -1.38037776e-04,  6.57806459e-05, -4.09245445e-04,
       -1.60512314e-04,  4.27901187e-05, -1.40357227e-04,  3.10872537e-05,
        4.82961028e-05, -1.60444091e-05, -1.00075648e-04,  6.42702377e-05,
        2.55393850e-05, -4.36410443e-05,  1.81994193e-07,  7.03704766e-05,
        1.52411574e-05,  6.96217810e-06,  3.38160492e-05,  1.13251672e-05,
       -7.63416515e-05, -5.54506249e-05,  5.95410360e-05,  1.09499483e-04,
       -4.95948459e-05,  9.58111148e-06, -5.98471497e-05,  1.60720231e-05,
        1.25970696e-05, -2.17866165e-05, -5.63191764e-05,  1.74132996e-05,
       -1.71425302e-05,  1.45911752e-05, -2.75202398e-05, -4.78317678e-05],      dtype=float64),
                   'Phi_mn': Array([], shape=(0,), dtype=float64),
                   'Psi': Array([50.], dtype=float64),
                   'R_lmn': Array([-6.40605698e-05,  1.41909588e-04,  1.08248969e-04,  4.04629449e-05,
       -1.50760366e-05, -1.14369309e-04,  3.09233963e-05, -1.82210644e-04,
       -6.24225569e-05,  9.25351829e-05,  2.10523446e-05,  1.04888662e-05,
        0.00000000e+00, -3.09233963e-05,  7.39616754e-05,  8.60201818e-05,
        0.00000000e+00, -9.25351829e-05, -5.97630795e-06, -3.80291456e-05,
       -6.68100218e-04,  3.64089705e-04,  4.28247938e-04,  2.01812037e-04,
       -1.85337349e-04,  5.76563259e-06, -1.07654041e-04, -2.84254715e-04,
        5.17019762e-04, -1.10773773e-04,  1.66819615e-04, -2.66768501e-04,
        0.00000000e+00,  1.07654041e-04, -1.43993223e-04, -5.07315810e-05,
        0.00000000e+00,  1.10773773e-04,  1.85177334e-05, -1.03086836e-04,
       -7.89912624e-04,  2.15063888e-04,  6.12753632e-04,  1.27834996e-04,
       -3.68919728e-04, -7.48636734e-04,  3.69289087e-04, -4.87954371e-04,
        8.39382471e-04, -7.41816729e-05,  4.34659947e-04,  4.42866787e-04,
        0.00000000e+00, -3.69289087e-04, -1.24799262e-04, -1.77304843e-04,
        0.00000000e+00,  7.41816729e-05, -6.57402192e-05,  9.07060591e-05,
        1.36815105e-03, -5.37936537e-04, -7.32376721e-04,  7.07617956e-04,
        5.31354691e-04,  1.42052929e-03, -3.75547769e-04,  8.39900724e-04,
       -1.95126440e-03,  1.21165987e-04, -7.47698132e-04, -1.04918389e-03,
        0.00000000e+00,  3.75547769e-04, -1.07524003e-04, -1.24504609e-04,
        0.00000000e+00, -1.21165987e-04,  2.16343441e-04,  1.66591131e-04,
       -9.96801248e-03,  9.97517145e-03, -4.41147786e-03,  5.70432782e-03,
        4.77947157e-03, -5.48391223e-04, -7.58040126e-05,  3.23499786e-03,
        1.29561718e-03, -1.05569566e-05,  2.61808336e-03, -2.06487986e-04,
        0.00000000e+00,  7.58040126e-05,  4.61372037e-04,  1.32868495e-04,
        0.00000000e+00,  1.05569566e-05, -1.19676450e-04, -1.37674179e-04,
        3.19769241e-02, -2.17609679e-02,  8.77057242e-03, -1.14293613e-02,
        4.03166443e-03, -1.50958074e-02,  9.78790866e-04,  7.02155031e-04,
        2.17342471e-03,  3.08543672e-04, -1.53983247e-03, -1.76809962e-04,
        0.00000000e+00, -9.78790866e-04,  1.02549777e-03,  3.95843552e-04,
        0.00000000e+00, -3.08543672e-04, -4.59827747e-04,  1.16390267e-04,
       -4.19219788e-03, -5.72678511e-02,  4.24635201e-02, -1.09639002e-01,
       -6.85891391e-02,  2.63367933e-02, -5.58219580e-04, -1.65363313e-02,
        7.12105242e-03, -4.86201302e-04,  1.77074971e-03,  8.33551014e-04,
        0.00000000e+00,  5.58219580e-04, -8.64476278e-04, -3.07474954e-04,
        0.00000000e+00,  4.86201302e-04,  4.64097495e-05, -3.67213908e-05,
        4.94611138e-01,  2.56450967e-02,  1.60630508e-01,  2.52526161e-02,
       -5.39288331e-03,  8.14417618e-02,  2.65665630e-03, -1.59468342e-02,
       -4.89814397e-03, -9.00590168e-05, -6.33864422e-03, -5.58160478e-03,
        0.00000000e+00, -2.65665630e-03, -3.15486761e-03, -2.21815986e-04,
        0.00000000e+00,  9.00590168e-05,  2.28592335e-04,  2.48772508e-04,
        7.89572139e+00,  1.89792795e+00,  8.77887250e-02, -5.49595998e-04,
       -1.19112528e-01,  2.95271985e-02,  1.91497915e-02, -1.39162075e-02,
       -7.80506526e-02, -5.66383909e-03, -1.03393049e-02, -8.94248537e-04,
       -2.87698197e-03, -4.31639668e-03, -2.27720975e-03,  3.00242101e-04,
       -1.26733268e-03,  5.53336087e-04,  8.94248537e-04,  0.00000000e+00,
        2.17074333e-04,  5.23008707e-04,  3.62882316e-05, -3.00242101e-04,
        0.00000000e+00, -2.26241320e-02,  6.76555326e-02,  1.96084487e-01,
       -2.81935756e-01, -2.83035055e-02, -3.78764440e-02, -1.59734128e-02,
        2.28243671e-02, -1.08128682e-02,  4.98053578e-03,  9.69114537e-03,
       -7.49421308e-04,  1.78344463e-03, -3.47646055e-03,  1.10156043e-03,
        3.49493576e-04, -1.00729522e-05,  7.74073479e-04,  7.49421308e-04,
        0.00000000e+00,  7.98130808e-06,  1.66001900e-04, -1.18638710e-04,
       -3.49493576e-04,  0.00000000e+00,  1.97442859e-02, -8.36153414e-02,
        2.08100662e-02,  5.58653233e-02,  6.97813380e-02, -9.04738310e-03,
       -4.95820708e-04,  9.13966235e-03,  2.79352325e-02,  4.87557089e-03,
        4.53832322e-03,  2.55475794e-03,  3.15017965e-03,  6.90064546e-03,
        3.57014611e-03, -4.76546864e-04,  3.72924677e-04, -1.69155368e-05,
       -2.55475794e-03,  0.00000000e+00, -1.55211775e-04, -6.98260690e-04,
       -5.25169950e-04,  4.76546864e-04,  0.00000000e+00, -1.59648742e-02,
        3.50062841e-02, -1.78356702e-02, -8.06946503e-03, -2.93332995e-03,
       -4.54888151e-03,  3.20664484e-03,  6.92742399e-03,  2.49023331e-02,
       -3.68441812e-03, -7.07807667e-03, -7.68702919e-05, -4.34158785e-04,
       -1.74318825e-04, -2.01771065e-03,  1.48100106e-04,  1.30274201e-03,
        6.37278086e-04,  7.68702919e-05,  0.00000000e+00, -1.50418681e-04,
       -3.93215363e-04,  1.24980588e-04, -1.48100106e-04,  0.00000000e+00,
        7.26684707e-04,  3.07242951e-03,  4.18007099e-03,  6.31666005e-03,
       -7.03601258e-03,  3.43506753e-03,  1.45940347e-03, -2.86206003e-03,
       -5.80629085e-03,  3.22032978e-04,  1.70752108e-03, -1.44764171e-04,
       -1.22546152e-03, -1.23909694e-03,  1.01767713e-03,  7.31701883e-05,
       -1.11715996e-04, -9.22422482e-04,  1.44764171e-04,  0.00000000e+00,
        3.07094417e-04,  3.63425587e-04, -2.70686359e-04, -7.31701883e-05,
        0.00000000e+00, -1.64437670e-04, -1.35933576e-03, -7.38584876e-04,
        6.78946196e-04,  2.49948079e-04, -2.37095464e-04,  2.57553063e-04,
       -6.40563640e-04,  7.32906439e-04,  1.38853990e-03, -2.90980539e-04,
       -3.46542877e-04,  6.75236419e-04, -2.03607711e-04, -8.91802393e-04,
       -4.89959108e-06, -2.79152217e-04,  5.28076003e-04,  3.46542877e-04,
        0.00000000e+00, -2.97669354e-05,  1.65225155e-04,  1.58895954e-04,
        4.89959108e-06,  0.00000000e+00,  8.81052256e-04, -7.46136447e-04,
        2.36887334e-04, -1.22473378e-03,  5.37221165e-04,  7.78297376e-04,
       -1.04960280e-03,  8.26007715e-04,  2.53217549e-04,  1.72621734e-04,
       -2.97367580e-04,  2.15513302e-05, -3.07317486e-05,  4.92636385e-04,
       -1.93041452e-04, -1.23197250e-04,  3.62935474e-05, -4.80929797e-04,
       -2.15513302e-05,  0.00000000e+00, -3.76050427e-05, -9.39103210e-05,
       -6.01760975e-05,  1.23197250e-04,  0.00000000e+00, -2.45349238e-05,
       -9.50266740e-05, -7.51977472e-05, -4.81181767e-04, -4.73226308e-05,
        1.76619835e-04,  2.02413689e-04,  4.06224959e-04,  9.40703933e-05,
       -8.22540081e-06, -1.68477815e-04, -7.05014722e-05, -2.90773701e-05,
        7.72699175e-05, -1.62497175e-04, -1.54376641e-05,  1.50574706e-04,
       -8.14201999e-06,  7.05014722e-05,  0.00000000e+00, -7.36036482e-05,
       -2.31310876e-06,  6.84267816e-05,  1.54376641e-05,  0.00000000e+00,
       -7.61002400e-05, -8.76793656e-06, -9.77548600e-06,  3.14366393e-05,
        5.97492739e-05,  9.49740803e-07,  7.32013506e-05, -3.85799525e-05,
       -2.08015141e-04, -2.26776048e-05,  8.80544005e-06,  5.70251088e-05,
        1.04025502e-05, -4.58343935e-07,  2.37253338e-04, -6.99330099e-05,
       -2.83037325e-05, -9.75518085e-06, -5.70251088e-05,  0.00000000e+00,
        2.27182519e-06,  7.60165720e-06, -2.92381975e-05,  6.99330099e-05,
        0.00000000e+00], dtype=float64),
                   'Ra_n': Array([ 7.83017651e+00, -2.36457495e-01, -4.86699241e-03,  5.36118093e-03,
       -4.61426880e-04,  1.26696914e-04, -4.12311171e-04,  2.08550235e-04,
       -1.25412850e-06], dtype=float64),
                   'Rb_lmn': Array([ 0.00000000e+00,  0.00000000e+00,  0.00000000e+00,  0.00000000e+00,
        0.00000000e+00,  0.00000000e+00,  0.00000000e+00,  0.00000000e+00,
        0.00000000e+00,  0.00000000e+00,  0.00000000e+00,  0.00000000e+00,
        0.00000000e+00,  0.00000000e+00,  0.00000000e+00,  0.00000000e+00,
        0.00000000e+00,  0.00000000e+00,  0.00000000e+00,  0.00000000e+00,
        0.00000000e+00,  0.00000000e+00,  0.00000000e+00,  0.00000000e+00,
        0.00000000e+00,  0.00000000e+00,  0.00000000e+00,  0.00000000e+00,
        0.00000000e+00,  0.00000000e+00,  0.00000000e+00,  0.00000000e+00,
        0.00000000e+00,  0.00000000e+00,  0.00000000e+00,  0.00000000e+00,
        7.27787848e-03, -7.15107969e-04,  9.08261806e-03, -2.83519898e-03,
        0.00000000e+00,  0.00000000e+00,  0.00000000e+00,  0.00000000e+00,
        2.03200421e-03,  1.04982252e-02, -3.69171950e-02,  2.31168311e-02,
        0.00000000e+00,  0.00000000e+00,  0.00000000e+00,  0.00000000e+00,
       -6.67719797e-02,  2.50627126e-02, -3.01342281e-02, -1.07017622e-01,
        0.00000000e+00,  0.00000000e+00,  0.00000000e+00,  0.00000000e+00,
       -1.15029352e-02,  1.41528806e-01,  1.01754026e-01,  5.14743794e-01,
        8.00000000e+00,  1.77188425e+00, -1.82591914e-02,  1.97412297e-02,
       -8.02915741e-02,  0.00000000e+00,  0.00000000e+00,  0.00000000e+00,
        0.00000000e+00,  1.59278368e-01,  4.43224899e-02, -2.62421847e-01,
       -2.74112251e-02, -9.82994645e-03,  0.00000000e+00,  0.00000000e+00,
        0.00000000e+00,  0.00000000e+00,  4.30534993e-02, -8.58550777e-03,
        7.12073704e-02, -4.52597542e-03,  3.09802087e-02,  0.00000000e+00,
        0.00000000e+00,  0.00000000e+00,  0.00000000e+00, -3.11784771e-02,
        2.96912781e-02, -1.70957523e-03, -1.09896801e-02,  2.30096030e-02,
        0.00000000e+00,  0.00000000e+00,  0.00000000e+00,  0.00000000e+00,
        5.44779207e-03, -3.75326609e-03,  2.57892867e-03,  4.22016613e-03,
       -5.05930008e-03,  0.00000000e+00,  0.00000000e+00,  0.00000000e+00,
        0.00000000e+00,  0.00000000e+00,  0.00000000e+00,  0.00000000e+00,
        0.00000000e+00,  0.00000000e+00,  0.00000000e+00,  0.00000000e+00,
        0.00000000e+00,  0.00000000e+00,  0.00000000e+00,  0.00000000e+00,
        0.00000000e+00,  0.00000000e+00,  0.00000000e+00,  0.00000000e+00,
        0.00000000e+00,  0.00000000e+00,  0.00000000e+00,  0.00000000e+00,
        0.00000000e+00,  0.00000000e+00,  0.00000000e+00,  0.00000000e+00,
        0.00000000e+00,  0.00000000e+00,  0.00000000e+00,  0.00000000e+00,
        0.00000000e+00,  0.00000000e+00,  0.00000000e+00,  0.00000000e+00,
        0.00000000e+00,  0.00000000e+00,  0.00000000e+00,  0.00000000e+00,
        0.00000000e+00], dtype=float64),
                   'Te_l': Array([], shape=(0,), dtype=float64),
                   'Ti_l': Array([], shape=(0,), dtype=float64),
                   'Z_lmn': Array([-3.41774791e-05,  1.56658673e-04, -8.01501498e-05, -4.21027654e-05,
       -9.91726491e-05,  1.65137302e-04,  3.20748639e-05, -4.45548884e-06,
       -8.23220875e-05, -1.56518280e-04, -1.63582772e-04,  5.97823110e-05,
        1.36747038e-04,  7.20894764e-05,  1.67864248e-05,  1.74072150e-05,
        9.90322561e-05, -1.55453030e-06, -5.97823110e-05,  0.00000000e+00,
       -5.44942728e-05, -2.55312222e-05,  6.55356626e-05, -1.74072150e-05,
        0.00000000e+00, -1.32295718e-04, -5.97356673e-04,  2.36557686e-05,
        2.24194933e-04,  4.94005868e-04, -3.86995030e-04,  1.25253255e-04,
       -1.02287938e-04, -3.13653889e-04,  2.73476511e-04,  2.60348066e-04,
       -1.69583599e-04, -5.59148343e-05, -8.22973420e-05,  4.52169383e-04,
       -1.19592127e-04, -1.70125706e-04,  1.26646964e-04,  1.69583599e-04,
        0.00000000e+00,  3.93015287e-05, -3.96096535e-05, -1.38515494e-04,
        1.19592127e-04,  0.00000000e+00, -4.56127459e-04,  4.97591329e-04,
        1.13941487e-04, -1.19626804e-03, -9.40213550e-04,  3.46259286e-04,
        2.60964813e-04,  3.74656321e-04, -4.00142306e-04,  4.74621762e-04,
       -1.30211280e-04,  2.50930293e-04,  4.59263985e-05,  7.53628743e-04,
        3.60996712e-04, -1.48844950e-04, -3.19995415e-05, -2.16048006e-04,
       -2.50930293e-04,  0.00000000e+00,  3.52947614e-05,  6.79829806e-05,
        3.91455945e-05,  1.48844950e-04,  0.00000000e+00,  1.40400382e-03,
       -2.22180263e-03,  1.41699578e-04, -1.25092240e-03,  3.11489427e-03,
        2.14492448e-03, -5.89295712e-04,  2.27120484e-03, -6.62107499e-04,
       -7.60542377e-04, -1.92717286e-03, -2.46937345e-04, -7.70676468e-04,
       -7.97498068e-04,  6.43952623e-04, -1.11567563e-04, -1.32549256e-04,
       -2.17751614e-04,  2.46937345e-04,  0.00000000e+00, -1.85731219e-04,
       -2.22784373e-04,  1.81548763e-05,  1.11567563e-04,  0.00000000e+00,
       -4.01273368e-03,  5.30622498e-03, -2.04438610e-03, -1.16066557e-02,
       -1.38662668e-03, -9.17159655e-04,  1.26959291e-03,  3.05588274e-03,
       -4.21025717e-03, -1.53910162e-03,  5.65863038e-03, -7.44855973e-04,
        1.40522212e-03,  1.09606676e-03, -1.49856943e-03, -2.82520284e-05,
       -2.59176851e-04,  8.13222382e-05,  7.44855973e-04,  0.00000000e+00,
       -9.31633455e-05,  8.59346813e-05, -1.43932856e-05,  2.82520284e-05,
        0.00000000e+00,  1.78603519e-02, -1.00023252e-02,  4.32091518e-03,
        4.02966581e-02, -6.23708690e-03, -7.60874477e-03, -1.57386510e-02,
       -1.49338585e-02,  4.16295262e-03,  4.65115503e-03, -8.38222765e-03,
        5.98190470e-04,  6.49150930e-04,  6.73877175e-06,  3.75514140e-03,
        1.95579100e-04,  6.07443660e-04,  6.44924296e-04, -5.98190470e-04,
        0.00000000e+00,  5.97407871e-05, -8.67901638e-05, -3.20456674e-04,
       -1.95579100e-04,  0.00000000e+00, -7.73086779e-02,  1.73153732e-01,
       -2.80194809e-02,  1.18801785e-02, -5.46805011e-02, -1.11509256e-02,
        2.76300203e-02, -4.80020802e-03, -3.29692783e-02,  9.82859425e-03,
        3.80830464e-04,  9.69812223e-04, -1.31687880e-03,  9.34594862e-04,
       -3.46688381e-03, -6.73926002e-04, -1.68476851e-03, -2.49038581e-04,
       -9.69812223e-04,  0.00000000e+00,  1.27252018e-04,  1.01767287e-04,
       -5.02069789e-04,  6.73926002e-04,  0.00000000e+00,  1.00349376e+00,
       -5.16156330e-01,  7.52354382e-02,  2.24454065e-01,  2.18018858e-01,
        3.16576941e-01,  6.19216596e-02,  1.45415440e-01, -2.45002896e-03,
       -4.03821056e-03, -1.56593850e-02,  8.21159380e-04, -1.13446520e-03,
       -5.24447311e-03,  3.85122679e-03, -1.04992990e-04, -2.59391035e-04,
       -1.67630587e-03, -8.21159380e-04,  0.00000000e+00, -3.04913267e-04,
       -3.93984369e-04, -2.31004308e-05,  1.04992990e-04,  0.00000000e+00,
       -1.75806879e+00, -3.87995990e-01,  2.69622948e-02, -6.73275215e-02,
        7.92019911e-02,  6.67981233e-02,  5.29689113e-04,  2.11310201e-02,
        1.31347360e-04, -4.70903927e-04,  6.07214370e-04,  1.92560179e-03,
        0.00000000e+00, -5.29689113e-04, -7.25895894e-04,  3.87518619e-04,
        0.00000000e+00,  4.70903927e-04,  8.62355610e-05, -2.46412851e-04,
        1.47714905e-02,  4.21736646e-01,  1.71501944e-02, -3.13261940e-02,
        8.78644519e-02,  1.51723155e-02, -5.21696608e-04,  1.46964979e-02,
        1.05154263e-02,  3.41726515e-04, -5.62258213e-03,  3.01153990e-03,
        0.00000000e+00,  5.21696608e-04, -1.37181740e-03,  4.75166951e-05,
        0.00000000e+00, -3.41726515e-04, -6.84109091e-05,  6.62355178e-05,
       -2.92456107e-02,  4.21096136e-02,  5.82601100e-02,  4.08239055e-02,
       -4.78822869e-02, -1.83949763e-02, -2.02254352e-03, -5.31308770e-03,
       -3.91698270e-03, -1.68796384e-04, -2.09152016e-03, -9.93750926e-04,
        0.00000000e+00,  2.02254352e-03, -9.29244950e-04, -1.38669164e-04,
        0.00000000e+00,  1.68796384e-04,  3.23033257e-04,  1.83651051e-04,
        8.68055877e-03, -3.61710167e-03, -2.92361220e-02, -2.18590289e-02,
       -9.48557330e-03,  4.61678338e-03, -6.90535491e-04,  7.01610780e-03,
        8.01345953e-04,  9.89094461e-06, -1.47331863e-03,  3.17576694e-03,
        0.00000000e+00,  6.90535491e-04, -5.84942938e-04, -5.07479361e-04,
        0.00000000e+00, -9.89094461e-06,  4.75006477e-05,  2.02585515e-04,
        6.81650640e-03, -6.51627022e-03,  4.24466898e-03, -2.41954898e-04,
        3.89176454e-03,  1.39906643e-03,  5.90853496e-04, -3.11690499e-03,
       -1.21705226e-03, -4.51635935e-04,  3.52040110e-04,  1.82987425e-03,
        0.00000000e+00, -5.90853496e-04,  3.89257598e-04,  8.90791656e-04,
        0.00000000e+00,  4.51635935e-04,  1.23575524e-04, -4.36147288e-04,
       -2.14638425e-03, -2.63898036e-04, -2.19940289e-03,  1.29125905e-03,
       -2.59213192e-04,  1.03470023e-03, -4.42386527e-05,  2.03954911e-03,
        7.72323985e-04,  7.01937057e-05,  3.10860008e-04, -9.33171446e-04,
        0.00000000e+00,  4.42386527e-05,  1.59853775e-04,  8.28012205e-05,
        0.00000000e+00, -7.01937057e-05, -5.16468153e-05,  1.62369254e-04,
       -6.72998275e-04, -6.28861272e-05,  8.31021584e-05,  3.91173182e-04,
       -8.62437116e-04, -5.18064063e-04,  1.82316768e-04, -3.66399897e-04,
        1.10349571e-04,  1.70139660e-04,  7.24278445e-04,  3.45648757e-04,
        0.00000000e+00, -1.82316768e-04,  2.83297738e-04,  1.71475522e-04,
        0.00000000e+00, -1.70139660e-04,  1.38158671e-04,  2.35301433e-04,
       -2.34828874e-04,  1.72624104e-06, -2.96319699e-04, -1.29710145e-04,
        2.26968220e-05, -5.56325377e-06, -1.80402575e-04,  2.61530185e-04,
        3.79802407e-04, -6.20592298e-05,  6.55941296e-05,  1.22618136e-04,
        0.00000000e+00,  1.80402575e-04,  3.47895138e-05, -1.52633880e-05,
        0.00000000e+00,  6.20592298e-05, -8.82909517e-05, -1.18781124e-04,
       -3.91229575e-05, -6.20642634e-06,  6.49901167e-05, -1.20425679e-05,
       -1.62957980e-04,  3.21829819e-05,  3.31933411e-05, -6.71519784e-05,
       -2.80981677e-05, -1.48433342e-05,  1.06823576e-04,  1.73884958e-05,
        0.00000000e+00, -3.31933411e-05,  2.16186174e-06,  7.92636931e-05,
        0.00000000e+00,  1.48433342e-05,  5.61344043e-05, -4.33650513e-05],      dtype=float64),
                   'Za_n': Array([-1.13193776e-04,  6.45181314e-05, -3.19735770e-04,  1.25795378e-03,
       -2.19714014e-03, -2.78862441e-03, -2.02150458e-02,  9.91009535e-01],      dtype=float64),
                   'Zb_lmn': Array([ 0.00000000e+00,  0.00000000e+00,  0.00000000e+00,  0.00000000e+00,
        0.00000000e+00,  0.00000000e+00,  0.00000000e+00,  0.00000000e+00,
        0.00000000e+00,  0.00000000e+00,  0.00000000e+00,  0.00000000e+00,
        0.00000000e+00,  0.00000000e+00,  0.00000000e+00,  0.00000000e+00,
        0.00000000e+00,  0.00000000e+00,  0.00000000e+00,  0.00000000e+00,
        0.00000000e+00,  0.00000000e+00,  0.00000000e+00,  0.00000000e+00,
        0.00000000e+00,  0.00000000e+00,  0.00000000e+00,  0.00000000e+00,
        0.00000000e+00,  0.00000000e+00,  0.00000000e+00,  0.00000000e+00,
        0.00000000e+00,  0.00000000e+00,  0.00000000e+00,  0.00000000e+00,
       -3.47546810e-03,  2.12131982e-03, -7.36877153e-03,  4.82279296e-03,
       -5.72321988e-03,  0.00000000e+00,  0.00000000e+00,  0.00000000e+00,
        0.00000000e+00,  7.15150781e-03, -1.09808134e-02,  2.52827482e-02,
       -1.53460481e-02,  7.59763734e-03,  0.00000000e+00,  0.00000000e+00,
        0.00000000e+00,  0.00000000e+00, -7.88877653e-02,  1.26617057e-01,
        8.11633265e-03, -1.10191337e-02, -3.69382319e-02,  0.00000000e+00,
        0.00000000e+00,  0.00000000e+00,  0.00000000e+00,  1.13921148e+00,
       -3.02435074e-01,  3.64231048e-01,  2.99241251e-01,  1.37809740e-03,
        0.00000000e+00,  0.00000000e+00,  0.00000000e+00,  0.00000000e+00,
        0.00000000e+00,  0.00000000e+00,  0.00000000e+00,  0.00000000e+00,
        7.98954410e-02,  4.73674190e-02, -3.19518678e-01, -1.82487745e+00,
        0.00000000e+00,  0.00000000e+00,  0.00000000e+00,  0.00000000e+00,
        8.21734589e-02,  3.04748749e-02,  4.39986737e-01, -5.99176052e-03,
        0.00000000e+00,  0.00000000e+00,  0.00000000e+00,  0.00000000e+00,
       -4.96507738e-02,  5.20177773e-02,  2.29045374e-02,  7.52264293e-03,
        0.00000000e+00,  0.00000000e+00,  0.00000000e+00,  0.00000000e+00,
       -1.09113913e-02, -2.28049572e-02,  4.37803417e-03, -1.28846036e-02,
        0.00000000e+00,  0.00000000e+00,  0.00000000e+00,  0.00000000e+00,
        4.36738017e-03,  1.51702159e-03, -3.72347683e-03,  6.24829090e-03,
        0.00000000e+00,  0.00000000e+00,  0.00000000e+00,  0.00000000e+00,
        0.00000000e+00,  0.00000000e+00,  0.00000000e+00,  0.00000000e+00,
        0.00000000e+00,  0.00000000e+00,  0.00000000e+00,  0.00000000e+00,
        0.00000000e+00,  0.00000000e+00,  0.00000000e+00,  0.00000000e+00,
        0.00000000e+00,  0.00000000e+00,  0.00000000e+00,  0.00000000e+00,
        0.00000000e+00,  0.00000000e+00,  0.00000000e+00,  0.00000000e+00,
        0.00000000e+00,  0.00000000e+00,  0.00000000e+00,  0.00000000e+00,
        0.00000000e+00,  0.00000000e+00,  0.00000000e+00,  0.00000000e+00],      dtype=float64),
                   'Zeff_l': Array([], shape=(0,), dtype=float64),
                   'a_lmn': Array([], shape=(0,), dtype=float64),
                   'c_l': Array([0., 0., 0., 0., 0.], dtype=float64),
                   'i_l': Array([], shape=(0,), dtype=float64),
                   'ne_l': Array([], shape=(0,), dtype=float64),
                   'ni_l': Array([], shape=(0,), dtype=float64),
                   'p_l': Array([0., 0., 0., 0., 0.], dtype=float64)}],
               [ { 'G': Array([], shape=(0,), dtype=float64),
                   'I': Array([], shape=(0,), dtype=float64),
                   'L_lmn': Array([ 1.49413385e-05, -1.22705093e-04,  5.28703588e-05, -8.06502283e-05,
        3.55769827e-05,  1.74672256e-04,  3.36309175e-05,  3.24981609e-05,
       -2.26977223e-04,  2.60718144e-05,  6.55264225e-05,  1.14009291e-04,
        1.87666568e-05, -2.74122846e-05, -1.07614885e-04, -2.15349043e-05,
       -1.29259280e-04,  3.35906453e-05,  1.18538774e-04, -1.57147616e-05,
       -1.57543720e-05,  4.18962443e-05, -3.74385070e-05, -4.03202431e-05,
        2.14647963e-05,  1.34405695e-04,  2.51250751e-05, -1.42167472e-04,
       -2.98628123e-04,  2.20058015e-04,  3.91020798e-04, -5.34819207e-05,
        3.32335491e-04,  3.42870157e-04, -2.91202633e-04, -5.11825099e-04,
       -1.87052113e-04, -7.14535784e-05,  1.34884014e-04, -4.44805626e-05,
        1.50681922e-04,  3.16913663e-04,  1.58650798e-05, -9.93315479e-05,
       -5.45810799e-05,  1.30114667e-05,  1.29907206e-05,  1.56570178e-06,
        2.54053022e-06, -1.33961776e-05,  7.57908533e-04, -5.76739400e-04,
       -1.70585130e-04, -7.66636070e-04,  1.55925812e-04,  1.13407400e-05,
       -5.15678987e-04,  9.32340144e-04, -2.11049517e-04,  2.73821485e-04,
       -3.61360438e-04,  3.41096385e-04,  1.07585082e-05, -6.30552023e-06,
        7.02293731e-05, -1.42359354e-04, -1.96044374e-05,  2.27118694e-04,
        6.58401480e-05,  7.10502397e-05, -1.02756470e-04, -7.95335489e-05,
        3.11707163e-05, -1.18694105e-04, -5.32464998e-05,  6.12289078e-05,
       -3.16308973e-04, -3.56833965e-03, -2.42457428e-03,  7.96042267e-04,
        7.90693289e-04,  3.04008151e-03,  1.72724568e-03, -9.51998378e-05,
        4.41141717e-04,  4.48721353e-05, -3.96128740e-04,  1.86493674e-04,
       -9.85687146e-05, -1.31188468e-04,  5.77507577e-04, -2.02895336e-04,
       -1.48589561e-04,  3.91474279e-05,  1.06326542e-04,  2.05789275e-04,
        5.17195596e-05, -1.46617279e-04,  1.77457188e-04,  7.03240320e-06,
        7.88931275e-03,  4.12914473e-03, -5.12495705e-03,  5.14037651e-03,
       -7.45535590e-03, -2.73900339e-04, -1.22680548e-03, -2.59012672e-03,
        8.78247761e-04,  6.08023613e-04, -4.05866785e-04,  1.78647045e-03,
       -5.87238260e-04, -1.09920771e-03,  8.87741100e-04, -6.82033932e-04,
       -3.31869692e-04,  1.54653956e-04,  1.65108808e-05,  3.55177866e-04,
        1.06653463e-04,  1.69177961e-04,  3.01364608e-05, -8.31741207e-05,
       -1.23418035e-04, -1.58589959e-02, -1.89086235e-02,  5.16828154e-03,
       -8.25449552e-03,  3.88668205e-02, -6.90171045e-03,  1.53172881e-04,
        4.90554725e-03,  1.65707286e-03, -4.62795892e-03, -2.44562847e-03,
       -1.18755342e-03, -7.00405125e-04,  3.48382077e-04,  3.15493694e-03,
        2.37562584e-03,  1.28846509e-03, -4.91832202e-04, -6.19651991e-04,
        8.58490311e-04,  3.14253828e-05, -9.97082716e-04,  1.58610245e-04,
        2.69483236e-04, -1.33245567e-04, -3.58012025e-02,  9.56859870e-03,
        6.27621366e-02, -1.37228359e-02, -3.64320498e-02,  2.51903094e-02,
       -7.98798559e-03, -1.34386276e-02, -3.82825460e-03,  2.34359450e-03,
        1.25803710e-02, -1.75851029e-02,  5.27172762e-03,  2.96340272e-03,
       -4.83418636e-03,  1.50618183e-03, -2.02673618e-03, -1.96119876e-03,
       -3.20933241e-04, -1.75384400e-03, -2.13178484e-03, -3.85888809e-04,
        3.00516743e-04, -2.79205446e-04, -1.53570157e-04,  1.45441345e-01,
       -9.50955906e-02, -1.01478101e-01, -2.85368294e-01, -1.58279898e-01,
        4.27469164e-02,  1.28920279e-02,  2.24680867e-02,  1.94261773e-02,
        2.27758213e-02,  9.31235962e-03, -9.63162951e-03, -1.16493924e-02,
       -1.78435595e-03, -4.50522537e-03,  5.17645916e-04, -2.34540947e-04,
        3.23106210e-04,  1.81000014e-03,  2.58637374e-04,  8.57498912e-03,
        1.21696011e-03,  9.34382487e-05, -5.76783049e-04, -7.66437784e-04,
        4.60481149e-01, -1.69181049e-01, -5.48281772e-02, -8.48872420e-02,
       -9.35267108e-03, -2.62187776e-02,  1.48167889e-02,  2.89971830e-03,
        5.68273979e-03, -3.40195258e-03,  1.52747458e-03,  3.11000042e-03,
        1.42004822e-04, -8.69593933e-04, -1.91084740e-03, -2.94175491e-03,
        5.73933170e-04,  1.71033579e-04,  4.17360428e-04,  1.53679462e-04,
       -3.90152456e-01, -3.62230989e-02,  7.84248668e-03, -1.30838097e-02,
       -1.28930907e-02, -6.05477571e-03,  1.53169915e-03,  1.27270716e-02,
       -1.58195644e-03, -2.99041542e-03, -2.34260195e-03,  1.47216273e-02,
       -1.94187040e-04,  2.52437850e-04, -3.73293544e-05,  1.55141221e-03,
       -4.33272897e-04,  5.73149265e-04, -1.90754288e-04, -1.11254470e-03,
        2.14250853e-03, -5.04766011e-02,  2.54925449e-02,  3.29895661e-03,
       -1.43559182e-03,  9.07087448e-04, -1.31432250e-02, -5.38605804e-03,
       -8.58855783e-04,  1.47373824e-04, -2.05508067e-03, -2.59116762e-03,
       -3.29416009e-04, -5.90676763e-04, -2.00634494e-04,  2.59226785e-03,
        7.07129028e-05,  1.57019248e-06, -7.55433255e-04, -2.97996686e-04,
       -1.01142025e-02,  1.21685945e-02,  1.25153790e-02,  1.59921740e-02,
        4.28583122e-03, -3.91514250e-03, -4.12282797e-03, -1.46295018e-03,
        1.01888193e-03,  1.79072302e-03,  1.91816577e-03, -2.15476457e-03,
        3.24817664e-04,  6.79987989e-04,  1.65254246e-03, -5.86732052e-05,
        2.74063968e-04, -4.39130250e-04, -5.68711280e-05,  1.13197984e-03,
        3.72888033e-03, -3.38907334e-03, -2.07026439e-03, -5.93332290e-03,
       -2.74710670e-03,  5.67573003e-03,  1.66738852e-03, -9.86787110e-04,
       -1.59456137e-03,  1.08095700e-04,  4.51402582e-04, -3.89893905e-04,
        2.91977682e-04, -8.98513512e-05, -5.36195095e-04, -1.44381448e-04,
       -2.57890889e-04,  1.51014041e-04,  6.74636503e-04,  5.04740220e-04,
       -2.44876301e-03, -1.17937521e-04,  9.82949648e-04,  2.70127491e-03,
        1.25527983e-04, -1.30652769e-04,  2.46353907e-04, -5.07244828e-04,
        4.57269934e-04,  1.57537754e-04, -3.75714668e-04,  2.00553643e-04,
        9.22279640e-06,  4.02391857e-05, -1.11325339e-04, -8.91407527e-05,
        7.20658131e-05, -2.49690715e-05, -1.63145305e-04, -2.84621090e-04,
       -9.59506178e-04,  2.44266110e-04,  5.24732719e-04,  9.32006890e-04,
       -1.98655490e-04,  8.88814197e-06, -6.51459707e-04, -7.71278704e-04,
        2.16559691e-04,  8.61545878e-05,  1.86434969e-04, -4.75772875e-04,
        8.50931918e-06,  1.63108523e-04,  7.43130580e-05,  1.34831939e-04,
       -9.84578076e-05, -2.44712906e-05, -9.30283598e-05, -1.27554872e-04,
       -8.93724870e-05,  2.00175337e-04,  3.28617408e-04, -1.04811096e-04,
        6.85049749e-05, -1.27871874e-04,  1.67541751e-04, -4.38799644e-04,
       -1.13682185e-04,  9.76702571e-06, -2.49445548e-04,  3.50204822e-05,
        3.56095645e-05, -2.67542363e-05, -1.17401386e-04,  9.84102738e-05,
        1.76550423e-05, -1.80596254e-05,  6.27624870e-05,  1.11778545e-04,
       -1.58643439e-05,  6.00915758e-05, -3.19916122e-07,  5.55340838e-07,
       -8.53274603e-05, -1.36201657e-04,  4.30988868e-05,  8.10946905e-05,
       -2.92874292e-06,  7.94118018e-06,  3.35257652e-07,  4.35429693e-05,
        8.89070476e-06, -1.09864135e-05,  8.50297946e-06, -5.68114023e-06,
       -8.72437508e-06, -4.60081480e-06, -4.30420125e-05, -3.74910832e-05],      dtype=float64),
                   'Phi_mn': Array([], shape=(0,), dtype=float64),
                   'Psi': Array([50.], dtype=float64),
                   'R_lmn': Array([-3.35761302e-06,  9.32869347e-05,  7.89234761e-05, -3.37081271e-05,
        2.20752274e-06, -3.17097315e-05,  6.96042331e-05, -1.14059135e-04,
       -4.16634151e-05,  9.95992423e-05,  3.39057799e-05, -2.54325604e-05,
        0.00000000e+00, -6.96042331e-05,  3.51356587e-05,  7.87291552e-05,
        0.00000000e+00, -9.95992423e-05, -3.61133026e-05, -3.61446428e-05,
       -4.78673024e-04,  4.21578521e-04,  2.95739363e-04,  1.17782968e-04,
       -2.31167276e-04, -2.09860540e-04, -1.55393011e-04, -2.45606257e-04,
        3.65808684e-04, -6.39996218e-05,  2.49929515e-04, -9.64320378e-05,
        0.00000000e+00,  1.55393011e-04, -5.01331057e-05, -4.91862761e-06,
        0.00000000e+00,  6.39996218e-05, -1.87622391e-05, -1.15285943e-04,
       -1.58836468e-03, -2.03509212e-04,  9.19962339e-04,  1.11657706e-03,
       -4.42582004e-04, -4.27948877e-04,  4.03870734e-04, -8.10911474e-04,
        6.41589213e-04, -7.07589109e-05,  4.84502184e-04,  5.05346780e-04,
        0.00000000e+00, -4.03870734e-04, -1.09050865e-04, -1.69801591e-04,
        0.00000000e+00,  7.07589109e-05, -4.19201796e-05,  1.26111310e-04,
        4.86004199e-04,  1.69157384e-03,  1.84914406e-04,  2.41591306e-03,
        4.36918951e-04, -9.98776959e-04, -8.85169986e-05, -3.75250610e-04,
       -2.84260363e-03,  2.27087541e-04, -5.88500676e-04, -7.93792012e-04,
        0.00000000e+00,  8.85169986e-05,  1.90336204e-04, -5.93136274e-05,
        0.00000000e+00, -2.27087541e-04,  1.51581725e-04,  1.00995134e-04,
       -1.59286141e-02,  6.61064132e-03, -4.96826558e-03,  1.29412382e-02,
        4.17485661e-03,  3.07596127e-03, -2.09239612e-05,  4.00354216e-03,
        5.12149339e-04, -2.12468143e-04,  3.27569524e-03, -3.01604956e-04,
        0.00000000e+00,  2.09239612e-05,  3.47256720e-04,  5.17230260e-05,
        0.00000000e+00,  2.12468143e-04, -2.23478347e-04, -2.35167668e-04,
        3.34326996e-02, -1.33931607e-02,  8.01837431e-03, -1.23994679e-02,
        5.18025418e-03, -2.47729292e-02,  1.07970838e-03,  5.01181770e-04,
        2.24236779e-03,  4.46054552e-04, -3.01614644e-03,  8.95587166e-04,
        0.00000000e+00, -1.07970838e-03,  1.97748595e-03,  7.87291515e-05,
        0.00000000e+00, -4.46054552e-04, -3.98586344e-04,  1.79998930e-04,
       -2.31851334e-02, -5.57161549e-02,  3.89535431e-02, -8.84035203e-02,
       -6.64533491e-02,  2.71258294e-02, -8.54069961e-04, -1.15270056e-02,
        4.85876677e-03, -7.57947122e-04, -1.08487827e-03, -3.02067182e-04,
        0.00000000e+00,  8.54069961e-04, -2.00789798e-03, -1.10482505e-04,
        0.00000000e+00,  7.57947122e-04,  4.01437793e-04,  9.31270551e-06,
        4.62447535e-01,  3.87895347e-02,  1.63868092e-01,  5.68683613e-02,
       -5.59059971e-03,  6.98576663e-02,  1.78082774e-03, -1.73720301e-02,
       -2.80643711e-03, -1.59699455e-05, -8.22333902e-03, -6.87519004e-03,
        0.00000000e+00, -1.78082774e-03, -3.84647419e-03, -2.32593726e-04,
        0.00000000e+00,  1.59699455e-05,  5.86577509e-04,  2.24839961e-04,
        7.91715590e+00,  1.91987227e+00,  7.99849469e-02, -5.73824158e-03,
       -1.52030751e-01,  3.47808626e-02,  6.24835681e-03, -7.82540498e-03,
       -7.83307860e-02, -3.09793249e-03, -1.44127082e-02, -1.18878364e-03,
       -3.60149982e-03, -5.52359561e-03, -3.30001924e-03,  3.03882362e-04,
       -9.95568802e-04,  5.59005656e-04,  1.18878364e-03,  0.00000000e+00,
        2.12294433e-04,  7.04929637e-04, -2.67496407e-05, -3.03882362e-04,
        0.00000000e+00, -2.05510498e-02,  7.47395318e-02,  1.94825837e-01,
       -2.86108090e-01, -3.44981218e-02, -3.44905433e-02, -1.86776644e-02,
        2.61648060e-02, -1.25923031e-02,  4.47347987e-03,  5.80911220e-03,
       -4.57149565e-04,  9.49857529e-04, -4.78759727e-03,  2.19237138e-03,
        3.22450001e-04,  1.98170532e-04,  9.21286421e-04,  4.57149565e-04,
        0.00000000e+00, -7.31512700e-06,  3.73020907e-04,  1.63478725e-04,
       -3.22450001e-04,  0.00000000e+00,  1.48395157e-02, -8.44768605e-02,
        2.07772504e-02,  6.05256631e-02,  7.02788493e-02, -8.71795454e-03,
        3.15025234e-03,  3.96143661e-03,  2.73480681e-02,  5.49301900e-03,
        5.69252360e-03,  2.11886474e-03,  4.23540526e-03,  7.53934315e-03,
        4.14250933e-03, -7.06255285e-04, -1.71459997e-06, -4.59129764e-04,
       -2.11886474e-03,  0.00000000e+00, -3.08996908e-04, -9.55242884e-04,
       -4.89540613e-04,  7.06255285e-04,  0.00000000e+00, -1.04145550e-02,
        3.17809747e-02, -1.84795191e-02, -1.40311386e-02,  7.44958144e-04,
       -6.67843617e-03, -2.17727932e-03,  1.24700830e-02,  2.61115244e-02,
       -3.78176279e-03, -4.01592131e-03,  1.03223875e-04,  1.09724810e-04,
        1.95157019e-04, -3.29660038e-03,  7.14503468e-05,  1.03801079e-03,
        2.81683719e-04, -1.03223875e-04,  0.00000000e+00, -1.50721493e-04,
       -4.58154499e-04,  2.02408171e-04, -7.14503468e-05,  0.00000000e+00,
        1.04186542e-03,  1.68309010e-03,  4.21436782e-03,  7.03040093e-03,
       -6.15069010e-03,  4.71749916e-03,  1.16192150e-03, -2.89356891e-03,
       -4.32270905e-03,  5.24458935e-04,  8.58431033e-04, -3.91224033e-04,
       -1.14140963e-03, -1.68210777e-03, -7.57544702e-04,  3.67397260e-07,
       -3.64356189e-05, -1.19266586e-03,  3.91224033e-04,  0.00000000e+00,
        2.85841304e-04,  4.81362950e-04, -1.77266092e-04, -3.67397260e-07,
        0.00000000e+00,  8.96478609e-04, -2.06415806e-03, -8.24957846e-04,
       -1.65039643e-03,  1.09760821e-03, -2.37300533e-03, -7.93085050e-04,
        1.24379590e-03,  7.35769348e-04,  1.20886588e-03,  1.69519055e-03,
       -5.67609049e-04,  7.04576509e-04,  2.49136679e-04, -9.24851543e-04,
        1.70704147e-04, -2.42316024e-04,  6.77814782e-04,  5.67609049e-04,
        0.00000000e+00,  1.69877783e-05,  1.57463852e-04,  1.89082195e-04,
       -1.70704147e-04,  0.00000000e+00,  1.04317207e-03, -5.83456560e-04,
        2.05906073e-04, -8.69468277e-04,  6.69128071e-04,  1.20770388e-03,
       -1.17043186e-03,  6.28139428e-04,  4.72887249e-04, -1.48417141e-04,
       -7.56859466e-04,  2.81482202e-05, -3.53465270e-05,  3.71832157e-04,
       -4.37354982e-04, -1.13447454e-04,  6.27456289e-05, -4.50844416e-04,
       -2.81482202e-05,  0.00000000e+00, -4.32997509e-05, -1.30503308e-04,
       -3.55322667e-05,  1.13447454e-04,  0.00000000e+00, -1.02527077e-04,
       -1.63488305e-04, -3.31638786e-05, -2.78711948e-04,  2.46490014e-04,
        1.50399796e-04,  3.35166567e-04,  2.42700786e-04,  9.25036223e-05,
       -1.90311625e-04, -1.08063627e-04,  4.02845947e-05, -9.38282785e-05,
        8.29790989e-05, -1.19390807e-04,  4.31752334e-05,  1.07309916e-04,
       -4.23361692e-05, -4.02845947e-05,  0.00000000e+00, -1.05647333e-04,
       -4.69679372e-05,  2.68871851e-05, -4.31752334e-05,  0.00000000e+00,
       -2.44160714e-06,  3.59923775e-05,  1.44490652e-05,  4.76811817e-05,
        1.58002801e-05,  9.56734707e-05, -2.50979627e-05, -6.20148398e-05,
       -1.72470061e-04, -4.13616935e-05, -1.14884254e-04,  3.34596305e-05,
       -9.30972924e-06, -5.40837221e-06,  1.63474954e-04, -7.90733474e-05,
       -1.04309641e-05,  1.92107832e-05, -3.34596305e-05,  0.00000000e+00,
        2.24002339e-05,  1.97420303e-05,  8.99510715e-06,  7.90733474e-05,
        0.00000000e+00], dtype=float64),
                   'Ra_n': Array([ 7.84723311e+00, -2.35011724e-01, -7.33188450e-03,  5.62723841e-03,
       -5.83329964e-04,  2.40762675e-04, -3.41119092e-04,  2.53984314e-04,
       -1.02786719e-05], dtype=float64),
                   'Rb_lmn': Array([ 0.00000000e+00,  0.00000000e+00,  0.00000000e+00,  0.00000000e+00,
        0.00000000e+00,  0.00000000e+00,  0.00000000e+00,  0.00000000e+00,
        0.00000000e+00,  0.00000000e+00,  0.00000000e+00,  0.00000000e+00,
        0.00000000e+00,  0.00000000e+00,  0.00000000e+00,  0.00000000e+00,
        0.00000000e+00,  0.00000000e+00,  0.00000000e+00,  0.00000000e+00,
        0.00000000e+00,  0.00000000e+00,  0.00000000e+00,  0.00000000e+00,
        0.00000000e+00,  0.00000000e+00,  0.00000000e+00,  0.00000000e+00,
        0.00000000e+00,  0.00000000e+00,  0.00000000e+00,  0.00000000e+00,
        0.00000000e+00,  0.00000000e+00,  0.00000000e+00,  0.00000000e+00,
        7.22707350e-03, -6.17466701e-04,  9.14982996e-03, -2.42350351e-03,
        0.00000000e+00,  0.00000000e+00,  0.00000000e+00,  0.00000000e+00,
        1.76552140e-03,  1.04970420e-02, -3.70905038e-02,  2.33543286e-02,
        0.00000000e+00,  0.00000000e+00,  0.00000000e+00,  0.00000000e+00,
       -6.71367895e-02,  2.54186395e-02, -2.88830800e-02, -1.06840369e-01,
        0.00000000e+00,  0.00000000e+00,  0.00000000e+00,  0.00000000e+00,
       -1.32273612e-02,  1.42649588e-01,  1.01996851e-01,  5.16276866e-01,
        8.00000000e+00,  1.76374802e+00, -1.83823125e-02,  2.09271601e-02,
       -8.16575549e-02,  0.00000000e+00,  0.00000000e+00,  0.00000000e+00,
        0.00000000e+00,  1.56539665e-01,  4.49130604e-02, -2.64357861e-01,
       -2.77601447e-02, -1.02364530e-02,  0.00000000e+00,  0.00000000e+00,
        0.00000000e+00,  0.00000000e+00,  4.26934268e-02, -8.70670673e-03,
        7.10712000e-02, -3.48456070e-03,  3.10010369e-02,  0.00000000e+00,
        0.00000000e+00,  0.00000000e+00,  0.00000000e+00, -3.11123501e-02,
        2.97821808e-02, -1.82405306e-03, -1.04126738e-02,  2.30173322e-02,
        0.00000000e+00,  0.00000000e+00,  0.00000000e+00,  0.00000000e+00,
        5.56258640e-03, -3.97957669e-03,  2.93608720e-03,  4.38326433e-03,
       -5.25751985e-03,  0.00000000e+00,  0.00000000e+00,  0.00000000e+00,
        0.00000000e+00,  0.00000000e+00,  0.00000000e+00,  0.00000000e+00,
        0.00000000e+00,  0.00000000e+00,  0.00000000e+00,  0.00000000e+00,
        0.00000000e+00,  0.00000000e+00,  0.00000000e+00,  0.00000000e+00,
        0.00000000e+00,  0.00000000e+00,  0.00000000e+00,  0.00000000e+00,
        0.00000000e+00,  0.00000000e+00,  0.00000000e+00,  0.00000000e+00,
        0.00000000e+00,  0.00000000e+00,  0.00000000e+00,  0.00000000e+00,
        0.00000000e+00,  0.00000000e+00,  0.00000000e+00,  0.00000000e+00,
        0.00000000e+00,  0.00000000e+00,  0.00000000e+00,  0.00000000e+00,
        0.00000000e+00,  0.00000000e+00,  0.00000000e+00,  0.00000000e+00,
        0.00000000e+00], dtype=float64),
                   'Te_l': Array([], shape=(0,), dtype=float64),
                   'Ti_l': Array([], shape=(0,), dtype=float64),
                   'Z_lmn': Array([-5.33573268e-05,  2.09000067e-04, -7.17453410e-05, -4.26789689e-05,
       -1.29825141e-04,  1.35722667e-04,  3.82658949e-05, -2.26215053e-05,
       -9.58625458e-05, -2.02654725e-04, -9.32808379e-05,  5.18893628e-05,
        1.17909116e-04,  7.63163937e-05,  6.47996278e-05,  2.28762536e-05,
        1.23479799e-04, -4.24418289e-05, -5.18893628e-05,  0.00000000e+00,
       -3.10723430e-05, -1.10159195e-05,  3.10629180e-05, -2.28762536e-05,
        0.00000000e+00,  5.31236633e-05, -4.20266002e-04, -3.25897054e-05,
        3.36413893e-04,  3.21689848e-04, -3.41810511e-04, -5.11234509e-05,
       -3.44546648e-04, -3.06617230e-04,  1.78717424e-04,  1.46745760e-04,
       -6.41067374e-05,  1.56781749e-06,  7.45230032e-05,  4.22500443e-04,
       -9.54836665e-05, -8.01412700e-05,  1.95064751e-04,  6.41067374e-05,
        0.00000000e+00,  2.90216755e-05, -6.63902478e-05, -1.15883212e-04,
        9.54836665e-05,  0.00000000e+00, -6.74803877e-04,  9.37590921e-04,
        3.07538358e-04, -9.47519696e-05, -2.36795347e-04,  5.95008085e-04,
        5.01943584e-04, -2.81246052e-04, -2.75255588e-04, -5.91315509e-04,
       -4.29700580e-04,  1.70895697e-04, -1.67482259e-04,  2.25596447e-04,
        2.54935139e-04, -1.01094883e-04, -1.09480065e-04, -1.65307505e-04,
       -1.70895697e-04,  0.00000000e+00,  3.28041939e-05,  1.50401574e-04,
        2.03204497e-05,  1.01094883e-04,  0.00000000e+00,  2.62545885e-03,
       -1.23789320e-03,  1.28241526e-04,  6.02097405e-04,  2.73864157e-03,
        3.61509431e-03, -1.82291289e-03,  5.31424065e-04, -2.74820419e-04,
       -1.60692261e-03, -3.51230404e-03,  3.41997944e-04, -7.31821633e-04,
       -8.76701283e-04,  1.35894638e-04, -4.51098495e-05,  1.06174239e-04,
       -1.02790267e-04, -3.41997944e-04,  0.00000000e+00, -1.98965846e-04,
       -2.56820187e-04,  1.38925780e-04,  4.51098495e-05,  0.00000000e+00,
       -6.49542498e-03, -1.33434664e-03, -2.13594101e-03, -1.39601337e-02,
        6.07621478e-03, -3.55666157e-03,  3.68931916e-03,  5.44125558e-03,
       -4.97874798e-03, -1.56342243e-03,  8.17196172e-03, -1.03811973e-03,
        1.31414557e-03,  6.35291537e-04, -7.11790369e-04, -2.43004478e-05,
       -2.94553792e-04,  3.31294773e-04,  1.03811973e-03,  0.00000000e+00,
        1.70737659e-05,  2.04156689e-04, -1.22207371e-04,  2.43004478e-05,
        0.00000000e+00,  2.18666592e-02, -1.05054168e-02,  4.90784228e-03,
        4.88026019e-02, -8.67463181e-03, -4.80187867e-03, -1.96180627e-02,
       -2.29815688e-02,  5.78334895e-03,  5.43519109e-03, -1.14653390e-02,
        1.12885233e-03,  2.75867868e-04, -1.32751022e-06,  1.86605903e-03,
        2.35460604e-04,  1.38615742e-03,  6.33578308e-04, -1.12885233e-03,
        0.00000000e+00,  1.44543849e-04, -1.26770539e-04,  6.94155175e-05,
       -2.35460604e-04,  0.00000000e+00, -7.77943906e-02,  1.51250686e-01,
       -2.90408987e-02,  4.42828541e-03, -3.04024432e-02, -1.41448741e-02,
        2.78673643e-02,  1.58152679e-03, -2.96714079e-02,  9.84279081e-03,
        3.62937023e-03, -1.83280194e-04, -5.75630710e-04,  9.39703440e-04,
       -6.96944822e-03, -7.86090813e-04, -1.50438441e-03, -8.78055834e-04,
        1.83280194e-04,  0.00000000e+00,  9.28953361e-05,  1.90643876e-04,
       -2.36592846e-04,  7.86090813e-04,  0.00000000e+00,  9.91271525e-01,
       -5.29682501e-01,  7.86073702e-02,  2.25740495e-01,  2.28790224e-01,
        3.12981329e-01,  5.97232739e-02,  1.45996296e-01,  9.52333356e-04,
       -1.86162324e-03, -1.10683593e-02,  3.21314124e-04, -7.87234752e-04,
       -4.47156842e-03,  6.70027193e-04, -7.85673730e-05, -2.72391327e-04,
       -2.71175209e-03, -3.21314124e-04,  0.00000000e+00, -2.40267085e-04,
       -5.52152361e-04,  2.40448892e-04,  7.85673730e-05,  0.00000000e+00,
       -1.73372105e+00, -3.97861203e-01,  2.29783897e-02, -9.34904483e-02,
        7.99266474e-02,  7.65552354e-02,  6.54517973e-04,  2.54432979e-02,
        1.99354733e-03, -3.77521560e-04, -1.13652191e-04,  1.98298075e-03,
        0.00000000e+00, -6.54517973e-04, -9.99895406e-04,  4.50482345e-04,
        0.00000000e+00,  3.77521560e-04,  7.18322884e-05, -2.87336420e-04,
        1.31308802e-02,  4.20886464e-01,  2.30796021e-02, -3.12624979e-02,
        8.80729353e-02,  1.50340942e-02,  1.50798108e-04,  9.54377089e-03,
        1.19575669e-02,  7.33391133e-04, -5.82787665e-03,  4.41080769e-03,
        0.00000000e+00, -1.50798108e-04, -2.19363607e-03,  2.14786891e-04,
        0.00000000e+00, -7.33391133e-04, -4.79101308e-05, -3.22980419e-04,
       -2.69605500e-02,  3.70669647e-02,  5.76001924e-02,  4.08561350e-02,
       -4.68322482e-02, -1.13778453e-02, -1.67248463e-03, -4.33117808e-03,
       -6.25842923e-03,  4.29001296e-05, -2.97995089e-03, -2.87772323e-03,
        0.00000000e+00,  1.67248463e-03, -1.26188618e-03,  9.01412798e-06,
        0.00000000e+00, -4.29001296e-05,  1.56538700e-04,  1.22375962e-04,
        3.69755538e-03,  3.08874265e-03, -2.34673984e-02, -1.77758820e-02,
       -1.03597742e-02, -1.46314892e-03, -6.79816851e-04,  1.02065706e-03,
        2.00641080e-03,  2.56141075e-04, -5.84588397e-04,  2.50722528e-03,
        0.00000000e+00,  6.79816851e-04, -3.54141487e-04, -7.62784463e-04,
        0.00000000e+00, -2.56141075e-04,  2.88278367e-05,  1.64939826e-04,
        9.16440663e-03, -6.51690279e-03,  2.68807130e-03, -2.32207444e-03,
        3.15979865e-03,  6.22031323e-04,  6.66314065e-04, -1.57570235e-03,
       -1.04959064e-03, -4.34489924e-04,  1.19931991e-03,  2.63474460e-03,
        0.00000000e+00, -6.66314065e-04,  3.52454331e-04,  6.52188198e-04,
        0.00000000e+00,  4.34489924e-04,  7.79146500e-05, -4.70211111e-04,
       -2.99439055e-03,  2.25421899e-03,  3.34718514e-06,  2.70043889e-03,
       -3.29918049e-05, -7.01279873e-04,  7.81153563e-05, -7.83026962e-05,
        2.25399012e-04, -7.42647329e-05,  8.93867963e-05, -1.68552433e-03,
        0.00000000e+00, -7.81153563e-05,  7.49555111e-05,  6.85526508e-05,
        0.00000000e+00,  7.42647329e-05, -5.63949915e-05,  1.32585213e-04,
       -1.69686485e-04,  5.17227431e-05, -7.45252218e-06,  2.69074858e-04,
       -9.07360766e-04, -5.55931020e-04,  1.51673746e-04, -2.72753748e-04,
       -1.66360637e-04,  1.40413711e-04,  8.08302270e-04,  2.96994832e-04,
        0.00000000e+00, -1.51673746e-04,  2.80206270e-04,  6.69722633e-05,
        0.00000000e+00, -1.40413711e-04,  9.90584964e-05,  2.07213444e-04,
       -3.06126757e-04,  1.18071041e-04, -1.96747555e-04, -1.10733698e-06,
       -1.33462673e-04, -1.19160323e-04, -2.53638131e-04,  6.89350162e-05,
        2.77988612e-04, -9.05295507e-05,  1.82953819e-04,  9.99059770e-05,
        0.00000000e+00,  2.53638131e-04,  1.27812539e-04,  2.92454815e-05,
        0.00000000e+00,  9.05295507e-05, -4.94911460e-05, -9.88166945e-05,
       -2.68849334e-05, -2.13975658e-05, -4.40790069e-05, -1.69860784e-05,
       -1.57233869e-04,  3.79429801e-05,  5.44714179e-05,  9.50760013e-05,
        2.12615152e-05, -2.94941890e-06,  1.37531592e-04,  3.74301294e-05,
        0.00000000e+00, -5.44714179e-05, -5.09969945e-05,  2.26094966e-05,
        0.00000000e+00,  2.94941890e-06,  1.97022769e-05, -5.39755437e-05],      dtype=float64),
                   'Za_n': Array([-9.23275498e-05,  6.20437758e-05, -2.80112198e-04,  1.20716021e-03,
       -1.96723661e-03, -2.79056977e-03, -2.02176016e-02,  9.72934397e-01],      dtype=float64),
                   'Zb_lmn': Array([ 0.00000000e+00,  0.00000000e+00,  0.00000000e+00,  0.00000000e+00,
        0.00000000e+00,  0.00000000e+00,  0.00000000e+00,  0.00000000e+00,
        0.00000000e+00,  0.00000000e+00,  0.00000000e+00,  0.00000000e+00,
        0.00000000e+00,  0.00000000e+00,  0.00000000e+00,  0.00000000e+00,
        0.00000000e+00,  0.00000000e+00,  0.00000000e+00,  0.00000000e+00,
        0.00000000e+00,  0.00000000e+00,  0.00000000e+00,  0.00000000e+00,
        0.00000000e+00,  0.00000000e+00,  0.00000000e+00,  0.00000000e+00,
        0.00000000e+00,  0.00000000e+00,  0.00000000e+00,  0.00000000e+00,
        0.00000000e+00,  0.00000000e+00,  0.00000000e+00,  0.00000000e+00,
       -3.61082749e-03,  2.88389192e-03, -7.67942989e-03,  4.94659492e-03,
       -5.81274572e-03,  0.00000000e+00,  0.00000000e+00,  0.00000000e+00,
        0.00000000e+00,  7.57685053e-03, -1.23587001e-02,  2.56929350e-02,
       -1.56336393e-02,  7.71882349e-03,  0.00000000e+00,  0.00000000e+00,
        0.00000000e+00,  0.00000000e+00, -7.94506604e-02,  1.29186649e-01,
        7.14015952e-03, -1.13935597e-02, -3.68774489e-02,  0.00000000e+00,
        0.00000000e+00,  0.00000000e+00,  0.00000000e+00,  1.12857467e+00,
       -3.03026291e-01,  3.66713071e-01,  2.99201218e-01,  1.86280944e-03,
        0.00000000e+00,  0.00000000e+00,  0.00000000e+00,  0.00000000e+00,
        0.00000000e+00,  0.00000000e+00,  0.00000000e+00,  0.00000000e+00,
        7.98848275e-02,  4.74217922e-02, -3.19610324e-01, -1.82476747e+00,
        0.00000000e+00,  0.00000000e+00,  0.00000000e+00,  0.00000000e+00,
        8.21971485e-02,  3.04297369e-02,  4.40008386e-01, -5.95926397e-03,
        0.00000000e+00,  0.00000000e+00,  0.00000000e+00,  0.00000000e+00,
       -4.96556603e-02,  5.20071281e-02,  2.29337721e-02,  7.64616992e-03,
        0.00000000e+00,  0.00000000e+00,  0.00000000e+00,  0.00000000e+00,
       -1.09155348e-02, -2.28008828e-02,  4.29775883e-03, -1.28347003e-02,
        0.00000000e+00,  0.00000000e+00,  0.00000000e+00,  0.00000000e+00,
        4.43703321e-03,  1.46482327e-03, -3.73033797e-03,  6.44492975e-03,
        0.00000000e+00,  0.00000000e+00,  0.00000000e+00,  0.00000000e+00,
        0.00000000e+00,  0.00000000e+00,  0.00000000e+00,  0.00000000e+00,
        0.00000000e+00,  0.00000000e+00,  0.00000000e+00,  0.00000000e+00,
        0.00000000e+00,  0.00000000e+00,  0.00000000e+00,  0.00000000e+00,
        0.00000000e+00,  0.00000000e+00,  0.00000000e+00,  0.00000000e+00,
        0.00000000e+00,  0.00000000e+00,  0.00000000e+00,  0.00000000e+00,
        0.00000000e+00,  0.00000000e+00,  0.00000000e+00,  0.00000000e+00,
        0.00000000e+00,  0.00000000e+00,  0.00000000e+00,  0.00000000e+00],      dtype=float64),
                   'Zeff_l': Array([], shape=(0,), dtype=float64),
                   'a_lmn': Array([], shape=(0,), dtype=float64),
                   'c_l': Array([0., 0., 0., 0., 0.], dtype=float64),
                   'i_l': Array([], shape=(0,), dtype=float64),
                   'ne_l': Array([], shape=(0,), dtype=float64),
                   'ni_l': Array([], shape=(0,), dtype=float64),
                   'p_l': Array([0., 0., 0., 0., 0.], dtype=float64)}],
               [ { 'G': Array([], shape=(0,), dtype=float64),
                   'I': Array([], shape=(0,), dtype=float64),
                   'L_lmn': Array([ 1.47202702e-05, -1.22456775e-04,  5.28684061e-05, -8.08596591e-05,
        3.57000496e-05,  1.74326769e-04,  3.36626965e-05,  3.29812836e-05,
       -2.26404030e-04,  2.60676790e-05,  6.53740386e-05,  1.13695556e-04,
        1.85786195e-05, -2.75102989e-05, -1.07402698e-04, -2.13357513e-05,
       -1.29167062e-04,  3.35314119e-05,  1.18221957e-04, -1.58463238e-05,
       -1.56101158e-05,  4.18487827e-05, -3.74237055e-05, -4.03794319e-05,
        2.14362785e-05,  1.34860901e-04,  2.44661925e-05, -1.41219686e-04,
       -2.98103327e-04,  2.20205245e-04,  3.91499355e-04, -5.44087759e-05,
        3.31838983e-04,  3.41285994e-04, -2.91512192e-04, -5.11836477e-04,
       -1.86359856e-04, -7.12463614e-05,  1.34766291e-04, -4.39286126e-05,
        1.50374761e-04,  3.16765588e-04,  1.62138274e-05, -9.88896993e-05,
       -5.45972520e-05,  1.30134279e-05,  1.30319348e-05,  1.42757098e-06,
        2.34345266e-06, -1.33455265e-05,  7.58514744e-04, -5.76930219e-04,
       -1.70168004e-04, -7.63536339e-04,  1.57064151e-04,  1.17960141e-05,
       -5.17389576e-04,  9.28620173e-04, -2.10521641e-04,  2.74250476e-04,
       -3.61864742e-04,  3.40217741e-04,  1.01741242e-05, -5.89003426e-06,
        7.10969616e-05, -1.41725027e-04, -1.94647948e-05,  2.26544682e-04,
        6.51344366e-05,  7.11958632e-05, -1.02985138e-04, -7.94694231e-05,
        3.12994812e-05, -1.18365648e-04, -5.33575457e-05,  6.64553229e-05,
       -3.17575734e-04, -3.56964769e-03, -2.42630297e-03,  7.93742167e-04,
        7.87666003e-04,  3.03721753e-03,  1.72696175e-03, -9.62808921e-05,
        4.40206423e-04,  4.68346560e-05, -3.94989177e-04,  1.88276412e-04,
       -9.70301688e-05, -1.31330143e-04,  5.76250527e-04, -2.02455141e-04,
       -1.48026364e-04,  3.98241033e-05,  1.05740780e-04,  2.05474901e-04,
        5.20081713e-05, -1.46530154e-04,  1.77141894e-04,  7.31777076e-06,
        7.88075453e-03,  4.10580015e-03, -5.11586659e-03,  5.13610888e-03,
       -7.42793044e-03, -2.67337265e-04, -1.22835474e-03, -2.58984837e-03,
        8.78083545e-04,  6.06362895e-04, -4.08812065e-04,  1.78577229e-03,
       -5.89820235e-04, -1.10023150e-03,  8.87176868e-04, -6.80203791e-04,
       -3.31046009e-04,  1.52411610e-04,  1.52532038e-05,  3.56089009e-04,
        1.07886421e-04,  1.69593993e-04,  2.99176391e-05, -8.24210528e-05,
       -1.23897895e-04, -1.58394217e-02, -1.88826327e-02,  5.14868860e-03,
       -8.24540251e-03,  3.88293914e-02, -6.91828414e-03,  1.53214537e-04,
        4.89692960e-03,  1.65820215e-03, -4.62777596e-03, -2.43272821e-03,
       -1.18637692e-03, -6.94636245e-04,  3.55964649e-04,  3.15444661e-03,
        2.37107133e-03,  1.28799896e-03, -4.91773345e-04, -6.19324484e-04,
        8.56234396e-04,  2.98377161e-05, -9.98460129e-04,  1.58440693e-04,
        2.69396569e-04, -1.33510236e-04, -3.57801201e-02,  9.52842517e-03,
        6.27544262e-02, -1.37464152e-02, -3.63981634e-02,  2.51930220e-02,
       -7.99919766e-03, -1.34077354e-02, -3.83192075e-03,  2.34706256e-03,
        1.25776602e-02, -1.75771188e-02,  5.26430414e-03,  2.95291684e-03,
       -4.83037670e-03,  1.51379720e-03, -2.02346311e-03, -1.96327062e-03,
       -3.23695143e-04, -1.74921205e-03, -2.12217397e-03, -3.86414405e-04,
        3.01999377e-04, -2.79162938e-04, -1.54148363e-04,  1.45354679e-01,
       -9.50602636e-02, -1.01468797e-01, -2.85332007e-01, -1.58368011e-01,
        4.26767419e-02,  1.28812498e-02,  2.23848499e-02,  1.94090300e-02,
        2.27586773e-02,  9.31099624e-03, -9.64880078e-03, -1.16240959e-02,
       -1.78779569e-03, -4.50097176e-03,  5.14426778e-04, -2.30443007e-04,
        3.28852682e-04,  1.81035846e-03,  2.55890180e-04,  8.55699724e-03,
        1.22052586e-03,  9.28846144e-05, -5.76160995e-04, -7.66018885e-04,
        4.60892060e-01, -1.69083021e-01, -5.48089907e-02, -8.46973429e-02,
       -9.35428966e-03, -2.62463614e-02,  1.48106632e-02,  2.91070266e-03,
        5.58466796e-03, -3.40298118e-03,  1.52169149e-03,  3.11992458e-03,
        1.41215934e-04, -8.68256545e-04, -1.90736484e-03, -2.93034643e-03,
        5.73204199e-04,  1.71383288e-04,  4.18686552e-04,  1.54190230e-04,
       -3.90138117e-01, -3.62837051e-02,  7.79370518e-03, -1.30718231e-02,
       -1.29379472e-02, -6.10951651e-03,  1.52986421e-03,  1.27423025e-02,
       -1.56132130e-03, -2.98868773e-03, -2.35066310e-03,  1.47050052e-02,
       -1.96104066e-04,  2.47055820e-04, -4.02900117e-05,  1.53945160e-03,
       -4.32197488e-04,  5.73804986e-04, -1.90430025e-04, -1.11176794e-03,
        2.12106608e-03, -5.04653985e-02,  2.54651309e-02,  3.29993724e-03,
       -1.42316433e-03,  9.07812243e-04, -1.31372397e-02, -5.38954212e-03,
       -8.72481422e-04,  1.47354981e-04, -2.04668134e-03, -2.58305509e-03,
       -3.28078806e-04, -5.91307748e-04, -1.93351508e-04,  2.59308711e-03,
        7.09696257e-05,  1.02867153e-06, -7.56207404e-04, -2.99034442e-04,
       -1.00825822e-02,  1.21705559e-02,  1.25114224e-02,  1.59717132e-02,
        4.28482324e-03, -3.91896982e-03, -4.11908211e-03, -1.45887910e-03,
        1.01792963e-03,  1.79211126e-03,  1.91931703e-03, -2.15880054e-03,
        3.25078235e-04,  6.78693806e-04,  1.65033601e-03, -5.73874029e-05,
        2.72645618e-04, -4.38784882e-04, -5.58265633e-05,  1.13231598e-03,
        3.71099413e-03, -3.38555462e-03, -2.07174184e-03, -5.92355900e-03,
       -2.74487359e-03,  5.67841512e-03,  1.66865955e-03, -9.85089985e-04,
       -1.59213809e-03,  1.07101126e-04,  4.50469224e-04, -3.89630812e-04,
        2.91552145e-04, -8.99479680e-05, -5.35135016e-04, -1.46012526e-04,
       -2.57241617e-04,  1.51252079e-04,  6.74539095e-04,  5.04463537e-04,
       -2.44525917e-03, -1.20234467e-04,  9.82863489e-04,  2.70136566e-03,
        1.23376015e-04, -1.31635272e-04,  2.44585314e-04, -5.06785497e-04,
        4.55374671e-04,  1.57691224e-04, -3.74076447e-04,  2.01468503e-04,
        9.16361651e-06,  4.06646461e-05, -1.11488455e-04, -8.79986594e-05,
        7.13931259e-05, -2.48485682e-05, -1.62947716e-04, -2.84297816e-04,
       -9.60441071e-04,  2.47005708e-04,  5.24232305e-04,  9.31564587e-04,
       -1.98136884e-04,  7.56676218e-06, -6.50828247e-04, -7.71406164e-04,
        2.16963810e-04,  8.62832482e-05,  1.85842461e-04, -4.76235179e-04,
        8.41518887e-06,  1.63532906e-04,  7.42154845e-05,  1.34562825e-04,
       -9.81713796e-05, -2.46110244e-05, -9.32082932e-05, -1.27743265e-04,
       -8.95669526e-05,  1.98885777e-04,  3.29428216e-04, -1.03746472e-04,
        6.80978853e-05, -1.27007777e-04,  1.67314173e-04, -4.39229931e-04,
       -1.14020303e-04,  9.64415234e-06, -2.49049493e-04,  3.48553293e-05,
        3.56498507e-05, -2.66816163e-05, -1.17443648e-04,  9.81251648e-05,
        1.75756475e-05, -1.80368801e-05,  6.26049293e-05,  1.12073950e-04,
       -1.58982317e-05,  5.98329307e-05, -2.20285187e-07,  7.37703807e-07,
       -8.50854091e-05, -1.35655500e-04,  4.28935005e-05,  8.10743754e-05,
       -2.89623656e-06,  8.10756069e-06,  2.17923852e-07,  4.33162844e-05,
        8.71195863e-06, -1.08884148e-05,  8.49253020e-06, -5.62726524e-06,
       -8.68165791e-06, -4.68364075e-06, -4.30769016e-05, -3.75855517e-05],      dtype=float64),
                   'Phi_mn': Array([], shape=(0,), dtype=float64),
                   'Psi': Array([50.], dtype=float64),
                   'R_lmn': Array([-3.33865084e-06,  9.30563853e-05,  7.95896764e-05, -3.36696382e-05,
        1.86572198e-06, -3.15789256e-05,  6.97438055e-05, -1.14624326e-04,
       -4.15247038e-05,  9.91983475e-05,  3.41229713e-05, -2.53602063e-05,
        0.00000000e+00, -6.97438055e-05,  3.50346498e-05,  7.85329928e-05,
        0.00000000e+00, -9.91983475e-05, -3.59886932e-05, -3.61172535e-05,
       -4.79049494e-04,  4.22002048e-04,  2.94988670e-04,  1.17311122e-04,
       -2.31024228e-04, -2.09981352e-04, -1.54585291e-04, -2.44805483e-04,
        3.66641971e-04, -6.38338840e-05,  2.50081215e-04, -9.66662211e-05,
        0.00000000e+00,  1.54585291e-04, -5.01831878e-05, -4.90359938e-06,
        0.00000000e+00,  6.38338840e-05, -1.90569867e-05, -1.15354474e-04,
       -1.58860210e-03, -2.01552093e-04,  9.16628785e-04,  1.11598667e-03,
       -4.42475539e-04, -4.29011706e-04,  4.03319132e-04, -8.08202371e-04,
        6.41887723e-04, -7.08165812e-05,  4.84213395e-04,  5.04466434e-04,
        0.00000000e+00, -4.03319132e-04, -1.08426413e-04, -1.69272298e-04,
        0.00000000e+00,  7.08165812e-05, -4.17378559e-05,  1.26097364e-04,
        4.76895397e-04,  1.69142214e-03,  1.83428373e-04,  2.42111092e-03,
        4.36643967e-04, -1.00004617e-03, -8.87588404e-05, -3.72005699e-04,
       -2.83746219e-03,  2.26533723e-04, -5.88426564e-04, -7.92450390e-04,
        0.00000000e+00,  8.87588404e-05,  1.88577326e-04, -6.05441356e-05,
        0.00000000e+00, -2.26533723e-04,  1.51782597e-04,  1.01074423e-04,
       -1.59218116e-02,  6.63933624e-03, -4.96800235e-03,  1.29256544e-02,
        4.18328839e-03,  3.05790655e-03, -2.11193330e-05,  4.00213982e-03,
        5.14533099e-04, -2.11417152e-04,  3.26948366e-03, -3.03987656e-04,
        0.00000000e+00,  2.11193330e-05,  3.49011686e-04,  5.23720546e-05,
        0.00000000e+00,  2.11417152e-04, -2.23296682e-04, -2.34784669e-04,
        3.34118995e-02, -1.34209942e-02,  8.01532900e-03, -1.23677057e-02,
        5.17707718e-03, -2.47465332e-02,  1.07781556e-03,  5.09921594e-04,
        2.23875829e-03,  4.45289638e-04, -3.01805888e-03,  8.94864978e-04,
        0.00000000e+00, -1.07781556e-03,  1.97364991e-03,  7.73323956e-05,
        0.00000000e+00, -4.45289638e-04, -3.98115074e-04,  1.78378895e-04,
       -2.32338010e-02, -5.56772853e-02,  3.89497847e-02, -8.83660024e-02,
       -6.64436151e-02,  2.70926983e-02, -8.50106079e-04, -1.15330831e-02,
        4.86638349e-03, -7.57080083e-04, -1.09269753e-03, -2.97949583e-04,
        0.00000000e+00,  8.50106079e-04, -2.00504215e-03, -1.10972616e-04,
        0.00000000e+00,  7.57080083e-04,  4.00476508e-04,  1.02954837e-05,
        4.62601751e-01,  3.87076456e-02,  1.63865664e-01,  5.66957472e-02,
       -5.61562551e-03,  6.99197491e-02,  1.77918075e-03, -1.73615707e-02,
       -2.81832464e-03, -1.66774430e-05, -8.21727543e-03, -6.87434651e-03,
        0.00000000e+00, -1.77918075e-03, -3.84758253e-03, -2.32323072e-04,
        0.00000000e+00,  1.66774430e-05,  5.87343236e-04,  2.25078530e-04,
        7.91696830e+00,  1.91975745e+00,  8.01156768e-02, -5.73043563e-03,
       -1.51962183e-01,  3.47625690e-02,  6.31059186e-03, -7.82746407e-03,
       -7.83357008e-02, -3.11930411e-03, -1.43987454e-02, -1.18963979e-03,
       -3.60707445e-03, -5.52858546e-03, -3.29165684e-03,  3.04118598e-04,
       -9.94392287e-04,  5.58968357e-04,  1.18963979e-03,  0.00000000e+00,
        2.12506783e-04,  7.05663415e-04, -2.64372177e-05, -3.04118598e-04,
        0.00000000e+00, -2.04912466e-02,  7.47161414e-02,  1.94845062e-01,
       -2.86105051e-01, -3.44868964e-02, -3.44653707e-02, -1.86928686e-02,
        2.61585127e-02, -1.26218372e-02,  4.49862724e-03,  5.78632190e-03,
       -4.52416865e-04,  9.56136524e-04, -4.78945014e-03,  2.19548868e-03,
        3.22676505e-04,  1.91412585e-04,  9.24752898e-04,  4.52416865e-04,
        0.00000000e+00, -9.23894159e-06,  3.72178998e-04,  1.62726462e-04,
       -3.22676505e-04,  0.00000000e+00,  1.48454193e-02, -8.44538112e-02,
        2.07720336e-02,  6.05092380e-02,  7.02708098e-02, -8.72729115e-03,
        3.15358404e-03,  3.97275650e-03,  2.73508348e-02,  5.47241138e-03,
        5.68972901e-03,  2.11704345e-03,  4.23653205e-03,  7.53465818e-03,
        4.14297232e-03, -7.06228663e-04,  3.13769331e-06, -4.59186809e-04,
       -2.11704345e-03,  0.00000000e+00, -3.09152777e-04, -9.55272531e-04,
       -4.88330312e-04,  7.06228663e-04,  0.00000000e+00, -1.04204618e-02,
        3.17854545e-02, -1.84820078e-02, -1.40079534e-02,  7.45107374e-04,
       -6.65783583e-03, -2.16538842e-03,  1.24549589e-02,  2.60806493e-02,
       -3.77592968e-03, -4.02752418e-03,  1.02458455e-04,  1.08011770e-04,
        1.95004048e-04, -3.29266504e-03,  7.13786617e-05,  1.03805715e-03,
        2.80735131e-04, -1.02458455e-04,  0.00000000e+00, -1.50910050e-04,
       -4.57996968e-04,  2.01863558e-04, -7.13786617e-05,  0.00000000e+00,
        1.04117667e-03,  1.68285642e-03,  4.21799788e-03,  7.01546318e-03,
       -6.15412660e-03,  4.70647451e-03,  1.15800971e-03, -2.88546996e-03,
       -4.31562263e-03,  5.27474333e-04,  8.62683088e-04, -3.91115076e-04,
       -1.14021016e-03, -1.68181110e-03, -7.56288543e-04,  4.94282680e-07,
       -3.70584488e-05, -1.19127947e-03,  3.91115076e-04,  0.00000000e+00,
        2.85807712e-04,  4.81528753e-04, -1.77214869e-04, -4.94282680e-07,
        0.00000000e+00,  8.99700506e-04, -2.06786837e-03, -8.25837412e-04,
       -1.64401949e-03,  1.10184446e-03, -2.37138253e-03, -7.95814969e-04,
        1.23845242e-03,  7.36161577e-04,  1.20877838e-03,  1.69474194e-03,
       -5.68051184e-04,  7.04944225e-04,  2.47847546e-04, -9.25206155e-04,
        1.70327681e-04, -2.42754465e-04,  6.76640592e-04,  5.68051184e-04,
        0.00000000e+00,  1.70076503e-05,  1.57719521e-04,  1.89044578e-04,
       -1.70327681e-04,  0.00000000e+00,  1.04234516e-03, -5.85403188e-04,
        2.06217541e-04, -8.69380054e-04,  6.70433156e-04,  1.20805933e-03,
       -1.16942531e-03,  6.28437022e-04,  4.72872905e-04, -1.47793697e-04,
       -7.57455212e-04,  2.79985249e-05, -3.55885082e-05,  3.71607771e-04,
       -4.37284295e-04, -1.13259029e-04,  6.27637292e-05, -4.50604114e-04,
       -2.79985249e-05,  0.00000000e+00, -4.35488826e-05, -1.30664739e-04,
       -3.55886101e-05,  1.13259029e-04,  0.00000000e+00, -1.01544062e-04,
       -1.64063868e-04, -3.36444455e-05, -2.78569257e-04,  2.46222248e-04,
        1.49407639e-04,  3.34102997e-04,  2.42500341e-04,  9.32335360e-05,
       -1.89406760e-04, -1.07241218e-04,  3.99949221e-05, -9.35186964e-05,
        8.29208136e-05, -1.20444175e-04,  4.30510330e-05,  1.07248379e-04,
       -4.21664204e-05, -3.99949221e-05,  0.00000000e+00, -1.05395793e-04,
       -4.68518979e-05,  2.72106385e-05, -4.30510330e-05,  0.00000000e+00,
       -2.67550145e-06,  3.60544404e-05,  1.43981572e-05,  4.75716877e-05,
        1.56337709e-05,  9.49548964e-05, -2.49251891e-05, -6.18137708e-05,
       -1.72017674e-04, -4.13310023e-05, -1.14109367e-04,  3.32851239e-05,
       -9.16733223e-06, -5.49075215e-06,  1.63140387e-04, -7.88857920e-05,
       -1.03572090e-05,  1.91544705e-05, -3.32851239e-05,  0.00000000e+00,
        2.23698655e-05,  1.97328352e-05,  8.87728629e-06,  7.88857920e-05,
        0.00000000e+00], dtype=float64),
                   'Ra_n': Array([ 7.84698280e+00, -2.34994553e-01, -7.31871505e-03,  5.63723578e-03,
       -5.92793627e-04,  2.41786375e-04, -3.41258066e-04,  2.54326284e-04,
       -1.04616499e-05], dtype=float64),
                   'Rb_lmn': Array([ 0.00000000e+00,  0.00000000e+00,  0.00000000e+00,  0.00000000e+00,
        0.00000000e+00,  0.00000000e+00,  0.00000000e+00,  0.00000000e+00,
        0.00000000e+00,  0.00000000e+00,  0.00000000e+00,  0.00000000e+00,
        0.00000000e+00,  0.00000000e+00,  0.00000000e+00,  0.00000000e+00,
        0.00000000e+00,  0.00000000e+00,  0.00000000e+00,  0.00000000e+00,
        0.00000000e+00,  0.00000000e+00,  0.00000000e+00,  0.00000000e+00,
        0.00000000e+00,  0.00000000e+00,  0.00000000e+00,  0.00000000e+00,
        0.00000000e+00,  0.00000000e+00,  0.00000000e+00,  0.00000000e+00,
        0.00000000e+00,  0.00000000e+00,  0.00000000e+00,  0.00000000e+00,
        7.22947537e-03, -6.16850844e-04,  9.15847047e-03, -2.42925203e-03,
        0.00000000e+00,  0.00000000e+00,  0.00000000e+00,  0.00000000e+00,
        1.76090323e-03,  1.04989005e-02, -3.70942836e-02,  2.33602845e-02,
        0.00000000e+00,  0.00000000e+00,  0.00000000e+00,  0.00000000e+00,
       -6.71358361e-02,  2.54116595e-02, -2.88722411e-02, -1.06844393e-01,
        0.00000000e+00,  0.00000000e+00,  0.00000000e+00,  0.00000000e+00,
       -1.32455577e-02,  1.42656511e-01,  1.01978127e-01,  5.16246851e-01,
        8.00000000e+00,  1.76368157e+00, -1.83808217e-02,  2.09227919e-02,
       -8.16537949e-02,  0.00000000e+00,  0.00000000e+00,  0.00000000e+00,
        0.00000000e+00,  1.56607845e-01,  4.49192848e-02, -2.64363809e-01,
       -2.77542959e-02, -1.02636220e-02,  0.00000000e+00,  0.00000000e+00,
        0.00000000e+00,  0.00000000e+00,  4.26984162e-02, -8.70745233e-03,
        7.10613801e-02, -3.49674895e-03,  3.10054768e-02,  0.00000000e+00,
        0.00000000e+00,  0.00000000e+00,  0.00000000e+00, -3.11107564e-02,
        2.97926894e-02, -1.81598746e-03, -1.04046249e-02,  2.29898478e-02,
        0.00000000e+00,  0.00000000e+00,  0.00000000e+00,  0.00000000e+00,
        5.56278182e-03, -3.98085429e-03,  2.92971088e-03,  4.37787813e-03,
       -5.24912604e-03,  0.00000000e+00,  0.00000000e+00,  0.00000000e+00,
        0.00000000e+00,  0.00000000e+00,  0.00000000e+00,  0.00000000e+00,
        0.00000000e+00,  0.00000000e+00,  0.00000000e+00,  0.00000000e+00,
        0.00000000e+00,  0.00000000e+00,  0.00000000e+00,  0.00000000e+00,
        0.00000000e+00,  0.00000000e+00,  0.00000000e+00,  0.00000000e+00,
        0.00000000e+00,  0.00000000e+00,  0.00000000e+00,  0.00000000e+00,
        0.00000000e+00,  0.00000000e+00,  0.00000000e+00,  0.00000000e+00,
        0.00000000e+00,  0.00000000e+00,  0.00000000e+00,  0.00000000e+00,
        0.00000000e+00,  0.00000000e+00,  0.00000000e+00,  0.00000000e+00,
        0.00000000e+00,  0.00000000e+00,  0.00000000e+00,  0.00000000e+00,
        0.00000000e+00], dtype=float64),
                   'Te_l': Array([], shape=(0,), dtype=float64),
                   'Ti_l': Array([], shape=(0,), dtype=float64),
                   'Z_lmn': Array([-5.33890328e-05,  2.08943025e-04, -7.15771363e-05, -4.22804121e-05,
       -1.29962787e-04,  1.35651898e-04,  3.82773871e-05, -2.29082137e-05,
       -9.56278073e-05, -2.02474632e-04, -9.34356498e-05,  5.19027608e-05,
        1.17693147e-04,  7.60765090e-05,  6.45610918e-05,  2.28227652e-05,
        1.23494393e-04, -4.22162477e-05, -5.19027608e-05,  0.00000000e+00,
       -3.10043650e-05, -1.08878833e-05,  3.10667155e-05, -2.28227652e-05,
        0.00000000e+00,  5.30563452e-05, -4.21120212e-04, -3.30738916e-05,
        3.36589842e-04,  3.21699695e-04, -3.42035756e-04, -5.09694723e-05,
       -3.44793598e-04, -3.06545400e-04,  1.79345328e-04,  1.47175779e-04,
       -6.35253108e-05,  2.03311619e-06,  7.46381873e-05,  4.22515800e-04,
       -9.53528671e-05, -7.99248107e-05,  1.94859976e-04,  6.35253108e-05,
        0.00000000e+00,  2.89539026e-05, -6.64344316e-05, -1.15970400e-04,
        9.53528671e-05,  0.00000000e+00, -6.73999070e-04,  9.31863741e-04,
        3.07913901e-04, -9.41573307e-05, -2.36304772e-04,  5.92187079e-04,
        5.00743862e-04, -2.81744286e-04, -2.75096545e-04, -5.86566510e-04,
       -4.27021225e-04,  1.70619277e-04, -1.67486162e-04,  2.25743643e-04,
        2.54676655e-04, -1.01140495e-04, -1.08992459e-04, -1.65165854e-04,
       -1.70619277e-04,  0.00000000e+00,  3.28274693e-05,  1.50157974e-04,
        2.04198903e-05,  1.01140495e-04,  0.00000000e+00,  2.62434830e-03,
       -1.24172545e-03,  1.29057689e-04,  6.04087737e-04,  2.74209394e-03,
        3.61272790e-03, -1.82132038e-03,  5.31207758e-04, -2.72297049e-04,
       -1.60492227e-03, -3.50976155e-03,  3.41332907e-04, -7.33243223e-04,
       -8.78851401e-04,  1.33443509e-04, -4.52148337e-05,  1.04553777e-04,
       -1.02966348e-04, -3.41332907e-04,  0.00000000e+00, -1.98842388e-04,
       -2.56444093e-04,  1.38853540e-04,  4.52148337e-05,  0.00000000e+00,
       -6.48866657e-03, -1.32229768e-03, -2.13645057e-03, -1.39468563e-02,
        6.07053927e-03, -3.54143810e-03,  3.67929492e-03,  5.42539103e-03,
       -4.98210536e-03, -1.56300784e-03,  8.16175602e-03, -1.03911458e-03,
        1.31469023e-03,  6.38926634e-04, -7.11312210e-04, -2.40755936e-05,
       -2.92458031e-04,  3.29914392e-04,  1.03911458e-03,  0.00000000e+00,
        1.65752475e-05,  2.02992183e-04, -1.21345365e-04,  2.40755936e-05,
        0.00000000e+00,  2.18582926e-02, -1.05491688e-02,  4.90733091e-03,
        4.87969704e-02, -8.64336613e-03, -4.83300502e-03, -1.96072699e-02,
       -2.29618688e-02,  5.79886282e-03,  5.44531956e-03, -1.14396682e-02,
        1.12766378e-03,  2.76922284e-04, -9.07099359e-06,  1.85304058e-03,
        2.35607865e-04,  1.38340071e-03,  6.33407678e-04, -1.12766378e-03,
        0.00000000e+00,  1.44807561e-04, -1.25565511e-04,  6.90468518e-05,
       -2.35607865e-04,  0.00000000e+00, -7.77969999e-02,  1.51249041e-01,
       -2.90409960e-02,  4.42501667e-03, -3.03999028e-02, -1.41148559e-02,
        2.78513889e-02,  1.56908778e-03, -2.96793944e-02,  9.85263180e-03,
        3.59740058e-03, -1.82971632e-04, -5.75872158e-04,  9.50234457e-04,
       -6.96240918e-03, -7.85907587e-04, -1.50375915e-03, -8.79316372e-04,
        1.82971632e-04,  0.00000000e+00,  9.28582236e-05,  1.88467957e-04,
       -2.36383168e-04,  7.85907587e-04,  0.00000000e+00,  9.91246073e-01,
       -5.29594808e-01,  7.85746720e-02,  2.25749481e-01,  2.28742427e-01,
        3.12943379e-01,  5.97564202e-02,  1.46016163e-01,  9.68578709e-04,
       -1.85619656e-03, -1.10438779e-02,  3.21751541e-04, -7.87777026e-04,
       -4.47838455e-03,  6.62549459e-04, -7.89519239e-05, -2.75016103e-04,
       -2.71114548e-03, -3.21751541e-04,  0.00000000e+00, -2.40007945e-04,
       -5.51446062e-04,  2.40018051e-04,  7.89519239e-05,  0.00000000e+00,
       -1.73376290e+00, -3.97884490e-01,  2.29775659e-02, -9.34285800e-02,
        7.99351850e-02,  7.65668610e-02,  6.53044094e-04,  2.54450469e-02,
        1.96982993e-03, -3.77244886e-04, -1.20968736e-04,  1.99599233e-03,
        0.00000000e+00, -6.53044094e-04, -1.00124698e-03,  4.52230170e-04,
        0.00000000e+00,  3.77244886e-04,  7.11292224e-05, -2.88183039e-04,
        1.31215399e-02,  4.20914226e-01,  2.30645042e-02, -3.12799375e-02,
        8.80728478e-02,  1.50101199e-02,  1.47890846e-04,  9.55973514e-03,
        1.19897557e-02,  7.31651490e-04, -5.82760337e-03,  4.40437637e-03,
        0.00000000e+00, -1.47890846e-04, -2.19386765e-03,  2.12047770e-04,
        0.00000000e+00, -7.31651490e-04, -4.86763243e-05, -3.21670620e-04,
       -2.69273622e-02,  3.70546464e-02,  5.75890352e-02,  4.08330284e-02,
       -4.68210157e-02, -1.13777826e-02, -1.67153640e-03, -4.32153828e-03,
       -6.27152201e-03,  4.33410898e-05, -2.98965574e-03, -2.86463650e-03,
        0.00000000e+00,  1.67153640e-03, -1.26165832e-03,  1.00101451e-05,
        0.00000000e+00, -4.33410898e-05,  1.55978269e-04,  1.23647817e-04,
        3.67425948e-03,  3.07651468e-03, -2.34666989e-02, -1.77587854e-02,
       -1.03662021e-02, -1.45515594e-03, -6.80337445e-04,  1.02117843e-03,
        2.00955913e-03,  2.55372194e-04, -5.78730221e-04,  2.50848376e-03,
        0.00000000e+00,  6.80337445e-04, -3.53155259e-04, -7.61503922e-04,
        0.00000000e+00, -2.55372194e-04,  2.80182149e-05,  1.64071170e-04,
        9.16304763e-03, -6.50786935e-03,  2.68651301e-03, -2.32227769e-03,
        3.16842230e-03,  6.24295845e-04,  6.66347446e-04, -1.57914209e-03,
       -1.05108731e-03, -4.34272356e-04,  1.19419856e-03,  2.63052057e-03,
        0.00000000e+00, -6.66347446e-04,  3.52253836e-04,  6.52325629e-04,
        0.00000000e+00,  4.34272356e-04,  7.83484312e-05, -4.69516767e-04,
       -2.99441506e-03,  2.25780213e-03,  1.58928584e-06,  2.69838379e-03,
       -3.41099042e-05, -7.06844488e-04,  7.89474268e-05, -7.65682008e-05,
        2.27679247e-04, -7.37105129e-05,  9.09344849e-05, -1.68323430e-03,
        0.00000000e+00, -7.89474268e-05,  7.49789150e-05,  6.83520267e-05,
        0.00000000e+00,  7.37105129e-05, -5.68245808e-05,  1.32276651e-04,
       -1.71928160e-04,  5.17378241e-05, -7.83473430e-06,  2.70113962e-04,
       -9.07467391e-04, -5.55821201e-04,  1.50877479e-04, -2.72782037e-04,
       -1.65546002e-04,  1.40360393e-04,  8.07991473e-04,  2.96801264e-04,
        0.00000000e+00, -1.50877479e-04,  2.80616772e-04,  6.73601998e-05,
        0.00000000e+00, -1.40360393e-04,  9.94759179e-05,  2.07282113e-04,
       -3.05892224e-04,  1.17884597e-04, -1.96777284e-04, -1.18311129e-06,
       -1.33401293e-04, -1.18893830e-04, -2.53066429e-04,  6.92163583e-05,
        2.77923702e-04, -9.04039598e-05,  1.83013813e-04,  9.98584308e-05,
        0.00000000e+00,  2.53066429e-04,  1.27560926e-04,  2.91516341e-05,
        0.00000000e+00,  9.04039598e-05, -4.96125202e-05, -9.88491985e-05,
       -2.66648145e-05, -2.12006883e-05, -4.37998933e-05, -1.72497538e-05,
       -1.57185420e-04,  3.75614463e-05,  5.45572269e-05,  9.46541131e-05,
        2.12401257e-05, -2.96896784e-06,  1.37389032e-04,  3.75451177e-05,
        0.00000000e+00, -5.45572269e-05, -5.08542198e-05,  2.26744426e-05,
        0.00000000e+00,  2.96896784e-06,  1.97963871e-05, -5.39058757e-05],      dtype=float64),
                   'Za_n': Array([-9.22320213e-05,  6.20815509e-05, -2.80855477e-04,  1.20837107e-03,
       -1.97103605e-03, -2.78842298e-03, -2.02358846e-02,  9.72975591e-01],      dtype=float64),
                   'Zb_lmn': Array([ 0.00000000e+00,  0.00000000e+00,  0.00000000e+00,  0.00000000e+00,
        0.00000000e+00,  0.00000000e+00,  0.00000000e+00,  0.00000000e+00,
        0.00000000e+00,  0.00000000e+00,  0.00000000e+00,  0.00000000e+00,
        0.00000000e+00,  0.00000000e+00,  0.00000000e+00,  0.00000000e+00,
        0.00000000e+00,  0.00000000e+00,  0.00000000e+00,  0.00000000e+00,
        0.00000000e+00,  0.00000000e+00,  0.00000000e+00,  0.00000000e+00,
        0.00000000e+00,  0.00000000e+00,  0.00000000e+00,  0.00000000e+00,
        0.00000000e+00,  0.00000000e+00,  0.00000000e+00,  0.00000000e+00,
        0.00000000e+00,  0.00000000e+00,  0.00000000e+00,  0.00000000e+00,
       -3.61455674e-03,  2.89277573e-03, -7.67954646e-03,  4.95023231e-03,
       -5.81476293e-03,  0.00000000e+00,  0.00000000e+00,  0.00000000e+00,
        0.00000000e+00,  7.58008341e-03, -1.23638146e-02,  2.57004651e-02,
       -1.56392656e-02,  7.72095025e-03,  0.00000000e+00,  0.00000000e+00,
        0.00000000e+00,  0.00000000e+00, -7.94696210e-02,  1.29198011e-01,
        7.13280687e-03, -1.13967716e-02, -3.68781867e-02,  0.00000000e+00,
        0.00000000e+00,  0.00000000e+00,  0.00000000e+00,  1.12854938e+00,
       -3.02983593e-01,  3.66735813e-01,  2.99188355e-01,  1.87114622e-03,
        0.00000000e+00,  0.00000000e+00,  0.00000000e+00,  0.00000000e+00,
        0.00000000e+00,  0.00000000e+00,  0.00000000e+00,  0.00000000e+00,
        7.98853455e-02,  4.74213658e-02, -3.19609819e-01, -1.82476942e+00,
        0.00000000e+00,  0.00000000e+00,  0.00000000e+00,  0.00000000e+00,
        8.21965681e-02,  3.04303717e-02,  4.40007051e-01, -5.95659419e-03,
        0.00000000e+00,  0.00000000e+00,  0.00000000e+00,  0.00000000e+00,
       -4.96546932e-02,  5.20058386e-02,  2.29358751e-02,  7.64415431e-03,
        0.00000000e+00,  0.00000000e+00,  0.00000000e+00,  0.00000000e+00,
       -1.09169141e-02, -2.27986757e-02,  4.29391367e-03, -1.28364707e-02,
        0.00000000e+00,  0.00000000e+00,  0.00000000e+00,  0.00000000e+00,
        4.44096929e-03,  1.45962476e-03, -3.72256970e-03,  6.44200826e-03,
        0.00000000e+00,  0.00000000e+00,  0.00000000e+00,  0.00000000e+00,
        0.00000000e+00,  0.00000000e+00,  0.00000000e+00,  0.00000000e+00,
        0.00000000e+00,  0.00000000e+00,  0.00000000e+00,  0.00000000e+00,
        0.00000000e+00,  0.00000000e+00,  0.00000000e+00,  0.00000000e+00,
        0.00000000e+00,  0.00000000e+00,  0.00000000e+00,  0.00000000e+00,
        0.00000000e+00,  0.00000000e+00,  0.00000000e+00,  0.00000000e+00,
        0.00000000e+00,  0.00000000e+00,  0.00000000e+00,  0.00000000e+00,
        0.00000000e+00,  0.00000000e+00,  0.00000000e+00,  0.00000000e+00],      dtype=float64),
                   'Zeff_l': Array([], shape=(0,), dtype=float64),
                   'a_lmn': Array([], shape=(0,), dtype=float64),
                   'c_l': Array([0., 0., 0., 0., 0.], dtype=float64),
                   'i_l': Array([], shape=(0,), dtype=float64),
                   'ne_l': Array([], shape=(0,), dtype=float64),
                   'ni_l': Array([], shape=(0,), dtype=float64),
                   'p_l': Array([0., 0., 0., 0., 0.], dtype=float64)}]],
  'message': 'A bad approximation caused failure to predict improvement.',
  'nfev': 55,
  'nit': 17,
  'njev': 16,
  'optimality': Array(0.11964215, dtype=float64),
  'penalty_param': Array([10.], dtype=float64),
  's': Array([], shape=(0,), dtype=float64),
  'success': False,
  'v': Array([1., 1., 1., 1., 1., 1., 1., 1., 1., 1., 1., 1., 1., 1., 1., 1., 1.,
       1., 1., 1., 1., 1., 1., 1., 1., 1., 1., 1., 1., 1., 1., 1., 1., 1.,
       1., 1., 1., 1., 1., 1., 1., 1., 1., 1., 1., 1., 1., 1., 1., 1., 1.,
       1., 1., 1., 1., 1., 1., 1., 1., 1., 1., 1., 1., 1., 1., 1., 1., 1.,
       1., 1., 1., 1., 1., 1., 1., 1., 1., 1., 1., 1.], dtype=float64),
  'x': Array([ 7.22947537e-03, -6.16850844e-04,  9.15847047e-03, -2.42925203e-03,
        1.76090323e-03,  1.04989005e-02, -3.70942836e-02,  2.33602845e-02,
       -6.71358361e-02,  2.54116595e-02, -2.88722411e-02, -1.06844393e-01,
       -1.32455577e-02,  1.42656511e-01,  1.01978127e-01,  5.16246851e-01,
        1.76368157e+00, -1.83808217e-02,  2.09227919e-02, -8.16537949e-02,
        1.56607845e-01,  4.49192848e-02, -2.64363809e-01, -2.77542959e-02,
       -1.02636220e-02,  4.26984162e-02, -8.70745233e-03,  7.10613801e-02,
       -3.49674895e-03,  3.10054768e-02, -3.11107564e-02,  2.97926894e-02,
       -1.81598746e-03, -1.04046249e-02,  2.29898478e-02,  5.56278182e-03,
       -3.98085429e-03,  2.92971088e-03,  4.37787813e-03, -5.24912604e-03,
       -3.61455674e-03,  2.89277573e-03, -7.67954646e-03,  4.95023231e-03,
       -5.81476293e-03,  7.58008341e-03, -1.23638146e-02,  2.57004651e-02,
       -1.56392656e-02,  7.72095025e-03, -7.94696210e-02,  1.29198011e-01,
        7.13280687e-03, -1.13967716e-02, -3.68781867e-02,  1.12854938e+00,
       -3.02983593e-01,  3.66735813e-01,  2.99188355e-01,  1.87114622e-03,
        7.98853455e-02,  4.74213658e-02, -3.19609819e-01, -1.82476942e+00,
        8.21965681e-02,  3.04303717e-02,  4.40007051e-01, -5.95659419e-03,
       -4.96546932e-02,  5.20058386e-02,  2.29358751e-02,  7.64415431e-03,
       -1.09169141e-02, -2.27986757e-02,  4.29391367e-03, -1.28364707e-02,
        4.44096929e-03,  1.45962476e-03, -3.72256970e-03,  6.44200826e-03],      dtype=float64),
  'x_scale': 'auto',
  'y': Array([0.], dtype=float64)}
