Pre-optimization QS value:0.12499432155557438Pre-optimization quadcoil value:0.4892298179814828Post-optimization QS value:0.12265329756237553Post-optimization quadcoil value:0.4971330804017864=== Optimization Result ===
{ 'Objective values': { 'Fixed current profile error: ': [ { 'f': Array(0., dtype=float64),
                                                             'f0': Array(0., dtype=float64)}],
                        'Fixed pressure profile error: ': [ { 'f': Array(0., dtype=float64),
                                                              'f0': Array(0., dtype=float64)}],
                        'Force error: ': [ { 'f0_max': Array(205.29419332, dtype=float64),
                                             'f0_max_norm': Array(0.00033573, dtype=float64),
                                             'f0_mean': Array(0.79888529, dtype=float64),
                                             'f0_mean_norm': Array(1.30645937e-06, dtype=float64),
                                             'f0_min': Array(7.48144542e-06, dtype=float64),
                                             'f0_min_norm': Array(1.22348034e-11, dtype=float64),
                                             'f_max': Array(241.95005706, dtype=float64),
                                             'f_max_norm': Array(0.00039567, dtype=float64),
                                             'f_mean': Array(0.80082777, dtype=float64),
                                             'f_mean_norm': Array(1.30963601e-06, dtype=float64),
                                             'f_min': Array(1.59469534e-05, dtype=float64),
                                             'f_min_norm': Array(2.60788964e-11, dtype=float64)}],
                        'Plasma volume: ': [ { 'f': Array(551.58093068, dtype=float64),
                                               'f0': Array(551.58063641, dtype=float64),
                                               'f0_norm': Array(0.09907255, dtype=float64),
                                               'f_norm': Array(0.099091, dtype=float64)}],
                        'Quadcoil boundary error: ': [ { 'f0_max': Array(0.0162592, dtype=float64),
                                                         'f0_max_norm': Array(0.02905531, dtype=float64),
                                                         'f0_mean': Array(0.00087329, dtype=float64),
                                                         'f0_mean_norm': Array(0.00156058, dtype=float64),
                                                         'f0_min': Array(6.85156367e-16, dtype=float64),
                                                         'f0_min_norm': Array(1.22437955e-15, dtype=float64),
                                                         'f_max': Array(0.01639563, dtype=float64),
                                                         'f_max_norm': Array(0.02929911, dtype=float64),
                                                         'f_mean': Array(0.0008749, dtype=float64),
                                                         'f_mean_norm': Array(0.00156346, dtype=float64),
                                                         'f_min': Array(5.30279728e-16, dtype=float64),
                                                         'f_min_norm': Array(9.47613837e-16, dtype=float64)}],
                        'Quasi-symmetry (1,0) two-term error: ': [ { 'f0_max': Array(0.00010134, dtype=float64),
                                                                     'f0_max_norm': Array(0.24245624, dtype=float64),
                                                                     'f0_mean': Array(3.2473203e-06, dtype=float64),
                                                                     'f0_mean_norm': Array(0.00776958, dtype=float64),
                                                                     'f0_min': Array(-0.00010253, dtype=float64),
                                                                     'f0_min_norm': Array(-0.24530294, dtype=float64),
                                                                     'f_max': Array(0.00010133, dtype=float64),
                                                                     'f_max_norm': Array(0.24243185, dtype=float64),
                                                                     'f_mean': Array(3.25235993e-06, dtype=float64),
                                                                     'f_mean_norm': Array(0.00778163, dtype=float64),
                                                                     'f_min': Array(-0.00010251, dtype=float64),
                                                                     'f_min_norm': Array(-0.24525691, dtype=float64)}],
                        'R boundary error: ': [ { 'f': Array(0., dtype=float64),
                                                  'f0': Array(0., dtype=float64)}],
                        'Rotational transform: ': [ { 'f0_max': Array(-0.09043197, dtype=float64),
                                                      'f0_mean': Array(-0.09043197, dtype=float64),
                                                      'f0_min': Array(-0.09043197, dtype=float64),
                                                      'f_max': Array(-0.09042004, dtype=float64),
                                                      'f_mean': Array(-0.09042004, dtype=float64),
                                                      'f_min': Array(-0.09042004, dtype=float64)},
                                                    { 'f0_max': Array(-0.03991028, dtype=float64),
                                                      'f0_mean': Array(-0.03991028, dtype=float64),
                                                      'f0_min': Array(-0.03991028, dtype=float64),
                                                      'f_max': Array(-0.03905228, dtype=float64),
                                                      'f_mean': Array(-0.03905228, dtype=float64),
                                                      'f_min': Array(-0.03905228, dtype=float64)}],
                        'Total (sum of squares)': { 'f': Array(25.64259318, dtype=float64),
                                                    'f0': Array(25.74178223, dtype=float64)},
                        'Z boundary error: ': [ { 'f': Array(0., dtype=float64),
                                                  'f0': Array(0., dtype=float64)}]},
  'alltr': [ Array(0.00789749, dtype=float64),
             np.float64(0.001974372444947733),
             np.float64(0.007897489779790932),
             np.float64(0.001974372444947733),
             np.float64(0.0004935931112369334),
             np.float64(0.00012339827780923334),
             np.float64(3.0849569452308335e-05),
             np.float64(7.712392363077084e-06),
             np.float64(3.0849569452308335e-05)],
  'allx': [ Array([0., 0., 0., ..., 0., 0., 0.], dtype=float64),
            Array([0., 0., 0., ..., 0., 0., 0.], dtype=float64),
            Array([0., 0., 0., ..., 0., 0., 0.], dtype=float64)],
  'constr_violation': Array(0., dtype=float64),
  'cost': Array(25.64259318, dtype=float64),
  'f0se': Array([ 9.90725524e-02, -5.71282445e+00, -4.19629781e+00, ...,
        7.22411349e-03,  4.56820404e-03,  1.94480221e-03], dtype=float64),
  'fse': Array([ 9.90909968e-02, -5.71260108e+00, -4.17156846e+00, ...,
        7.38902522e-03,  4.72622713e-03,  2.11142799e-03], dtype=float64),
  'fun': Array([ 9.90909968e-02, -5.71260108e+00, -4.17156846e+00, ...,
        7.38902522e-03,  4.72622713e-03,  2.11142799e-03], dtype=float64),
  'history': [ [ { 'G': Array([], shape=(0,), dtype=float64),
                   'I': Array([], shape=(0,), dtype=float64),
                   'L_lmn': Array([-2.75348059e-08,  3.51622371e-07,  9.24540216e-07, ...,
        1.00514631e-07, -8.66806369e-08,  2.44736540e-07], dtype=float64),
                   'Phi_mn': Array([], shape=(0,), dtype=float64),
                   'Psi': Array([0.56954665], dtype=float64),
                   'R_lmn': Array([ 2.54380354e-07, -6.24221321e-07,  1.84175876e-06, ...,
       -1.34136999e-07, -1.75052081e-07,  0.00000000e+00], dtype=float64),
                   'Ra_n': Array([ 8.19019818e+00,  1.57163799e+00,  7.82348494e-02, -3.49935375e-03,
        9.58502948e-04,  4.19107282e-04,  2.92612754e-05, -1.04624738e-05,
       -5.33431582e-06, -1.78016464e-06, -1.11612273e-06, -6.21356033e-07,
       -3.84452894e-07, -3.11966459e-07, -2.11207414e-07, -7.18017568e-08,
       -5.78411557e-08], dtype=float64),
                   'Rb_lmn': Array([ 0.00000000e+00,  0.00000000e+00,  0.00000000e+00,  0.00000000e+00,
        0.00000000e+00,  0.00000000e+00,  0.00000000e+00,  0.00000000e+00,
        0.00000000e+00,  0.00000000e+00,  0.00000000e+00,  0.00000000e+00,
        0.00000000e+00,  0.00000000e+00,  0.00000000e+00,  0.00000000e+00,
        0.00000000e+00,  0.00000000e+00,  0.00000000e+00,  0.00000000e+00,
        0.00000000e+00,  0.00000000e+00,  0.00000000e+00,  0.00000000e+00,
        0.00000000e+00,  0.00000000e+00,  0.00000000e+00,  0.00000000e+00,
        0.00000000e+00,  0.00000000e+00,  0.00000000e+00,  0.00000000e+00,
        0.00000000e+00,  0.00000000e+00,  0.00000000e+00,  0.00000000e+00,
        0.00000000e+00,  0.00000000e+00,  0.00000000e+00,  0.00000000e+00,
        0.00000000e+00,  0.00000000e+00,  0.00000000e+00,  0.00000000e+00,
        0.00000000e+00,  0.00000000e+00,  0.00000000e+00,  0.00000000e+00,
        0.00000000e+00,  0.00000000e+00,  0.00000000e+00,  1.85949712e-09,
       -2.06943672e-09,  6.79093920e-10, -3.03664500e-11, -7.71788847e-10,
        5.38833967e-10, -2.89496147e-11, -1.18169586e-10,  3.29717363e-10,
        7.60068047e-11,  2.27110927e-10,  2.84960235e-10,  3.47252454e-10,
        0.00000000e+00,  0.00000000e+00,  0.00000000e+00,  3.02903869e-09,
       -1.25142344e-09,  1.20829100e-09,  7.43162050e-10, -1.14756230e-10,
        8.35294078e-10,  2.42660824e-10, -1.04100569e-11,  3.83322413e-10,
       -4.66698657e-11,  9.44097430e-11,  2.28165576e-11, -5.25038397e-11,
        0.00000000e+00,  0.00000000e+00,  0.00000000e+00,  2.01554978e-09,
       -1.85039257e-09, -8.42380004e-09, -5.22199365e-09, -1.39042829e-08,
       -3.44247634e-09, -8.01339125e-09, -8.25681551e-09, -3.36178825e-09,
       -7.66905301e-09, -4.66291418e-09, -5.49442011e-09, -1.14376997e-08,
        0.00000000e+00,  0.00000000e+00,  0.00000000e+00,  2.18196937e-09,
        1.65258116e-09, -2.23822317e-09,  1.74171808e-08,  7.59885975e-09,
        1.29140844e-08,  8.43128775e-09,  7.63405376e-09,  9.75275100e-09,
        5.86872007e-09,  8.94027208e-09,  9.97808877e-09,  1.26505169e-08,
        0.00000000e+00,  0.00000000e+00,  0.00000000e+00, -1.62663722e-09,
        4.54930000e-09, -3.78375098e-08, -2.69477724e-09, -1.66029948e-08,
       -1.94875977e-08, -1.93320818e-08, -1.74193227e-08, -1.29265719e-08,
       -1.75911830e-08, -1.29289628e-08, -1.67679148e-08, -3.10523100e-08,
        0.00000000e+00,  0.00000000e+00,  0.00000000e+00, -4.41075659e-09,
        7.64000819e-09, -4.00853913e-08,  9.59574114e-09,  3.99172255e-08,
        2.37468307e-09,  2.14561548e-08,  2.13028460e-08,  2.66952422e-08,
        1.43965157e-08,  2.35544229e-08,  2.23190227e-08,  2.79096589e-08,
        0.00000000e+00,  0.00000000e+00,  0.00000000e+00, -7.66850652e-09,
        9.13281330e-09, -4.36733463e-08,  3.90089840e-09,  6.51721872e-08,
       -2.75027335e-08,  1.36317681e-08, -2.73344562e-08, -1.62126642e-09,
       -6.47879287e-08, -3.02356395e-08, -4.81731729e-08, -7.44194113e-08,
        0.00000000e+00,  0.00000000e+00,  0.00000000e+00, -7.78732902e-09,
        1.00465183e-08, -1.05253295e-07, -4.87615580e-08,  7.53076967e-08,
       -7.51516394e-08, -1.71929710e-08, -5.53954312e-08, -1.19356048e-08,
       -6.05264038e-08,  2.45450815e-08,  8.20188498e-10, -1.24259096e-08,
        0.00000000e+00,  0.00000000e+00,  0.00000000e+00, -8.85276376e-09,
        1.05299341e-08, -1.35643470e-07, -3.46994857e-08,  2.08093874e-07,
       -3.71434160e-08,  1.32623967e-07,  2.82796501e-08,  4.44479247e-05,
        2.15412091e-05,  3.46540816e-05,  2.66952284e-05,  2.32775403e-05,
        0.00000000e+00,  0.00000000e+00,  0.00000000e+00, -1.29064400e-08,
        9.28470581e-09, -1.88314627e-07, -4.46919819e-09,  2.32386007e-07,
       -2.40994858e-07,  2.18243841e-08, -2.14027213e-07, -3.32932938e-05,
       -4.99164347e-05, -3.45333494e-05, -3.80968465e-05, -6.81177623e-05,
        0.00000000e+00,  0.00000000e+00,  0.00000000e+00, -9.18607546e-09,
        8.61805998e-09, -1.92002049e-07,  2.57526609e-07,  5.15168051e-07,
       -2.51151711e-07,  4.89354936e-07,  1.18994835e-09,  8.94502385e-05,
        6.14316510e-05, -1.52839545e-02, -1.71726575e-02,  2.41509816e-02,
        0.00000000e+00,  0.00000000e+00,  0.00000000e+00, -1.22357543e-08,
        1.01757043e-08, -2.44817953e-07,  4.27167372e-07,  5.39341960e-07,
       -5.67022331e-07,  3.97795158e-07, -5.90202712e-07, -7.04171696e-05,
       -7.89756066e-05, -7.11208791e-03, -1.85570804e-03,  1.19820162e-01,
        0.00000000e+00,  0.00000000e+00,  0.00000000e+00, -1.59594878e-08,
        1.64596073e-08, -4.31354817e-07,  7.10518261e-07,  9.84350897e-07,
       -5.99341095e-07,  1.51045059e-06, -2.10747915e-07,  2.38866485e-04,
        3.02627595e-04, -3.79941324e-02, -3.43382761e-02, -5.62052712e-02,
        8.00000000e+00,  1.93752415e+00,  3.05555889e-01,  3.42402757e-03,
       -1.88144304e-04,  8.39075730e-04, -1.00726191e-06,  1.10209181e-07,
        8.37113825e-07, -6.56839888e-07,  2.66628049e-07, -2.40493830e-07,
       -2.80081580e-08,  6.00199551e-09,  0.00000000e+00,  0.00000000e+00,
        0.00000000e+00,  1.34454959e+00, -2.55082890e-02,  3.81862289e-01,
        1.58723180e-01, -4.47631289e-04,  2.89697774e-04, -1.33627212e-06,
       -1.31891356e-07,  7.42109807e-07, -7.74333446e-07,  2.85670519e-07,
       -2.53673015e-07, -8.33425565e-09,  6.96374523e-09,  0.00000000e+00,
        0.00000000e+00,  0.00000000e+00, -1.28546194e-03, -4.17201099e-02,
        8.19049359e-02, -4.59685520e-02,  4.08591085e-05,  3.14921139e-04,
       -1.81601577e-07,  3.44596825e-07,  5.65995306e-07, -6.90837143e-07,
        3.78315733e-07, -3.15948149e-07,  2.21303166e-09,  9.91911691e-09,
        0.00000000e+00,  0.00000000e+00,  0.00000000e+00, -2.24675356e-02,
        6.64209281e-03,  1.33002676e-02, -3.50277082e-03, -1.05512933e-04,
       -3.15698823e-05, -2.82470131e-07, -1.17074153e-07,  5.27240104e-08,
       -4.37378348e-07,  3.57931781e-07, -3.51805024e-07,  1.75588138e-09,
        1.54162515e-08,  0.00000000e+00,  0.00000000e+00,  0.00000000e+00,
        1.71050020e-05,  2.00099710e-05,  2.85748360e-05,  4.25183235e-05,
        4.36026107e-05,  7.22011843e-05,  7.47683434e-08,  1.50281126e-07,
        9.47777266e-08, -1.72900825e-09,  1.67565245e-07, -1.58869432e-07,
        8.47273143e-09, -6.66791345e-09,  0.00000000e+00,  0.00000000e+00,
        0.00000000e+00, -6.02322377e-06, -4.88082771e-06, -1.06700161e-05,
       -2.05270263e-05, -3.60269127e-05, -2.96033477e-05, -1.00232958e-07,
       -6.60172243e-08, -6.90095274e-08, -6.62444079e-08, -5.32459856e-08,
       -1.00356133e-07,  1.02999876e-08, -9.03719843e-09,  0.00000000e+00,
        0.00000000e+00,  0.00000000e+00, -1.66890231e-08, -1.73992158e-08,
       -1.97239581e-08, -1.37163735e-08,  1.11050854e-09,  2.37756928e-08,
        2.82626372e-08,  7.85438954e-08,  2.60602160e-09,  4.90683878e-08,
       -4.30623342e-08, -2.37170045e-08,  9.94756567e-09, -6.03699564e-09,
        0.00000000e+00,  0.00000000e+00,  0.00000000e+00,  1.93101722e-08,
        2.11744030e-08,  2.58659914e-08,  3.17657277e-08,  4.31700578e-08,
        4.62726759e-08,  3.01914235e-08,  4.70204470e-08, -1.87715236e-08,
        2.13163587e-08, -6.88122632e-08,  1.66711849e-08,  6.52412220e-09,
       -5.32192640e-09,  0.00000000e+00,  0.00000000e+00,  0.00000000e+00,
       -1.02190465e-08, -1.09438192e-08, -1.24514813e-08, -1.57721272e-08,
       -1.81769306e-08, -2.36612552e-08, -2.62994786e-08, -2.02800554e-08,
       -3.36759305e-08,  2.12893128e-08, -5.65838246e-08,  4.69481216e-08,
        3.11162413e-09, -4.49755149e-09,  0.00000000e+00,  0.00000000e+00,
        0.00000000e+00,  7.72475427e-09,  8.15719065e-09,  9.81705241e-09,
        1.08728413e-08,  1.37491232e-08,  1.54814696e-08,  1.77719980e-08,
        2.21638261e-08,  1.37988721e-08,  4.59978132e-08, -2.60535774e-08,
        5.09080450e-08,  2.20804692e-09, -3.62218479e-09,  0.00000000e+00,
        0.00000000e+00,  0.00000000e+00, -2.31489755e-09, -2.60911038e-09,
       -3.11192658e-09, -4.59816905e-09, -5.77397003e-09, -6.82314305e-09,
       -8.63866895e-09, -7.87766882e-09, -1.30345409e-08,  1.93664979e-10,
       -3.35267893e-08,  1.99291434e-08,  7.00913257e-10, -3.70223445e-09,
        0.00000000e+00,  0.00000000e+00,  0.00000000e+00, -3.34018218e-11,
        5.65020137e-11,  6.89410684e-10,  1.23442961e-09,  2.26662704e-09,
        4.84756708e-09,  4.86678109e-09,  6.87568967e-09,  5.81596098e-09,
        1.39626940e-08, -6.25555734e-09,  2.66193351e-08,  2.05877217e-09,
       -2.72532154e-09,  0.00000000e+00,  0.00000000e+00,  0.00000000e+00,
        1.02875873e-10,  1.09341845e-10,  1.15507541e-10,  7.94297866e-11,
        2.83129178e-11,  1.55031066e-11, -2.33751977e-10, -2.61403969e-10,
       -3.35433215e-10, -2.03031624e-10, -1.11229387e-09,  3.91024942e-10,
        6.21788016e-10, -3.01198861e-09,  0.00000000e+00,  0.00000000e+00,
        0.00000000e+00, -1.49673224e-10, -1.70578600e-10, -1.73767469e-10,
       -2.33967698e-10, -2.09319343e-10, -1.99228979e-10, -2.70959523e-10,
       -8.67992285e-11,  1.46538755e-10,  1.69507071e-10, -1.19169021e-10,
        9.21470207e-10,  8.23863274e-10, -2.26024355e-09,  0.00000000e+00,
        0.00000000e+00,  0.00000000e+00,  0.00000000e+00,  0.00000000e+00,
        0.00000000e+00,  0.00000000e+00,  0.00000000e+00,  0.00000000e+00,
        0.00000000e+00,  0.00000000e+00,  0.00000000e+00,  0.00000000e+00,
        0.00000000e+00,  0.00000000e+00,  0.00000000e+00,  0.00000000e+00,
        0.00000000e+00,  0.00000000e+00,  0.00000000e+00,  0.00000000e+00,
        0.00000000e+00,  0.00000000e+00,  0.00000000e+00,  0.00000000e+00,
        0.00000000e+00,  0.00000000e+00,  0.00000000e+00,  0.00000000e+00,
        0.00000000e+00,  0.00000000e+00,  0.00000000e+00,  0.00000000e+00,
        0.00000000e+00,  0.00000000e+00,  0.00000000e+00,  0.00000000e+00,
        0.00000000e+00,  0.00000000e+00,  0.00000000e+00,  0.00000000e+00,
        0.00000000e+00,  0.00000000e+00,  0.00000000e+00,  0.00000000e+00,
        0.00000000e+00,  0.00000000e+00,  0.00000000e+00,  0.00000000e+00,
        0.00000000e+00,  0.00000000e+00,  0.00000000e+00,  0.00000000e+00,
        0.00000000e+00], dtype=float64),
                   'Te_l': Array([], shape=(0,), dtype=float64),
                   'Ti_l': Array([], shape=(0,), dtype=float64),
                   'Z_lmn': Array([-2.82404234e-07,  7.66317290e-08, -3.51374446e-07, ...,
       -4.43236148e-08,  9.71714424e-08, -1.25710664e-07], dtype=float64),
                   'Za_n': Array([ 1.57394843e-07,  1.89534791e-07,  3.36061416e-07,  4.06838065e-07,
        5.75802736e-07,  6.16179005e-07,  7.90409065e-07,  9.48627314e-07,
        4.19521549e-07, -5.90909501e-06, -6.66252136e-05, -1.14111390e-05,
        2.08848871e-03,  8.53688238e-03,  1.01029332e-01,  1.44281845e+00],      dtype=float64),
                   'Zb_lmn': Array([ 0.00000000e+00,  0.00000000e+00,  0.00000000e+00,  0.00000000e+00,
        0.00000000e+00,  0.00000000e+00,  0.00000000e+00,  0.00000000e+00,
        0.00000000e+00,  0.00000000e+00,  0.00000000e+00,  0.00000000e+00,
        0.00000000e+00,  0.00000000e+00,  0.00000000e+00,  0.00000000e+00,
        0.00000000e+00,  0.00000000e+00,  0.00000000e+00,  0.00000000e+00,
        0.00000000e+00,  0.00000000e+00,  0.00000000e+00,  0.00000000e+00,
        0.00000000e+00,  0.00000000e+00,  0.00000000e+00,  0.00000000e+00,
        0.00000000e+00,  0.00000000e+00,  0.00000000e+00,  0.00000000e+00,
        0.00000000e+00,  0.00000000e+00,  0.00000000e+00,  0.00000000e+00,
        0.00000000e+00,  0.00000000e+00,  0.00000000e+00,  0.00000000e+00,
        0.00000000e+00,  0.00000000e+00,  0.00000000e+00,  0.00000000e+00,
        0.00000000e+00,  0.00000000e+00,  0.00000000e+00,  0.00000000e+00,
        0.00000000e+00,  0.00000000e+00,  0.00000000e+00, -6.21566339e-11,
       -1.07041168e-10,  3.86134515e-11,  7.28173213e-10,  4.26937245e-10,
        1.21800001e-10,  1.58557876e-09,  1.24762230e-10,  1.80421810e-09,
       -8.21560434e-10, -1.25767353e-09,  5.22513233e-09, -5.11546256e-09,
       -2.35157482e-09,  0.00000000e+00,  0.00000000e+00,  0.00000000e+00,
       -6.36730712e-11, -2.66424552e-10, -6.46159943e-10, -3.82985287e-10,
       -7.23737945e-10, -1.42771111e-09,  2.02707892e-11, -1.20784402e-09,
        5.51361193e-11, -1.90320243e-09, -1.95853730e-09,  4.52273510e-09,
       -4.28324871e-09, -2.83810708e-09,  0.00000000e+00,  0.00000000e+00,
        0.00000000e+00,  5.83843303e-09,  1.06219404e-08,  6.92891369e-09,
        1.07463879e-08,  8.78947380e-09,  1.56373936e-09,  1.51911300e-08,
       -5.80854729e-09,  8.32195272e-09, -1.06380927e-08, -5.89756594e-09,
        2.43055764e-08, -3.15005178e-09, -4.10292137e-09,  0.00000000e+00,
        0.00000000e+00,  0.00000000e+00, -6.97218292e-09, -1.11517953e-08,
       -1.02616916e-08, -3.25548839e-09, -5.99847375e-10, -6.52765470e-09,
        1.27451387e-08, -4.90540858e-09,  5.96521068e-09,  4.54218076e-09,
        2.45001076e-08,  2.40198784e-08, -2.06227112e-09, -2.21376015e-09,
        0.00000000e+00,  0.00000000e+00,  0.00000000e+00,  1.03969782e-08,
        1.78144290e-08,  4.02028083e-09, -4.13545042e-09, -1.29776588e-08,
       -2.43499087e-08,  7.88411927e-09, -3.51362348e-08, -1.75186525e-08,
       -1.41370253e-08,  2.25372050e-09, -5.46937129e-09, -9.14838146e-09,
        7.14649695e-09,  0.00000000e+00,  0.00000000e+00,  0.00000000e+00,
       -8.89115803e-09, -1.06864791e-08,  7.83166261e-09,  2.32461421e-08,
        2.59720631e-08,  9.98383630e-09,  4.24133720e-08, -1.08046493e-09,
        2.55801880e-08,  5.97780015e-08,  5.78968746e-08, -4.39512392e-08,
       -1.09680174e-08,  1.26423291e-08,  0.00000000e+00,  0.00000000e+00,
        0.00000000e+00,  1.14176504e-09, -2.10293224e-08, -4.50846825e-08,
       -4.31547902e-08, -3.93512487e-08, -7.06446785e-08,  7.57302260e-09,
       -8.40425140e-08, -3.46670344e-08, -2.46993208e-08,  1.19977488e-07,
       -2.06305727e-07, -1.23383006e-08,  1.64132484e-08,  0.00000000e+00,
        0.00000000e+00,  0.00000000e+00,  2.21630274e-08,  6.90936198e-08,
        4.74165007e-08,  5.59799650e-08,  3.26288747e-08,  2.30675621e-08,
        1.09560432e-07, -4.39969136e-08,  5.83277913e-08, -1.02014440e-07,
        2.36630646e-07, -2.74869317e-07, -1.03835154e-08,  1.50755757e-08,
        0.00000000e+00,  0.00000000e+00,  0.00000000e+00, -2.36788679e-05,
       -5.06183950e-05, -2.44591257e-05, -1.25446385e-05, -2.79991930e-05,
       -4.45984415e-05,  4.86643832e-08, -1.12933000e-07,  7.76202226e-09,
       -1.94085556e-07,  3.16731165e-07, -3.35680015e-07,  1.01665819e-08,
       -5.35909250e-09,  0.00000000e+00,  0.00000000e+00,  0.00000000e+00,
        2.67418946e-05,  6.21815876e-05,  1.05587438e-07, -3.39332109e-06,
       -2.28689496e-05, -1.25298091e-05,  1.94679116e-07, -1.39689120e-07,
       -3.93977085e-08, -2.62777697e-08,  2.15802190e-07, -2.98421238e-07,
        6.93398992e-11, -2.44963886e-08,  0.00000000e+00,  0.00000000e+00,
        0.00000000e+00, -1.52255873e-02, -2.13311978e-02, -3.59297756e-04,
       -1.96107756e-02, -4.14807652e-05, -5.25594453e-05,  3.40546756e-07,
       -2.74805883e-07, -6.29262116e-08,  4.72192213e-07, -2.75494234e-07,
        3.57649277e-07, -2.86836656e-08, -1.91570148e-08,  0.00000000e+00,
        0.00000000e+00,  0.00000000e+00,  9.67847539e-02,  1.06962757e-01,
        4.73727489e-02,  4.41562827e-02, -1.41963748e-04, -1.03489547e-04,
        3.39232641e-07, -5.04091639e-07, -1.46891117e-07,  5.39138820e-07,
       -5.17420551e-07,  4.11712066e-07, -4.55310038e-08, -9.35447167e-09,
        0.00000000e+00,  0.00000000e+00,  0.00000000e+00,  1.49602492e+00,
        6.80232982e-02,  8.41234148e-03, -1.13636193e-02, -1.65337727e-04,
       -5.80296466e-05,  4.93448158e-07, -3.83661911e-07,  2.58305294e-07,
       -3.76228667e-08, -3.12185251e-08,  3.54375464e-07, -3.36745054e-08,
        3.33028514e-08,  0.00000000e+00,  0.00000000e+00,  0.00000000e+00,
        0.00000000e+00,  0.00000000e+00,  0.00000000e+00, -2.76062504e-08,
       -3.03921876e-08,  3.58948401e-07, -3.83757286e-07,  5.39639689e-07,
       -1.87669901e-07,  9.38647234e-07, -5.19541601e-07, -4.71690858e-04,
        4.06204648e-04, -1.62710503e-01, -2.62023937e-01, -1.56434678e+00,
        0.00000000e+00,  0.00000000e+00,  0.00000000e+00, -9.16367127e-10,
        5.13363620e-09, -2.84567456e-07, -9.87646713e-08,  1.02900116e-06,
       -4.27078827e-07,  2.07074319e-06, -2.87837264e-07, -2.91344350e-04,
        5.88949519e-04, -2.51451767e-01, -9.94161837e-02, -8.68536429e-02,
        0.00000000e+00,  0.00000000e+00,  0.00000000e+00, -2.69513686e-08,
        3.65676379e-08, -8.43306869e-07,  2.04011725e-07,  9.08990553e-07,
       -7.21146656e-07,  8.99962547e-07, -2.17662401e-07, -2.02314922e-04,
        2.31379421e-04, -1.39556048e-02, -3.44907822e-03,  2.29160164e-02,
        0.00000000e+00,  0.00000000e+00,  0.00000000e+00, -1.60312112e-08,
        2.92470300e-08, -2.08420687e-07, -8.51006837e-08,  7.22020279e-07,
       -4.71134767e-07,  5.01242103e-07,  7.06591699e-08, -5.84761010e-05,
        6.93458426e-05, -1.70526182e-02,  4.32672024e-03, -5.74943859e-03,
        0.00000000e+00,  0.00000000e+00,  0.00000000e+00, -1.74282871e-08,
        2.39785970e-08,  7.25926729e-08, -2.20438879e-07,  4.61257629e-07,
       -3.61338832e-07,  2.48648232e-07,  2.54949087e-08, -7.69061158e-05,
        1.24427595e-05, -1.17638288e-05, -3.74792770e-05, -1.63432018e-05,
        0.00000000e+00,  0.00000000e+00,  0.00000000e+00, -1.21075719e-08,
        1.09961932e-08,  9.66460188e-09, -9.48153480e-08,  2.33047548e-07,
       -2.07239036e-07,  1.07157376e-07,  7.75386100e-08, -4.26960345e-05,
        2.59768132e-05,  2.03272148e-05, -1.18543874e-05, -7.84206018e-06,
        0.00000000e+00,  0.00000000e+00,  0.00000000e+00, -1.51856616e-08,
       -5.94360914e-09, -1.04165452e-07, -1.28980025e-08,  6.50105617e-08,
       -6.91176155e-08,  4.85776983e-08,  1.02283610e-07, -4.06628053e-08,
        1.58205184e-08,  5.11174413e-08,  2.98205661e-08,  2.55186568e-08,
        0.00000000e+00,  0.00000000e+00,  0.00000000e+00,  1.24355038e-08,
       -1.50927091e-08,  4.43116545e-08, -8.30540655e-08,  4.33474865e-08,
       -5.97646936e-08, -8.90051562e-08,  2.93426110e-08, -6.29254412e-08,
       -4.36916957e-08, -2.31782432e-08, -4.19489217e-08, -2.91469783e-08,
        0.00000000e+00,  0.00000000e+00,  0.00000000e+00,  1.16721213e-08,
       -1.18395637e-08,  1.40271795e-07, -5.09559358e-08,  8.90543834e-08,
       -5.34826200e-09,  1.38993674e-08,  5.46297772e-08,  5.73967291e-09,
        1.75374288e-08,  3.04223685e-08,  1.76971814e-08,  1.02593411e-08,
        0.00000000e+00,  0.00000000e+00,  0.00000000e+00,  4.18346427e-09,
       -1.12970660e-08,  9.72627684e-08, -5.31376168e-08,  1.91133430e-08,
       -4.91658284e-08, -1.95692432e-08,  7.81297058e-09, -3.69694530e-08,
       -1.99745488e-08, -7.88997626e-10, -1.16870747e-08, -4.54077180e-09,
        0.00000000e+00,  0.00000000e+00,  0.00000000e+00, -1.89866524e-09,
       -7.70312363e-09,  8.38196338e-08, -9.52426189e-09,  2.80230310e-08,
       -1.19101477e-08,  4.68253126e-09,  2.04309268e-08, -8.45440875e-09,
       -4.30345538e-10,  4.18802947e-09, -5.79361433e-09, -2.46751111e-09,
        0.00000000e+00,  0.00000000e+00,  0.00000000e+00, -3.72819994e-09,
       -4.99262181e-09,  4.11985549e-08, -1.21474026e-08,  2.62758715e-08,
       -2.48509569e-08,  1.72081139e-09,  2.49703205e-08, -1.09519471e-08,
        3.80445541e-09,  1.31160616e-08,  3.62446209e-09,  3.52266651e-09,
        0.00000000e+00,  0.00000000e+00,  0.00000000e+00, -1.18798785e-09,
       -2.37792210e-09,  2.18870163e-09, -2.04046381e-09,  2.07771444e-09,
       -2.42827218e-09, -1.27520372e-09,  9.21183303e-10, -1.50937947e-09,
       -7.01872551e-10, -9.35461315e-11, -7.95127422e-10, -4.19243222e-10,
        0.00000000e+00,  0.00000000e+00,  0.00000000e+00, -1.58610212e-09,
       -2.77538661e-09,  2.04888480e-09, -5.48945807e-11,  3.93273465e-09,
       -1.15954522e-09,  7.69569660e-11,  2.28143070e-09, -1.33646371e-10,
        4.11384289e-10,  8.58245854e-10,  2.40193338e-10,  2.19008825e-10,
        0.00000000e+00,  0.00000000e+00,  0.00000000e+00,  0.00000000e+00,
        0.00000000e+00,  0.00000000e+00,  0.00000000e+00,  0.00000000e+00,
        0.00000000e+00,  0.00000000e+00,  0.00000000e+00,  0.00000000e+00,
        0.00000000e+00,  0.00000000e+00,  0.00000000e+00,  0.00000000e+00,
        0.00000000e+00,  0.00000000e+00,  0.00000000e+00,  0.00000000e+00,
        0.00000000e+00,  0.00000000e+00,  0.00000000e+00,  0.00000000e+00,
        0.00000000e+00,  0.00000000e+00,  0.00000000e+00,  0.00000000e+00,
        0.00000000e+00,  0.00000000e+00,  0.00000000e+00,  0.00000000e+00,
        0.00000000e+00,  0.00000000e+00,  0.00000000e+00,  0.00000000e+00,
        0.00000000e+00,  0.00000000e+00,  0.00000000e+00,  0.00000000e+00,
        0.00000000e+00,  0.00000000e+00,  0.00000000e+00,  0.00000000e+00,
        0.00000000e+00,  0.00000000e+00,  0.00000000e+00,  0.00000000e+00],      dtype=float64),
                   'Zeff_l': Array([], shape=(0,), dtype=float64),
                   'a_lmn': Array([], shape=(0,), dtype=float64),
                   'c_l': Array([0., 0., 0., 0., 0., 0., 0., 0., 0.], dtype=float64),
                   'i_l': Array([], shape=(0,), dtype=float64),
                   'ne_l': Array([], shape=(0,), dtype=float64),
                   'ni_l': Array([], shape=(0,), dtype=float64),
                   'p_l': Array([0., 0., 0., 0., 0., 0., 0., 0., 0.], dtype=float64)}],
               [ { 'G': Array([], shape=(0,), dtype=float64),
                   'I': Array([], shape=(0,), dtype=float64),
                   'L_lmn': Array([-2.75348059e-08,  3.51622371e-07,  9.24540216e-07, ...,
        1.00514631e-07, -8.66806369e-08,  2.44736540e-07], dtype=float64),
                   'Phi_mn': Array([], shape=(0,), dtype=float64),
                   'Psi': Array([0.56954665], dtype=float64),
                   'R_lmn': Array([ 2.54380354e-07, -6.24221321e-07,  1.84175876e-06, ...,
       -1.34136999e-07, -1.75052081e-07,  0.00000000e+00], dtype=float64),
                   'Ra_n': Array([ 8.19019818e+00,  1.57163799e+00,  7.82348494e-02, -3.49935375e-03,
        9.58502948e-04,  4.19107282e-04,  2.92612754e-05, -1.04624738e-05,
       -5.33431582e-06, -1.78016464e-06, -1.11612273e-06, -6.21356033e-07,
       -3.84452894e-07, -3.11966459e-07, -2.11207414e-07, -7.18017568e-08,
       -5.78411557e-08], dtype=float64),
                   'Rb_lmn': Array([ 0.00000000e+00,  0.00000000e+00,  0.00000000e+00,  0.00000000e+00,
        0.00000000e+00,  0.00000000e+00,  0.00000000e+00,  0.00000000e+00,
        0.00000000e+00,  0.00000000e+00,  0.00000000e+00,  0.00000000e+00,
        0.00000000e+00,  0.00000000e+00,  0.00000000e+00,  0.00000000e+00,
        0.00000000e+00,  0.00000000e+00,  0.00000000e+00,  0.00000000e+00,
        0.00000000e+00,  0.00000000e+00,  0.00000000e+00,  0.00000000e+00,
        0.00000000e+00,  0.00000000e+00,  0.00000000e+00,  0.00000000e+00,
        0.00000000e+00,  0.00000000e+00,  0.00000000e+00,  0.00000000e+00,
        0.00000000e+00,  0.00000000e+00,  0.00000000e+00,  0.00000000e+00,
        0.00000000e+00,  0.00000000e+00,  0.00000000e+00,  0.00000000e+00,
        0.00000000e+00,  0.00000000e+00,  0.00000000e+00,  0.00000000e+00,
        0.00000000e+00,  0.00000000e+00,  0.00000000e+00,  0.00000000e+00,
        0.00000000e+00,  0.00000000e+00,  0.00000000e+00,  1.85949712e-09,
       -2.06943672e-09,  6.79093920e-10, -3.03664500e-11, -7.71788847e-10,
        5.38833967e-10, -2.89496147e-11, -1.18169586e-10,  3.29717363e-10,
        7.60068047e-11,  2.27110927e-10,  2.84960235e-10,  3.47252454e-10,
        0.00000000e+00,  0.00000000e+00,  0.00000000e+00,  3.02903869e-09,
       -1.25142344e-09,  1.20829100e-09,  7.43162050e-10, -1.14756230e-10,
        8.35294078e-10,  2.42660824e-10, -1.04100569e-11,  3.83322413e-10,
       -4.66698657e-11,  9.44097430e-11,  2.28165576e-11, -5.25038397e-11,
        0.00000000e+00,  0.00000000e+00,  0.00000000e+00,  2.01554978e-09,
       -1.85039257e-09, -8.42380004e-09, -5.22199365e-09, -1.39042829e-08,
       -3.44247634e-09, -8.01339125e-09, -8.25681551e-09, -3.36178825e-09,
       -7.66905301e-09, -4.66291418e-09, -5.49442011e-09, -1.14376997e-08,
        0.00000000e+00,  0.00000000e+00,  0.00000000e+00,  2.18196937e-09,
        1.65258116e-09, -2.23822317e-09,  1.74171808e-08,  7.59885975e-09,
        1.29140844e-08,  8.43128775e-09,  7.63405376e-09,  9.75275100e-09,
        5.86872007e-09,  8.94027208e-09,  9.97808877e-09,  1.26505169e-08,
        0.00000000e+00,  0.00000000e+00,  0.00000000e+00, -1.62663722e-09,
        4.54930000e-09, -3.78375098e-08, -2.69477724e-09, -1.66029948e-08,
       -1.94875977e-08, -1.93320818e-08, -1.74193227e-08, -1.29265719e-08,
       -1.75911830e-08, -1.29289628e-08, -1.67679148e-08, -3.10523100e-08,
        0.00000000e+00,  0.00000000e+00,  0.00000000e+00, -4.41075659e-09,
        7.64000819e-09, -4.00853913e-08,  9.59574114e-09,  3.99172255e-08,
        2.37468307e-09,  2.14561548e-08,  2.13028460e-08,  2.66952422e-08,
        1.43965157e-08,  2.35544229e-08,  2.23190227e-08,  2.79096589e-08,
        0.00000000e+00,  0.00000000e+00,  0.00000000e+00, -7.66850652e-09,
        9.13281330e-09, -4.36733463e-08,  3.90089840e-09,  6.51721872e-08,
       -2.75027335e-08,  1.36317681e-08, -2.73344562e-08, -1.62126642e-09,
       -6.47879287e-08, -3.02356395e-08, -4.81731729e-08, -7.44194113e-08,
        0.00000000e+00,  0.00000000e+00,  0.00000000e+00, -7.78732902e-09,
        1.00465183e-08, -1.05253295e-07, -4.87615580e-08,  7.53076967e-08,
       -7.51516394e-08, -1.71929710e-08, -5.53954312e-08, -1.19356048e-08,
       -6.05264038e-08,  2.45450815e-08,  8.20188498e-10, -1.24259096e-08,
        0.00000000e+00,  0.00000000e+00,  0.00000000e+00, -8.85276376e-09,
        1.05299341e-08, -1.35643470e-07, -3.46994857e-08,  2.08093874e-07,
       -3.71434160e-08,  1.32623967e-07,  2.82796501e-08,  4.44479247e-05,
        2.15412091e-05,  3.46540816e-05,  2.66952284e-05,  2.32775403e-05,
        0.00000000e+00,  0.00000000e+00,  0.00000000e+00, -1.29064400e-08,
        9.28470581e-09, -1.88314627e-07, -4.46919819e-09,  2.32386007e-07,
       -2.40994858e-07,  2.18243841e-08, -2.14027213e-07, -3.32932938e-05,
       -4.99164347e-05, -3.45333494e-05, -3.80968465e-05, -6.81177623e-05,
        0.00000000e+00,  0.00000000e+00,  0.00000000e+00, -9.18607546e-09,
        8.61805998e-09, -1.92002049e-07,  2.57526609e-07,  5.15168051e-07,
       -2.51151711e-07,  4.89354936e-07,  1.18994835e-09,  8.94502385e-05,
        6.14316510e-05, -1.52839545e-02, -1.71726575e-02,  2.41509816e-02,
        0.00000000e+00,  0.00000000e+00,  0.00000000e+00, -1.22357543e-08,
        1.01757043e-08, -2.44817953e-07,  4.27167372e-07,  5.39341960e-07,
       -5.67022331e-07,  3.97795158e-07, -5.90202712e-07, -7.04171696e-05,
       -7.89756066e-05, -7.11208791e-03, -1.85570804e-03,  1.19820162e-01,
        0.00000000e+00,  0.00000000e+00,  0.00000000e+00, -1.59594878e-08,
        1.64596073e-08, -4.31354817e-07,  7.10518261e-07,  9.84350897e-07,
       -5.99341095e-07,  1.51045059e-06, -2.10747915e-07,  2.38866485e-04,
        3.02627595e-04, -3.79941324e-02, -3.43382761e-02, -5.62052712e-02,
        8.00000000e+00,  1.93752415e+00,  3.05555889e-01,  3.42402757e-03,
       -1.88144304e-04,  8.39075730e-04, -1.00726191e-06,  1.10209181e-07,
        8.37113825e-07, -6.56839888e-07,  2.66628049e-07, -2.40493830e-07,
       -2.80081580e-08,  6.00199551e-09,  0.00000000e+00,  0.00000000e+00,
        0.00000000e+00,  1.34454959e+00, -2.55082890e-02,  3.81862289e-01,
        1.58723180e-01, -4.47631289e-04,  2.89697774e-04, -1.33627212e-06,
       -1.31891356e-07,  7.42109807e-07, -7.74333446e-07,  2.85670519e-07,
       -2.53673015e-07, -8.33425565e-09,  6.96374523e-09,  0.00000000e+00,
        0.00000000e+00,  0.00000000e+00, -1.28546194e-03, -4.17201099e-02,
        8.19049359e-02, -4.59685520e-02,  4.08591085e-05,  3.14921139e-04,
       -1.81601577e-07,  3.44596825e-07,  5.65995306e-07, -6.90837143e-07,
        3.78315733e-07, -3.15948149e-07,  2.21303166e-09,  9.91911691e-09,
        0.00000000e+00,  0.00000000e+00,  0.00000000e+00, -2.24675356e-02,
        6.64209281e-03,  1.33002676e-02, -3.50277082e-03, -1.05512933e-04,
       -3.15698823e-05, -2.82470131e-07, -1.17074153e-07,  5.27240104e-08,
       -4.37378348e-07,  3.57931781e-07, -3.51805024e-07,  1.75588138e-09,
        1.54162515e-08,  0.00000000e+00,  0.00000000e+00,  0.00000000e+00,
        1.71050020e-05,  2.00099710e-05,  2.85748360e-05,  4.25183235e-05,
        4.36026107e-05,  7.22011843e-05,  7.47683434e-08,  1.50281126e-07,
        9.47777266e-08, -1.72900825e-09,  1.67565245e-07, -1.58869432e-07,
        8.47273143e-09, -6.66791345e-09,  0.00000000e+00,  0.00000000e+00,
        0.00000000e+00, -6.02322377e-06, -4.88082771e-06, -1.06700161e-05,
       -2.05270263e-05, -3.60269127e-05, -2.96033477e-05, -1.00232958e-07,
       -6.60172243e-08, -6.90095274e-08, -6.62444079e-08, -5.32459856e-08,
       -1.00356133e-07,  1.02999876e-08, -9.03719843e-09,  0.00000000e+00,
        0.00000000e+00,  0.00000000e+00, -1.66890231e-08, -1.73992158e-08,
       -1.97239581e-08, -1.37163735e-08,  1.11050854e-09,  2.37756928e-08,
        2.82626372e-08,  7.85438954e-08,  2.60602160e-09,  4.90683878e-08,
       -4.30623342e-08, -2.37170045e-08,  9.94756567e-09, -6.03699564e-09,
        0.00000000e+00,  0.00000000e+00,  0.00000000e+00,  1.93101722e-08,
        2.11744030e-08,  2.58659914e-08,  3.17657277e-08,  4.31700578e-08,
        4.62726759e-08,  3.01914235e-08,  4.70204470e-08, -1.87715236e-08,
        2.13163587e-08, -6.88122632e-08,  1.66711849e-08,  6.52412220e-09,
       -5.32192640e-09,  0.00000000e+00,  0.00000000e+00,  0.00000000e+00,
       -1.02190465e-08, -1.09438192e-08, -1.24514813e-08, -1.57721272e-08,
       -1.81769306e-08, -2.36612552e-08, -2.62994786e-08, -2.02800554e-08,
       -3.36759305e-08,  2.12893128e-08, -5.65838246e-08,  4.69481216e-08,
        3.11162413e-09, -4.49755149e-09,  0.00000000e+00,  0.00000000e+00,
        0.00000000e+00,  7.72475427e-09,  8.15719065e-09,  9.81705241e-09,
        1.08728413e-08,  1.37491232e-08,  1.54814696e-08,  1.77719980e-08,
        2.21638261e-08,  1.37988721e-08,  4.59978132e-08, -2.60535774e-08,
        5.09080450e-08,  2.20804692e-09, -3.62218479e-09,  0.00000000e+00,
        0.00000000e+00,  0.00000000e+00, -2.31489755e-09, -2.60911038e-09,
       -3.11192658e-09, -4.59816905e-09, -5.77397003e-09, -6.82314305e-09,
       -8.63866895e-09, -7.87766882e-09, -1.30345409e-08,  1.93664979e-10,
       -3.35267893e-08,  1.99291434e-08,  7.00913257e-10, -3.70223445e-09,
        0.00000000e+00,  0.00000000e+00,  0.00000000e+00, -3.34018218e-11,
        5.65020137e-11,  6.89410684e-10,  1.23442961e-09,  2.26662704e-09,
        4.84756708e-09,  4.86678109e-09,  6.87568967e-09,  5.81596098e-09,
        1.39626940e-08, -6.25555734e-09,  2.66193351e-08,  2.05877217e-09,
       -2.72532154e-09,  0.00000000e+00,  0.00000000e+00,  0.00000000e+00,
        1.02875873e-10,  1.09341845e-10,  1.15507541e-10,  7.94297866e-11,
        2.83129178e-11,  1.55031066e-11, -2.33751977e-10, -2.61403969e-10,
       -3.35433215e-10, -2.03031624e-10, -1.11229387e-09,  3.91024942e-10,
        6.21788016e-10, -3.01198861e-09,  0.00000000e+00,  0.00000000e+00,
        0.00000000e+00, -1.49673224e-10, -1.70578600e-10, -1.73767469e-10,
       -2.33967698e-10, -2.09319343e-10, -1.99228979e-10, -2.70959523e-10,
       -8.67992285e-11,  1.46538755e-10,  1.69507071e-10, -1.19169021e-10,
        9.21470207e-10,  8.23863274e-10, -2.26024355e-09,  0.00000000e+00,
        0.00000000e+00,  0.00000000e+00,  0.00000000e+00,  0.00000000e+00,
        0.00000000e+00,  0.00000000e+00,  0.00000000e+00,  0.00000000e+00,
        0.00000000e+00,  0.00000000e+00,  0.00000000e+00,  0.00000000e+00,
        0.00000000e+00,  0.00000000e+00,  0.00000000e+00,  0.00000000e+00,
        0.00000000e+00,  0.00000000e+00,  0.00000000e+00,  0.00000000e+00,
        0.00000000e+00,  0.00000000e+00,  0.00000000e+00,  0.00000000e+00,
        0.00000000e+00,  0.00000000e+00,  0.00000000e+00,  0.00000000e+00,
        0.00000000e+00,  0.00000000e+00,  0.00000000e+00,  0.00000000e+00,
        0.00000000e+00,  0.00000000e+00,  0.00000000e+00,  0.00000000e+00,
        0.00000000e+00,  0.00000000e+00,  0.00000000e+00,  0.00000000e+00,
        0.00000000e+00,  0.00000000e+00,  0.00000000e+00,  0.00000000e+00,
        0.00000000e+00,  0.00000000e+00,  0.00000000e+00,  0.00000000e+00,
        0.00000000e+00,  0.00000000e+00,  0.00000000e+00,  0.00000000e+00,
        0.00000000e+00], dtype=float64),
                   'Te_l': Array([], shape=(0,), dtype=float64),
                   'Ti_l': Array([], shape=(0,), dtype=float64),
                   'Z_lmn': Array([-2.82404234e-07,  7.66317290e-08, -3.51374446e-07, ...,
       -4.43236148e-08,  9.71714424e-08, -1.25710664e-07], dtype=float64),
                   'Za_n': Array([ 1.57394843e-07,  1.89534791e-07,  3.36061416e-07,  4.06838065e-07,
        5.75802736e-07,  6.16179005e-07,  7.90409065e-07,  9.48627314e-07,
        4.19521549e-07, -5.90909501e-06, -6.66252136e-05, -1.14111390e-05,
        2.08848871e-03,  8.53688238e-03,  1.01029332e-01,  1.44281845e+00],      dtype=float64),
                   'Zb_lmn': Array([ 0.00000000e+00,  0.00000000e+00,  0.00000000e+00,  0.00000000e+00,
        0.00000000e+00,  0.00000000e+00,  0.00000000e+00,  0.00000000e+00,
        0.00000000e+00,  0.00000000e+00,  0.00000000e+00,  0.00000000e+00,
        0.00000000e+00,  0.00000000e+00,  0.00000000e+00,  0.00000000e+00,
        0.00000000e+00,  0.00000000e+00,  0.00000000e+00,  0.00000000e+00,
        0.00000000e+00,  0.00000000e+00,  0.00000000e+00,  0.00000000e+00,
        0.00000000e+00,  0.00000000e+00,  0.00000000e+00,  0.00000000e+00,
        0.00000000e+00,  0.00000000e+00,  0.00000000e+00,  0.00000000e+00,
        0.00000000e+00,  0.00000000e+00,  0.00000000e+00,  0.00000000e+00,
        0.00000000e+00,  0.00000000e+00,  0.00000000e+00,  0.00000000e+00,
        0.00000000e+00,  0.00000000e+00,  0.00000000e+00,  0.00000000e+00,
        0.00000000e+00,  0.00000000e+00,  0.00000000e+00,  0.00000000e+00,
        0.00000000e+00,  0.00000000e+00,  0.00000000e+00, -6.21566339e-11,
       -1.07041168e-10,  3.86134515e-11,  7.28173213e-10,  4.26937245e-10,
        1.21800001e-10,  1.58557876e-09,  1.24762230e-10,  1.80421810e-09,
       -8.21560434e-10, -1.25767353e-09,  5.22513233e-09, -5.11546256e-09,
       -2.35157482e-09,  0.00000000e+00,  0.00000000e+00,  0.00000000e+00,
       -6.36730712e-11, -2.66424552e-10, -6.46159943e-10, -3.82985287e-10,
       -7.23737945e-10, -1.42771111e-09,  2.02707892e-11, -1.20784402e-09,
        5.51361193e-11, -1.90320243e-09, -1.95853730e-09,  4.52273510e-09,
       -4.28324871e-09, -2.83810708e-09,  0.00000000e+00,  0.00000000e+00,
        0.00000000e+00,  5.83843303e-09,  1.06219404e-08,  6.92891369e-09,
        1.07463879e-08,  8.78947380e-09,  1.56373936e-09,  1.51911300e-08,
       -5.80854729e-09,  8.32195272e-09, -1.06380927e-08, -5.89756594e-09,
        2.43055764e-08, -3.15005178e-09, -4.10292137e-09,  0.00000000e+00,
        0.00000000e+00,  0.00000000e+00, -6.97218292e-09, -1.11517953e-08,
       -1.02616916e-08, -3.25548839e-09, -5.99847375e-10, -6.52765470e-09,
        1.27451387e-08, -4.90540858e-09,  5.96521068e-09,  4.54218076e-09,
        2.45001076e-08,  2.40198784e-08, -2.06227112e-09, -2.21376015e-09,
        0.00000000e+00,  0.00000000e+00,  0.00000000e+00,  1.03969782e-08,
        1.78144290e-08,  4.02028083e-09, -4.13545042e-09, -1.29776588e-08,
       -2.43499087e-08,  7.88411927e-09, -3.51362348e-08, -1.75186525e-08,
       -1.41370253e-08,  2.25372050e-09, -5.46937129e-09, -9.14838146e-09,
        7.14649695e-09,  0.00000000e+00,  0.00000000e+00,  0.00000000e+00,
       -8.89115803e-09, -1.06864791e-08,  7.83166261e-09,  2.32461421e-08,
        2.59720631e-08,  9.98383630e-09,  4.24133720e-08, -1.08046493e-09,
        2.55801880e-08,  5.97780015e-08,  5.78968746e-08, -4.39512392e-08,
       -1.09680174e-08,  1.26423291e-08,  0.00000000e+00,  0.00000000e+00,
        0.00000000e+00,  1.14176504e-09, -2.10293224e-08, -4.50846825e-08,
       -4.31547902e-08, -3.93512487e-08, -7.06446785e-08,  7.57302260e-09,
       -8.40425140e-08, -3.46670344e-08, -2.46993208e-08,  1.19977488e-07,
       -2.06305727e-07, -1.23383006e-08,  1.64132484e-08,  0.00000000e+00,
        0.00000000e+00,  0.00000000e+00,  2.21630274e-08,  6.90936198e-08,
        4.74165007e-08,  5.59799650e-08,  3.26288747e-08,  2.30675621e-08,
        1.09560432e-07, -4.39969136e-08,  5.83277913e-08, -1.02014440e-07,
        2.36630646e-07, -2.74869317e-07, -1.03835154e-08,  1.50755757e-08,
        0.00000000e+00,  0.00000000e+00,  0.00000000e+00, -2.36788679e-05,
       -5.06183950e-05, -2.44591257e-05, -1.25446385e-05, -2.79991930e-05,
       -4.45984415e-05,  4.86643832e-08, -1.12933000e-07,  7.76202226e-09,
       -1.94085556e-07,  3.16731165e-07, -3.35680015e-07,  1.01665819e-08,
       -5.35909250e-09,  0.00000000e+00,  0.00000000e+00,  0.00000000e+00,
        2.67418946e-05,  6.21815876e-05,  1.05587438e-07, -3.39332109e-06,
       -2.28689496e-05, -1.25298091e-05,  1.94679116e-07, -1.39689120e-07,
       -3.93977085e-08, -2.62777697e-08,  2.15802190e-07, -2.98421238e-07,
        6.93398992e-11, -2.44963886e-08,  0.00000000e+00,  0.00000000e+00,
        0.00000000e+00, -1.52255873e-02, -2.13311978e-02, -3.59297756e-04,
       -1.96107756e-02, -4.14807652e-05, -5.25594453e-05,  3.40546756e-07,
       -2.74805883e-07, -6.29262116e-08,  4.72192213e-07, -2.75494234e-07,
        3.57649277e-07, -2.86836656e-08, -1.91570148e-08,  0.00000000e+00,
        0.00000000e+00,  0.00000000e+00,  9.67847539e-02,  1.06962757e-01,
        4.73727489e-02,  4.41562827e-02, -1.41963748e-04, -1.03489547e-04,
        3.39232641e-07, -5.04091639e-07, -1.46891117e-07,  5.39138820e-07,
       -5.17420551e-07,  4.11712066e-07, -4.55310038e-08, -9.35447167e-09,
        0.00000000e+00,  0.00000000e+00,  0.00000000e+00,  1.49602492e+00,
        6.80232982e-02,  8.41234148e-03, -1.13636193e-02, -1.65337727e-04,
       -5.80296466e-05,  4.93448158e-07, -3.83661911e-07,  2.58305294e-07,
       -3.76228667e-08, -3.12185251e-08,  3.54375464e-07, -3.36745054e-08,
        3.33028514e-08,  0.00000000e+00,  0.00000000e+00,  0.00000000e+00,
        0.00000000e+00,  0.00000000e+00,  0.00000000e+00, -2.76062504e-08,
       -3.03921876e-08,  3.58948401e-07, -3.83757286e-07,  5.39639689e-07,
       -1.87669901e-07,  9.38647234e-07, -5.19541601e-07, -4.71690858e-04,
        4.06204648e-04, -1.62710503e-01, -2.62023937e-01, -1.56434678e+00,
        0.00000000e+00,  0.00000000e+00,  0.00000000e+00, -9.16367127e-10,
        5.13363620e-09, -2.84567456e-07, -9.87646713e-08,  1.02900116e-06,
       -4.27078827e-07,  2.07074319e-06, -2.87837264e-07, -2.91344350e-04,
        5.88949519e-04, -2.51451767e-01, -9.94161837e-02, -8.68536429e-02,
        0.00000000e+00,  0.00000000e+00,  0.00000000e+00, -2.69513686e-08,
        3.65676379e-08, -8.43306869e-07,  2.04011725e-07,  9.08990553e-07,
       -7.21146656e-07,  8.99962547e-07, -2.17662401e-07, -2.02314922e-04,
        2.31379421e-04, -1.39556048e-02, -3.44907822e-03,  2.29160164e-02,
        0.00000000e+00,  0.00000000e+00,  0.00000000e+00, -1.60312112e-08,
        2.92470300e-08, -2.08420687e-07, -8.51006837e-08,  7.22020279e-07,
       -4.71134767e-07,  5.01242103e-07,  7.06591699e-08, -5.84761010e-05,
        6.93458426e-05, -1.70526182e-02,  4.32672024e-03, -5.74943859e-03,
        0.00000000e+00,  0.00000000e+00,  0.00000000e+00, -1.74282871e-08,
        2.39785970e-08,  7.25926729e-08, -2.20438879e-07,  4.61257629e-07,
       -3.61338832e-07,  2.48648232e-07,  2.54949087e-08, -7.69061158e-05,
        1.24427595e-05, -1.17638288e-05, -3.74792770e-05, -1.63432018e-05,
        0.00000000e+00,  0.00000000e+00,  0.00000000e+00, -1.21075719e-08,
        1.09961932e-08,  9.66460188e-09, -9.48153480e-08,  2.33047548e-07,
       -2.07239036e-07,  1.07157376e-07,  7.75386100e-08, -4.26960345e-05,
        2.59768132e-05,  2.03272148e-05, -1.18543874e-05, -7.84206018e-06,
        0.00000000e+00,  0.00000000e+00,  0.00000000e+00, -1.51856616e-08,
       -5.94360914e-09, -1.04165452e-07, -1.28980025e-08,  6.50105617e-08,
       -6.91176155e-08,  4.85776983e-08,  1.02283610e-07, -4.06628053e-08,
        1.58205184e-08,  5.11174413e-08,  2.98205661e-08,  2.55186568e-08,
        0.00000000e+00,  0.00000000e+00,  0.00000000e+00,  1.24355038e-08,
       -1.50927091e-08,  4.43116545e-08, -8.30540655e-08,  4.33474865e-08,
       -5.97646936e-08, -8.90051562e-08,  2.93426110e-08, -6.29254412e-08,
       -4.36916957e-08, -2.31782432e-08, -4.19489217e-08, -2.91469783e-08,
        0.00000000e+00,  0.00000000e+00,  0.00000000e+00,  1.16721213e-08,
       -1.18395637e-08,  1.40271795e-07, -5.09559358e-08,  8.90543834e-08,
       -5.34826200e-09,  1.38993674e-08,  5.46297772e-08,  5.73967291e-09,
        1.75374288e-08,  3.04223685e-08,  1.76971814e-08,  1.02593411e-08,
        0.00000000e+00,  0.00000000e+00,  0.00000000e+00,  4.18346427e-09,
       -1.12970660e-08,  9.72627684e-08, -5.31376168e-08,  1.91133430e-08,
       -4.91658284e-08, -1.95692432e-08,  7.81297058e-09, -3.69694530e-08,
       -1.99745488e-08, -7.88997626e-10, -1.16870747e-08, -4.54077180e-09,
        0.00000000e+00,  0.00000000e+00,  0.00000000e+00, -1.89866524e-09,
       -7.70312363e-09,  8.38196338e-08, -9.52426189e-09,  2.80230310e-08,
       -1.19101477e-08,  4.68253126e-09,  2.04309268e-08, -8.45440875e-09,
       -4.30345538e-10,  4.18802947e-09, -5.79361433e-09, -2.46751111e-09,
        0.00000000e+00,  0.00000000e+00,  0.00000000e+00, -3.72819994e-09,
       -4.99262181e-09,  4.11985549e-08, -1.21474026e-08,  2.62758715e-08,
       -2.48509569e-08,  1.72081139e-09,  2.49703205e-08, -1.09519471e-08,
        3.80445541e-09,  1.31160616e-08,  3.62446209e-09,  3.52266651e-09,
        0.00000000e+00,  0.00000000e+00,  0.00000000e+00, -1.18798785e-09,
       -2.37792210e-09,  2.18870163e-09, -2.04046381e-09,  2.07771444e-09,
       -2.42827218e-09, -1.27520372e-09,  9.21183303e-10, -1.50937947e-09,
       -7.01872551e-10, -9.35461315e-11, -7.95127422e-10, -4.19243222e-10,
        0.00000000e+00,  0.00000000e+00,  0.00000000e+00, -1.58610212e-09,
       -2.77538661e-09,  2.04888480e-09, -5.48945807e-11,  3.93273465e-09,
       -1.15954522e-09,  7.69569660e-11,  2.28143070e-09, -1.33646371e-10,
        4.11384289e-10,  8.58245854e-10,  2.40193338e-10,  2.19008825e-10,
        0.00000000e+00,  0.00000000e+00,  0.00000000e+00,  0.00000000e+00,
        0.00000000e+00,  0.00000000e+00,  0.00000000e+00,  0.00000000e+00,
        0.00000000e+00,  0.00000000e+00,  0.00000000e+00,  0.00000000e+00,
        0.00000000e+00,  0.00000000e+00,  0.00000000e+00,  0.00000000e+00,
        0.00000000e+00,  0.00000000e+00,  0.00000000e+00,  0.00000000e+00,
        0.00000000e+00,  0.00000000e+00,  0.00000000e+00,  0.00000000e+00,
        0.00000000e+00,  0.00000000e+00,  0.00000000e+00,  0.00000000e+00,
        0.00000000e+00,  0.00000000e+00,  0.00000000e+00,  0.00000000e+00,
        0.00000000e+00,  0.00000000e+00,  0.00000000e+00,  0.00000000e+00,
        0.00000000e+00,  0.00000000e+00,  0.00000000e+00,  0.00000000e+00,
        0.00000000e+00,  0.00000000e+00,  0.00000000e+00,  0.00000000e+00,
        0.00000000e+00,  0.00000000e+00,  0.00000000e+00,  0.00000000e+00],      dtype=float64),
                   'Zeff_l': Array([], shape=(0,), dtype=float64),
                   'a_lmn': Array([], shape=(0,), dtype=float64),
                   'c_l': Array([0., 0., 0., 0., 0., 0., 0., 0., 0.], dtype=float64),
                   'i_l': Array([], shape=(0,), dtype=float64),
                   'ne_l': Array([], shape=(0,), dtype=float64),
                   'ni_l': Array([], shape=(0,), dtype=float64),
                   'p_l': Array([0., 0., 0., 0., 0., 0., 0., 0., 0.], dtype=float64)}],
               [ { 'G': Array([], shape=(0,), dtype=float64),
                   'I': Array([], shape=(0,), dtype=float64),
                   'L_lmn': Array([ 2.18725128e-08,  2.76049963e-07,  8.59314157e-07, ...,
        7.42633980e-08, -2.68197140e-08,  2.48905992e-07], dtype=float64),
                   'Phi_mn': Array([], shape=(0,), dtype=float64),
                   'Psi': Array([0.56954654], dtype=float64),
                   'R_lmn': Array([ 1.44825307e-07, -5.06365232e-07,  1.53288342e-06, ...,
       -1.53921323e-07, -2.00295382e-07,  0.00000000e+00], dtype=float64),
                   'Ra_n': Array([ 8.19448510e+00,  1.57198104e+00,  7.81300208e-02, -3.48967362e-03,
        9.48646012e-04,  4.19108199e-04,  2.86604513e-05, -1.07853050e-05,
       -5.38400063e-06, -1.72104950e-06, -1.11540539e-06, -6.71520927e-07,
       -4.09040840e-07, -2.92401106e-07, -1.76646440e-07, -6.40007086e-08,
       -7.28637520e-08], dtype=float64),
                   'Rb_lmn': Array([ 0.00000000e+00,  0.00000000e+00,  0.00000000e+00,  0.00000000e+00,
        0.00000000e+00,  0.00000000e+00,  0.00000000e+00,  0.00000000e+00,
        0.00000000e+00,  0.00000000e+00,  0.00000000e+00,  0.00000000e+00,
        0.00000000e+00,  0.00000000e+00,  0.00000000e+00,  0.00000000e+00,
        0.00000000e+00, -4.63792857e-08, -1.20438773e-08,  3.74259145e-08,
       -2.60023128e-08,  2.13492038e-08,  1.37378435e-08, -1.05607579e-08,
        2.21429005e-08,  5.65034482e-09,  1.71626389e-09,  1.01476288e-08,
        3.90974655e-09,  7.73081733e-09,  7.58713408e-09,  7.85592050e-09,
        0.00000000e+00, -5.52077436e-08,  1.68850601e-08,  4.06497427e-08,
       -3.51519616e-08,  1.86617891e-08,  1.57011818e-09, -2.17642687e-08,
        6.91833680e-09, -8.07652562e-09, -1.16436284e-08, -1.60772644e-09,
       -8.44651467e-09, -5.66805532e-09, -8.45793305e-09, -1.88608133e-08,
        0.00000000e+00, -7.45430358e-08,  2.43689636e-08,  4.34553400e-08,
       -4.89986665e-08,  1.61944922e-08, -5.09280648e-10, -1.86426603e-08,
        1.31772209e-08, -9.46599116e-10, -2.69580350e-09,  7.94495804e-09,
        1.54410347e-09,  5.51785106e-09,  6.72793144e-09,  7.93416278e-09,
        0.00000000e+00, -7.96030997e-08,  3.82578302e-08,  7.02267038e-08,
       -2.89646732e-08,  2.93581482e-08,  1.68793327e-08, -2.66493139e-09,
        1.98316044e-08,  5.62753818e-09, -2.42797582e-10,  9.18862912e-09,
       -1.37951998e-09,  2.42657880e-09,  4.97715502e-10, -1.40520400e-09,
        0.00000000e+00, -1.08521006e-07,  4.95705930e-08,  4.37060533e-08,
       -4.35203088e-08, -1.86788998e-08, -1.66598498e-08, -3.70535906e-08,
       -9.40361486e-09, -2.16339297e-08, -2.22358556e-08, -9.32273650e-09,
       -2.08442215e-08, -1.24331730e-08, -1.50422078e-08, -3.10055252e-08,
        0.00000000e+00, -1.16290674e-07,  1.21183327e-07,  4.63405351e-08,
        4.10511698e-08,  1.45175390e-09,  4.31845143e-08,  2.21993448e-08,
        3.44992275e-08,  2.26667370e-08,  2.12978861e-08,  2.59389952e-08,
        1.58824650e-08,  2.44790350e-08,  2.69036589e-08,  3.39889938e-08,
        0.00000000e+00, -1.81668238e-07,  1.65057449e-07, -4.70655710e-08,
        1.09228579e-07, -9.18959372e-08, -1.55466373e-08, -3.06190147e-08,
       -4.22206518e-08, -4.07363232e-08, -3.58765683e-08, -2.76258873e-08,
       -3.71012859e-08, -2.69322509e-08, -3.53717178e-08, -6.56695707e-08,
        0.00000000e+00, -2.62341106e-07,  2.19673056e-07, -1.19369425e-07,
        1.82244149e-07, -8.95955117e-08,  1.13778063e-08,  9.28182865e-08,
        3.10307884e-09,  4.61611662e-08,  4.46206383e-08,  5.62272435e-08,
        3.04360069e-08,  4.93042515e-08,  4.71777926e-08,  5.83377362e-08,
        0.00000000e+00,  6.96503126e-08,  2.12337413e-07, -2.02930585e-07,
        2.18201129e-07, -9.23766133e-08, -1.30136231e-08,  1.48059938e-07,
       -6.01194605e-08,  2.40219173e-08, -4.58871701e-08, -2.51435883e-09,
       -1.07049552e-07, -5.09091299e-08, -7.94603191e-08, -1.24035084e-07,
        0.00000000e+00,  1.02937035e-07,  3.28662528e-08, -2.03126924e-07,
        2.39773373e-07, -2.61940448e-07, -1.59272026e-07,  1.67767751e-07,
       -1.58090288e-07, -3.12881780e-08, -8.75414306e-08, -2.21256015e-08,
       -1.00710554e-07,  4.21381358e-08,  1.07742120e-09, -2.15304255e-08,
        0.00000000e+00,  7.78552867e-08, -1.39585942e-07, -2.11376588e-07,
        2.52000475e-07, -3.51057524e-07, -1.36772345e-07,  4.40828219e-07,
       -7.70860127e-08,  2.19074400e-07,  4.84814480e-08,  4.45150124e-05,
        2.15706112e-05,  3.47146752e-05,  2.67344153e-05,  2.33141953e-05,
        0.00000000e+00,  6.80791795e-08, -2.70996349e-07, -3.03778670e-07,
        2.22670409e-07, -5.28519033e-07, -6.88449595e-08,  4.88743665e-07,
       -5.07921215e-07,  3.49868636e-08, -3.53180409e-07, -3.33417908e-05,
       -5.00014158e-05, -3.45937169e-05, -3.81664997e-05, -6.82206574e-05,
        0.00000000e+00,  6.34337441e-08, -3.64762088e-07, -2.14795666e-07,
        2.06169133e-07, -5.47502641e-07,  6.67270162e-07,  1.07370006e-06,
       -5.31693406e-07,  8.11910426e-07,  3.84596941e-09,  8.95982967e-05,
        6.15444316e-05, -1.52838386e-02, -1.71725549e-02,  2.41511002e-02,
        0.00000000e+00,  1.23264303e-07, -4.52702445e-07, -2.84745690e-07,
        2.43225718e-07, -6.96297627e-07,  1.18466573e-06,  1.13193563e-06,
       -1.21899588e-06,  6.62739684e-07, -9.70783140e-07, -7.05438121e-05,
       -7.91019398e-05, -7.11227507e-03, -1.85585063e-03,  1.19819823e-01,
        0.00000000e+00,  1.82273455e-07,  5.12687341e-07, -3.66494413e-07,
        3.92503471e-07, -1.24063482e-06,  1.90469734e-06,  2.08419292e-06,
       -1.32574912e-06,  2.50614855e-06, -3.14098007e-07,  2.39226136e-04,
        3.03140759e-04, -3.79938289e-02, -3.43378537e-02, -5.62050073e-02,
        8.00000000e+00,  1.93752430e+00,  3.05557559e-01,  3.42402513e-03,
       -1.88514141e-04,  8.40484710e-04, -1.71196312e-06,  3.42763602e-07,
        1.74512892e-06, -1.41090962e-06,  7.46602065e-07, -6.57118891e-07,
       -5.79987251e-07,  1.46314702e-07, -1.07952306e-07,  2.65305829e-07,
        0.00000000e+00,  1.34454916e+00, -2.55083029e-02,  3.81862447e-01,
        1.58723029e-01, -4.48280130e-04,  2.90253317e-04, -2.25091859e-06,
       -7.67355104e-08,  1.52586776e-06, -1.65188377e-06,  7.95323486e-07,
       -6.94590083e-07, -9.35794694e-08,  1.68148097e-07, -1.42728364e-07,
        3.19767426e-07,  0.00000000e+00, -1.28541264e-03, -4.17200571e-02,
        8.19051006e-02, -4.59684661e-02,  4.08820972e-05,  3.15358337e-04,
       -3.11023115e-07,  6.20699609e-07,  1.12291823e-06, -1.42835871e-06,
        1.05911508e-06, -8.71828135e-07,  1.08360423e-07,  2.33777079e-07,
       -1.70500591e-07,  2.02339585e-07,  0.00000000e+00, -2.24675905e-02,
        6.64205033e-03,  1.33002095e-02, -3.50285251e-03, -1.05642863e-04,
       -3.15902508e-05, -4.72837578e-07, -1.85830883e-07,  7.95911077e-08,
       -8.61033128e-07,  9.62615064e-07, -9.62926317e-07,  1.01775515e-07,
        3.49748382e-07, -2.11331180e-07,  2.92304416e-07,  0.00000000e+00,
        1.71363614e-05,  2.00460173e-05,  2.86226008e-05,  4.25775609e-05,
        4.36575679e-05,  7.22979863e-05,  1.21641566e-07,  2.56147199e-07,
        1.79454420e-07,  3.12196611e-08,  4.48553667e-07, -4.81924681e-07,
        2.38288463e-07, -1.80048658e-07, -3.07456032e-07,  1.97482681e-07,
        0.00000000e+00, -6.03811318e-06, -4.89398078e-06, -1.06952672e-05,
       -2.05628415e-05, -3.60816901e-05, -2.96452028e-05, -1.68580475e-07,
       -1.04163109e-07, -1.54947914e-07, -1.22924793e-07, -1.40122523e-07,
       -3.23721360e-07,  2.60594684e-07, -2.12236969e-07,  7.85631377e-09,
        1.76993560e-07,  0.00000000e+00, -2.76578869e-08, -2.88607418e-08,
       -3.27629057e-08, -2.25551010e-08,  1.44842192e-09,  3.98020595e-08,
        4.57304699e-08,  1.34416199e-07, -8.84329466e-10,  1.05922078e-07,
       -1.07137219e-07, -1.12071236e-07,  2.38934648e-07, -1.43725747e-07,
        2.60737429e-07,  3.61813118e-07,  0.00000000e+00,  3.20633214e-08,
        3.51287905e-08,  4.29555816e-08,  5.28487636e-08,  7.09914307e-08,
        7.80819080e-08,  5.03399049e-08,  7.65430714e-08, -3.94703949e-08,
        4.78223150e-08, -1.85885470e-07,  2.92160827e-08,  1.61817651e-07,
       -1.27559734e-07,  1.20596051e-07,  1.79430813e-07,  0.00000000e+00,
       -2.14978224e-08, -2.30019922e-08, -2.62441304e-08, -3.31854833e-08,
       -3.80937675e-08, -4.99670402e-08, -5.53800328e-08, -4.27931027e-08,
       -7.16206335e-08,  4.55781955e-08, -1.54029451e-07,  1.21432948e-07,
        8.00462387e-08, -1.07104581e-07,  8.91045140e-08,  1.23853990e-07,
        0.00000000e+00,  1.62477527e-08,  1.71943542e-08,  2.06194727e-08,
        2.29148721e-08,  2.90097167e-08,  3.22515026e-08,  3.78919505e-08,
        4.60374518e-08,  2.86533033e-08,  9.89603459e-08, -7.33020083e-08,
        1.37622627e-07,  5.46760330e-08, -8.60741804e-08,  1.03052085e-07,
        1.13907606e-07,  0.00000000e+00, -6.31250033e-09, -7.09036697e-09,
       -8.41235447e-09, -1.24837557e-08, -1.57420877e-08, -1.86246998e-08,
       -2.28027880e-08, -2.25100598e-08, -3.47848936e-08,  1.76356028e-09,
       -9.38790516e-08,  5.51544911e-08,  1.83157099e-08, -8.80082780e-08,
        8.14650003e-08,  1.11141762e-07,  0.00000000e+00, -1.03692956e-10,
        1.53635330e-10,  1.94249230e-09,  3.31008207e-09,  6.07944450e-09,
        1.31676794e-08,  1.34077697e-08,  1.81459730e-08,  1.56837662e-08,
        3.90215132e-08, -1.89463983e-08,  7.27994537e-08,  5.07114463e-08,
       -6.51874474e-08,  8.46445566e-08,  1.22888573e-07,  0.00000000e+00,
        2.41286085e-09,  2.58289892e-09,  2.72136883e-09,  1.87401652e-09,
        6.69031491e-10,  3.56246397e-10, -5.54344742e-09, -6.00369107e-09,
       -8.28432391e-09, -4.20526146e-09, -2.66963724e-08,  9.37440285e-09,
        1.61737952e-08, -7.16507612e-08,  7.02970277e-08,  8.70650007e-08,
        0.00000000e+00, -3.52336438e-09, -4.03367377e-09, -4.10323588e-09,
       -5.49551806e-09, -4.98522609e-09, -4.73384342e-09, -6.41303266e-09,
       -2.21927899e-09,  3.46983931e-09,  4.10893631e-09, -2.94325525e-09,
        2.15563961e-08,  2.09048793e-08, -5.37448989e-08,  7.56742040e-08,
        1.00120939e-07,  0.00000000e+00,  3.30986304e-09,  2.78554050e-09,
        4.08077740e-09,  4.05489397e-09,  6.35391684e-09,  9.25302101e-09,
        3.78005583e-09,  9.30337426e-09,  6.80797927e-09,  5.71876400e-09,
       -3.36512996e-09,  1.06317159e-08,  8.75163888e-09, -3.82185368e-08,
        4.62704581e-08,  7.26014966e-08,  0.00000000e+00, -1.08905112e-09,
       -2.09505234e-09, -1.92024331e-09, -3.54179305e-09, -5.13453907e-09,
       -2.68719849e-09, -1.24973432e-08, -7.20139663e-09, -5.62526884e-09,
       -9.28906751e-09, -9.74854029e-09, -1.35093090e-09, -1.51831806e-09,
       -2.33347039e-08,  2.24458000e-08,  5.76525038e-08,  0.00000000e+00,
        0.00000000e+00,  0.00000000e+00,  0.00000000e+00,  0.00000000e+00,
        0.00000000e+00,  0.00000000e+00,  0.00000000e+00,  0.00000000e+00,
        0.00000000e+00,  0.00000000e+00,  0.00000000e+00,  0.00000000e+00,
        0.00000000e+00,  0.00000000e+00,  0.00000000e+00,  0.00000000e+00,
        0.00000000e+00], dtype=float64),
                   'Te_l': Array([], shape=(0,), dtype=float64),
                   'Ti_l': Array([], shape=(0,), dtype=float64),
                   'Z_lmn': Array([-2.46065588e-07,  1.15125176e-07, -3.82547559e-07, ...,
       -7.82450606e-08,  1.21219116e-07, -1.22071739e-07], dtype=float64),
                   'Za_n': Array([ 1.47614681e-07,  1.96322945e-07,  4.05561436e-07,  5.20452542e-07,
        6.96866821e-07,  7.14395034e-07,  9.54975680e-07,  1.08863795e-06,
        4.72520522e-07, -5.94556352e-06, -6.69835963e-05, -1.30413058e-05,
        2.08127309e-03,  8.56486385e-03,  1.01042010e-01,  1.44353521e+00],      dtype=float64),
                   'Zb_lmn': Array([ 0.00000000e+00,  0.00000000e+00,  0.00000000e+00,  0.00000000e+00,
        0.00000000e+00,  0.00000000e+00,  0.00000000e+00,  0.00000000e+00,
        0.00000000e+00,  0.00000000e+00,  0.00000000e+00,  0.00000000e+00,
        0.00000000e+00,  0.00000000e+00,  0.00000000e+00,  0.00000000e+00,
        0.00000000e+00, -4.98299418e-09, -1.11047935e-08, -5.43912426e-09,
        6.48523103e-09, -9.12939591e-10, -2.43597862e-08,  1.23938793e-08,
        3.18803152e-08,  1.27128303e-08, -2.28106945e-08, -2.62914438e-08,
        8.39153221e-08, -1.01612879e-07, -7.15737739e-08,  7.51578607e-08,
       -5.66330046e-08,  0.00000000e+00,  5.22351432e-09,  3.89678073e-09,
        1.36766473e-09,  1.24873429e-08, -6.66976620e-09, -3.32589060e-08,
        4.95991704e-09, -1.19535464e-08,  4.75414352e-10, -4.82407171e-08,
       -5.93726044e-08,  8.47742399e-08, -1.12133609e-07, -8.37207246e-08,
        8.80848684e-08, -6.77611410e-08,  0.00000000e+00, -1.47135469e-09,
       -2.20582288e-09,  2.75902300e-10,  1.70529648e-08,  1.17799642e-08,
        1.63774169e-09,  3.78348754e-08,  3.14546824e-09,  3.91629226e-08,
       -1.52749278e-08, -3.04047195e-08,  1.21890720e-07, -1.14782403e-07,
       -6.65432822e-08,  1.13344705e-07, -6.58312349e-08,  0.00000000e+00,
       -1.50765969e-09, -6.00463536e-09, -1.58765639e-08, -9.10894142e-09,
       -1.60467553e-08, -3.50561896e-08,  2.17381034e-09, -2.83383973e-08,
       -2.08595846e-09, -4.21995035e-08, -4.80124166e-08,  1.05758763e-07,
       -9.06890738e-08, -7.96928013e-08,  7.90941188e-08, -7.59544293e-08,
        0.00000000e+00,  1.57914315e-08,  2.93166338e-08,  1.75852457e-08,
        3.02340699e-08,  2.44275017e-08,  4.42572738e-10,  4.72575795e-08,
       -1.61755052e-08,  1.57694668e-08, -2.22447022e-08, -2.21388148e-08,
        6.07260013e-08, -6.15318728e-08, -1.10619774e-07,  7.99298172e-08,
       -7.17577497e-08,  0.00000000e+00, -1.89496721e-08, -3.01903034e-08,
       -2.80018680e-08, -7.52597940e-09, -4.26183097e-09, -1.75418069e-08,
        4.06616563e-08, -1.96002986e-08,  1.29268797e-08,  2.52074309e-08,
        5.87759923e-08,  4.79837786e-08, -3.76114238e-08, -5.87959677e-08,
        6.08288777e-08, -8.48669065e-08,  0.00000000e+00,  2.18309629e-08,
        3.73384581e-08,  8.54536727e-09, -7.81414506e-09, -2.94540722e-08,
       -4.98158572e-08,  1.88879553e-08, -7.96634355e-08, -3.93200648e-08,
       -1.32945196e-08, -1.22563637e-09, -3.53578458e-08, -2.13722509e-07,
        1.63133133e-07,  1.60682014e-08, -1.14101548e-07,  0.00000000e+00,
       -1.86824398e-08, -2.19568515e-08,  1.54692660e-08,  4.89651685e-08,
        5.73858448e-08,  1.74161511e-08,  8.77288505e-08,  8.58478036e-10,
        4.70441154e-08,  1.43317268e-07,  1.35011967e-07, -1.22729220e-07,
       -2.54721580e-07,  2.83610208e-07,  4.71718383e-08, -1.28109329e-08,
        0.00000000e+00,  1.87851871e-09, -3.39976722e-08, -7.59553454e-08,
       -7.17621812e-08, -6.19684894e-08, -1.21452883e-07,  1.13152486e-08,
       -1.34331388e-07, -8.47802085e-08, -2.63524444e-08,  2.87504100e-07,
       -5.31357386e-07, -2.88714806e-07,  3.79505699e-07, -3.32725894e-08,
        3.04961393e-07,  0.00000000e+00,  3.67973810e-08,  1.14575273e-07,
        7.87653808e-08,  9.34702706e-08,  5.23941609e-08,  4.14809114e-08,
        1.78444015e-07, -7.02656622e-08,  1.09178070e-07, -1.80340048e-07,
        6.23239573e-07, -7.33254168e-07, -2.22768800e-07,  3.35490358e-07,
       -3.53062597e-07,  4.31259480e-07,  0.00000000e+00, -2.37041057e-05,
       -5.06773345e-05, -2.44837779e-05, -1.25499573e-05, -2.80302355e-05,
       -4.46434228e-05,  8.07532664e-08, -1.74529849e-07, -2.25505289e-08,
       -3.59961926e-07,  8.68183750e-07, -9.24599165e-07,  3.11667421e-07,
       -2.37515863e-07, -5.13450839e-07,  1.67826043e-07,  0.00000000e+00,
        2.67741884e-05,  6.22501127e-05,  9.84994033e-08, -3.39743487e-06,
       -2.28926021e-05, -1.25457071e-05,  3.16177700e-07, -2.07117237e-07,
       -1.20671173e-07, -9.63750700e-09,  6.00749480e-07, -8.43263425e-07,
        1.42173939e-07, -6.48449830e-07, -2.27536721e-07,  1.08761408e-07,
        0.00000000e+00, -1.52256325e-02, -2.13313166e-02, -3.59224783e-04,
       -1.96106632e-02, -4.15383381e-05, -5.26137645e-05,  5.52547473e-07,
       -4.31716142e-07, -1.51269348e-07,  1.05492975e-06, -7.89368743e-07,
        9.13316456e-07, -6.54665653e-07, -5.76070743e-07,  3.83648168e-07,
       -1.84868321e-07,  0.00000000e+00,  9.67848104e-02,  1.06962576e-01,
        4.73726463e-02,  4.41562753e-02, -1.42118840e-04, -1.03584032e-04,
        5.58568461e-07, -8.29859624e-07, -3.46074653e-07,  1.26807311e-06,
       -1.40840720e-06,  1.04927081e-06, -1.07742861e-06, -3.14927274e-07,
        7.06900752e-07, -4.02131846e-07,  0.00000000e+00,  1.49602458e+00,
        6.80232382e-02,  8.41271160e-03, -1.13631113e-02, -1.65547331e-04,
       -5.81059850e-05,  8.14886525e-07, -6.60086544e-07,  5.22166545e-07,
        1.03212339e-07, -2.48912101e-07,  8.84761651e-07, -7.81682993e-07,
        7.76399005e-07,  5.59769372e-07, -2.10061979e-07,  0.00000000e+00,
        0.00000000e+00, -1.20716058e-07,  4.37305168e-07, -6.66106547e-07,
       -7.01667525e-07,  1.02905732e-06, -1.14113832e-06,  1.21967481e-06,
       -3.78469300e-07,  1.53266713e-06, -8.38688326e-07, -4.72190180e-04,
        4.06695573e-04, -1.62710622e-01, -2.62024075e-01, -1.56434689e+00,
        0.00000000e+00, -1.77828116e-07, -6.12075795e-07,  6.60652476e-08,
        1.22689412e-07, -8.38058926e-07, -5.25653446e-07,  2.32424468e-06,
       -9.22922405e-07,  3.42211832e-06, -4.38901439e-07, -2.91706136e-04,
        5.89588400e-04, -2.51452064e-01, -9.94162444e-02, -8.68536443e-02,
        0.00000000e+00,  3.63297843e-07,  2.55625892e-07, -6.64074429e-07,
        7.04581634e-07, -2.08221379e-06,  2.83924209e-07,  1.98181608e-06,
       -1.54100148e-06,  1.48445721e-06, -3.40748470e-07, -2.02553553e-04,
        2.31634628e-04, -1.39555531e-02, -3.44917262e-03,  2.29159686e-02,
        0.00000000e+00, -1.24910717e-07,  1.37362304e-07, -3.80268651e-07,
        6.20857830e-07, -3.55477933e-07, -3.39203697e-07,  1.54215643e-06,
       -1.00389216e-06,  8.25338361e-07,  1.24621686e-07, -5.85525735e-05,
        6.94094002e-05, -1.70526223e-02,  4.32676325e-03, -5.74940417e-03,
        0.00000000e+00, -1.05209205e-07,  2.61007961e-07, -4.12350362e-07,
        5.64796817e-07,  2.53071373e-07, -6.02453690e-07,  9.80411826e-07,
       -7.63132553e-07,  4.10243313e-07,  4.59795614e-08, -7.69853018e-05,
        1.24542400e-05, -1.17719978e-05, -3.75259382e-05, -1.63624749e-05,
        0.00000000e+00, -2.12344042e-08,  1.98467967e-07, -2.88178423e-07,
        3.07480372e-07,  9.70283625e-09, -2.58639813e-07,  4.94142298e-07,
       -4.28872608e-07,  1.71123329e-07,  1.28896963e-07, -4.27449348e-05,
        2.59940664e-05,  2.03518783e-05, -1.18678912e-05, -7.84998974e-06,
        0.00000000e+00, -1.68991981e-08,  2.53886472e-07, -3.79349549e-07,
       -1.11954795e-07, -2.86598450e-07, -4.67605177e-08,  1.26012584e-07,
       -1.35184886e-07,  8.06200589e-08,  1.70160956e-07, -6.94607896e-08,
        2.51085838e-08,  8.66012918e-08,  4.90842947e-08,  4.21804413e-08,
        0.00000000e+00, -1.16663623e-07,  2.09204857e-07,  2.98953959e-07,
       -3.60087081e-07,  1.34410312e-07, -2.41243236e-07,  8.90229452e-08,
       -1.20350172e-07, -1.53412980e-07,  5.52252523e-08, -1.06935504e-07,
       -7.54063545e-08, -3.59914288e-08, -7.00748905e-08, -4.86384696e-08,
        0.00000000e+00, -8.34461667e-08,  1.67917309e-07,  2.75373371e-07,
       -2.84365303e-07,  3.99658977e-07, -1.54202786e-07,  1.80134947e-07,
        1.13967351e-09,  2.45601195e-08,  1.13387053e-07,  1.45299835e-08,
        3.57792292e-08,  6.38979027e-08,  3.74265621e-08,  2.15248749e-08,
        0.00000000e+00, -7.27105696e-08,  1.52494637e-07,  8.48290759e-08,
       -2.71760008e-07,  2.80549868e-07, -1.59717422e-07,  4.05211207e-08,
       -1.00090094e-07, -4.09152160e-08,  1.57478817e-08, -7.80227060e-08,
       -4.16372131e-08, -1.67779960e-09, -2.48127011e-08, -9.55517217e-09,
        0.00000000e+00, -7.75823921e-08,  1.40919819e-07, -6.26891147e-08,
       -1.80720814e-07,  2.32760996e-07, -4.33397576e-08,  8.94879359e-08,
       -3.77806940e-08,  1.04235656e-08,  6.10529813e-08, -2.57678227e-08,
       -2.00861551e-09,  1.29091824e-08, -1.63430771e-08, -6.87071714e-09,
        0.00000000e+00, -8.04771309e-08,  1.35194101e-07, -1.02444536e-07,
       -1.09791084e-07,  1.15985782e-07, -4.39658913e-08,  7.68266487e-08,
       -6.69708318e-08,  8.39492006e-10,  7.03730920e-08, -2.93670680e-08,
        8.70661679e-09,  3.66120771e-08,  9.61651669e-09,  9.18093085e-09,
        0.00000000e+00, -7.92734020e-08,  1.21343834e-07, -2.94103308e-08,
       -5.53099481e-08,  5.76490201e-08, -4.89637128e-08,  4.62348656e-08,
       -5.49203236e-08, -3.02211500e-08,  2.01315759e-08, -3.44771113e-08,
       -1.65743356e-08, -2.64725519e-09, -1.84849441e-08, -9.90444813e-09,
        0.00000000e+00, -9.84142622e-08,  1.01044802e-07, -4.66913291e-08,
       -6.37643582e-08,  5.50595787e-08, -4.25108806e-09,  9.30374288e-08,
       -2.56207764e-08,  9.31810353e-10,  5.30545421e-08, -2.67614732e-09,
        1.01669078e-08,  1.98333716e-08,  5.65737953e-09,  5.25379993e-09,
        0.00000000e+00, -1.09334692e-07,  5.04074247e-08,  4.59217072e-08,
       -1.80973177e-08, -5.83709386e-08, -1.05493428e-08,  6.66985601e-08,
       -7.92108604e-08, -3.57904796e-08,  3.30399156e-08, -2.57192747e-08,
       -9.97163519e-09,  4.38559363e-09, -6.16981237e-09, -5.60251284e-10,
        0.00000000e+00, -7.19837738e-08,  1.28058600e-08,  8.66539638e-08,
        3.77817065e-08, -3.66799877e-08,  2.13818394e-08,  1.02306641e-07,
       -7.05287563e-08, -1.13118722e-08,  4.43265470e-08, -1.38453069e-08,
       -4.85604857e-09,  7.04040803e-09, -3.58400701e-09, -5.65018173e-09,
        0.00000000e+00,  0.00000000e+00,  0.00000000e+00,  0.00000000e+00,
        0.00000000e+00,  0.00000000e+00,  0.00000000e+00,  0.00000000e+00,
        0.00000000e+00,  0.00000000e+00,  0.00000000e+00,  0.00000000e+00,
        0.00000000e+00,  0.00000000e+00,  0.00000000e+00,  0.00000000e+00],      dtype=float64),
                   'Zeff_l': Array([], shape=(0,), dtype=float64),
                   'a_lmn': Array([], shape=(0,), dtype=float64),
                   'c_l': Array([0., 0., 0., 0., 0., 0., 0., 0., 0.], dtype=float64),
                   'i_l': Array([], shape=(0,), dtype=float64),
                   'ne_l': Array([], shape=(0,), dtype=float64),
                   'ni_l': Array([], shape=(0,), dtype=float64),
                   'p_l': Array([0., 0., 0., 0., 0., 0., 0., 0., 0.], dtype=float64)}],
               [ { 'G': Array([], shape=(0,), dtype=float64),
                   'I': Array([], shape=(0,), dtype=float64),
                   'L_lmn': Array([ 3.59314312e-08,  2.27594862e-07,  8.68844469e-07, ...,
        6.84576021e-08, -2.19684596e-08,  2.49260265e-07], dtype=float64),
                   'Phi_mn': Array([], shape=(0,), dtype=float64),
                   'Psi': Array([0.56954654], dtype=float64),
                   'R_lmn': Array([ 9.95801355e-08, -4.59066570e-07,  1.50177236e-06, ...,
       -1.52538624e-07, -1.98885828e-07,  0.00000000e+00], dtype=float64),
                   'Ra_n': Array([ 8.19448498e+00,  1.57198273e+00,  7.81304873e-02, -3.48955412e-03,
        9.48623803e-04,  4.19088626e-04,  2.86623465e-05, -1.07641251e-05,
       -5.36841006e-06, -1.71284594e-06, -1.10630670e-06, -6.66498677e-07,
       -4.03397396e-07, -2.85164354e-07, -1.70053989e-07, -5.91443869e-08,
       -7.03216059e-08], dtype=float64),
                   'Rb_lmn': Array([ 0.00000000e+00,  0.00000000e+00,  0.00000000e+00,  0.00000000e+00,
        0.00000000e+00,  0.00000000e+00,  0.00000000e+00,  0.00000000e+00,
        0.00000000e+00,  0.00000000e+00,  0.00000000e+00,  0.00000000e+00,
        0.00000000e+00,  0.00000000e+00,  0.00000000e+00,  0.00000000e+00,
        0.00000000e+00, -4.65972009e-08, -1.21599446e-08,  3.76140510e-08,
       -2.61350441e-08,  2.14343144e-08,  1.37958079e-08, -1.05962771e-08,
        2.22472343e-08,  5.66742679e-09,  1.72923790e-09,  1.01962842e-08,
        3.92604475e-09,  7.76821496e-09,  7.62174169e-09,  7.89316650e-09,
        0.00000000e+00, -5.54597892e-08,  1.68813322e-08,  4.08500864e-08,
       -3.53319667e-08,  1.87250077e-08,  1.58118584e-09, -2.18557627e-08,
        6.95112059e-09, -8.12012052e-09, -1.16955407e-08, -1.61413832e-09,
       -8.48792592e-09, -5.69404141e-09, -8.49673014e-09, -1.89499308e-08,
        0.00000000e+00, -7.48856290e-08,  2.44386274e-08,  4.36659206e-08,
       -4.92355189e-08,  1.62345927e-08, -4.93181236e-10, -1.87311334e-08,
        1.32417264e-08, -9.55653621e-10, -2.70760187e-09,  7.98225233e-09,
        1.54939561e-09,  5.54192555e-09,  6.75917077e-09,  7.96942917e-09,
        0.00000000e+00, -7.99815321e-08,  3.84382478e-08,  7.05396779e-08,
       -2.91435653e-08,  2.94693164e-08,  1.69720306e-08, -2.68794824e-09,
        1.99289286e-08,  5.64876094e-09, -2.45057080e-10,  9.23287795e-09,
       -1.38702668e-09,  2.43630959e-09,  5.01025280e-10, -1.41087441e-09,
        0.00000000e+00, -1.08964098e-07,  4.98858367e-08,  4.39464280e-08,
       -4.37878340e-08, -1.87074008e-08, -1.67008576e-08, -3.71720464e-08,
       -9.42456472e-09, -2.16990872e-08, -2.23032410e-08, -9.34920522e-09,
       -2.09048866e-08, -1.24716503e-08, -1.50856999e-08, -3.10954620e-08,
        0.00000000e+00, -1.16761893e-07,  1.21761915e-07,  4.66266481e-08,
        4.11154271e-08,  1.51481562e-09,  4.33142510e-08,  2.22575697e-08,
        3.46020658e-08,  2.27345259e-08,  2.13597254e-08,  2.60142937e-08,
        1.59306217e-08,  2.45504196e-08,  2.69825349e-08,  3.40906081e-08,
        0.00000000e+00, -1.82230846e-07,  1.65796260e-07, -4.71102074e-08,
        1.09545277e-07, -9.20508297e-08, -1.56063936e-08, -3.06955763e-08,
       -4.23221742e-08, -4.08344927e-08, -3.59644600e-08, -2.76953106e-08,
       -3.71911886e-08, -2.69984484e-08, -3.54588134e-08, -6.58299235e-08,
        0.00000000e+00, -2.63001323e-07,  2.20540687e-07, -1.19644137e-07,
        1.82786084e-07, -8.95776806e-08,  1.13239198e-08,  9.30616517e-08,
        3.12262867e-09,  4.62791057e-08,  4.47243573e-08,  5.63643572e-08,
        3.05139881e-08,  4.94223137e-08,  4.72940356e-08,  5.84818436e-08,
        0.00000000e+00,  6.86112013e-08,  2.13437221e-07, -2.03151425e-07,
        2.18746164e-07, -9.21037210e-08, -1.32362083e-08,  1.48447659e-07,
       -6.02366918e-08,  2.40683230e-08, -4.59772851e-08, -2.52644374e-09,
       -1.07233455e-07, -5.10124462e-08, -7.96060343e-08, -1.24261305e-07,
        0.00000000e+00,  1.03166193e-07,  3.33212590e-08, -2.03015849e-07,
        2.40344080e-07, -2.61953836e-07, -1.59933461e-07,  1.68181415e-07,
       -1.58432677e-07, -3.13781550e-08, -8.76784145e-08, -2.21879233e-08,
       -1.00887951e-07,  4.22131769e-08,  1.07894957e-09, -2.15659027e-08,
        0.00000000e+00,  7.80890612e-08, -1.39463082e-07, -2.11421149e-07,
        2.52730439e-07, -3.51368494e-07, -1.37417005e-07,  4.41827615e-07,
       -7.72048664e-08,  2.19449066e-07,  4.85872477e-08,  4.45153172e-05,
        2.15707560e-05,  3.47149481e-05,  2.67346016e-05,  2.33143720e-05,
        0.00000000e+00,  6.82627067e-08, -2.71626612e-07, -3.04508796e-07,
        2.23351388e-07, -5.29509810e-07, -6.93221348e-08,  4.89699675e-07,
       -5.09018008e-07,  3.49680434e-08, -3.53796488e-07, -3.33420314e-05,
       -5.00018095e-05, -3.45940034e-05, -3.81668245e-05, -6.82211304e-05,
        0.00000000e+00,  6.36196927e-08, -3.66170949e-07, -2.15289234e-07,
        2.06800615e-07, -5.48573265e-07,  6.68772213e-07,  1.07570499e-06,
       -5.32587337e-07,  8.13194635e-07,  3.93710105e-09,  8.95989761e-05,
        6.15449571e-05, -1.52838381e-02, -1.71725545e-02,  2.41511008e-02,
        0.00000000e+00,  1.23684628e-07, -4.54192076e-07, -2.85343110e-07,
        2.43945045e-07, -6.97798387e-07,  1.18754746e-06,  1.13389052e-06,
       -1.22139718e-06,  6.63378501e-07, -9.72337429e-07, -7.05444242e-05,
       -7.91025467e-05, -7.11227594e-03, -1.85585129e-03,  1.19819821e-01,
        0.00000000e+00,  1.82965309e-07,  5.14439499e-07, -3.67391221e-07,
        3.93723186e-07, -1.24359041e-06,  1.90808251e-06,  2.08879925e-06,
       -1.32811651e-06,  2.50953329e-06, -3.13916570e-07,  2.39227771e-04,
        3.03143100e-04, -3.79938274e-02, -3.43378518e-02, -5.62050060e-02,
        8.00000000e+00,  1.93752430e+00,  3.05557567e-01,  3.42402513e-03,
       -1.88515865e-04,  8.40491067e-04, -1.71483740e-06,  3.43659580e-07,
        1.74896532e-06, -1.41341867e-06,  7.47943809e-07, -6.57699538e-07,
       -5.82537182e-07,  1.46711952e-07, -1.08093912e-07,  2.64903274e-07,
        0.00000000e+00,  1.34454916e+00, -2.55083029e-02,  3.81862448e-01,
        1.58723029e-01, -4.48283169e-04,  2.90255753e-04, -2.25486463e-06,
       -7.67173351e-08,  1.52928446e-06, -1.65464425e-06,  7.96741230e-07,
       -6.95388155e-07, -9.45513097e-08,  1.68593894e-07, -1.42873498e-07,
        3.19481068e-07,  0.00000000e+00, -1.28541242e-03, -4.17200569e-02,
        8.19051014e-02, -4.59684657e-02,  4.08821899e-05,  3.15360354e-04,
       -3.11559356e-07,  6.21887425e-07,  1.12542577e-06, -1.43074341e-06,
        1.06094915e-06, -8.73021422e-07,  1.07872451e-07,  2.34360630e-07,
       -1.70675430e-07,  2.01629820e-07,  0.00000000e+00, -2.24675907e-02,
        6.64205013e-03,  1.33002093e-02, -3.50285288e-03, -1.05643477e-04,
       -3.15903339e-05, -4.73746165e-07, -1.86183504e-07,  7.98664259e-08,
       -8.62319552e-07,  9.63563066e-07, -9.64133014e-07,  1.02603518e-07,
        3.49920258e-07, -2.11376948e-07,  2.92354989e-07,  0.00000000e+00,
        1.71365067e-05,  2.00461866e-05,  2.86228232e-05,  4.25778363e-05,
        4.36578236e-05,  7.22984469e-05,  1.21846139e-07,  2.56635455e-07,
        1.79924010e-07,  3.16755317e-08,  4.48963226e-07, -4.82076770e-07,
        2.39946285e-07, -1.81205693e-07, -3.06685658e-07,  1.97208998e-07,
        0.00000000e+00, -6.03818237e-06, -4.89404271e-06, -1.06953842e-05,
       -2.05630112e-05, -3.60819483e-05, -2.96453882e-05, -1.68912673e-07,
       -1.04355517e-07, -1.55268003e-07, -1.23106776e-07, -1.40666945e-07,
       -3.24280639e-07,  2.61880378e-07, -2.13068799e-07,  8.51265524e-09,
        1.77817865e-07,  0.00000000e+00, -2.77086111e-08, -2.89146143e-08,
       -3.28233188e-08, -2.25972663e-08,  1.44904138e-09,  3.98791301e-08,
        4.58144958e-08,  1.34640720e-07, -7.99544313e-10,  1.06115738e-07,
       -1.07327760e-07, -1.12182939e-07,  2.39904148e-07, -1.44335960e-07,
        2.61490971e-07,  3.63984583e-07,  0.00000000e+00,  3.21230079e-08,
        3.51938026e-08,  4.30358219e-08,  5.29462030e-08,  7.11217909e-08,
        7.82341743e-08,  5.04280186e-08,  7.66436926e-08, -3.94541659e-08,
        4.77947037e-08, -1.86356328e-07,  2.94077825e-08,  1.62409066e-07,
       -1.28043281e-07,  1.21093024e-07,  1.80156054e-07,  0.00000000e+00,
       -2.15504588e-08, -2.30582075e-08, -2.63087400e-08, -3.32668258e-08,
       -3.81868905e-08, -5.00874393e-08, -5.55183991e-08, -4.29162699e-08,
       -7.17391078e-08,  4.55803691e-08, -1.54431795e-07,  1.21795506e-07,
        8.02534992e-08, -1.07484025e-07,  8.94538076e-08,  1.24348211e-07,
        0.00000000e+00,  1.62875524e-08,  1.72367953e-08,  2.06693810e-08,
        2.29716615e-08,  2.90807312e-08,  3.23301426e-08,  3.79871305e-08,
        4.61387501e-08,  2.87455205e-08,  9.91562684e-08, -7.34943981e-08,
        1.38041200e-07,  5.47251057e-08, -8.63585220e-08,  1.03380259e-07,
        1.14390471e-07,  0.00000000e+00, -6.33120238e-09, -7.11110857e-09,
       -8.43756147e-09, -1.25199468e-08, -1.57889424e-08, -1.86806423e-08,
       -2.28657192e-08, -2.25835408e-08, -3.48772583e-08,  1.74815785e-09,
       -9.41403228e-08,  5.53420423e-08,  1.82350331e-08, -8.83132350e-08,
        8.17413234e-08,  1.11571821e-07,  0.00000000e+00, -1.04073601e-10,
        1.54256861e-10,  1.94794180e-09,  3.32032213e-09,  6.09713264e-09,
        1.32044213e-08,  1.34517261e-08,  1.81967748e-08,  1.57318692e-08,
        3.91271330e-08, -1.89888388e-08,  7.30233806e-08,  5.08400511e-08,
       -6.54115696e-08,  8.49942751e-08,  1.23284734e-07,  0.00000000e+00,
        2.42359024e-09,  2.59470885e-09,  2.73290582e-09,  1.88319314e-09,
        6.72255102e-10,  3.53947513e-10, -5.56259786e-09, -6.03052413e-09,
       -8.32399542e-09, -4.22932343e-09, -2.67999658e-08,  9.42074085e-09,
        1.61886491e-08, -7.19138803e-08,  7.05922334e-08,  8.73044751e-08,
        0.00000000e+00, -3.53918241e-09, -4.05142383e-09, -4.12247887e-09,
       -5.51899659e-09, -5.00679099e-09, -4.76054435e-09, -6.43496103e-09,
       -2.22791953e-09,  3.47930594e-09,  4.12549737e-09, -2.94113682e-09,
        2.16482673e-08,  2.09313430e-08, -5.39103318e-08,  7.58888097e-08,
        1.00547221e-07,  0.00000000e+00,  3.32539430e-09,  2.79862013e-09,
        4.09900916e-09,  4.07503231e-09,  6.38411459e-09,  9.29203721e-09,
        3.80291451e-09,  9.34720087e-09,  6.83454606e-09,  5.74820485e-09,
       -3.36637413e-09,  1.06710983e-08,  8.75670600e-09, -3.83139522e-08,
        4.63473152e-08,  7.29166901e-08,  0.00000000e+00, -1.09406398e-09,
       -2.10468927e-09, -1.92976106e-09, -3.55730457e-09, -5.15870421e-09,
       -2.70346792e-09, -1.25518602e-08, -7.23541236e-09, -5.66183204e-09,
       -9.32624865e-09, -9.78772912e-09, -1.37261995e-09, -1.54445993e-09,
       -2.33741130e-08,  2.24469986e-08,  5.79279046e-08,  0.00000000e+00,
        0.00000000e+00,  0.00000000e+00,  0.00000000e+00,  0.00000000e+00,
        0.00000000e+00,  0.00000000e+00,  0.00000000e+00,  0.00000000e+00,
        0.00000000e+00,  0.00000000e+00,  0.00000000e+00,  0.00000000e+00,
        0.00000000e+00,  0.00000000e+00,  0.00000000e+00,  0.00000000e+00,
        0.00000000e+00], dtype=float64),
                   'Te_l': Array([], shape=(0,), dtype=float64),
                   'Ti_l': Array([], shape=(0,), dtype=float64),
                   'Z_lmn': Array([-2.20772633e-07,  9.23807947e-08, -3.60373360e-07, ...,
       -7.70529818e-08,  1.20199964e-07, -1.22017607e-07], dtype=float64),
                   'Za_n': Array([ 1.48138893e-07,  2.00249269e-07,  4.06525109e-07,  5.21536579e-07,
        7.02356157e-07,  7.23434874e-07,  9.61905455e-07,  1.09541126e-06,
        4.74228072e-07, -5.94372633e-06, -6.69756755e-05, -1.30572291e-05,
        2.08116723e-03,  8.56475416e-03,  1.01042125e-01,  1.44353644e+00],      dtype=float64),
                   'Zb_lmn': Array([ 0.00000000e+00,  0.00000000e+00,  0.00000000e+00,  0.00000000e+00,
        0.00000000e+00,  0.00000000e+00,  0.00000000e+00,  0.00000000e+00,
        0.00000000e+00,  0.00000000e+00,  0.00000000e+00,  0.00000000e+00,
        0.00000000e+00,  0.00000000e+00,  0.00000000e+00,  0.00000000e+00,
        0.00000000e+00, -5.00361829e-09, -1.11576938e-08, -5.46039953e-09,
        6.50511803e-09, -9.20150524e-10, -2.44532274e-08,  1.24219965e-08,
        3.20265905e-08,  1.28498787e-08, -2.28975406e-08, -2.65215915e-08,
        8.42901858e-08, -1.01832070e-07, -7.19415913e-08,  7.54791583e-08,
       -5.68996923e-08,  0.00000000e+00,  5.24867565e-09,  3.91348667e-09,
        1.37917999e-09,  1.25386676e-08, -6.71318160e-09, -3.33859274e-08,
        4.97507709e-09, -1.20524804e-08,  4.77299963e-10, -4.83822744e-08,
       -5.97542053e-08,  8.51582545e-08, -1.12434386e-07, -8.41952972e-08,
        8.84638157e-08, -6.80382906e-08,  0.00000000e+00, -1.47718862e-09,
       -2.21548310e-09,  2.77671907e-10,  1.71230780e-08,  1.18375429e-08,
        1.65524740e-09,  3.80062088e-08,  3.14030497e-09,  3.92969970e-08,
       -1.52312125e-08, -3.06438955e-08,  1.22435014e-07, -1.15099157e-07,
       -6.69101321e-08,  1.13819752e-07, -6.61100406e-08,  0.00000000e+00,
       -1.51360823e-09, -6.03119030e-09, -1.59483403e-08, -9.15463745e-09,
       -1.61116482e-08, -3.52145856e-08,  2.17205260e-09, -2.84554503e-08,
       -2.12477797e-09, -4.23357124e-08, -4.82801296e-08,  1.06224050e-07,
       -9.09452534e-08, -8.00205636e-08,  7.94708701e-08, -7.62676242e-08,
        0.00000000e+00,  1.58386106e-08,  2.94040153e-08,  1.76339742e-08,
        3.03244028e-08,  2.45054569e-08,  4.28986248e-10,  4.74023629e-08,
       -1.62070761e-08,  1.57929755e-08, -2.22926920e-08, -2.21993971e-08,
        6.08540349e-08, -6.17926119e-08, -1.11178388e-07,  8.03884661e-08,
       -7.20561328e-08,  0.00000000e+00, -1.90052334e-08, -3.02803929e-08,
       -2.80835531e-08, -7.54300331e-09, -4.28658735e-09, -1.75941243e-08,
        4.08017542e-08, -1.96769940e-08,  1.29615409e-08,  2.53451971e-08,
        5.88310358e-08,  4.82150260e-08, -3.79430960e-08, -5.94265983e-08,
        6.14624559e-08, -8.52161053e-08,  0.00000000e+00,  2.18846441e-08,
        3.74276755e-08,  8.57074835e-09, -7.83125251e-09, -2.95411452e-08,
       -4.99211888e-08,  1.89405196e-08, -7.98948900e-08, -3.94257717e-08,
       -1.32158182e-08, -1.46555510e-09, -3.50953279e-08, -2.14709910e-07,
        1.63027441e-07,  1.68660596e-08, -1.14539651e-07,  0.00000000e+00,
       -1.87278918e-08, -2.20116408e-08,  1.55080857e-08,  4.90841278e-08,
        5.75299991e-08,  1.74557922e-08,  8.79329286e-08,  8.59219615e-10,
        4.71485186e-08,  1.43701183e-07,  1.35127534e-07, -1.22507661e-07,
       -2.55866967e-07,  2.83859725e-07,  4.80720918e-08, -1.33076987e-08,
        0.00000000e+00,  1.88216784e-09, -3.40616968e-08, -7.60983752e-08,
       -7.18927353e-08, -6.20781381e-08, -1.21692488e-07,  1.13307970e-08,
       -1.34584851e-07, -8.49839681e-08, -2.64807051e-08,  2.88235517e-07,
       -5.32642132e-07, -2.89976831e-07,  3.80641296e-07, -3.25908050e-08,
        3.05820942e-07,  0.00000000e+00,  3.68658633e-08,  1.14785391e-07,
        7.89146317e-08,  9.36443175e-08,  5.24734100e-08,  4.16023690e-08,
        1.78750367e-07, -7.04432385e-08,  1.09478020e-07, -1.80751271e-07,
        6.24905112e-07, -7.35244561e-07, -2.23764478e-07,  3.36362904e-07,
       -3.54533726e-07,  4.33288529e-07,  0.00000000e+00, -2.37042232e-05,
       -5.06776106e-05, -2.44838915e-05, -1.25499841e-05, -2.80303856e-05,
       -4.46436101e-05,  8.08854157e-08, -1.74820984e-07, -2.27626155e-08,
       -3.60477234e-07,  8.70363663e-07, -9.26743730e-07,  3.11904881e-07,
       -2.38826568e-07, -5.14421355e-07,  1.68367099e-07,  0.00000000e+00,
        2.67743392e-05,  6.22504310e-05,  9.84693253e-08, -3.39745692e-06,
       -2.28927223e-05, -1.25457367e-05,  3.16680237e-07, -2.07336883e-07,
       -1.21292797e-07, -8.97227666e-09,  6.01763336e-07, -8.45109181e-07,
        1.41523455e-07, -6.52027013e-07, -2.26979559e-07,  1.08888241e-07,
        0.00000000e+00, -1.52256327e-02, -2.13313172e-02, -3.59224438e-04,
       -1.96106627e-02, -4.15386183e-05, -5.26139538e-05,  5.53389421e-07,
       -4.32195327e-07, -1.51954146e-07,  1.05790703e-06, -7.91259392e-07,
        9.14790627e-07, -6.57426810e-07, -5.79839888e-07,  3.85429900e-07,
       -1.85416408e-07,  0.00000000e+00,  9.67848106e-02,  1.06962575e-01,
        4.73726458e-02,  4.41562753e-02, -1.42119578e-04, -1.03584364e-04,
        5.59365637e-07, -8.31205213e-07, -3.46746124e-07,  1.27126739e-06,
       -1.41218392e-06,  1.05136689e-06, -1.08030434e-06, -3.19243077e-07,
        7.10019453e-07, -4.02668962e-07,  0.00000000e+00,  1.49602458e+00,
        6.80232380e-02,  8.41271332e-03, -1.13631090e-02, -1.65548311e-04,
       -5.81061307e-05,  8.16147200e-07, -6.61714469e-07,  5.23865917e-07,
        1.04452640e-07, -2.50874297e-07,  8.87609089e-07, -7.83957877e-07,
        7.76474297e-07,  5.61448729e-07, -2.10822780e-07,  0.00000000e+00,
        0.00000000e+00, -1.22089732e-07,  4.39568447e-07, -6.65960556e-07,
       -7.04374602e-07,  1.03251497e-06, -1.14355328e-06,  1.22097529e-06,
       -3.78576795e-07,  1.53589128e-06, -8.40149275e-07, -4.72192623e-04,
        4.06697863e-04, -1.62710623e-01, -2.62024076e-01, -1.56434689e+00,
        0.00000000e+00, -1.78490980e-07, -6.12514352e-07,  6.76331660e-08,
        1.19431974e-07, -8.36999013e-07, -5.25810875e-07,  2.32743193e-06,
       -9.22727550e-07,  3.42857647e-06, -4.39672909e-07, -2.91707979e-04,
        5.89591382e-04, -2.51452065e-01, -9.94162447e-02, -8.68536443e-02,
        0.00000000e+00,  3.62728221e-07,  2.56982610e-07, -6.63263191e-07,
        7.02121416e-07, -2.08235884e-06,  2.84330070e-07,  1.98503425e-06,
       -1.54318014e-06,  1.48686635e-06, -3.41306013e-07, -2.02554709e-04,
        2.31635806e-04, -1.39555529e-02, -3.44917306e-03,  2.29159684e-02,
        0.00000000e+00, -1.25490410e-07,  1.37942525e-07, -3.80684079e-07,
        6.19290188e-07, -3.54877780e-07, -3.40208256e-07,  1.54520501e-06,
       -1.00550258e-06,  8.26564755e-07,  1.24911592e-07, -5.85529356e-05,
        6.94096806e-05, -1.70526223e-02,  4.32676345e-03, -5.74940401e-03,
        0.00000000e+00, -1.06053716e-07,  2.62224369e-07, -4.13359110e-07,
        5.63788245e-07,  2.54037484e-07, -6.03093957e-07,  9.81942508e-07,
       -7.64467928e-07,  4.10904991e-07,  4.60857967e-08, -7.69856871e-05,
        1.24542908e-05, -1.17720362e-05, -3.75261543e-05, -1.63625643e-05,
        0.00000000e+00, -2.18271487e-08,  1.98980020e-07, -2.89007174e-07,
        3.06556422e-07,  1.00539525e-08, -2.58143305e-07,  4.94444774e-07,
       -4.29533580e-07,  1.71396752e-07,  1.29138178e-07, -4.27451824e-05,
        2.59941450e-05,  2.03519959e-05, -1.18679549e-05, -7.85002563e-06,
        0.00000000e+00, -1.73692731e-08,  2.54586617e-07, -3.79744658e-07,
       -1.13727853e-07, -2.86363425e-07, -4.64681455e-08,  1.25839149e-07,
       -1.35301177e-07,  8.07521479e-08,  1.70482564e-07, -6.96176849e-08,
        2.51582149e-08,  8.67693425e-08,  4.91728990e-08,  4.22583761e-08,
        0.00000000e+00, -1.17045312e-07,  2.09884401e-07,  3.00651024e-07,
       -3.61828839e-07,  1.35295785e-07, -2.42015961e-07,  8.90226680e-08,
       -1.20509890e-07, -1.53754558e-07,  5.53507647e-08, -1.07142359e-07,
       -7.55611203e-08, -3.60468039e-08, -7.02067701e-08, -4.87305737e-08,
        0.00000000e+00, -8.38306056e-08,  1.68577561e-07,  2.76745836e-07,
       -2.85609225e-07,  4.00877322e-07, -1.54636708e-07,  1.80435952e-07,
        1.23375515e-09,  2.45541779e-08,  1.13677328e-07,  1.45829515e-08,
        3.58530172e-08,  6.40542361e-08,  3.75205603e-08,  2.15764219e-08,
        0.00000000e+00, -7.30364816e-08,  1.53175466e-07,  8.58410799e-08,
       -2.72961295e-07,  2.81369367e-07, -1.60104292e-07,  4.05560599e-08,
       -1.00329799e-07, -4.10582195e-08,  1.58125625e-08, -7.82114998e-08,
       -4.17496939e-08, -1.68221333e-09, -2.48708354e-08, -9.57930240e-09,
        0.00000000e+00, -7.79455467e-08,  1.41590993e-07, -6.27062599e-08,
       -1.81582290e-07,  2.33388060e-07, -4.33760136e-08,  8.97552090e-08,
       -3.79322948e-08,  1.04285384e-08,  6.12804158e-08, -2.58590045e-08,
       -2.02885119e-09,  1.29566275e-08, -1.63921962e-08, -6.89292061e-09,
        0.00000000e+00, -8.08139750e-08,  1.35794845e-07, -1.02941927e-07,
       -1.10090403e-07,  1.16169760e-07, -4.39878067e-08,  7.70551875e-08,
       -6.71945917e-08,  8.26709687e-10,  7.06202424e-08, -2.94655268e-08,
        8.71663249e-09,  3.67304324e-08,  9.64411586e-09,  9.20450953e-09,
        0.00000000e+00, -7.95689777e-08,  1.21745612e-07, -2.96528445e-08,
       -5.52312523e-08,  5.77364529e-08, -4.91214823e-08,  4.64490660e-08,
       -5.51778907e-08, -3.03553647e-08,  2.02486756e-08, -3.46424301e-08,
       -1.66592559e-08, -2.65195407e-09, -1.85671280e-08, -9.95143262e-09,
        0.00000000e+00, -9.87805754e-08,  1.01238749e-07, -4.71317981e-08,
       -6.38175297e-08,  5.52118283e-08, -4.28277105e-09,  9.34672911e-08,
       -2.57339340e-08,  9.21625121e-10,  5.33102244e-08, -2.69427972e-09,
        1.02044555e-08,  1.99283877e-08,  5.68249523e-09,  5.27482579e-09,
        0.00000000e+00, -1.09672283e-07,  5.06355077e-08,  4.58659122e-08,
       -1.81384014e-08, -5.86147539e-08, -1.06054268e-08,  6.70374240e-08,
       -7.95468873e-08, -3.60071451e-08,  3.32084267e-08, -2.58395747e-08,
       -1.00259545e-08,  4.41836095e-09, -6.20058483e-09, -5.66379753e-10,
        0.00000000e+00, -7.21868875e-08,  1.30041120e-08,  8.67499461e-08,
        3.79107725e-08, -3.67199564e-08,  2.14450949e-08,  1.02778829e-07,
       -7.08300948e-08, -1.14134316e-08,  4.45288879e-08, -1.39052723e-08,
       -4.88291923e-09,  7.08237321e-09, -3.60735478e-09, -5.68066998e-09,
        0.00000000e+00,  0.00000000e+00,  0.00000000e+00,  0.00000000e+00,
        0.00000000e+00,  0.00000000e+00,  0.00000000e+00,  0.00000000e+00,
        0.00000000e+00,  0.00000000e+00,  0.00000000e+00,  0.00000000e+00,
        0.00000000e+00,  0.00000000e+00,  0.00000000e+00,  0.00000000e+00],      dtype=float64),
                   'Zeff_l': Array([], shape=(0,), dtype=float64),
                   'a_lmn': Array([], shape=(0,), dtype=float64),
                   'c_l': Array([0., 0., 0., 0., 0., 0., 0., 0., 0.], dtype=float64),
                   'i_l': Array([], shape=(0,), dtype=float64),
                   'ne_l': Array([], shape=(0,), dtype=float64),
                   'ni_l': Array([], shape=(0,), dtype=float64),
                   'p_l': Array([0., 0., 0., 0., 0., 0., 0., 0., 0.], dtype=float64)}]],
  'message': 'Optimization terminated successfully.\n'
             '`xtol` condition satisfied. (xtol=1.00e-06)',
  'nfev': 9,
  'nit': 2,
  'njev': 2,
  'optimality': Array(4.83423025, dtype=float64),
  'penalty_param': Array([10.], dtype=float64),
  's': Array([], shape=(0,), dtype=float64),
  'success': True,
  'v': Array([1., 1., 1., 1., 1., 1., 1., 1., 1., 1., 1., 1., 1., 1., 1., 1., 1.,
       1., 1., 1., 1., 1., 1., 1., 1., 1., 1., 1., 1., 1., 1., 1., 1., 1.,
       1., 1., 1., 1., 1., 1., 1., 1., 1., 1., 1., 1., 1., 1., 1., 1., 1.,
       1., 1., 1., 1., 1., 1., 1., 1., 1., 1., 1., 1., 1., 1., 1., 1., 1.,
       1., 1., 1., 1., 1., 1., 1., 1., 1., 1., 1., 1., 1., 1., 1., 1., 1.,
       1., 1., 1., 1., 1., 1., 1., 1., 1., 1., 1., 1., 1., 1., 1., 1., 1.,
       1., 1., 1., 1., 1., 1., 1., 1., 1., 1., 1., 1., 1., 1., 1., 1., 1.,
       1., 1., 1., 1., 1., 1., 1., 1., 1., 1., 1., 1., 1., 1., 1., 1., 1.,
       1., 1., 1., 1., 1., 1., 1., 1., 1., 1., 1., 1., 1., 1., 1., 1., 1.,
       1., 1., 1., 1., 1., 1., 1., 1., 1., 1., 1., 1., 1., 1., 1., 1., 1.,
       1., 1., 1., 1., 1., 1., 1., 1., 1., 1., 1., 1., 1., 1., 1., 1., 1.,
       1., 1., 1., 1., 1., 1., 1., 1., 1., 1., 1., 1., 1., 1., 1., 1., 1.,
       1., 1., 1., 1., 1., 1., 1., 1., 1., 1., 1., 1., 1., 1., 1., 1., 1.,
       1., 1., 1., 1., 1., 1., 1., 1., 1., 1., 1., 1., 1., 1., 1., 1., 1.,
       1., 1., 1., 1., 1., 1., 1., 1., 1., 1., 1., 1., 1., 1., 1., 1., 1.,
       1., 1., 1., 1., 1., 1., 1., 1., 1., 1., 1., 1., 1., 1., 1., 1., 1.,
       1., 1., 1., 1., 1., 1., 1., 1., 1., 1., 1., 1., 1., 1., 1., 1., 1.,
       1., 1., 1., 1., 1., 1., 1., 1., 1., 1., 1., 1., 1., 1., 1., 1., 1.,
       1., 1., 1., 1., 1., 1., 1., 1., 1., 1., 1., 1., 1., 1., 1., 1., 1.,
       1., 1., 1., 1., 1., 1., 1., 1., 1., 1., 1., 1., 1., 1., 1., 1., 1.,
       1., 1., 1., 1., 1., 1., 1., 1., 1., 1., 1., 1., 1., 1., 1., 1., 1.,
       1., 1., 1., 1., 1., 1., 1., 1., 1., 1., 1., 1., 1., 1., 1., 1., 1.,
       1., 1., 1., 1., 1., 1., 1., 1., 1., 1., 1., 1., 1., 1., 1., 1., 1.,
       1., 1., 1., 1., 1., 1., 1., 1., 1., 1., 1., 1., 1., 1., 1., 1., 1.,
       1., 1., 1., 1., 1., 1., 1., 1., 1., 1., 1., 1., 1., 1., 1., 1., 1.,
       1., 1., 1., 1., 1., 1., 1., 1., 1., 1., 1., 1., 1., 1., 1., 1., 1.,
       1., 1., 1., 1., 1., 1., 1., 1., 1., 1., 1., 1., 1., 1., 1., 1., 1.,
       1., 1., 1., 1., 1., 1., 1., 1., 1., 1., 1., 1., 1., 1., 1., 1., 1.,
       1., 1., 1., 1., 1., 1., 1., 1., 1., 1., 1., 1., 1., 1., 1., 1., 1.,
       1., 1., 1., 1., 1., 1., 1., 1., 1., 1., 1., 1., 1., 1., 1., 1., 1.,
       1., 1., 1., 1., 1., 1., 1., 1., 1., 1., 1., 1., 1., 1., 1., 1., 1.,
       1., 1., 1., 1., 1., 1., 1., 1., 1., 1., 1., 1., 1., 1., 1., 1., 1.,
       1., 1., 1., 1., 1., 1., 1., 1., 1., 1., 1., 1., 1., 1., 1., 1., 1.,
       1., 1., 1., 1., 1., 1., 1., 1., 1., 1., 1., 1., 1., 1., 1., 1., 1.,
       1., 1., 1., 1., 1., 1., 1., 1., 1., 1., 1., 1., 1., 1., 1., 1., 1.,
       1., 1., 1., 1., 1., 1., 1., 1., 1., 1., 1., 1., 1., 1., 1., 1., 1.,
       1., 1., 1., 1., 1., 1., 1., 1., 1., 1., 1., 1., 1., 1., 1., 1., 1.,
       1., 1., 1., 1., 1., 1., 1., 1., 1., 1., 1., 1., 1., 1., 1., 1., 1.,
       1., 1., 1., 1., 1., 1., 1., 1., 1., 1., 1., 1., 1., 1., 1., 1., 1.,
       1., 1., 1., 1., 1., 1., 1., 1., 1., 1., 1., 1., 1., 1., 1., 1., 1.,
       1., 1., 1., 1., 1., 1., 1., 1., 1., 1., 1., 1., 1., 1., 1., 1., 1.,
       1., 1., 1., 1., 1., 1., 1., 1., 1., 1., 1., 1., 1., 1., 1., 1., 1.,
       1., 1., 1., 1., 1., 1., 1., 1., 1., 1., 1., 1., 1., 1., 1., 1., 1.,
       1., 1., 1., 1., 1., 1., 1., 1., 1., 1., 1., 1., 1., 1., 1., 1., 1.,
       1., 1., 1., 1., 1., 1., 1., 1., 1., 1., 1., 1., 1., 1., 1., 1., 1.,
       1., 1., 1., 1., 1., 1., 1., 1., 1., 1., 1., 1., 1., 1., 1., 1., 1.,
       1., 1., 1., 1., 1., 1., 1., 1., 1., 1., 1., 1., 1., 1., 1., 1., 1.,
       1., 1., 1., 1., 1., 1., 1., 1., 1., 1., 1., 1., 1., 1., 1., 1., 1.,
       1., 1., 1., 1., 1., 1., 1., 1., 1., 1., 1., 1., 1., 1., 1., 1., 1.,
       1., 1., 1., 1., 1., 1., 1., 1., 1., 1., 1., 1., 1., 1., 1., 1., 1.,
       1., 1., 1., 1., 1., 1., 1., 1., 1., 1., 1., 1., 1., 1., 1., 1., 1.,
       1., 1., 1., 1., 1., 1., 1., 1., 1., 1., 1., 1., 1., 1., 1., 1., 1.,
       1., 1., 1., 1., 1., 1., 1., 1., 1., 1., 1., 1., 1., 1., 1., 1., 1.,
       1., 1., 1., 1., 1., 1., 1., 1., 1., 1., 1., 1., 1., 1., 1., 1., 1.,
       1., 1., 1., 1., 1., 1., 1., 1., 1., 1., 1., 1., 1., 1., 1., 1., 1.,
       1., 1., 1., 1., 1., 1., 1., 1., 1., 1., 1., 1., 1., 1., 1., 1., 1.,
       1., 1., 1., 1., 1., 1., 1., 1., 1.], dtype=float64),
  'x': Array([ 5.69546537e-01, -4.65972009e-08, -1.21599446e-08,  3.76140510e-08,
       -2.61350441e-08,  2.14343144e-08,  1.37958079e-08, -1.05962771e-08,
        2.22472343e-08,  5.66742679e-09,  1.72923790e-09,  1.01962842e-08,
        3.92604475e-09,  7.76821496e-09,  7.62174169e-09,  7.89316650e-09,
       -5.54597892e-08,  1.68813322e-08,  4.08500864e-08, -3.53319667e-08,
        1.87250077e-08,  1.58118584e-09, -2.18557627e-08,  6.95112059e-09,
       -8.12012052e-09, -1.16955407e-08, -1.61413832e-09, -8.48792592e-09,
       -5.69404141e-09, -8.49673014e-09, -1.89499308e-08, -7.48856290e-08,
        2.44386274e-08,  4.36659206e-08, -4.92355189e-08,  1.62345927e-08,
       -4.93181236e-10, -1.87311334e-08,  1.32417264e-08, -9.55653621e-10,
       -2.70760187e-09,  7.98225233e-09,  1.54939561e-09,  5.54192555e-09,
        6.75917077e-09,  7.96942917e-09, -7.99815321e-08,  3.84382478e-08,
        7.05396779e-08, -2.91435653e-08,  2.94693164e-08,  1.69720306e-08,
       -2.68794824e-09,  1.99289286e-08,  5.64876094e-09, -2.45057080e-10,
        9.23287795e-09, -1.38702668e-09,  2.43630959e-09,  5.01025280e-10,
       -1.41087441e-09, -1.08964098e-07,  4.98858367e-08,  4.39464280e-08,
       -4.37878340e-08, -1.87074008e-08, -1.67008576e-08, -3.71720464e-08,
       -9.42456472e-09, -2.16990872e-08, -2.23032410e-08, -9.34920522e-09,
       -2.09048866e-08, -1.24716503e-08, -1.50856999e-08, -3.10954620e-08,
       -1.16761893e-07,  1.21761915e-07,  4.66266481e-08,  4.11154271e-08,
        1.51481562e-09,  4.33142510e-08,  2.22575697e-08,  3.46020658e-08,
        2.27345259e-08,  2.13597254e-08,  2.60142937e-08,  1.59306217e-08,
        2.45504196e-08,  2.69825349e-08,  3.40906081e-08, -1.82230846e-07,
        1.65796260e-07, -4.71102074e-08,  1.09545277e-07, -9.20508297e-08,
       -1.56063936e-08, -3.06955763e-08, -4.23221742e-08, -4.08344927e-08,
       -3.59644600e-08, -2.76953106e-08, -3.71911886e-08, -2.69984484e-08,
       -3.54588134e-08, -6.58299235e-08, -2.63001323e-07,  2.20540687e-07,
       -1.19644137e-07,  1.82786084e-07, -8.95776806e-08,  1.13239198e-08,
        9.30616517e-08,  3.12262867e-09,  4.62791057e-08,  4.47243573e-08,
        5.63643572e-08,  3.05139881e-08,  4.94223137e-08,  4.72940356e-08,
        5.84818436e-08,  6.86112013e-08,  2.13437221e-07, -2.03151425e-07,
        2.18746164e-07, -9.21037210e-08, -1.32362083e-08,  1.48447659e-07,
       -6.02366918e-08,  2.40683230e-08, -4.59772851e-08, -2.52644374e-09,
       -1.07233455e-07, -5.10124462e-08, -7.96060343e-08, -1.24261305e-07,
        1.03166193e-07,  3.33212590e-08, -2.03015849e-07,  2.40344080e-07,
       -2.61953836e-07, -1.59933461e-07,  1.68181415e-07, -1.58432677e-07,
       -3.13781550e-08, -8.76784145e-08, -2.21879233e-08, -1.00887951e-07,
        4.22131769e-08,  1.07894957e-09, -2.15659027e-08,  7.80890612e-08,
       -1.39463082e-07, -2.11421149e-07,  2.52730439e-07, -3.51368494e-07,
       -1.37417005e-07,  4.41827615e-07, -7.72048664e-08,  2.19449066e-07,
        4.85872477e-08,  4.45153172e-05,  2.15707560e-05,  3.47149481e-05,
        2.67346016e-05,  2.33143720e-05,  6.82627067e-08, -2.71626612e-07,
       -3.04508796e-07,  2.23351388e-07, -5.29509810e-07, -6.93221348e-08,
        4.89699675e-07, -5.09018008e-07,  3.49680434e-08, -3.53796488e-07,
       -3.33420314e-05, -5.00018095e-05, -3.45940034e-05, -3.81668245e-05,
       -6.82211304e-05,  6.36196927e-08, -3.66170949e-07, -2.15289234e-07,
        2.06800615e-07, -5.48573265e-07,  6.68772213e-07,  1.07570499e-06,
       -5.32587337e-07,  8.13194635e-07,  3.93710105e-09,  8.95989761e-05,
        6.15449571e-05, -1.52838381e-02, -1.71725545e-02,  2.41511008e-02,
        1.23684628e-07, -4.54192076e-07, -2.85343110e-07,  2.43945045e-07,
       -6.97798387e-07,  1.18754746e-06,  1.13389052e-06, -1.22139718e-06,
        6.63378501e-07, -9.72337429e-07, -7.05444242e-05, -7.91025467e-05,
       -7.11227594e-03, -1.85585129e-03,  1.19819821e-01,  1.82965309e-07,
        5.14439499e-07, -3.67391221e-07,  3.93723186e-07, -1.24359041e-06,
        1.90808251e-06,  2.08879925e-06, -1.32811651e-06,  2.50953329e-06,
       -3.13916570e-07,  2.39227771e-04,  3.03143100e-04, -3.79938274e-02,
       -3.43378518e-02, -5.62050060e-02,  1.93752430e+00,  3.05557567e-01,
        3.42402513e-03, -1.88515865e-04,  8.40491067e-04, -1.71483740e-06,
        3.43659580e-07,  1.74896532e-06, -1.41341867e-06,  7.47943809e-07,
       -6.57699538e-07, -5.82537182e-07,  1.46711952e-07, -1.08093912e-07,
        2.64903274e-07,  1.34454916e+00, -2.55083029e-02,  3.81862448e-01,
        1.58723029e-01, -4.48283169e-04,  2.90255753e-04, -2.25486463e-06,
       -7.67173351e-08,  1.52928446e-06, -1.65464425e-06,  7.96741230e-07,
       -6.95388155e-07, -9.45513097e-08,  1.68593894e-07, -1.42873498e-07,
        3.19481068e-07, -1.28541242e-03, -4.17200569e-02,  8.19051014e-02,
       -4.59684657e-02,  4.08821899e-05,  3.15360354e-04, -3.11559356e-07,
        6.21887425e-07,  1.12542577e-06, -1.43074341e-06,  1.06094915e-06,
       -8.73021422e-07,  1.07872451e-07,  2.34360630e-07, -1.70675430e-07,
        2.01629820e-07, -2.24675907e-02,  6.64205013e-03,  1.33002093e-02,
       -3.50285288e-03, -1.05643477e-04, -3.15903339e-05, -4.73746165e-07,
       -1.86183504e-07,  7.98664259e-08, -8.62319552e-07,  9.63563066e-07,
       -9.64133014e-07,  1.02603518e-07,  3.49920258e-07, -2.11376948e-07,
        2.92354989e-07,  1.71365067e-05,  2.00461866e-05,  2.86228232e-05,
        4.25778363e-05,  4.36578236e-05,  7.22984469e-05,  1.21846139e-07,
        2.56635455e-07,  1.79924010e-07,  3.16755317e-08,  4.48963226e-07,
       -4.82076770e-07,  2.39946285e-07, -1.81205693e-07, -3.06685658e-07,
        1.97208998e-07, -6.03818237e-06, -4.89404271e-06, -1.06953842e-05,
       -2.05630112e-05, -3.60819483e-05, -2.96453882e-05, -1.68912673e-07,
       -1.04355517e-07, -1.55268003e-07, -1.23106776e-07, -1.40666945e-07,
       -3.24280639e-07,  2.61880378e-07, -2.13068799e-07,  8.51265524e-09,
        1.77817865e-07, -2.77086111e-08, -2.89146143e-08, -3.28233188e-08,
       -2.25972663e-08,  1.44904138e-09,  3.98791301e-08,  4.58144958e-08,
        1.34640720e-07, -7.99544313e-10,  1.06115738e-07, -1.07327760e-07,
       -1.12182939e-07,  2.39904148e-07, -1.44335960e-07,  2.61490971e-07,
        3.63984583e-07,  3.21230079e-08,  3.51938026e-08,  4.30358219e-08,
        5.29462030e-08,  7.11217909e-08,  7.82341743e-08,  5.04280186e-08,
        7.66436926e-08, -3.94541659e-08,  4.77947037e-08, -1.86356328e-07,
        2.94077825e-08,  1.62409066e-07, -1.28043281e-07,  1.21093024e-07,
        1.80156054e-07, -2.15504588e-08, -2.30582075e-08, -2.63087400e-08,
       -3.32668258e-08, -3.81868905e-08, -5.00874393e-08, -5.55183991e-08,
       -4.29162699e-08, -7.17391078e-08,  4.55803691e-08, -1.54431795e-07,
        1.21795506e-07,  8.02534992e-08, -1.07484025e-07,  8.94538076e-08,
        1.24348211e-07,  1.62875524e-08,  1.72367953e-08,  2.06693810e-08,
        2.29716615e-08,  2.90807312e-08,  3.23301426e-08,  3.79871305e-08,
        4.61387501e-08,  2.87455205e-08,  9.91562684e-08, -7.34943981e-08,
        1.38041200e-07,  5.47251057e-08, -8.63585220e-08,  1.03380259e-07,
        1.14390471e-07, -6.33120238e-09, -7.11110857e-09, -8.43756147e-09,
       -1.25199468e-08, -1.57889424e-08, -1.86806423e-08, -2.28657192e-08,
       -2.25835408e-08, -3.48772583e-08,  1.74815785e-09, -9.41403228e-08,
        5.53420423e-08,  1.82350331e-08, -8.83132350e-08,  8.17413234e-08,
        1.11571821e-07, -1.04073601e-10,  1.54256861e-10,  1.94794180e-09,
        3.32032213e-09,  6.09713264e-09,  1.32044213e-08,  1.34517261e-08,
        1.81967748e-08,  1.57318692e-08,  3.91271330e-08, -1.89888388e-08,
        7.30233806e-08,  5.08400511e-08, -6.54115696e-08,  8.49942751e-08,
        1.23284734e-07,  2.42359024e-09,  2.59470885e-09,  2.73290582e-09,
        1.88319314e-09,  6.72255102e-10,  3.53947513e-10, -5.56259786e-09,
       -6.03052413e-09, -8.32399542e-09, -4.22932343e-09, -2.67999658e-08,
        9.42074085e-09,  1.61886491e-08, -7.19138803e-08,  7.05922334e-08,
        8.73044751e-08, -3.53918241e-09, -4.05142383e-09, -4.12247887e-09,
       -5.51899659e-09, -5.00679099e-09, -4.76054435e-09, -6.43496103e-09,
       -2.22791953e-09,  3.47930594e-09,  4.12549737e-09, -2.94113682e-09,
        2.16482673e-08,  2.09313430e-08, -5.39103318e-08,  7.58888097e-08,
        1.00547221e-07,  3.32539430e-09,  2.79862013e-09,  4.09900916e-09,
        4.07503231e-09,  6.38411459e-09,  9.29203721e-09,  3.80291451e-09,
        9.34720087e-09,  6.83454606e-09,  5.74820485e-09, -3.36637413e-09,
        1.06710983e-08,  8.75670600e-09, -3.83139522e-08,  4.63473152e-08,
        7.29166901e-08, -1.09406398e-09, -2.10468927e-09, -1.92976106e-09,
       -3.55730457e-09, -5.15870421e-09, -2.70346792e-09, -1.25518602e-08,
       -7.23541236e-09, -5.66183204e-09, -9.32624865e-09, -9.78772912e-09,
       -1.37261995e-09, -1.54445993e-09, -2.33741130e-08,  2.24469986e-08,
        5.79279046e-08, -5.00361829e-09, -1.11576938e-08, -5.46039953e-09,
        6.50511803e-09, -9.20150524e-10, -2.44532274e-08,  1.24219965e-08,
        3.20265905e-08,  1.28498787e-08, -2.28975406e-08, -2.65215915e-08,
        8.42901858e-08, -1.01832070e-07, -7.19415913e-08,  7.54791583e-08,
       -5.68996923e-08,  5.24867565e-09,  3.91348667e-09,  1.37917999e-09,
        1.25386676e-08, -6.71318160e-09, -3.33859274e-08,  4.97507709e-09,
       -1.20524804e-08,  4.77299963e-10, -4.83822744e-08, -5.97542053e-08,
        8.51582545e-08, -1.12434386e-07, -8.41952972e-08,  8.84638157e-08,
       -6.80382906e-08, -1.47718862e-09, -2.21548310e-09,  2.77671907e-10,
        1.71230780e-08,  1.18375429e-08,  1.65524740e-09,  3.80062088e-08,
        3.14030497e-09,  3.92969970e-08, -1.52312125e-08, -3.06438955e-08,
        1.22435014e-07, -1.15099157e-07, -6.69101321e-08,  1.13819752e-07,
       -6.61100406e-08, -1.51360823e-09, -6.03119030e-09, -1.59483403e-08,
       -9.15463745e-09, -1.61116482e-08, -3.52145856e-08,  2.17205260e-09,
       -2.84554503e-08, -2.12477797e-09, -4.23357124e-08, -4.82801296e-08,
        1.06224050e-07, -9.09452534e-08, -8.00205636e-08,  7.94708701e-08,
       -7.62676242e-08,  1.58386106e-08,  2.94040153e-08,  1.76339742e-08,
        3.03244028e-08,  2.45054569e-08,  4.28986248e-10,  4.74023629e-08,
       -1.62070761e-08,  1.57929755e-08, -2.22926920e-08, -2.21993971e-08,
        6.08540349e-08, -6.17926119e-08, -1.11178388e-07,  8.03884661e-08,
       -7.20561328e-08, -1.90052334e-08, -3.02803929e-08, -2.80835531e-08,
       -7.54300331e-09, -4.28658735e-09, -1.75941243e-08,  4.08017542e-08,
       -1.96769940e-08,  1.29615409e-08,  2.53451971e-08,  5.88310358e-08,
        4.82150260e-08, -3.79430960e-08, -5.94265983e-08,  6.14624559e-08,
       -8.52161053e-08,  2.18846441e-08,  3.74276755e-08,  8.57074835e-09,
       -7.83125251e-09, -2.95411452e-08, -4.99211888e-08,  1.89405196e-08,
       -7.98948900e-08, -3.94257717e-08, -1.32158182e-08, -1.46555510e-09,
       -3.50953279e-08, -2.14709910e-07,  1.63027441e-07,  1.68660596e-08,
       -1.14539651e-07, -1.87278918e-08, -2.20116408e-08,  1.55080857e-08,
        4.90841278e-08,  5.75299991e-08,  1.74557922e-08,  8.79329286e-08,
        8.59219615e-10,  4.71485186e-08,  1.43701183e-07,  1.35127534e-07,
       -1.22507661e-07, -2.55866967e-07,  2.83859725e-07,  4.80720918e-08,
       -1.33076987e-08,  1.88216784e-09, -3.40616968e-08, -7.60983752e-08,
       -7.18927353e-08, -6.20781381e-08, -1.21692488e-07,  1.13307970e-08,
       -1.34584851e-07, -8.49839681e-08, -2.64807051e-08,  2.88235517e-07,
       -5.32642132e-07, -2.89976831e-07,  3.80641296e-07, -3.25908050e-08,
        3.05820942e-07,  3.68658633e-08,  1.14785391e-07,  7.89146317e-08,
        9.36443175e-08,  5.24734100e-08,  4.16023690e-08,  1.78750367e-07,
       -7.04432385e-08,  1.09478020e-07, -1.80751271e-07,  6.24905112e-07,
       -7.35244561e-07, -2.23764478e-07,  3.36362904e-07, -3.54533726e-07,
        4.33288529e-07, -2.37042232e-05, -5.06776106e-05, -2.44838915e-05,
       -1.25499841e-05, -2.80303856e-05, -4.46436101e-05,  8.08854157e-08,
       -1.74820984e-07, -2.27626155e-08, -3.60477234e-07,  8.70363663e-07,
       -9.26743730e-07,  3.11904881e-07, -2.38826568e-07, -5.14421355e-07,
        1.68367099e-07,  2.67743392e-05,  6.22504310e-05,  9.84693253e-08,
       -3.39745692e-06, -2.28927223e-05, -1.25457367e-05,  3.16680237e-07,
       -2.07336883e-07, -1.21292797e-07, -8.97227666e-09,  6.01763336e-07,
       -8.45109181e-07,  1.41523455e-07, -6.52027013e-07, -2.26979559e-07,
        1.08888241e-07, -1.52256327e-02, -2.13313172e-02, -3.59224438e-04,
       -1.96106627e-02, -4.15386183e-05, -5.26139538e-05,  5.53389421e-07,
       -4.32195327e-07, -1.51954146e-07,  1.05790703e-06, -7.91259392e-07,
        9.14790627e-07, -6.57426810e-07, -5.79839888e-07,  3.85429900e-07,
       -1.85416408e-07,  9.67848106e-02,  1.06962575e-01,  4.73726458e-02,
        4.41562753e-02, -1.42119578e-04, -1.03584364e-04,  5.59365637e-07,
       -8.31205213e-07, -3.46746124e-07,  1.27126739e-06, -1.41218392e-06,
        1.05136689e-06, -1.08030434e-06, -3.19243077e-07,  7.10019453e-07,
       -4.02668962e-07,  1.49602458e+00,  6.80232380e-02,  8.41271332e-03,
       -1.13631090e-02, -1.65548311e-04, -5.81061307e-05,  8.16147200e-07,
       -6.61714469e-07,  5.23865917e-07,  1.04452640e-07, -2.50874297e-07,
        8.87609089e-07, -7.83957877e-07,  7.76474297e-07,  5.61448729e-07,
       -2.10822780e-07, -1.22089732e-07,  4.39568447e-07, -6.65960556e-07,
       -7.04374602e-07,  1.03251497e-06, -1.14355328e-06,  1.22097529e-06,
       -3.78576795e-07,  1.53589128e-06, -8.40149275e-07, -4.72192623e-04,
        4.06697863e-04, -1.62710623e-01, -2.62024076e-01, -1.56434689e+00,
       -1.78490980e-07, -6.12514352e-07,  6.76331660e-08,  1.19431974e-07,
       -8.36999013e-07, -5.25810875e-07,  2.32743193e-06, -9.22727550e-07,
        3.42857647e-06, -4.39672909e-07, -2.91707979e-04,  5.89591382e-04,
       -2.51452065e-01, -9.94162447e-02, -8.68536443e-02,  3.62728221e-07,
        2.56982610e-07, -6.63263191e-07,  7.02121416e-07, -2.08235884e-06,
        2.84330070e-07,  1.98503425e-06, -1.54318014e-06,  1.48686635e-06,
       -3.41306013e-07, -2.02554709e-04,  2.31635806e-04, -1.39555529e-02,
       -3.44917306e-03,  2.29159684e-02, -1.25490410e-07,  1.37942525e-07,
       -3.80684079e-07,  6.19290188e-07, -3.54877780e-07, -3.40208256e-07,
        1.54520501e-06, -1.00550258e-06,  8.26564755e-07,  1.24911592e-07,
       -5.85529356e-05,  6.94096806e-05, -1.70526223e-02,  4.32676345e-03,
       -5.74940401e-03, -1.06053716e-07,  2.62224369e-07, -4.13359110e-07,
        5.63788245e-07,  2.54037484e-07, -6.03093957e-07,  9.81942508e-07,
       -7.64467928e-07,  4.10904991e-07,  4.60857967e-08, -7.69856871e-05,
        1.24542908e-05, -1.17720362e-05, -3.75261543e-05, -1.63625643e-05,
       -2.18271487e-08,  1.98980020e-07, -2.89007174e-07,  3.06556422e-07,
        1.00539525e-08, -2.58143305e-07,  4.94444774e-07, -4.29533580e-07,
        1.71396752e-07,  1.29138178e-07, -4.27451824e-05,  2.59941450e-05,
        2.03519959e-05, -1.18679549e-05, -7.85002563e-06, -1.73692731e-08,
        2.54586617e-07, -3.79744658e-07, -1.13727853e-07, -2.86363425e-07,
       -4.64681455e-08,  1.25839149e-07, -1.35301177e-07,  8.07521479e-08,
        1.70482564e-07, -6.96176849e-08,  2.51582149e-08,  8.67693425e-08,
        4.91728990e-08,  4.22583761e-08, -1.17045312e-07,  2.09884401e-07,
        3.00651024e-07, -3.61828839e-07,  1.35295785e-07, -2.42015961e-07,
        8.90226680e-08, -1.20509890e-07, -1.53754558e-07,  5.53507647e-08,
       -1.07142359e-07, -7.55611203e-08, -3.60468039e-08, -7.02067701e-08,
       -4.87305737e-08, -8.38306056e-08,  1.68577561e-07,  2.76745836e-07,
       -2.85609225e-07,  4.00877322e-07, -1.54636708e-07,  1.80435952e-07,
        1.23375515e-09,  2.45541779e-08,  1.13677328e-07,  1.45829515e-08,
        3.58530172e-08,  6.40542361e-08,  3.75205603e-08,  2.15764219e-08,
       -7.30364816e-08,  1.53175466e-07,  8.58410799e-08, -2.72961295e-07,
        2.81369367e-07, -1.60104292e-07,  4.05560599e-08, -1.00329799e-07,
       -4.10582195e-08,  1.58125625e-08, -7.82114998e-08, -4.17496939e-08,
       -1.68221333e-09, -2.48708354e-08, -9.57930240e-09, -7.79455467e-08,
        1.41590993e-07, -6.27062599e-08, -1.81582290e-07,  2.33388060e-07,
       -4.33760136e-08,  8.97552090e-08, -3.79322948e-08,  1.04285384e-08,
        6.12804158e-08, -2.58590045e-08, -2.02885119e-09,  1.29566275e-08,
       -1.63921962e-08, -6.89292061e-09, -8.08139750e-08,  1.35794845e-07,
       -1.02941927e-07, -1.10090403e-07,  1.16169760e-07, -4.39878067e-08,
        7.70551875e-08, -6.71945917e-08,  8.26709687e-10,  7.06202424e-08,
       -2.94655268e-08,  8.71663249e-09,  3.67304324e-08,  9.64411586e-09,
        9.20450953e-09, -7.95689777e-08,  1.21745612e-07, -2.96528445e-08,
       -5.52312523e-08,  5.77364529e-08, -4.91214823e-08,  4.64490660e-08,
       -5.51778907e-08, -3.03553647e-08,  2.02486756e-08, -3.46424301e-08,
       -1.66592559e-08, -2.65195407e-09, -1.85671280e-08, -9.95143262e-09,
       -9.87805754e-08,  1.01238749e-07, -4.71317981e-08, -6.38175297e-08,
        5.52118283e-08, -4.28277105e-09,  9.34672911e-08, -2.57339340e-08,
        9.21625121e-10,  5.33102244e-08, -2.69427972e-09,  1.02044555e-08,
        1.99283877e-08,  5.68249523e-09,  5.27482579e-09, -1.09672283e-07,
        5.06355077e-08,  4.58659122e-08, -1.81384014e-08, -5.86147539e-08,
       -1.06054268e-08,  6.70374240e-08, -7.95468873e-08, -3.60071451e-08,
        3.32084267e-08, -2.58395747e-08, -1.00259545e-08,  4.41836095e-09,
       -6.20058483e-09, -5.66379753e-10, -7.21868875e-08,  1.30041120e-08,
        8.67499461e-08,  3.79107725e-08, -3.67199564e-08,  2.14450949e-08,
        1.02778829e-07, -7.08300948e-08, -1.14134316e-08,  4.45288879e-08,
       -1.39052723e-08, -4.88291923e-09,  7.08237321e-09, -3.60735478e-09,
       -5.68066998e-09], dtype=float64),
  'x_scale': 'auto',
  'y': Array([0.], dtype=float64)}
