Pre-optimization QS value:1957.9681787676172Post-optimization QS value:1518.1574835111494Pre-optimization quadcoil value:0.008534784735195977Post-optimization quadcoil value:274.9150363297055=== Optimization Result ===
{ 'Objective values': { 'Fixed Psi error: ': [ { 'f': Array(0., dtype=float64),
                                                 'f0': Array(0., dtype=float64)}],
                        'Fixed current profile error: ': [ { 'f': Array(0., dtype=float64),
                                                             'f0': Array(0., dtype=float64)}],
                        'Fixed pressure profile error: ': [ { 'f': Array(0., dtype=float64),
                                                              'f0': Array(0., dtype=float64)}],
                        'Force error: ': [ { 'f0_max': Array(2851.11947339, dtype=float64),
                                             'f0_max_norm': Array(6.68640647e-07, dtype=float64),
                                             'f0_mean': Array(81.07009268, dtype=float64),
                                             'f0_mean_norm': Array(1.90124475e-08, dtype=float64),
                                             'f0_min': Array(0.03514373, dtype=float64),
                                             'f0_min_norm': Array(8.24185913e-12, dtype=float64),
                                             'f_max': Array(2738.3177396, dtype=float64),
                                             'f_max_norm': Array(6.42186538e-07, dtype=float64),
                                             'f_mean': Array(72.12689459, dtype=float64),
                                             'f_mean_norm': Array(1.69151009e-08, dtype=float64),
                                             'f_min': Array(3.6685985e-06, dtype=float64),
                                             'f_min_norm': Array(8.60354712e-16, dtype=float64)}],
                        'Plasma volume: ': [ { 'f': Array(615.55953804, dtype=float64),
                                               'f0': Array(511.64029215, dtype=float64),
                                               'f0_norm': Array(0., dtype=float64),
                                               'f_norm': Array(3.84407986, dtype=float64)}],
                        'Quadcoil boundary error: ': [ { 'f0_max': Array(0.09175257, dtype=float64),
                                                         'f0_max_norm': Array(0.00029066, dtype=float64),
                                                         'f0_mean': Array(0.01633724, dtype=float64),
                                                         'f0_mean_norm': Array(5.17545264e-05, dtype=float64),
                                                         'f0_min': Array(6.14647394e-16, dtype=float64),
                                                         'f0_min_norm': Array(1.94713376e-18, dtype=float64),
                                                         'f_max': Array(10.36360946, dtype=float64),
                                                         'f_max_norm': Array(0.03283075, dtype=float64),
                                                         'f_mean': Array(2.25791906, dtype=float64),
                                                         'f_mean_norm': Array(0.00715283, dtype=float64),
                                                         'f_min': Array(6.84213212e-16, dtype=float64),
                                                         'f_min_norm': Array(2.16751044e-18, dtype=float64)}],
                        'Quasi-symmetry (1,0) Boozer error: ': [ { 'f0_max': Array(0.3015993, dtype=float64),
                                                                   'f0_max_norm': Array(0.04911851, dtype=float64),
                                                                   'f0_mean': Array(-0.00090906, dtype=float64),
                                                                   'f0_mean_norm': Array(-0.00014805, dtype=float64),
                                                                   'f0_min': Array(-0.66411831, dtype=float64),
                                                                   'f0_min_norm': Array(-0.10815842, dtype=float64),
                                                                   'f_max': Array(0.26238891, dtype=float64),
                                                                   'f_max_norm': Array(0.0427327, dtype=float64),
                                                                   'f_mean': Array(-0.00077939, dtype=float64),
                                                                   'f_mean_norm': Array(-0.00012693, dtype=float64),
                                                                   'f_min': Array(-0.58465341, dtype=float64),
                                                                   'f_min_norm': Array(-0.09521675, dtype=float64)}],
                        'R boundary error: ': [ { 'f': Array(0., dtype=float64),
                                                  'f0': Array(0., dtype=float64)}],
                        'Rotational transform: ': [ { 'f0_max': Array(-0.12248242, dtype=float64),
                                                      'f0_mean': Array(-0.12248242, dtype=float64),
                                                      'f0_min': Array(-0.12248242, dtype=float64),
                                                      'f_max': Array(-0.11954248, dtype=float64),
                                                      'f_mean': Array(-0.11954248, dtype=float64),
                                                      'f_min': Array(-0.11954248, dtype=float64)},
                                                    { 'f0_max': Array(-0.13193312, dtype=float64),
                                                      'f0_mean': Array(-0.13193312, dtype=float64),
                                                      'f0_min': Array(-0.13193312, dtype=float64),
                                                      'f_max': Array(-0.12940482, dtype=float64),
                                                      'f_mean': Array(-0.12940482, dtype=float64),
                                                      'f_min': Array(-0.12940482, dtype=float64)}],
                        'Total (sum of squares)': { 'f': Array(1845.832458, dtype=float64),
                                                    'f0': Array(2004.45784317, dtype=float64)},
                        'Z boundary error: ': [ { 'f': Array(0., dtype=float64),
                                                  'f0': Array(0., dtype=float64)}]},
  'alltr': [ Array(0.62145069, dtype=float64),
             np.float64(2.485802777855732),
             np.float64(9.94321111142293),
             np.float64(2.4858027778557323),
             np.float64(0.6214506944639332),
             np.float64(0.15536267361598327),
             np.float64(0.03884066840399581),
             np.float64(0.009710167100998953),
             np.float64(0.002427541775249738),
             np.float64(0.0006068854438124345),
             np.float64(0.00015172136095310864),
             np.float64(3.793034023827716e-05),
             np.float64(0.00015172136095310864)],
  'allx': [ Array([ 0. ,  0. ,  0. ,  0. ,  0. ,  0. ,  0. ,  0. ,  0. ,  0. , 50. ,
        0. ,  0. ,  0. ,  0. ,  0. ,  0. ,  0. ,  0. ,  0. ,  0. ,  0. ,
        0. ,  0. ,  0. ,  0. ,  0. ,  0. ,  0. ,  0. ,  0. ,  0. ,  0. ,
        0. ,  0. ,  0. ,  0. ,  0. ,  0. ,  0. ,  0. ,  0. ,  0. ,  0. ,
        0. ,  0. ,  0. ,  0. ,  0. ,  0. ,  0. ,  0. ,  0. ,  0. ,  0. ,
        0. ,  0. ,  0. ,  0. ,  0. ,  0. ,  0. ,  0. ,  0. ,  0. ,  0. ,
        0. ,  0. ,  0. ,  0. ,  0. ,  0. ,  0. ,  0. ,  0. ,  8. ,  1.8,
        0. ,  0. ,  0. ,  0. ,  0. ,  0. ,  0. ,  1.7,  0. ,  0. ,  0. ,
        0. ,  0. ,  0. ,  0. ,  0. ,  0. ,  0. ,  0. ,  0. ,  0. ,  0. ,
        0. ,  0. ,  0. ,  0. ,  0. ,  0. ,  0. ,  0. ,  0. ,  0. ,  0. ,
        0. ,  0. ,  0. ,  0. ,  0. ,  0. ,  0. ,  0. ,  0. ,  0. ,  0. ,
        0. ,  0. ,  0. ,  0. ,  0. ,  0. ,  0. ,  0. ,  0. ,  0. ,  0. ,
        0. ,  0. ,  0. ,  0. ,  0. ,  0. ,  0. ,  0. ,  0. ,  0. ,  0. ,
        0. ,  0. ,  0. ,  0. ,  0. ,  0. ,  0. ,  0. ,  0. ,  0. ,  0. ,
        0. ,  0. ,  0. ,  0. ,  0. ,  0. ,  0. ,  0. ,  0. ,  0. ,  0. ,
        0. ,  0. ,  0. ,  0. ,  0. ,  0. ,  0. ,  0. ,  0. ,  0. ,  0. ,
        0. ,  0. ,  0. ,  0. ,  0. ,  0. ,  0. ,  0. ,  0. ,  0. ,  0. ,
        0. ,  0. ,  0. ,  0. ,  0. ,  0. ,  0. ,  0. ,  0. ,  0. ,  0. ,
        0. ,  0. ,  0. ,  0. ,  0. ,  0. ,  0. ,  0. ,  0. ,  0. ,  0. ,
        0. ,  0. ,  0. ,  0. ,  0. ,  0. ,  0. ,  0. ,  0. ,  0. ,  1.7,
        0. ,  0. ,  0. ,  0. ,  0. ,  0. ,  0. ,  0. ,  0. ,  0. ,  0. ,
        0. ,  0. ,  0. ,  0. , -1.8,  0. ,  0. ,  0. ,  0. ,  0. ,  0. ,
        0. ,  0. ,  0. ,  0. ,  0. ,  0. ,  0. ,  0. ,  0. ,  0. ,  0. ,
        0. ,  0. ,  0. ,  0. ,  0. ,  0. ,  0. ,  0. ,  0. ,  0. ,  0. ,
        0. ,  0. ,  0. ,  0. ,  0. ,  0. ,  0. ,  0. ,  0. ,  0. ,  0. ,
        0. ,  0. ,  0. ,  0. ,  0. ,  0. ,  0. ,  0. ,  0. ,  0. ,  0. ,
        0. ,  0. ,  0. ,  0. ,  0. ,  0. ,  0. ,  0. ,  0. ,  0. ,  0. ,
        0. ,  0. ,  0. ], dtype=float64),
            Array([ 0.00000000e+00,  0.00000000e+00,  0.00000000e+00,  0.00000000e+00,
        0.00000000e+00,  0.00000000e+00,  0.00000000e+00,  0.00000000e+00,
        0.00000000e+00,  0.00000000e+00,  5.00000000e+01,  0.00000000e+00,
        0.00000000e+00,  0.00000000e+00,  0.00000000e+00,  0.00000000e+00,
        0.00000000e+00,  0.00000000e+00,  0.00000000e+00,  0.00000000e+00,
        0.00000000e+00,  0.00000000e+00,  0.00000000e+00,  0.00000000e+00,
        0.00000000e+00,  0.00000000e+00,  0.00000000e+00,  0.00000000e+00,
        0.00000000e+00,  0.00000000e+00,  0.00000000e+00,  0.00000000e+00,
        0.00000000e+00,  0.00000000e+00,  0.00000000e+00,  0.00000000e+00,
        0.00000000e+00,  0.00000000e+00,  0.00000000e+00,  0.00000000e+00,
        0.00000000e+00,  0.00000000e+00,  0.00000000e+00,  0.00000000e+00,
        0.00000000e+00,  0.00000000e+00,  0.00000000e+00, -4.20344910e-06,
       -3.12959241e-06, -2.58674168e-06, -6.80201204e-06,  0.00000000e+00,
        0.00000000e+00,  0.00000000e+00,  0.00000000e+00,  2.83697391e-06,
        8.11470965e-06,  2.17386807e-05,  3.30544517e-06,  0.00000000e+00,
        0.00000000e+00,  0.00000000e+00,  0.00000000e+00, -6.16732755e-05,
        1.01866736e-04, -1.87052360e-04,  1.61367818e-04,  0.00000000e+00,
        0.00000000e+00,  0.00000000e+00,  0.00000000e+00, -1.28614779e-04,
        4.97405911e-04,  3.53975101e-04,  9.69672266e-04,  8.00000000e+00,
        1.80619457e+00,  6.29841253e-04,  3.71100547e-04, -1.73928425e-04,
        0.00000000e+00,  0.00000000e+00,  0.00000000e+00,  0.00000000e+00,
        1.69954145e+00, -4.65020622e-05, -4.43516702e-04, -4.15947036e-04,
        1.20902734e-04,  0.00000000e+00,  0.00000000e+00,  0.00000000e+00,
        0.00000000e+00,  9.75244240e-05, -9.08696024e-06,  1.75192152e-04,
       -1.13660686e-04,  6.90948580e-05,  0.00000000e+00,  0.00000000e+00,
        0.00000000e+00,  0.00000000e+00, -1.29057640e-05,  1.17400856e-06,
       -2.11675669e-05, -8.24286637e-06,  2.85783360e-08,  0.00000000e+00,
        0.00000000e+00,  0.00000000e+00,  0.00000000e+00,  7.52250454e-07,
        8.26860065e-07,  2.22093684e-06,  2.97895873e-06,  5.51103495e-06,
        0.00000000e+00,  0.00000000e+00,  0.00000000e+00,  0.00000000e+00,
        0.00000000e+00,  0.00000000e+00,  0.00000000e+00,  0.00000000e+00,
        0.00000000e+00,  0.00000000e+00,  0.00000000e+00,  0.00000000e+00,
        0.00000000e+00,  0.00000000e+00,  0.00000000e+00,  0.00000000e+00,
        0.00000000e+00,  0.00000000e+00,  0.00000000e+00,  0.00000000e+00,
        0.00000000e+00,  0.00000000e+00,  0.00000000e+00,  0.00000000e+00,
        0.00000000e+00,  0.00000000e+00,  0.00000000e+00,  0.00000000e+00,
        0.00000000e+00,  0.00000000e+00,  0.00000000e+00,  0.00000000e+00,
        0.00000000e+00,  0.00000000e+00,  0.00000000e+00,  0.00000000e+00,
        0.00000000e+00,  0.00000000e+00,  0.00000000e+00,  0.00000000e+00,
        0.00000000e+00,  0.00000000e+00,  0.00000000e+00,  0.00000000e+00,
        0.00000000e+00,  0.00000000e+00,  0.00000000e+00,  0.00000000e+00,
        0.00000000e+00,  0.00000000e+00,  0.00000000e+00,  0.00000000e+00,
        0.00000000e+00,  0.00000000e+00,  0.00000000e+00,  0.00000000e+00,
        0.00000000e+00,  0.00000000e+00,  0.00000000e+00,  0.00000000e+00,
        0.00000000e+00,  0.00000000e+00,  0.00000000e+00,  0.00000000e+00,
        0.00000000e+00,  0.00000000e+00,  0.00000000e+00,  0.00000000e+00,
        0.00000000e+00,  0.00000000e+00,  0.00000000e+00,  0.00000000e+00,
        0.00000000e+00,  0.00000000e+00,  0.00000000e+00,  0.00000000e+00,
        9.20468793e-07,  6.89909401e-06,  6.75591029e-08, -5.84976436e-06,
       -1.38122945e-06,  0.00000000e+00,  0.00000000e+00,  0.00000000e+00,
        0.00000000e+00, -1.35868273e-05, -3.28988705e-06,  1.78605908e-05,
       -4.39558729e-06,  8.26811382e-06,  0.00000000e+00,  0.00000000e+00,
        0.00000000e+00,  0.00000000e+00,  1.09083437e-04, -1.61374955e-04,
       -1.26216055e-04,  7.86203170e-05, -7.27248044e-05,  0.00000000e+00,
        0.00000000e+00,  0.00000000e+00,  0.00000000e+00,  1.69957927e+00,
       -9.69458429e-04,  6.27780481e-04,  4.78586665e-04, -1.51123775e-04,
        0.00000000e+00,  0.00000000e+00,  0.00000000e+00,  0.00000000e+00,
        0.00000000e+00,  0.00000000e+00,  0.00000000e+00,  0.00000000e+00,
        1.30743433e-04, -2.92230731e-04, -1.00582573e-03, -1.80674750e+00,
        0.00000000e+00,  0.00000000e+00,  0.00000000e+00,  0.00000000e+00,
       -1.32353288e-04,  3.94093412e-04,  6.76218458e-04,  3.28007889e-05,
        0.00000000e+00,  0.00000000e+00,  0.00000000e+00,  0.00000000e+00,
       -6.91256825e-05,  9.02077216e-05, -1.17361510e-04, -2.48864205e-06,
        0.00000000e+00,  0.00000000e+00,  0.00000000e+00,  0.00000000e+00,
        1.10909314e-05, -4.53041918e-06,  1.75935454e-05, -1.78961945e-06,
        0.00000000e+00,  0.00000000e+00,  0.00000000e+00,  0.00000000e+00,
        4.48425541e-07, -6.32267598e-06,  1.28177399e-07,  1.18431881e-06,
        0.00000000e+00,  0.00000000e+00,  0.00000000e+00,  0.00000000e+00,
        0.00000000e+00,  0.00000000e+00,  0.00000000e+00,  0.00000000e+00,
        0.00000000e+00,  0.00000000e+00,  0.00000000e+00,  0.00000000e+00,
        0.00000000e+00,  0.00000000e+00,  0.00000000e+00,  0.00000000e+00,
        0.00000000e+00,  0.00000000e+00,  0.00000000e+00,  0.00000000e+00,
        0.00000000e+00,  0.00000000e+00,  0.00000000e+00,  0.00000000e+00,
        0.00000000e+00,  0.00000000e+00,  0.00000000e+00,  0.00000000e+00,
        0.00000000e+00,  0.00000000e+00,  0.00000000e+00,  0.00000000e+00],      dtype=float64),
            Array([ 0.00000000e+00,  0.00000000e+00,  0.00000000e+00,  0.00000000e+00,
        0.00000000e+00,  0.00000000e+00,  0.00000000e+00,  0.00000000e+00,
        0.00000000e+00,  0.00000000e+00,  5.00000000e+01,  0.00000000e+00,
        0.00000000e+00,  0.00000000e+00,  0.00000000e+00,  0.00000000e+00,
        0.00000000e+00,  0.00000000e+00,  0.00000000e+00,  0.00000000e+00,
        0.00000000e+00,  0.00000000e+00,  0.00000000e+00,  0.00000000e+00,
        0.00000000e+00,  0.00000000e+00,  0.00000000e+00,  0.00000000e+00,
        0.00000000e+00,  0.00000000e+00,  0.00000000e+00,  0.00000000e+00,
        0.00000000e+00,  0.00000000e+00,  0.00000000e+00,  0.00000000e+00,
        0.00000000e+00,  0.00000000e+00,  0.00000000e+00,  0.00000000e+00,
        0.00000000e+00,  0.00000000e+00,  0.00000000e+00,  0.00000000e+00,
        0.00000000e+00,  0.00000000e+00,  0.00000000e+00, -2.37083411e-05,
        2.56441250e-07, -1.43951633e-05, -1.04287607e-05,  0.00000000e+00,
        0.00000000e+00,  0.00000000e+00,  0.00000000e+00,  1.72564641e-05,
        9.42830779e-06,  9.20286192e-05, -3.84250492e-05,  0.00000000e+00,
        0.00000000e+00,  0.00000000e+00,  0.00000000e+00, -3.28161321e-04,
        5.02328948e-04, -8.06611772e-04,  7.99266305e-04,  0.00000000e+00,
        0.00000000e+00,  0.00000000e+00,  0.00000000e+00, -6.42698360e-04,
        2.46441472e-03,  1.49625468e-03,  4.76913717e-03,  8.00000000e+00,
        1.83155986e+00,  3.31736344e-03,  1.75436912e-03, -8.10101718e-04,
        0.00000000e+00,  0.00000000e+00,  0.00000000e+00,  0.00000000e+00,
        1.69796272e+00, -2.29349171e-04, -1.85472679e-03, -2.40426168e-03,
        6.72785634e-04,  0.00000000e+00,  0.00000000e+00,  0.00000000e+00,
        0.00000000e+00,  4.20646277e-04, -3.99801201e-05,  7.86064476e-04,
       -6.23752224e-04,  3.56484460e-04,  0.00000000e+00,  0.00000000e+00,
        0.00000000e+00,  0.00000000e+00, -5.32305954e-05,  6.71193805e-06,
       -9.29346399e-05, -3.74247939e-06, -1.27097998e-05,  0.00000000e+00,
        0.00000000e+00,  0.00000000e+00,  0.00000000e+00,  3.90599824e-06,
        4.58957448e-07,  1.12667498e-05,  1.52821020e-06,  2.71296371e-05,
        0.00000000e+00,  0.00000000e+00,  0.00000000e+00,  0.00000000e+00,
        0.00000000e+00,  0.00000000e+00,  0.00000000e+00,  0.00000000e+00,
        0.00000000e+00,  0.00000000e+00,  0.00000000e+00,  0.00000000e+00,
        0.00000000e+00,  0.00000000e+00,  0.00000000e+00,  0.00000000e+00,
        0.00000000e+00,  0.00000000e+00,  0.00000000e+00,  0.00000000e+00,
        0.00000000e+00,  0.00000000e+00,  0.00000000e+00,  0.00000000e+00,
        0.00000000e+00,  0.00000000e+00,  0.00000000e+00,  0.00000000e+00,
        0.00000000e+00,  0.00000000e+00,  0.00000000e+00,  0.00000000e+00,
        0.00000000e+00,  0.00000000e+00,  0.00000000e+00,  0.00000000e+00,
        0.00000000e+00,  0.00000000e+00,  0.00000000e+00,  0.00000000e+00,
        0.00000000e+00,  0.00000000e+00,  0.00000000e+00,  0.00000000e+00,
        0.00000000e+00,  0.00000000e+00,  0.00000000e+00,  0.00000000e+00,
        0.00000000e+00,  0.00000000e+00,  0.00000000e+00,  0.00000000e+00,
        0.00000000e+00,  0.00000000e+00,  0.00000000e+00,  0.00000000e+00,
        0.00000000e+00,  0.00000000e+00,  0.00000000e+00,  0.00000000e+00,
        0.00000000e+00,  0.00000000e+00,  0.00000000e+00,  0.00000000e+00,
        0.00000000e+00,  0.00000000e+00,  0.00000000e+00,  0.00000000e+00,
        0.00000000e+00,  0.00000000e+00,  0.00000000e+00,  0.00000000e+00,
        0.00000000e+00,  0.00000000e+00,  0.00000000e+00,  0.00000000e+00,
        5.55860357e-06,  1.02972076e-05, -1.06827020e-06, -1.47911050e-05,
       -4.19898828e-06,  0.00000000e+00,  0.00000000e+00,  0.00000000e+00,
        0.00000000e+00, -5.43242638e-05,  3.80852318e-05,  6.62214898e-05,
       -5.73545793e-05,  5.00405650e-05,  0.00000000e+00,  0.00000000e+00,
        0.00000000e+00,  0.00000000e+00,  4.50958520e-04, -7.98108316e-04,
       -4.86545734e-04,  3.85682732e-04, -3.56428333e-04,  0.00000000e+00,
        0.00000000e+00,  0.00000000e+00,  0.00000000e+00,  1.69817443e+00,
       -4.77847631e-03,  2.76335676e-03,  2.35352249e-03, -6.52172315e-04,
        0.00000000e+00,  0.00000000e+00,  0.00000000e+00,  0.00000000e+00,
        0.00000000e+00,  0.00000000e+00,  0.00000000e+00,  0.00000000e+00,
        5.38553315e-04, -1.46360826e-03, -5.01745066e-03, -1.83496069e+00,
        0.00000000e+00,  0.00000000e+00,  0.00000000e+00,  0.00000000e+00,
       -7.52844550e-04,  2.24543202e-03,  3.14335599e-03,  1.50953963e-04,
        0.00000000e+00,  0.00000000e+00,  0.00000000e+00,  0.00000000e+00,
       -3.68995951e-04,  5.12262655e-04, -4.75783783e-04, -2.50545910e-05,
        0.00000000e+00,  0.00000000e+00,  0.00000000e+00,  0.00000000e+00,
        5.97669806e-05, -6.19511595e-05,  6.66694272e-05,  3.00863005e-07,
        0.00000000e+00,  0.00000000e+00,  0.00000000e+00,  0.00000000e+00,
        2.04490619e-06, -1.56139409e-05,  2.12927585e-07,  3.18255073e-06,
        0.00000000e+00,  0.00000000e+00,  0.00000000e+00,  0.00000000e+00,
        0.00000000e+00,  0.00000000e+00,  0.00000000e+00,  0.00000000e+00,
        0.00000000e+00,  0.00000000e+00,  0.00000000e+00,  0.00000000e+00,
        0.00000000e+00,  0.00000000e+00,  0.00000000e+00,  0.00000000e+00,
        0.00000000e+00,  0.00000000e+00,  0.00000000e+00,  0.00000000e+00,
        0.00000000e+00,  0.00000000e+00,  0.00000000e+00,  0.00000000e+00,
        0.00000000e+00,  0.00000000e+00,  0.00000000e+00,  0.00000000e+00,
        0.00000000e+00,  0.00000000e+00,  0.00000000e+00,  0.00000000e+00],      dtype=float64),
            Array([ 0.00000000e+00,  0.00000000e+00,  0.00000000e+00,  0.00000000e+00,
        0.00000000e+00,  0.00000000e+00,  0.00000000e+00,  0.00000000e+00,
        0.00000000e+00,  0.00000000e+00,  5.00000000e+01,  0.00000000e+00,
        0.00000000e+00,  0.00000000e+00,  0.00000000e+00,  0.00000000e+00,
        0.00000000e+00,  0.00000000e+00,  0.00000000e+00,  0.00000000e+00,
        0.00000000e+00,  0.00000000e+00,  0.00000000e+00,  0.00000000e+00,
        0.00000000e+00,  0.00000000e+00,  0.00000000e+00,  0.00000000e+00,
        0.00000000e+00,  0.00000000e+00,  0.00000000e+00,  0.00000000e+00,
        0.00000000e+00,  0.00000000e+00,  0.00000000e+00,  0.00000000e+00,
        0.00000000e+00,  0.00000000e+00,  0.00000000e+00,  0.00000000e+00,
        0.00000000e+00,  0.00000000e+00,  0.00000000e+00,  0.00000000e+00,
        0.00000000e+00,  0.00000000e+00,  0.00000000e+00, -9.16287469e-05,
        1.30402056e-04, -1.85947451e-04,  1.61482047e-04,  0.00000000e+00,
        0.00000000e+00,  0.00000000e+00,  0.00000000e+00,  1.54084970e-05,
       -8.85316722e-06, -2.75849354e-04, -2.18012020e-04,  0.00000000e+00,
        0.00000000e+00,  0.00000000e+00,  0.00000000e+00, -1.37316149e-03,
        2.10982469e-03, -1.86207482e-03,  3.46083464e-03,  0.00000000e+00,
        0.00000000e+00,  0.00000000e+00,  0.00000000e+00, -2.44825882e-03,
        9.47443572e-03,  1.46968463e-03,  1.80310348e-02,  8.00000000e+00,
        1.93515481e+00,  1.61875948e-02,  5.60757174e-03, -1.80241717e-03,
        0.00000000e+00,  0.00000000e+00,  0.00000000e+00,  0.00000000e+00,
        1.69685082e+00, -9.30990071e-04, -9.93470258e-04, -1.35506129e-02,
        3.49321283e-03,  0.00000000e+00,  0.00000000e+00,  0.00000000e+00,
        0.00000000e+00,  9.22603357e-04, -9.18052536e-05,  2.01599141e-03,
       -3.08621246e-03,  1.32020864e-03,  0.00000000e+00,  0.00000000e+00,
        0.00000000e+00,  0.00000000e+00, -6.56496893e-05,  1.29303900e-05,
       -1.83291294e-04,  4.41235290e-04, -1.36107208e-04,  0.00000000e+00,
        0.00000000e+00,  0.00000000e+00,  0.00000000e+00, -6.89154454e-05,
        1.08104392e-05, -6.57699398e-05, -1.39346619e-04,  1.10969577e-04,
        0.00000000e+00,  0.00000000e+00,  0.00000000e+00,  0.00000000e+00,
        0.00000000e+00,  0.00000000e+00,  0.00000000e+00,  0.00000000e+00,
        0.00000000e+00,  0.00000000e+00,  0.00000000e+00,  0.00000000e+00,
        0.00000000e+00,  0.00000000e+00,  0.00000000e+00,  0.00000000e+00,
        0.00000000e+00,  0.00000000e+00,  0.00000000e+00,  0.00000000e+00,
        0.00000000e+00,  0.00000000e+00,  0.00000000e+00,  0.00000000e+00,
        0.00000000e+00,  0.00000000e+00,  0.00000000e+00,  0.00000000e+00,
        0.00000000e+00,  0.00000000e+00,  0.00000000e+00,  0.00000000e+00,
        0.00000000e+00,  0.00000000e+00,  0.00000000e+00,  0.00000000e+00,
        0.00000000e+00,  0.00000000e+00,  0.00000000e+00,  0.00000000e+00,
        0.00000000e+00,  0.00000000e+00,  0.00000000e+00,  0.00000000e+00,
        0.00000000e+00,  0.00000000e+00,  0.00000000e+00,  0.00000000e+00,
        0.00000000e+00,  0.00000000e+00,  0.00000000e+00,  0.00000000e+00,
        0.00000000e+00,  0.00000000e+00,  0.00000000e+00,  0.00000000e+00,
        0.00000000e+00,  0.00000000e+00,  0.00000000e+00,  0.00000000e+00,
        0.00000000e+00,  0.00000000e+00,  0.00000000e+00,  0.00000000e+00,
        0.00000000e+00,  0.00000000e+00,  0.00000000e+00,  0.00000000e+00,
        0.00000000e+00,  0.00000000e+00,  0.00000000e+00,  0.00000000e+00,
        0.00000000e+00,  0.00000000e+00,  0.00000000e+00,  0.00000000e+00,
        1.22610205e-04, -1.61289253e-04, -1.57730044e-04,  5.41416031e-05,
        1.95724517e-05,  0.00000000e+00,  0.00000000e+00,  0.00000000e+00,
        0.00000000e+00,  2.25229607e-04,  2.16455513e-04, -3.74558221e-04,
       -2.67729925e-04,  1.57339066e-04,  0.00000000e+00,  0.00000000e+00,
        0.00000000e+00,  0.00000000e+00,  7.97116451e-04, -3.52397997e-03,
       -4.19468449e-04,  1.76410651e-03, -1.49401331e-03,  0.00000000e+00,
        0.00000000e+00,  0.00000000e+00,  0.00000000e+00,  1.69696065e+00,
       -1.80817083e-02,  5.81561171e-03,  8.66410822e-03, -2.01296671e-03,
        0.00000000e+00,  0.00000000e+00,  0.00000000e+00,  0.00000000e+00,
        0.00000000e+00,  0.00000000e+00,  0.00000000e+00,  0.00000000e+00,
        1.33516978e-03, -4.71802726e-03, -2.13148074e-02, -1.96050395e+00,
        0.00000000e+00,  0.00000000e+00,  0.00000000e+00,  0.00000000e+00,
       -3.37453873e-03,  1.24745834e-02,  7.05571561e-03,  4.94673897e-04,
        0.00000000e+00,  0.00000000e+00,  0.00000000e+00,  0.00000000e+00,
       -1.47801849e-03,  2.83358463e-03, -7.62976025e-04, -2.54775808e-04,
        0.00000000e+00,  0.00000000e+00,  0.00000000e+00,  0.00000000e+00,
        2.21418136e-04, -6.93470658e-04,  2.15314325e-05,  1.35425525e-04,
        0.00000000e+00,  0.00000000e+00,  0.00000000e+00,  0.00000000e+00,
        1.29692192e-06,  4.54153504e-05,  1.30192541e-04, -5.39774716e-05,
        0.00000000e+00,  0.00000000e+00,  0.00000000e+00,  0.00000000e+00,
        0.00000000e+00,  0.00000000e+00,  0.00000000e+00,  0.00000000e+00,
        0.00000000e+00,  0.00000000e+00,  0.00000000e+00,  0.00000000e+00,
        0.00000000e+00,  0.00000000e+00,  0.00000000e+00,  0.00000000e+00,
        0.00000000e+00,  0.00000000e+00,  0.00000000e+00,  0.00000000e+00,
        0.00000000e+00,  0.00000000e+00,  0.00000000e+00,  0.00000000e+00,
        0.00000000e+00,  0.00000000e+00,  0.00000000e+00,  0.00000000e+00,
        0.00000000e+00,  0.00000000e+00,  0.00000000e+00,  0.00000000e+00],      dtype=float64),
            Array([ 0.00000000e+00,  0.00000000e+00,  0.00000000e+00,  0.00000000e+00,
        0.00000000e+00,  0.00000000e+00,  0.00000000e+00,  0.00000000e+00,
        0.00000000e+00,  0.00000000e+00,  5.00000000e+01,  0.00000000e+00,
        0.00000000e+00,  0.00000000e+00,  0.00000000e+00,  0.00000000e+00,
        0.00000000e+00,  0.00000000e+00,  0.00000000e+00,  0.00000000e+00,
        0.00000000e+00,  0.00000000e+00,  0.00000000e+00,  0.00000000e+00,
        0.00000000e+00,  0.00000000e+00,  0.00000000e+00,  0.00000000e+00,
        0.00000000e+00,  0.00000000e+00,  0.00000000e+00,  0.00000000e+00,
        0.00000000e+00,  0.00000000e+00,  0.00000000e+00,  0.00000000e+00,
        0.00000000e+00,  0.00000000e+00,  0.00000000e+00,  0.00000000e+00,
        0.00000000e+00,  0.00000000e+00,  0.00000000e+00,  0.00000000e+00,
        0.00000000e+00,  0.00000000e+00,  0.00000000e+00, -1.15768894e-04,
        2.07402137e-04, -3.08329381e-04,  2.94532627e-04,  0.00000000e+00,
        0.00000000e+00,  0.00000000e+00,  0.00000000e+00, -1.67201873e-06,
        5.27125972e-05, -5.67192589e-04, -1.09304352e-04,  0.00000000e+00,
        0.00000000e+00,  0.00000000e+00,  0.00000000e+00, -1.67112066e-03,
        2.86515034e-03, -2.31835793e-03,  4.86787596e-03,  0.00000000e+00,
        0.00000000e+00,  0.00000000e+00,  0.00000000e+00, -2.93897700e-03,
        1.20039238e-02, -7.80382515e-04,  2.31711873e-02,  8.00000000e+00,
        1.95128880e+00,  2.19632509e-02,  7.24736183e-03, -2.05982058e-03,
        0.00000000e+00,  0.00000000e+00,  0.00000000e+00,  0.00000000e+00,
        1.69953582e+00, -1.37094175e-03,  2.56450722e-03, -1.76703285e-02,
        4.31664059e-03,  0.00000000e+00,  0.00000000e+00,  0.00000000e+00,
        0.00000000e+00,  1.18560468e-03, -8.71060727e-05,  2.52293070e-03,
       -3.60065911e-03,  1.45512060e-03,  0.00000000e+00,  0.00000000e+00,
        0.00000000e+00,  0.00000000e+00, -1.53837922e-04, -1.82694470e-05,
       -3.54792934e-04,  6.91254022e-04, -1.93543202e-04,  0.00000000e+00,
        0.00000000e+00,  0.00000000e+00,  0.00000000e+00, -7.65742652e-05,
        4.77970509e-05, -5.16443960e-05, -2.27083397e-04,  1.42273964e-04,
        0.00000000e+00,  0.00000000e+00,  0.00000000e+00,  0.00000000e+00,
        0.00000000e+00,  0.00000000e+00,  0.00000000e+00,  0.00000000e+00,
        0.00000000e+00,  0.00000000e+00,  0.00000000e+00,  0.00000000e+00,
        0.00000000e+00,  0.00000000e+00,  0.00000000e+00,  0.00000000e+00,
        0.00000000e+00,  0.00000000e+00,  0.00000000e+00,  0.00000000e+00,
        0.00000000e+00,  0.00000000e+00,  0.00000000e+00,  0.00000000e+00,
        0.00000000e+00,  0.00000000e+00,  0.00000000e+00,  0.00000000e+00,
        0.00000000e+00,  0.00000000e+00,  0.00000000e+00,  0.00000000e+00,
        0.00000000e+00,  0.00000000e+00,  0.00000000e+00,  0.00000000e+00,
        0.00000000e+00,  0.00000000e+00,  0.00000000e+00,  0.00000000e+00,
        0.00000000e+00,  0.00000000e+00,  0.00000000e+00,  0.00000000e+00,
        0.00000000e+00,  0.00000000e+00,  0.00000000e+00,  0.00000000e+00,
        0.00000000e+00,  0.00000000e+00,  0.00000000e+00,  0.00000000e+00,
        0.00000000e+00,  0.00000000e+00,  0.00000000e+00,  0.00000000e+00,
        0.00000000e+00,  0.00000000e+00,  0.00000000e+00,  0.00000000e+00,
        0.00000000e+00,  0.00000000e+00,  0.00000000e+00,  0.00000000e+00,
        0.00000000e+00,  0.00000000e+00,  0.00000000e+00,  0.00000000e+00,
        0.00000000e+00,  0.00000000e+00,  0.00000000e+00,  0.00000000e+00,
        0.00000000e+00,  0.00000000e+00,  0.00000000e+00,  0.00000000e+00,
        2.08910532e-04, -2.87525935e-04, -2.72421808e-04,  1.14616447e-04,
        2.37933700e-05,  0.00000000e+00,  0.00000000e+00,  0.00000000e+00,
        0.00000000e+00,  4.22124588e-04,  1.38962891e-04, -6.57064565e-04,
       -2.46313096e-04,  1.45286934e-04,  0.00000000e+00,  0.00000000e+00,
        0.00000000e+00,  0.00000000e+00,  9.68841004e-04, -4.94930885e-03,
       -4.64931757e-04,  2.49601329e-03, -1.84710627e-03,  0.00000000e+00,
        0.00000000e+00,  0.00000000e+00,  0.00000000e+00,  1.69849229e+00,
       -2.29628487e-02,  4.44986513e-03,  1.09259881e-02, -2.41733548e-03,
        0.00000000e+00,  0.00000000e+00,  0.00000000e+00,  0.00000000e+00,
        0.00000000e+00,  0.00000000e+00,  0.00000000e+00,  0.00000000e+00,
        1.41268644e-03, -6.12910474e-03, -2.79490670e-02, -1.98010770e+00,
        0.00000000e+00,  0.00000000e+00,  0.00000000e+00,  0.00000000e+00,
       -4.19576660e-03,  1.63239243e-02,  4.89561701e-03,  7.99528641e-04,
        0.00000000e+00,  0.00000000e+00,  0.00000000e+00,  0.00000000e+00,
       -1.64945902e-03,  3.41976331e-03, -1.07588445e-03, -3.38492936e-04,
        0.00000000e+00,  0.00000000e+00,  0.00000000e+00,  0.00000000e+00,
        2.69136966e-04, -9.80147735e-04,  1.41971795e-04,  2.41878030e-04,
        0.00000000e+00,  0.00000000e+00,  0.00000000e+00,  0.00000000e+00,
       -2.43450107e-06,  1.03174434e-04,  1.42005586e-04, -1.26523331e-04,
        0.00000000e+00,  0.00000000e+00,  0.00000000e+00,  0.00000000e+00,
        0.00000000e+00,  0.00000000e+00,  0.00000000e+00,  0.00000000e+00,
        0.00000000e+00,  0.00000000e+00,  0.00000000e+00,  0.00000000e+00,
        0.00000000e+00,  0.00000000e+00,  0.00000000e+00,  0.00000000e+00,
        0.00000000e+00,  0.00000000e+00,  0.00000000e+00,  0.00000000e+00,
        0.00000000e+00,  0.00000000e+00,  0.00000000e+00,  0.00000000e+00,
        0.00000000e+00,  0.00000000e+00,  0.00000000e+00,  0.00000000e+00,
        0.00000000e+00,  0.00000000e+00,  0.00000000e+00,  0.00000000e+00],      dtype=float64),
            Array([ 0.00000000e+00,  0.00000000e+00,  0.00000000e+00,  0.00000000e+00,
        0.00000000e+00,  0.00000000e+00,  0.00000000e+00,  0.00000000e+00,
        0.00000000e+00,  0.00000000e+00,  5.00000000e+01,  0.00000000e+00,
        0.00000000e+00,  0.00000000e+00,  0.00000000e+00,  0.00000000e+00,
        0.00000000e+00,  0.00000000e+00,  0.00000000e+00,  0.00000000e+00,
        0.00000000e+00,  0.00000000e+00,  0.00000000e+00,  0.00000000e+00,
        0.00000000e+00,  0.00000000e+00,  0.00000000e+00,  0.00000000e+00,
        0.00000000e+00,  0.00000000e+00,  0.00000000e+00,  0.00000000e+00,
        0.00000000e+00,  0.00000000e+00,  0.00000000e+00,  0.00000000e+00,
        0.00000000e+00,  0.00000000e+00,  0.00000000e+00,  0.00000000e+00,
        0.00000000e+00,  0.00000000e+00,  0.00000000e+00,  0.00000000e+00,
        0.00000000e+00,  0.00000000e+00,  0.00000000e+00, -1.23399698e-04,
        2.32029751e-04, -3.44360925e-04,  3.37691698e-04,  0.00000000e+00,
        0.00000000e+00,  0.00000000e+00,  0.00000000e+00, -6.94875119e-06,
        7.12965330e-05, -6.45274961e-04, -7.08000130e-05,  0.00000000e+00,
        0.00000000e+00,  0.00000000e+00,  0.00000000e+00, -1.74180947e-03,
        3.06711989e-03, -2.43754796e-03,  5.25499981e-03,  0.00000000e+00,
        0.00000000e+00,  0.00000000e+00,  0.00000000e+00, -3.05892684e-03,
        1.26505907e-02, -1.40088702e-03,  2.45244299e-02,  8.00000000e+00,
        1.95470393e+00,  2.34629655e-02,  7.77363073e-03, -2.14416029e-03,
        0.00000000e+00,  0.00000000e+00,  0.00000000e+00,  0.00000000e+00,
        1.70030759e+00, -1.48865873e-03,  3.52496508e-03, -1.86907913e-02,
        4.50086911e-03,  0.00000000e+00,  0.00000000e+00,  0.00000000e+00,
        0.00000000e+00,  1.25454439e-03, -8.59311836e-05,  2.64891297e-03,
       -3.70464939e-03,  1.47158437e-03,  0.00000000e+00,  0.00000000e+00,
        0.00000000e+00,  0.00000000e+00, -1.75785377e-04, -2.76237289e-05,
       -4.00008904e-04,  7.59070884e-04, -2.09861756e-04,  0.00000000e+00,
        0.00000000e+00,  0.00000000e+00,  0.00000000e+00, -7.62386039e-05,
        5.61286458e-05, -4.36851270e-05, -2.51839970e-04,  1.50475227e-04,
        0.00000000e+00,  0.00000000e+00,  0.00000000e+00,  0.00000000e+00,
        0.00000000e+00,  0.00000000e+00,  0.00000000e+00,  0.00000000e+00,
        0.00000000e+00,  0.00000000e+00,  0.00000000e+00,  0.00000000e+00,
        0.00000000e+00,  0.00000000e+00,  0.00000000e+00,  0.00000000e+00,
        0.00000000e+00,  0.00000000e+00,  0.00000000e+00,  0.00000000e+00,
        0.00000000e+00,  0.00000000e+00,  0.00000000e+00,  0.00000000e+00,
        0.00000000e+00,  0.00000000e+00,  0.00000000e+00,  0.00000000e+00,
        0.00000000e+00,  0.00000000e+00,  0.00000000e+00,  0.00000000e+00,
        0.00000000e+00,  0.00000000e+00,  0.00000000e+00,  0.00000000e+00,
        0.00000000e+00,  0.00000000e+00,  0.00000000e+00,  0.00000000e+00,
        0.00000000e+00,  0.00000000e+00,  0.00000000e+00,  0.00000000e+00,
        0.00000000e+00,  0.00000000e+00,  0.00000000e+00,  0.00000000e+00,
        0.00000000e+00,  0.00000000e+00,  0.00000000e+00,  0.00000000e+00,
        0.00000000e+00,  0.00000000e+00,  0.00000000e+00,  0.00000000e+00,
        0.00000000e+00,  0.00000000e+00,  0.00000000e+00,  0.00000000e+00,
        0.00000000e+00,  0.00000000e+00,  0.00000000e+00,  0.00000000e+00,
        0.00000000e+00,  0.00000000e+00,  0.00000000e+00,  0.00000000e+00,
        0.00000000e+00,  0.00000000e+00,  0.00000000e+00,  0.00000000e+00,
        0.00000000e+00,  0.00000000e+00,  0.00000000e+00,  0.00000000e+00,
        2.33802776e-04, -3.27852531e-04, -3.04844895e-04,  1.34474131e-04,
        2.28662291e-05,  0.00000000e+00,  0.00000000e+00,  0.00000000e+00,
        0.00000000e+00,  4.73364572e-04,  1.13550904e-04, -7.29182467e-04,
       -2.36908187e-04,  1.38458391e-04,  0.00000000e+00,  0.00000000e+00,
        0.00000000e+00,  0.00000000e+00,  1.01363321e-03, -5.34052048e-03,
       -4.75145964e-04,  2.69217545e-03, -1.93250960e-03,  0.00000000e+00,
        0.00000000e+00,  0.00000000e+00,  0.00000000e+00,  1.69891720e+00,
       -2.42110583e-02,  4.05006229e-03,  1.15026641e-02, -2.50681150e-03,
        0.00000000e+00,  0.00000000e+00,  0.00000000e+00,  0.00000000e+00,
        0.00000000e+00,  0.00000000e+00,  0.00000000e+00,  0.00000000e+00,
        1.46150665e-03, -6.57652147e-03, -2.96500455e-02, -1.98429782e+00,
        0.00000000e+00,  0.00000000e+00,  0.00000000e+00,  0.00000000e+00,
       -4.38541581e-03,  1.72879586e-02,  4.25548752e-03,  8.83447474e-04,
        0.00000000e+00,  0.00000000e+00,  0.00000000e+00,  0.00000000e+00,
       -1.67869886e-03,  3.54992077e-03, -1.16245771e-03, -3.58233018e-04,
        0.00000000e+00,  0.00000000e+00,  0.00000000e+00,  0.00000000e+00,
        2.84903385e-04, -1.05628300e-03,  1.71803013e-04,  2.71548936e-04,
        0.00000000e+00,  0.00000000e+00,  0.00000000e+00,  0.00000000e+00,
       -3.91502444e-06,  1.20509664e-04,  1.41289417e-04, -1.45010356e-04,
        0.00000000e+00,  0.00000000e+00,  0.00000000e+00,  0.00000000e+00,
        0.00000000e+00,  0.00000000e+00,  0.00000000e+00,  0.00000000e+00,
        0.00000000e+00,  0.00000000e+00,  0.00000000e+00,  0.00000000e+00,
        0.00000000e+00,  0.00000000e+00,  0.00000000e+00,  0.00000000e+00,
        0.00000000e+00,  0.00000000e+00,  0.00000000e+00,  0.00000000e+00,
        0.00000000e+00,  0.00000000e+00,  0.00000000e+00,  0.00000000e+00,
        0.00000000e+00,  0.00000000e+00,  0.00000000e+00,  0.00000000e+00,
        0.00000000e+00,  0.00000000e+00,  0.00000000e+00,  0.00000000e+00],      dtype=float64),
            Array([ 0.00000000e+00,  0.00000000e+00,  0.00000000e+00,  0.00000000e+00,
        0.00000000e+00,  0.00000000e+00,  0.00000000e+00,  0.00000000e+00,
        0.00000000e+00,  0.00000000e+00,  5.00000000e+01,  0.00000000e+00,
        0.00000000e+00,  0.00000000e+00,  0.00000000e+00,  0.00000000e+00,
        0.00000000e+00,  0.00000000e+00,  0.00000000e+00,  0.00000000e+00,
        0.00000000e+00,  0.00000000e+00,  0.00000000e+00,  0.00000000e+00,
        0.00000000e+00,  0.00000000e+00,  0.00000000e+00,  0.00000000e+00,
        0.00000000e+00,  0.00000000e+00,  0.00000000e+00,  0.00000000e+00,
        0.00000000e+00,  0.00000000e+00,  0.00000000e+00,  0.00000000e+00,
        0.00000000e+00,  0.00000000e+00,  0.00000000e+00,  0.00000000e+00,
        0.00000000e+00,  0.00000000e+00,  0.00000000e+00,  0.00000000e+00,
        0.00000000e+00,  0.00000000e+00,  0.00000000e+00, -1.25242058e-04,
        2.38723757e-04, -3.53954234e-04,  3.49514323e-04,  0.00000000e+00,
        0.00000000e+00,  0.00000000e+00,  0.00000000e+00, -8.68706366e-06,
        7.60816105e-05, -6.65213220e-04, -6.03325448e-05,  0.00000000e+00,
        0.00000000e+00,  0.00000000e+00,  0.00000000e+00, -1.75842265e-03,
        3.11839309e-03, -2.46716445e-03,  5.35341797e-03,  0.00000000e+00,
        0.00000000e+00,  0.00000000e+00,  0.00000000e+00, -3.08900623e-03,
        1.28129015e-02, -1.55896490e-03,  2.48666732e-02,  8.00000000e+00,
        1.95552394e+00,  2.38388804e-02,  7.91187003e-03, -2.16725526e-03,
        0.00000000e+00,  0.00000000e+00,  0.00000000e+00,  0.00000000e+00,
        1.70050552e+00, -1.51843153e-03,  3.76781449e-03, -1.89441151e-02,
        4.54582080e-03,  0.00000000e+00,  0.00000000e+00,  0.00000000e+00,
        0.00000000e+00,  1.27214443e-03, -8.58060727e-05,  2.68048336e-03,
       -3.72906686e-03,  1.47355470e-03,  0.00000000e+00,  0.00000000e+00,
        0.00000000e+00,  0.00000000e+00, -1.81062184e-04, -3.02299740e-05,
       -4.11192463e-04,  7.76361326e-04, -2.14154217e-04,  0.00000000e+00,
        0.00000000e+00,  0.00000000e+00,  0.00000000e+00, -7.61397157e-05,
        5.82593008e-05, -4.16001248e-05, -2.58300463e-04,  1.52716038e-04,
        0.00000000e+00,  0.00000000e+00,  0.00000000e+00,  0.00000000e+00,
        0.00000000e+00,  0.00000000e+00,  0.00000000e+00,  0.00000000e+00,
        0.00000000e+00,  0.00000000e+00,  0.00000000e+00,  0.00000000e+00,
        0.00000000e+00,  0.00000000e+00,  0.00000000e+00,  0.00000000e+00,
        0.00000000e+00,  0.00000000e+00,  0.00000000e+00,  0.00000000e+00,
        0.00000000e+00,  0.00000000e+00,  0.00000000e+00,  0.00000000e+00,
        0.00000000e+00,  0.00000000e+00,  0.00000000e+00,  0.00000000e+00,
        0.00000000e+00,  0.00000000e+00,  0.00000000e+00,  0.00000000e+00,
        0.00000000e+00,  0.00000000e+00,  0.00000000e+00,  0.00000000e+00,
        0.00000000e+00,  0.00000000e+00,  0.00000000e+00,  0.00000000e+00,
        0.00000000e+00,  0.00000000e+00,  0.00000000e+00,  0.00000000e+00,
        0.00000000e+00,  0.00000000e+00,  0.00000000e+00,  0.00000000e+00,
        0.00000000e+00,  0.00000000e+00,  0.00000000e+00,  0.00000000e+00,
        0.00000000e+00,  0.00000000e+00,  0.00000000e+00,  0.00000000e+00,
        0.00000000e+00,  0.00000000e+00,  0.00000000e+00,  0.00000000e+00,
        0.00000000e+00,  0.00000000e+00,  0.00000000e+00,  0.00000000e+00,
        0.00000000e+00,  0.00000000e+00,  0.00000000e+00,  0.00000000e+00,
        0.00000000e+00,  0.00000000e+00,  0.00000000e+00,  0.00000000e+00,
        0.00000000e+00,  0.00000000e+00,  0.00000000e+00,  0.00000000e+00,
        2.40381873e-04, -3.38845611e-04, -3.13352672e-04,  1.39945956e-04,
        2.22811726e-05,  0.00000000e+00,  0.00000000e+00,  0.00000000e+00,
        0.00000000e+00,  4.86359151e-04,  1.06736346e-04, -7.47392979e-04,
       -2.34191220e-04,  1.36974034e-04,  0.00000000e+00,  0.00000000e+00,
        0.00000000e+00,  0.00000000e+00,  1.02464536e-03, -5.44001263e-03,
       -4.77255945e-04,  2.74162210e-03, -1.95441681e-03,  0.00000000e+00,
        0.00000000e+00,  0.00000000e+00,  0.00000000e+00,  1.69902521e+00,
       -2.45245305e-02,  3.94772691e-03,  1.16475763e-02, -2.52925582e-03,
        0.00000000e+00,  0.00000000e+00,  0.00000000e+00,  0.00000000e+00,
        0.00000000e+00,  0.00000000e+00,  0.00000000e+00,  0.00000000e+00,
        1.47841676e-03, -6.69720754e-03, -3.00762262e-02, -1.98530327e+00,
        0.00000000e+00,  0.00000000e+00,  0.00000000e+00,  0.00000000e+00,
       -4.43240803e-03,  1.75292701e-02,  4.09065782e-03,  9.04783705e-04,
        0.00000000e+00,  0.00000000e+00,  0.00000000e+00,  0.00000000e+00,
       -1.68619546e-03,  3.58136677e-03, -1.18485645e-03, -3.62910756e-04,
        0.00000000e+00,  0.00000000e+00,  0.00000000e+00,  0.00000000e+00,
        2.88878919e-04, -1.07540809e-03,  1.78946295e-04,  2.79315500e-04,
        0.00000000e+00,  0.00000000e+00,  0.00000000e+00,  0.00000000e+00,
       -4.05024332e-06,  1.24709665e-04,  1.41072275e-04, -1.49723386e-04,
        0.00000000e+00,  0.00000000e+00,  0.00000000e+00,  0.00000000e+00,
        0.00000000e+00,  0.00000000e+00,  0.00000000e+00,  0.00000000e+00,
        0.00000000e+00,  0.00000000e+00,  0.00000000e+00,  0.00000000e+00,
        0.00000000e+00,  0.00000000e+00,  0.00000000e+00,  0.00000000e+00,
        0.00000000e+00,  0.00000000e+00,  0.00000000e+00,  0.00000000e+00,
        0.00000000e+00,  0.00000000e+00,  0.00000000e+00,  0.00000000e+00,
        0.00000000e+00,  0.00000000e+00,  0.00000000e+00,  0.00000000e+00,
        0.00000000e+00,  0.00000000e+00,  0.00000000e+00,  0.00000000e+00],      dtype=float64),
            Array([ 0.00000000e+00,  0.00000000e+00,  0.00000000e+00,  0.00000000e+00,
        0.00000000e+00,  0.00000000e+00,  0.00000000e+00,  0.00000000e+00,
        0.00000000e+00,  0.00000000e+00,  5.00000000e+01,  0.00000000e+00,
        0.00000000e+00,  0.00000000e+00,  0.00000000e+00,  0.00000000e+00,
        0.00000000e+00,  0.00000000e+00,  0.00000000e+00,  0.00000000e+00,
        0.00000000e+00,  0.00000000e+00,  0.00000000e+00,  0.00000000e+00,
        0.00000000e+00,  0.00000000e+00,  0.00000000e+00,  0.00000000e+00,
        0.00000000e+00,  0.00000000e+00,  0.00000000e+00,  0.00000000e+00,
        0.00000000e+00,  0.00000000e+00,  0.00000000e+00,  0.00000000e+00,
        0.00000000e+00,  0.00000000e+00,  0.00000000e+00,  0.00000000e+00,
        0.00000000e+00,  0.00000000e+00,  0.00000000e+00,  0.00000000e+00,
        0.00000000e+00,  0.00000000e+00,  0.00000000e+00, -1.25695118e-04,
        2.40417214e-04, -3.56382624e-04,  3.52504841e-04,  0.00000000e+00,
        0.00000000e+00,  0.00000000e+00,  0.00000000e+00, -9.15902309e-06,
        7.73025685e-05, -6.70202552e-04, -5.76655874e-05,  0.00000000e+00,
        0.00000000e+00,  0.00000000e+00,  0.00000000e+00, -1.76255442e-03,
        3.13132798e-03, -2.47459261e-03,  5.37821190e-03,  0.00000000e+00,
        0.00000000e+00,  0.00000000e+00,  0.00000000e+00, -3.09660372e-03,
        1.28535311e-02, -1.59871948e-03,  2.49525816e-02,  8.00000000e+00,
        1.95572711e+00,  2.39328681e-02,  7.94685075e-03, -2.17345454e-03,
        0.00000000e+00,  0.00000000e+00,  0.00000000e+00,  0.00000000e+00,
        1.70055522e+00, -1.52588799e-03,  3.82857107e-03, -1.90073103e-02,
        4.55704509e-03,  0.00000000e+00,  0.00000000e+00,  0.00000000e+00,
        0.00000000e+00,  1.27654784e-03, -8.57646311e-05,  2.68835989e-03,
       -3.73507759e-03,  1.47390500e-03,  0.00000000e+00,  0.00000000e+00,
        0.00000000e+00,  0.00000000e+00, -1.82392613e-04, -3.08907997e-05,
       -4.14017159e-04,  7.80735963e-04, -2.15217892e-04,  0.00000000e+00,
        0.00000000e+00,  0.00000000e+00,  0.00000000e+00, -7.60783036e-05,
        5.87528804e-05, -4.10202514e-05, -2.59959055e-04,  1.53279604e-04,
        0.00000000e+00,  0.00000000e+00,  0.00000000e+00,  0.00000000e+00,
        0.00000000e+00,  0.00000000e+00,  0.00000000e+00,  0.00000000e+00,
        0.00000000e+00,  0.00000000e+00,  0.00000000e+00,  0.00000000e+00,
        0.00000000e+00,  0.00000000e+00,  0.00000000e+00,  0.00000000e+00,
        0.00000000e+00,  0.00000000e+00,  0.00000000e+00,  0.00000000e+00,
        0.00000000e+00,  0.00000000e+00,  0.00000000e+00,  0.00000000e+00,
        0.00000000e+00,  0.00000000e+00,  0.00000000e+00,  0.00000000e+00,
        0.00000000e+00,  0.00000000e+00,  0.00000000e+00,  0.00000000e+00,
        0.00000000e+00,  0.00000000e+00,  0.00000000e+00,  0.00000000e+00,
        0.00000000e+00,  0.00000000e+00,  0.00000000e+00,  0.00000000e+00,
        0.00000000e+00,  0.00000000e+00,  0.00000000e+00,  0.00000000e+00,
        0.00000000e+00,  0.00000000e+00,  0.00000000e+00,  0.00000000e+00,
        0.00000000e+00,  0.00000000e+00,  0.00000000e+00,  0.00000000e+00,
        0.00000000e+00,  0.00000000e+00,  0.00000000e+00,  0.00000000e+00,
        0.00000000e+00,  0.00000000e+00,  0.00000000e+00,  0.00000000e+00,
        0.00000000e+00,  0.00000000e+00,  0.00000000e+00,  0.00000000e+00,
        0.00000000e+00,  0.00000000e+00,  0.00000000e+00,  0.00000000e+00,
        0.00000000e+00,  0.00000000e+00,  0.00000000e+00,  0.00000000e+00,
        0.00000000e+00,  0.00000000e+00,  0.00000000e+00,  0.00000000e+00,
        2.42046738e-04, -3.41615993e-04, -3.15508016e-04,  1.41323662e-04,
        2.21213031e-05,  0.00000000e+00,  0.00000000e+00,  0.00000000e+00,
        0.00000000e+00,  4.89602023e-04,  1.05010889e-04, -7.51933153e-04,
       -2.33494051e-04,  1.36623307e-04,  0.00000000e+00,  0.00000000e+00,
        0.00000000e+00,  0.00000000e+00,  1.02740022e-03, -5.46507182e-03,
       -4.77756703e-04,  2.75403603e-03, -1.95996027e-03,  0.00000000e+00,
        0.00000000e+00,  0.00000000e+00,  0.00000000e+00,  1.69905237e+00,
       -2.46030667e-02,  3.92191706e-03,  1.16838828e-02, -2.53468507e-03,
        0.00000000e+00,  0.00000000e+00,  0.00000000e+00,  0.00000000e+00,
        0.00000000e+00,  0.00000000e+00,  0.00000000e+00,  0.00000000e+00,
        1.48249293e-03, -6.72800213e-03, -3.01827694e-02, -1.98555200e+00,
        0.00000000e+00,  0.00000000e+00,  0.00000000e+00,  0.00000000e+00,
       -4.44402318e-03,  1.75895711e-02,  4.04922963e-03,  9.10133909e-04,
        0.00000000e+00,  0.00000000e+00,  0.00000000e+00,  0.00000000e+00,
       -1.68809406e-03,  3.58915085e-03, -1.19047504e-03, -3.64085355e-04,
        0.00000000e+00,  0.00000000e+00,  0.00000000e+00,  0.00000000e+00,
        2.89908154e-04, -1.08021553e-03,  1.80752966e-04,  2.81276686e-04,
        0.00000000e+00,  0.00000000e+00,  0.00000000e+00,  0.00000000e+00,
       -4.09972470e-06,  1.25802913e-04,  1.40967939e-04, -1.50880023e-04,
        0.00000000e+00,  0.00000000e+00,  0.00000000e+00,  0.00000000e+00,
        0.00000000e+00,  0.00000000e+00,  0.00000000e+00,  0.00000000e+00,
        0.00000000e+00,  0.00000000e+00,  0.00000000e+00,  0.00000000e+00,
        0.00000000e+00,  0.00000000e+00,  0.00000000e+00,  0.00000000e+00,
        0.00000000e+00,  0.00000000e+00,  0.00000000e+00,  0.00000000e+00,
        0.00000000e+00,  0.00000000e+00,  0.00000000e+00,  0.00000000e+00,
        0.00000000e+00,  0.00000000e+00,  0.00000000e+00,  0.00000000e+00,
        0.00000000e+00,  0.00000000e+00,  0.00000000e+00,  0.00000000e+00],      dtype=float64),
            Array([ 0.00000000e+00,  0.00000000e+00,  0.00000000e+00,  0.00000000e+00,
        0.00000000e+00,  0.00000000e+00,  0.00000000e+00,  0.00000000e+00,
        0.00000000e+00,  0.00000000e+00,  5.00000000e+01,  0.00000000e+00,
        0.00000000e+00,  0.00000000e+00,  0.00000000e+00,  0.00000000e+00,
        0.00000000e+00,  0.00000000e+00,  0.00000000e+00,  0.00000000e+00,
        0.00000000e+00,  0.00000000e+00,  0.00000000e+00,  0.00000000e+00,
        0.00000000e+00,  0.00000000e+00,  0.00000000e+00,  0.00000000e+00,
        0.00000000e+00,  0.00000000e+00,  0.00000000e+00,  0.00000000e+00,
        0.00000000e+00,  0.00000000e+00,  0.00000000e+00,  0.00000000e+00,
        0.00000000e+00,  0.00000000e+00,  0.00000000e+00,  0.00000000e+00,
        0.00000000e+00,  0.00000000e+00,  0.00000000e+00,  0.00000000e+00,
        0.00000000e+00,  0.00000000e+00,  0.00000000e+00, -1.25804300e-04,
        2.40840323e-04, -3.56988256e-04,  3.53252361e-04,  0.00000000e+00,
        0.00000000e+00,  0.00000000e+00,  0.00000000e+00, -9.27858359e-06,
        7.76071120e-05, -6.71446832e-04, -5.69981872e-05,  0.00000000e+00,
        0.00000000e+00,  0.00000000e+00,  0.00000000e+00, -1.76358282e-03,
        3.13456683e-03, -2.47645293e-03,  5.38441956e-03,  0.00000000e+00,
        0.00000000e+00,  0.00000000e+00,  0.00000000e+00, -3.09850909e-03,
        1.28636814e-02, -1.60864409e-03,  2.49740479e-02,  8.00000000e+00,
        1.95577773e+00,  2.39563910e-02,  7.95560334e-03, -2.17503524e-03,
        0.00000000e+00,  0.00000000e+00,  0.00000000e+00,  0.00000000e+00,
        1.70056768e+00, -1.52775544e-03,  3.84378350e-03, -1.90230996e-02,
        4.55985735e-03,  0.00000000e+00,  0.00000000e+00,  0.00000000e+00,
        0.00000000e+00,  1.27765485e-03, -8.57553167e-05,  2.69033618e-03,
       -3.73657567e-03,  1.47397847e-03,  0.00000000e+00,  0.00000000e+00,
        0.00000000e+00,  0.00000000e+00, -1.82725872e-04, -3.10549406e-05,
       -4.14723826e-04,  7.81828870e-04, -2.15480453e-04,  0.00000000e+00,
        0.00000000e+00,  0.00000000e+00,  0.00000000e+00, -7.60619349e-05,
        5.88752375e-05, -4.08728081e-05, -2.60376131e-04,  1.53421609e-04,
        0.00000000e+00,  0.00000000e+00,  0.00000000e+00,  0.00000000e+00,
        0.00000000e+00,  0.00000000e+00,  0.00000000e+00,  0.00000000e+00,
        0.00000000e+00,  0.00000000e+00,  0.00000000e+00,  0.00000000e+00,
        0.00000000e+00,  0.00000000e+00,  0.00000000e+00,  0.00000000e+00,
        0.00000000e+00,  0.00000000e+00,  0.00000000e+00,  0.00000000e+00,
        0.00000000e+00,  0.00000000e+00,  0.00000000e+00,  0.00000000e+00,
        0.00000000e+00,  0.00000000e+00,  0.00000000e+00,  0.00000000e+00,
        0.00000000e+00,  0.00000000e+00,  0.00000000e+00,  0.00000000e+00,
        0.00000000e+00,  0.00000000e+00,  0.00000000e+00,  0.00000000e+00,
        0.00000000e+00,  0.00000000e+00,  0.00000000e+00,  0.00000000e+00,
        0.00000000e+00,  0.00000000e+00,  0.00000000e+00,  0.00000000e+00,
        0.00000000e+00,  0.00000000e+00,  0.00000000e+00,  0.00000000e+00,
        0.00000000e+00,  0.00000000e+00,  0.00000000e+00,  0.00000000e+00,
        0.00000000e+00,  0.00000000e+00,  0.00000000e+00,  0.00000000e+00,
        0.00000000e+00,  0.00000000e+00,  0.00000000e+00,  0.00000000e+00,
        0.00000000e+00,  0.00000000e+00,  0.00000000e+00,  0.00000000e+00,
        0.00000000e+00,  0.00000000e+00,  0.00000000e+00,  0.00000000e+00,
        0.00000000e+00,  0.00000000e+00,  0.00000000e+00,  0.00000000e+00,
        0.00000000e+00,  0.00000000e+00,  0.00000000e+00,  0.00000000e+00,
        2.42462279e-04, -3.42308309e-04, -3.16046301e-04,  1.41668040e-04,
        2.20793216e-05,  0.00000000e+00,  0.00000000e+00,  0.00000000e+00,
        0.00000000e+00,  4.90410909e-04,  1.04580023e-04, -7.53066088e-04,
       -2.33320139e-04,  1.36541909e-04,  0.00000000e+00,  0.00000000e+00,
        0.00000000e+00,  0.00000000e+00,  1.02809123e-03, -5.47134540e-03,
       -4.77884323e-04,  2.75713757e-03, -1.96134850e-03,  0.00000000e+00,
        0.00000000e+00,  0.00000000e+00,  0.00000000e+00,  1.69905915e+00,
       -2.46226828e-02,  3.91547349e-03,  1.16929468e-02, -2.53601820e-03,
        0.00000000e+00,  0.00000000e+00,  0.00000000e+00,  0.00000000e+00,
        0.00000000e+00,  0.00000000e+00,  0.00000000e+00,  0.00000000e+00,
        1.48348978e-03, -6.73572459e-03, -3.02094215e-02, -1.98561405e+00,
        0.00000000e+00,  0.00000000e+00,  0.00000000e+00,  0.00000000e+00,
       -4.44691300e-03,  1.76046536e-02,  4.03884138e-03,  9.11474746e-04,
        0.00000000e+00,  0.00000000e+00,  0.00000000e+00,  0.00000000e+00,
       -1.68857518e-03,  3.59109650e-03, -1.19188999e-03, -3.64377895e-04,
        0.00000000e+00,  0.00000000e+00,  0.00000000e+00,  0.00000000e+00,
        2.90167789e-04, -1.08141468e-03,  1.81206282e-04,  2.81765352e-04,
        0.00000000e+00,  0.00000000e+00,  0.00000000e+00,  0.00000000e+00,
       -4.11500672e-06,  1.26077454e-04,  1.40941289e-04, -1.51168851e-04,
        0.00000000e+00,  0.00000000e+00,  0.00000000e+00,  0.00000000e+00,
        0.00000000e+00,  0.00000000e+00,  0.00000000e+00,  0.00000000e+00,
        0.00000000e+00,  0.00000000e+00,  0.00000000e+00,  0.00000000e+00,
        0.00000000e+00,  0.00000000e+00,  0.00000000e+00,  0.00000000e+00,
        0.00000000e+00,  0.00000000e+00,  0.00000000e+00,  0.00000000e+00,
        0.00000000e+00,  0.00000000e+00,  0.00000000e+00,  0.00000000e+00,
        0.00000000e+00,  0.00000000e+00,  0.00000000e+00,  0.00000000e+00,
        0.00000000e+00,  0.00000000e+00,  0.00000000e+00,  0.00000000e+00],      dtype=float64),
            Array([ 0.00000000e+00,  0.00000000e+00,  0.00000000e+00,  0.00000000e+00,
        0.00000000e+00,  0.00000000e+00,  0.00000000e+00,  0.00000000e+00,
        0.00000000e+00,  0.00000000e+00,  5.00000000e+01,  0.00000000e+00,
        0.00000000e+00,  0.00000000e+00,  0.00000000e+00,  0.00000000e+00,
        0.00000000e+00,  0.00000000e+00,  0.00000000e+00,  0.00000000e+00,
        0.00000000e+00,  0.00000000e+00,  0.00000000e+00,  0.00000000e+00,
        0.00000000e+00,  0.00000000e+00,  0.00000000e+00,  0.00000000e+00,
        0.00000000e+00,  0.00000000e+00,  0.00000000e+00,  0.00000000e+00,
        0.00000000e+00,  0.00000000e+00,  0.00000000e+00,  0.00000000e+00,
        0.00000000e+00,  0.00000000e+00,  0.00000000e+00,  0.00000000e+00,
        0.00000000e+00,  0.00000000e+00,  0.00000000e+00,  0.00000000e+00,
        0.00000000e+00,  0.00000000e+00,  0.00000000e+00, -1.25811011e-04,
        2.40866732e-04, -3.57026142e-04,  3.53299066e-04,  0.00000000e+00,
        0.00000000e+00,  0.00000000e+00,  0.00000000e+00, -9.28629021e-06,
        7.76263045e-05, -6.71524811e-04, -5.69562975e-05,  0.00000000e+00,
        0.00000000e+00,  0.00000000e+00,  0.00000000e+00, -1.76364712e-03,
        3.13476964e-03, -2.47656929e-03,  5.38480799e-03,  0.00000000e+00,
        0.00000000e+00,  0.00000000e+00,  0.00000000e+00, -3.09862833e-03,
        1.28643163e-02, -1.60926479e-03,  2.49753901e-02,  8.00000000e+00,
        1.95578089e+00,  2.39578610e-02,  7.95615043e-03, -2.17513541e-03,
        0.00000000e+00,  0.00000000e+00,  0.00000000e+00,  0.00000000e+00,
        1.70056846e+00, -1.52787216e-03,  3.84473408e-03, -1.90240857e-02,
        4.56003338e-03,  0.00000000e+00,  0.00000000e+00,  0.00000000e+00,
        0.00000000e+00,  1.27772404e-03, -8.57547938e-05,  2.69045961e-03,
       -3.73666906e-03,  1.47398276e-03,  0.00000000e+00,  0.00000000e+00,
        0.00000000e+00,  0.00000000e+00, -1.82746521e-04, -3.10653479e-05,
       -4.14767744e-04,  7.81897092e-04, -2.15496784e-04,  0.00000000e+00,
        0.00000000e+00,  0.00000000e+00,  0.00000000e+00, -7.60607856e-05,
        5.88827863e-05, -4.08633856e-05, -2.60402339e-04,  1.53430469e-04,
        0.00000000e+00,  0.00000000e+00,  0.00000000e+00,  0.00000000e+00,
        0.00000000e+00,  0.00000000e+00,  0.00000000e+00,  0.00000000e+00,
        0.00000000e+00,  0.00000000e+00,  0.00000000e+00,  0.00000000e+00,
        0.00000000e+00,  0.00000000e+00,  0.00000000e+00,  0.00000000e+00,
        0.00000000e+00,  0.00000000e+00,  0.00000000e+00,  0.00000000e+00,
        0.00000000e+00,  0.00000000e+00,  0.00000000e+00,  0.00000000e+00,
        0.00000000e+00,  0.00000000e+00,  0.00000000e+00,  0.00000000e+00,
        0.00000000e+00,  0.00000000e+00,  0.00000000e+00,  0.00000000e+00,
        0.00000000e+00,  0.00000000e+00,  0.00000000e+00,  0.00000000e+00,
        0.00000000e+00,  0.00000000e+00,  0.00000000e+00,  0.00000000e+00,
        0.00000000e+00,  0.00000000e+00,  0.00000000e+00,  0.00000000e+00,
        0.00000000e+00,  0.00000000e+00,  0.00000000e+00,  0.00000000e+00,
        0.00000000e+00,  0.00000000e+00,  0.00000000e+00,  0.00000000e+00,
        0.00000000e+00,  0.00000000e+00,  0.00000000e+00,  0.00000000e+00,
        0.00000000e+00,  0.00000000e+00,  0.00000000e+00,  0.00000000e+00,
        0.00000000e+00,  0.00000000e+00,  0.00000000e+00,  0.00000000e+00,
        0.00000000e+00,  0.00000000e+00,  0.00000000e+00,  0.00000000e+00,
        0.00000000e+00,  0.00000000e+00,  0.00000000e+00,  0.00000000e+00,
        0.00000000e+00,  0.00000000e+00,  0.00000000e+00,  0.00000000e+00,
        2.42488282e-04, -3.42351558e-04, -3.16079994e-04,  1.41689559e-04,
        2.20766296e-05,  0.00000000e+00,  0.00000000e+00,  0.00000000e+00,
        0.00000000e+00,  4.90461575e-04,  1.04552983e-04, -7.53137028e-04,
       -2.33309288e-04,  1.36536905e-04,  0.00000000e+00,  0.00000000e+00,
        0.00000000e+00,  0.00000000e+00,  1.02813440e-03, -5.47173791e-03,
       -4.77892208e-04,  2.75733161e-03, -1.96143563e-03,  0.00000000e+00,
        0.00000000e+00,  0.00000000e+00,  0.00000000e+00,  1.69905958e+00,
       -2.46239090e-02,  3.91507054e-03,  1.16935133e-02, -2.53610127e-03,
        0.00000000e+00,  0.00000000e+00,  0.00000000e+00,  0.00000000e+00,
        0.00000000e+00,  0.00000000e+00,  0.00000000e+00,  0.00000000e+00,
        1.48355099e-03, -6.73620845e-03, -3.02110871e-02, -1.98561792e+00,
        0.00000000e+00,  0.00000000e+00,  0.00000000e+00,  0.00000000e+00,
       -4.44709262e-03,  1.76055961e-02,  4.03819181e-03,  9.11558561e-04,
        0.00000000e+00,  0.00000000e+00,  0.00000000e+00,  0.00000000e+00,
       -1.68860525e-03,  3.59121804e-03, -1.19197843e-03, -3.64396108e-04,
        0.00000000e+00,  0.00000000e+00,  0.00000000e+00,  0.00000000e+00,
        2.90184076e-04, -1.08148951e-03,  1.81234370e-04,  2.81796019e-04,
        0.00000000e+00,  0.00000000e+00,  0.00000000e+00,  0.00000000e+00,
       -4.11607658e-06,  1.26094774e-04,  1.40939467e-04, -1.51186869e-04,
        0.00000000e+00,  0.00000000e+00,  0.00000000e+00,  0.00000000e+00,
        0.00000000e+00,  0.00000000e+00,  0.00000000e+00,  0.00000000e+00,
        0.00000000e+00,  0.00000000e+00,  0.00000000e+00,  0.00000000e+00,
        0.00000000e+00,  0.00000000e+00,  0.00000000e+00,  0.00000000e+00,
        0.00000000e+00,  0.00000000e+00,  0.00000000e+00,  0.00000000e+00,
        0.00000000e+00,  0.00000000e+00,  0.00000000e+00,  0.00000000e+00,
        0.00000000e+00,  0.00000000e+00,  0.00000000e+00,  0.00000000e+00,
        0.00000000e+00,  0.00000000e+00,  0.00000000e+00,  0.00000000e+00],      dtype=float64),
            Array([ 0.00000000e+00,  0.00000000e+00,  0.00000000e+00,  0.00000000e+00,
        0.00000000e+00,  0.00000000e+00,  0.00000000e+00,  0.00000000e+00,
        0.00000000e+00,  0.00000000e+00,  5.00000000e+01,  0.00000000e+00,
        0.00000000e+00,  0.00000000e+00,  0.00000000e+00,  0.00000000e+00,
        0.00000000e+00,  0.00000000e+00,  0.00000000e+00,  0.00000000e+00,
        0.00000000e+00,  0.00000000e+00,  0.00000000e+00,  0.00000000e+00,
        0.00000000e+00,  0.00000000e+00,  0.00000000e+00,  0.00000000e+00,
        0.00000000e+00,  0.00000000e+00,  0.00000000e+00,  0.00000000e+00,
        0.00000000e+00,  0.00000000e+00,  0.00000000e+00,  0.00000000e+00,
        0.00000000e+00,  0.00000000e+00,  0.00000000e+00,  0.00000000e+00,
        0.00000000e+00,  0.00000000e+00,  0.00000000e+00,  0.00000000e+00,
        0.00000000e+00,  0.00000000e+00,  0.00000000e+00, -1.25812687e-04,
        2.40873337e-04, -3.57035614e-04,  3.53310743e-04,  0.00000000e+00,
        0.00000000e+00,  0.00000000e+00,  0.00000000e+00, -9.28821935e-06,
        7.76311043e-05, -6.71544307e-04, -5.69458235e-05,  0.00000000e+00,
        0.00000000e+00,  0.00000000e+00,  0.00000000e+00, -1.76366317e-03,
        3.13482034e-03, -2.47659838e-03,  5.38490510e-03,  0.00000000e+00,
        0.00000000e+00,  0.00000000e+00,  0.00000000e+00, -3.09865815e-03,
        1.28644751e-02, -1.60941996e-03,  2.49757256e-02,  8.00000000e+00,
        1.95578168e+00,  2.39582284e-02,  7.95628713e-03, -2.17516067e-03,
        0.00000000e+00,  0.00000000e+00,  0.00000000e+00,  0.00000000e+00,
        1.70056865e+00, -1.52790134e-03,  3.84497173e-03, -1.90243322e-02,
        4.56007743e-03,  0.00000000e+00,  0.00000000e+00,  0.00000000e+00,
        0.00000000e+00,  1.27774133e-03, -8.57546633e-05,  2.69049047e-03,
       -3.73669242e-03,  1.47398384e-03,  0.00000000e+00,  0.00000000e+00,
        0.00000000e+00,  0.00000000e+00, -1.82751683e-04, -3.10679497e-05,
       -4.14778724e-04,  7.81914152e-04, -2.15500858e-04,  0.00000000e+00,
        0.00000000e+00,  0.00000000e+00,  0.00000000e+00, -7.60604982e-05,
        5.88846732e-05, -4.08610295e-05, -2.60408889e-04,  1.53432674e-04,
        0.00000000e+00,  0.00000000e+00,  0.00000000e+00,  0.00000000e+00,
        0.00000000e+00,  0.00000000e+00,  0.00000000e+00,  0.00000000e+00,
        0.00000000e+00,  0.00000000e+00,  0.00000000e+00,  0.00000000e+00,
        0.00000000e+00,  0.00000000e+00,  0.00000000e+00,  0.00000000e+00,
        0.00000000e+00,  0.00000000e+00,  0.00000000e+00,  0.00000000e+00,
        0.00000000e+00,  0.00000000e+00,  0.00000000e+00,  0.00000000e+00,
        0.00000000e+00,  0.00000000e+00,  0.00000000e+00,  0.00000000e+00,
        0.00000000e+00,  0.00000000e+00,  0.00000000e+00,  0.00000000e+00,
        0.00000000e+00,  0.00000000e+00,  0.00000000e+00,  0.00000000e+00,
        0.00000000e+00,  0.00000000e+00,  0.00000000e+00,  0.00000000e+00,
        0.00000000e+00,  0.00000000e+00,  0.00000000e+00,  0.00000000e+00,
        0.00000000e+00,  0.00000000e+00,  0.00000000e+00,  0.00000000e+00,
        0.00000000e+00,  0.00000000e+00,  0.00000000e+00,  0.00000000e+00,
        0.00000000e+00,  0.00000000e+00,  0.00000000e+00,  0.00000000e+00,
        0.00000000e+00,  0.00000000e+00,  0.00000000e+00,  0.00000000e+00,
        0.00000000e+00,  0.00000000e+00,  0.00000000e+00,  0.00000000e+00,
        0.00000000e+00,  0.00000000e+00,  0.00000000e+00,  0.00000000e+00,
        0.00000000e+00,  0.00000000e+00,  0.00000000e+00,  0.00000000e+00,
        0.00000000e+00,  0.00000000e+00,  0.00000000e+00,  0.00000000e+00,
        2.42494783e-04, -3.42362371e-04, -3.16088416e-04,  1.41694936e-04,
        2.20759518e-05,  0.00000000e+00,  0.00000000e+00,  0.00000000e+00,
        0.00000000e+00,  4.90474242e-04,  1.04546222e-04, -7.53154763e-04,
       -2.33306576e-04,  1.36535657e-04,  0.00000000e+00,  0.00000000e+00,
        0.00000000e+00,  0.00000000e+00,  1.02814519e-03, -5.47183603e-03,
       -4.77894178e-04,  2.75738011e-03, -1.96145744e-03,  0.00000000e+00,
        0.00000000e+00,  0.00000000e+00,  0.00000000e+00,  1.69905968e+00,
       -2.46242155e-02,  3.91496980e-03,  1.16936550e-02, -2.53612199e-03,
        0.00000000e+00,  0.00000000e+00,  0.00000000e+00,  0.00000000e+00,
        0.00000000e+00,  0.00000000e+00,  0.00000000e+00,  0.00000000e+00,
        1.48356609e-03, -6.73632948e-03, -3.02115034e-02, -1.98561889e+00,
        0.00000000e+00,  0.00000000e+00,  0.00000000e+00,  0.00000000e+00,
       -4.44713748e-03,  1.76058318e-02,  4.03802942e-03,  9.11579515e-04,
        0.00000000e+00,  0.00000000e+00,  0.00000000e+00,  0.00000000e+00,
       -1.68861276e-03,  3.59124842e-03, -1.19200054e-03, -3.64400662e-04,
        0.00000000e+00,  0.00000000e+00,  0.00000000e+00,  0.00000000e+00,
        2.90188163e-04, -1.08150821e-03,  1.81241391e-04,  2.81803686e-04,
        0.00000000e+00,  0.00000000e+00,  0.00000000e+00,  0.00000000e+00,
       -4.11635731e-06,  1.26099108e-04,  1.40939012e-04, -1.51191374e-04,
        0.00000000e+00,  0.00000000e+00,  0.00000000e+00,  0.00000000e+00,
        0.00000000e+00,  0.00000000e+00,  0.00000000e+00,  0.00000000e+00,
        0.00000000e+00,  0.00000000e+00,  0.00000000e+00,  0.00000000e+00,
        0.00000000e+00,  0.00000000e+00,  0.00000000e+00,  0.00000000e+00,
        0.00000000e+00,  0.00000000e+00,  0.00000000e+00,  0.00000000e+00,
        0.00000000e+00,  0.00000000e+00,  0.00000000e+00,  0.00000000e+00,
        0.00000000e+00,  0.00000000e+00,  0.00000000e+00,  0.00000000e+00,
        0.00000000e+00,  0.00000000e+00,  0.00000000e+00,  0.00000000e+00],      dtype=float64),
            Array([ 0.00000000e+00,  0.00000000e+00,  0.00000000e+00,  0.00000000e+00,
        0.00000000e+00,  0.00000000e+00,  0.00000000e+00,  0.00000000e+00,
        0.00000000e+00,  0.00000000e+00,  5.00000000e+01,  0.00000000e+00,
        0.00000000e+00,  0.00000000e+00,  0.00000000e+00,  0.00000000e+00,
        0.00000000e+00,  0.00000000e+00,  0.00000000e+00,  0.00000000e+00,
        0.00000000e+00,  0.00000000e+00,  0.00000000e+00,  0.00000000e+00,
        0.00000000e+00,  0.00000000e+00,  0.00000000e+00,  0.00000000e+00,
        0.00000000e+00,  0.00000000e+00,  0.00000000e+00,  0.00000000e+00,
        0.00000000e+00,  0.00000000e+00,  0.00000000e+00,  0.00000000e+00,
        0.00000000e+00,  0.00000000e+00,  0.00000000e+00,  0.00000000e+00,
        0.00000000e+00,  0.00000000e+00,  0.00000000e+00,  0.00000000e+00,
        0.00000000e+00,  0.00000000e+00,  0.00000000e+00, -1.25813106e-04,
        2.40874989e-04, -3.57037983e-04,  3.53313662e-04,  0.00000000e+00,
        0.00000000e+00,  0.00000000e+00,  0.00000000e+00, -9.28870172e-06,
        7.76323044e-05, -6.71549180e-04, -5.69432050e-05,  0.00000000e+00,
        0.00000000e+00,  0.00000000e+00,  0.00000000e+00, -1.76366718e-03,
        3.13483302e-03, -2.47660565e-03,  5.38492938e-03,  0.00000000e+00,
        0.00000000e+00,  0.00000000e+00,  0.00000000e+00, -3.09866561e-03,
        1.28645148e-02, -1.60945876e-03,  2.49758095e-02,  8.00000000e+00,
        1.95578188e+00,  2.39583203e-02,  7.95632130e-03, -2.17516700e-03,
        0.00000000e+00,  0.00000000e+00,  0.00000000e+00,  0.00000000e+00,
        1.70056870e+00, -1.52790863e-03,  3.84503114e-03, -1.90243939e-02,
        4.56008845e-03,  0.00000000e+00,  0.00000000e+00,  0.00000000e+00,
        0.00000000e+00,  1.27774566e-03, -8.57546307e-05,  2.69049818e-03,
       -3.73669826e-03,  1.47398411e-03,  0.00000000e+00,  0.00000000e+00,
        0.00000000e+00,  0.00000000e+00, -1.82752974e-04, -3.10686002e-05,
       -4.14781469e-04,  7.81918417e-04, -2.15501876e-04,  0.00000000e+00,
        0.00000000e+00,  0.00000000e+00,  0.00000000e+00, -7.60604264e-05,
        5.88851449e-05, -4.08604404e-05, -2.60410527e-04,  1.53433225e-04,
        0.00000000e+00,  0.00000000e+00,  0.00000000e+00,  0.00000000e+00,
        0.00000000e+00,  0.00000000e+00,  0.00000000e+00,  0.00000000e+00,
        0.00000000e+00,  0.00000000e+00,  0.00000000e+00,  0.00000000e+00,
        0.00000000e+00,  0.00000000e+00,  0.00000000e+00,  0.00000000e+00,
        0.00000000e+00,  0.00000000e+00,  0.00000000e+00,  0.00000000e+00,
        0.00000000e+00,  0.00000000e+00,  0.00000000e+00,  0.00000000e+00,
        0.00000000e+00,  0.00000000e+00,  0.00000000e+00,  0.00000000e+00,
        0.00000000e+00,  0.00000000e+00,  0.00000000e+00,  0.00000000e+00,
        0.00000000e+00,  0.00000000e+00,  0.00000000e+00,  0.00000000e+00,
        0.00000000e+00,  0.00000000e+00,  0.00000000e+00,  0.00000000e+00,
        0.00000000e+00,  0.00000000e+00,  0.00000000e+00,  0.00000000e+00,
        0.00000000e+00,  0.00000000e+00,  0.00000000e+00,  0.00000000e+00,
        0.00000000e+00,  0.00000000e+00,  0.00000000e+00,  0.00000000e+00,
        0.00000000e+00,  0.00000000e+00,  0.00000000e+00,  0.00000000e+00,
        0.00000000e+00,  0.00000000e+00,  0.00000000e+00,  0.00000000e+00,
        0.00000000e+00,  0.00000000e+00,  0.00000000e+00,  0.00000000e+00,
        0.00000000e+00,  0.00000000e+00,  0.00000000e+00,  0.00000000e+00,
        0.00000000e+00,  0.00000000e+00,  0.00000000e+00,  0.00000000e+00,
        0.00000000e+00,  0.00000000e+00,  0.00000000e+00,  0.00000000e+00,
        2.42496408e-04, -3.42365074e-04, -3.16090522e-04,  1.41696280e-04,
        2.20757822e-05,  0.00000000e+00,  0.00000000e+00,  0.00000000e+00,
        0.00000000e+00,  4.90477408e-04,  1.04544531e-04, -7.53159197e-04,
       -2.33305898e-04,  1.36535345e-04,  0.00000000e+00,  0.00000000e+00,
        0.00000000e+00,  0.00000000e+00,  1.02814789e-03, -5.47186057e-03,
       -4.77894671e-04,  2.75739224e-03, -1.96146289e-03,  0.00000000e+00,
        0.00000000e+00,  0.00000000e+00,  0.00000000e+00,  1.69905971e+00,
       -2.46242921e-02,  3.91494461e-03,  1.16936904e-02, -2.53612717e-03,
        0.00000000e+00,  0.00000000e+00,  0.00000000e+00,  0.00000000e+00,
        0.00000000e+00,  0.00000000e+00,  0.00000000e+00,  0.00000000e+00,
        1.48356985e-03, -6.73635974e-03, -3.02116075e-02, -1.98561913e+00,
        0.00000000e+00,  0.00000000e+00,  0.00000000e+00,  0.00000000e+00,
       -4.44714870e-03,  1.76058907e-02,  4.03798882e-03,  9.11584753e-04,
        0.00000000e+00,  0.00000000e+00,  0.00000000e+00,  0.00000000e+00,
       -1.68861463e-03,  3.59125601e-03, -1.19200607e-03, -3.64401800e-04,
        0.00000000e+00,  0.00000000e+00,  0.00000000e+00,  0.00000000e+00,
        2.90189186e-04, -1.08151289e-03,  1.81243147e-04,  2.81805602e-04,
        0.00000000e+00,  0.00000000e+00,  0.00000000e+00,  0.00000000e+00,
       -4.11642831e-06,  1.26100192e-04,  1.40938899e-04, -1.51192500e-04,
        0.00000000e+00,  0.00000000e+00,  0.00000000e+00,  0.00000000e+00,
        0.00000000e+00,  0.00000000e+00,  0.00000000e+00,  0.00000000e+00,
        0.00000000e+00,  0.00000000e+00,  0.00000000e+00,  0.00000000e+00,
        0.00000000e+00,  0.00000000e+00,  0.00000000e+00,  0.00000000e+00,
        0.00000000e+00,  0.00000000e+00,  0.00000000e+00,  0.00000000e+00,
        0.00000000e+00,  0.00000000e+00,  0.00000000e+00,  0.00000000e+00,
        0.00000000e+00,  0.00000000e+00,  0.00000000e+00,  0.00000000e+00,
        0.00000000e+00,  0.00000000e+00,  0.00000000e+00,  0.00000000e+00],      dtype=float64)],
  'constr_violation': Array(0., dtype=float64),
  'cost': Array(1845.832458, dtype=float64),
  'f0se': Array([ 0.00000000e+00, -6.67447265e+00, -6.95799354e+00, ...,
        2.36315989e-03,  2.50824791e-03,  2.84117500e-03], dtype=float64),
  'fse': Array([ 3.84407986, -6.58627451, -6.88214461, ..., -0.01333654,
       -0.01010903, -0.00908726], dtype=float64),
  'fun': Array([ 3.84407986, -6.58627451, -6.88214461, ..., -0.01333654,
       -0.01010903, -0.00908726], dtype=float64),
  'history': [ [ { 'G': Array([], shape=(0,), dtype=float64),
                   'I': Array([], shape=(0,), dtype=float64),
                   'L_lmn': Array([ 2.19094121e-07,  8.32978008e-07,  1.37772243e-07, -1.94397842e-06,
       -1.52575804e-06,  3.32275273e-07, -4.82646329e-07,  2.18717849e-06,
       -4.23317625e-07,  7.68678081e-07, -3.62631195e-07, -2.93020151e-07,
        1.31455784e-07, -2.47984774e-07,  4.02516337e-07,  1.36460091e-08,
       -7.56202158e-08,  2.10540413e-08,  3.21313366e-07, -2.13351042e-09,
       -1.64322501e-08,  1.12777812e-08, -8.56807402e-09,  1.54339227e-08,
       -1.78211538e-09,  4.10311764e-07, -2.74900981e-07,  1.02379693e-06,
        8.79490162e-07,  1.29336909e-06, -2.27054035e-06, -1.41110982e-06,
       -1.37150373e-06, -5.24671737e-07, -1.05447460e-06,  1.68100238e-06,
       -1.20895377e-08, -2.77384505e-08,  4.33312338e-07, -5.23789586e-07,
        7.07457401e-08,  4.73857893e-08,  1.50249281e-07, -4.42308360e-07,
        2.43418732e-08, -4.59440649e-09,  7.07574634e-09,  3.31156820e-08,
       -1.71837844e-08, -5.85790600e-09, -1.09443047e-06,  4.15462757e-06,
       -1.47326447e-06,  4.60925409e-07, -5.37677670e-06,  5.88717813e-06,
        2.82527350e-06,  5.72138654e-07,  2.76613024e-06,  1.43215138e-06,
       -1.30940189e-06, -4.36088790e-07, -1.48035522e-07,  9.51385813e-08,
        8.65350376e-07, -1.94129118e-07, -1.37382947e-07, -1.55593964e-07,
        5.43457551e-07,  2.33924459e-08,  2.33422906e-09, -1.52115562e-08,
        8.75099477e-09,  7.95032557e-09,  4.24803449e-10,  3.66167387e-06,
       -1.43323171e-05,  3.40705634e-06, -2.88829711e-05,  1.30859387e-05,
       -2.19595107e-05, -8.69194563e-06,  1.31499719e-05, -5.95966965e-06,
       -9.98413351e-07, -3.08199305e-06,  2.25655684e-06,  4.11606964e-07,
       -1.19952459e-06,  5.99762982e-07, -6.99069159e-09,  1.87911130e-07,
       -1.48966620e-07, -9.19887346e-07, -2.15638958e-08,  7.18725797e-08,
        2.80393996e-07,  2.14639739e-07, -6.42516875e-09,  2.06615593e-09,
        1.88370521e-03, -1.61010394e-03, -1.85575464e-03, -2.83705518e-04,
        1.66379211e-03,  7.63283810e-05, -2.14109411e-05,  4.31593127e-04,
       -5.52400623e-06, -1.81284529e-05, -6.17871602e-06, -2.00800354e-06,
        1.78449579e-06,  4.38351495e-06,  1.45347493e-06,  2.71071813e-07,
       -7.91250995e-07, -1.98006118e-07,  1.20300771e-06, -1.65985398e-08,
       -3.07721476e-07, -4.60136898e-07, -3.72346474e-07, -2.02554852e-08,
        5.39786263e-09,  1.72185182e-03, -3.93453448e-03, -1.51856700e-03,
       -1.00762161e-03,  3.39603389e-03, -4.95550105e-06, -1.19629468e-04,
        2.29870619e-04,  1.40549603e-05,  3.24026819e-06, -2.81614192e-05,
       -8.89229366e-07,  6.26334747e-06,  7.05628762e-06, -1.08634080e-06,
        1.12571101e-07, -4.77531152e-08, -1.94474730e-06,  2.21410221e-07,
        2.93699571e-08,  1.50229978e-07,  3.35905858e-07, -5.03120236e-09,
       -4.18850065e-08, -9.55803991e-09, -7.23521167e-03,  2.27579194e-03,
        1.73647648e-03,  1.63098746e-03,  3.44172681e-03, -9.93782272e-05,
        2.65783905e-04, -4.07251535e-05, -7.89808985e-06, -3.83827558e-05,
       -1.33079830e-05,  3.44871709e-06,  3.81255769e-06,  8.39255706e-06,
        1.85489139e-06, -1.35423125e-07, -2.72377400e-06, -4.14104690e-06,
       -6.34117173e-07, -8.35956541e-08, -1.78412900e-06, -1.42332928e-06,
        6.37319708e-07,  4.93452942e-08,  1.79807221e-08,  1.61108555e-01,
       -1.46740563e-02,  2.69611260e-03, -2.10247731e-03, -1.02929684e-02,
        4.30063944e-04, -5.98681053e-04, -3.37841517e-04, -6.91277981e-05,
        1.01508913e-04,  1.04352263e-04,  8.45946916e-06, -3.45500493e-05,
       -2.20823402e-05, -6.91652966e-07,  5.09102453e-07, -1.26140767e-06,
        1.81048323e-06,  1.98876901e-06,  1.97645128e-08,  5.84222594e-06,
        3.67356197e-06, -3.49364376e-07, -2.59596543e-07, -8.65589111e-09,
       -4.00959908e-03, -5.40230074e-03,  3.40381529e-04,  2.45180304e-02,
       -4.19855417e-05,  1.09619875e-03,  7.33852203e-07,  3.04989169e-05,
       -1.98932592e-04,  3.30886317e-09,  1.93956786e-05,  4.92864454e-05,
        2.22127002e-07,  3.15550616e-06,  1.57965824e-06,  6.09444081e-06,
       -1.72708972e-09, -1.57271904e-07, -2.08503835e-06, -1.64183398e-06,
       -4.76520458e-02,  5.36997733e-04,  3.37720484e-04,  1.42048486e-02,
       -4.55566371e-05, -1.08891547e-03,  7.86085463e-06, -3.99204455e-05,
       -1.43576251e-05,  3.27938376e-07, -2.18162768e-07,  2.09828903e-05,
       -4.04769806e-07, -3.55322256e-06, -1.54264410e-05, -3.42904907e-06,
        4.91736199e-09,  3.16929570e-08,  2.29077870e-06,  1.47929201e-06,
        9.77324126e-03,  1.09006117e-03, -7.96635713e-05, -2.72612137e-03,
       -7.47157392e-06,  2.01656441e-04,  2.12722857e-06,  1.11772523e-05,
        3.49692283e-05,  8.09068331e-08, -4.78934517e-06, -1.42550738e-05,
        2.02317963e-07,  2.56896995e-06,  4.02279986e-06,  4.36103903e-07,
        1.93308217e-09, -7.58039927e-08,  4.30494445e-07, -1.11487021e-06,
       -1.11721418e-03, -5.09276485e-04, -1.55986881e-05,  4.22039963e-04,
        1.81425288e-05, -2.20370147e-04, -1.87170035e-07, -2.67037926e-05,
       -2.10829667e-05,  4.23160438e-08, -4.30100041e-06,  4.48897277e-06,
       -7.43668899e-08, -7.78540902e-07, -1.37625490e-06,  2.86552425e-07,
       -2.49717654e-09, -1.82620075e-08,  6.61055369e-07, -3.63598326e-07,
        5.64868256e-04,  1.01605469e-04,  6.58972616e-05, -5.17580508e-04,
       -6.74155077e-06,  4.64042746e-05, -2.27953615e-06,  5.64683135e-06,
        8.26583107e-06,  2.44170428e-07,  2.32300176e-06, -1.68770075e-06,
        1.14552507e-08,  1.52773747e-06, -2.93174438e-07, -1.28244625e-06,
        3.23726825e-09, -1.03635961e-08, -2.29008316e-07,  1.67015368e-07,
       -1.02167735e-05, -2.25979776e-05, -1.95640987e-05,  4.39614272e-06,
       -4.55124031e-06,  4.74254955e-06,  2.27580845e-06, -6.06506410e-06,
        1.19018276e-06, -1.17407721e-09, -6.90641190e-07,  1.71170470e-06,
       -2.14940578e-08, -9.61738192e-07,  2.43701147e-07,  6.16048073e-07,
        2.19361648e-09, -5.93007352e-09, -3.90646500e-09,  8.64208994e-08,
        3.95279339e-07, -4.79614827e-07,  4.06999781e-06,  1.28524364e-06,
        2.27673456e-06,  2.53979620e-06, -4.20978179e-07,  5.62945344e-07,
       -7.38604395e-07, -1.93896568e-07,  1.35524143e-06, -9.65138741e-07,
        2.19420177e-08,  5.34094604e-07, -2.06098147e-07, -6.39395872e-07,
        4.42719129e-10,  5.75424055e-09,  1.08956084e-08, -4.02978517e-08,
        8.46892996e-07, -1.02746736e-07, -9.33949214e-07, -2.38797741e-06,
       -4.17371317e-07, -4.55012369e-07, -9.53456565e-08,  4.74681550e-07,
        1.18581007e-06,  6.97960961e-08, -6.07566136e-07,  4.76315375e-07,
        2.55738793e-08, -3.63626019e-07,  3.11338112e-08,  3.37431851e-07,
       -5.89534189e-09, -1.57528008e-08, -2.41290843e-08,  3.36227868e-08,
        2.72104740e-07, -1.23514539e-06,  4.63735003e-07, -1.01110595e-06,
       -5.42208852e-07,  1.60049418e-06, -2.02627272e-07, -4.87327285e-07,
        8.96887278e-07,  1.48086222e-08,  5.16404704e-07, -3.66290947e-07,
       -3.02840934e-09,  2.33880322e-07, -2.29784269e-09, -1.62030486e-07,
       -1.75223395e-09,  1.46343310e-08, -9.17037141e-09,  1.99726147e-09],      dtype=float64),
                   'Phi_mn': Array([], shape=(0,), dtype=float64),
                   'Psi': Array([50.], dtype=float64),
                   'R_lmn': Array([-1.55651634e-06, -5.91573079e-07,  1.18624497e-06,  6.59601809e-07,
       -6.30702513e-07,  1.24560617e-06,  3.29371287e-07, -1.64588714e-06,
        1.00447020e-06,  2.87696448e-07,  5.07638009e-07, -6.81475052e-07,
        0.00000000e+00, -3.29371287e-07,  4.59642176e-07, -1.07555665e-07,
        0.00000000e+00, -2.87696448e-07,  1.23064504e-07,  2.74419649e-08,
       -1.19158498e-07, -1.33360952e-06, -2.78580472e-07, -1.09248820e-06,
        1.99639471e-06,  1.33945634e-07, -3.09754243e-07,  5.85012424e-07,
        1.02257602e-06, -2.95722721e-07, -1.80472194e-06,  1.17763364e-06,
        0.00000000e+00,  3.09754243e-07, -3.06431952e-07,  1.89070681e-07,
        0.00000000e+00,  2.95722721e-07, -1.91672763e-07,  2.20302474e-08,
        1.92684795e-06, -1.57172039e-06, -1.14960940e-06, -8.42102242e-07,
       -1.89005490e-06,  3.29380762e-06,  4.89048354e-07,  4.86028946e-07,
       -1.59334602e-06,  3.79977832e-07,  1.53074980e-06, -1.78295739e-06,
        0.00000000e+00, -4.89048354e-07,  6.63580454e-07,  5.08600305e-07,
        0.00000000e+00, -3.79977832e-07,  3.59305105e-07,  6.08701580e-08,
       -1.43464876e-05,  1.80674534e-05,  1.11100066e-05,  8.57832323e-06,
       -4.83825666e-07, -2.10650562e-05,  1.02555042e-06, -9.79205742e-06,
        7.93581092e-06, -7.51699008e-07,  1.07323771e-06,  3.04093106e-06,
        0.00000000e+00, -1.02555042e-06, -1.31794913e-06, -2.16764657e-06,
        0.00000000e+00,  7.51699008e-07, -5.89412041e-07, -4.33282950e-08,
       -2.57346655e-03,  1.08533397e-03,  3.03051580e-04,  2.38780791e-03,
       -7.68029378e-06, -1.10820760e-03, -1.23698740e-07, -2.95118423e-04,
        1.89732248e-04,  9.09549620e-07,  9.58737696e-06,  2.23941963e-05,
        0.00000000e+00,  1.23698740e-07, -7.93315619e-06, -4.07361090e-06,
        0.00000000e+00, -9.09549620e-07, -1.90708318e-06,  4.79433243e-07,
       -1.87718455e-03,  2.39581697e-03,  1.46759296e-04,  1.69674886e-03,
       -1.17456014e-05, -2.37868158e-03, -8.32187825e-07, -1.27083111e-04,
        1.92091400e-04, -6.33326734e-08,  1.26297203e-05, -1.51794818e-05,
        0.00000000e+00,  8.32187825e-07, -1.96761849e-05, -1.16557031e-05,
        0.00000000e+00,  6.33326734e-08, -8.84118920e-07, -1.95591380e-06,
        2.43630444e-03,  2.17107734e-03, -5.07236323e-05, -2.19484348e-03,
       -2.16969161e-05, -2.17199955e-03,  1.38750511e-06,  5.09559989e-05,
       -2.38353826e-04, -1.67734542e-08,  2.24955703e-05,  5.26183382e-07,
        0.00000000e+00, -1.38750511e-06, -2.32366657e-07, -3.10713414e-06,
        0.00000000e+00,  1.67734542e-08, -7.98654227e-07,  3.96027802e-07,
        8.47476553e-04, -7.78596938e-03,  1.93555659e-04, -1.55329294e-03,
        4.38861089e-05,  7.79340119e-03, -1.09213626e-06, -2.20825718e-04,
        6.72654809e-04, -2.46417765e-07, -4.35046820e-05, -1.34028901e-05,
        0.00000000e+00,  1.09213626e-06,  2.72700583e-05,  3.31615755e-05,
        0.00000000e+00,  2.46417765e-07, -3.81426884e-07,  5.97108129e-06,
        7.93151311e+00,  1.79439833e+00,  7.50565597e-02, -1.12746328e-02,
        6.07644854e-03, -1.17404590e-03, -6.54024062e-03,  1.12872566e-02,
       -3.52715697e-06, -4.33061104e-04,  1.12662213e-03, -4.45570094e-06,
       -2.63879608e-05, -1.36561791e-05, -2.38369990e-06,  1.47390641e-07,
       -4.17168746e-05,  4.74237700e-05,  4.45570094e-06,  0.00000000e+00,
       -3.04286275e-06,  1.03242158e-06,  5.91085687e-06, -1.47390641e-07,
        0.00000000e+00,  1.64918982e+00,  2.29801281e-03,  5.64506995e-02,
       -9.94516988e-03, -2.47273343e-03,  6.97443724e-04, -5.66571349e-03,
        9.91076694e-03,  1.71681573e-05,  2.01829498e-04, -7.34180543e-04,
        1.47346233e-06,  2.59194367e-05,  3.34340440e-05, -1.71686028e-05,
        8.38961854e-07, -2.71088703e-05,  3.67368187e-05, -1.47346233e-06,
        0.00000000e+00, -7.24150688e-07,  9.68894013e-07,  4.45447485e-10,
       -8.38961854e-07,  0.00000000e+00,  8.87002226e-03,  1.60945469e-04,
       -9.78042091e-03,  2.06798887e-03, -1.64332038e-04, -1.40879728e-04,
        9.27784995e-04, -2.05676330e-03,  2.22189391e-05, -1.87828912e-05,
        1.27493315e-04, -1.60493362e-08, -1.84532690e-05, -1.03851055e-05,
       -2.09506672e-05, -1.08497197e-06,  2.21694605e-05,  1.33864120e-05,
        1.60493362e-08,  0.00000000e+00,  1.06691802e-06, -8.40465291e-07,
       -1.26827185e-06,  1.08497197e-06,  0.00000000e+00, -7.97017429e-04,
       -3.40208591e-04,  8.93510760e-04, -4.24321386e-04,  2.78855920e-04,
        1.56740187e-04, -9.95921246e-05,  4.21913348e-04,  1.18403118e-05,
        6.62630924e-05, -1.53003755e-04,  3.34789462e-06,  3.38552463e-06,
        1.11515027e-06, -1.26116403e-05,  5.42928872e-07, -4.91042128e-06,
       -3.73643251e-06, -3.34789462e-06,  0.00000000e+00, -2.86731370e-07,
        1.29288840e-06,  7.71328527e-07, -5.42928872e-07,  0.00000000e+00,
       -1.76880289e-04,  6.08158678e-05, -4.12275924e-05,  4.12438623e-04,
       -4.27673218e-05, -4.85689919e-05,  2.16676408e-04, -4.13556572e-04,
       -1.86482682e-06, -1.40359768e-05,  5.33053140e-05, -5.59961323e-07,
        1.04936045e-06,  2.19164866e-06,  2.84939650e-06, -1.14467345e-06,
       -4.01256919e-06, -4.73632213e-06,  5.59961323e-07,  0.00000000e+00,
        3.82112707e-07, -1.07369956e-06, -9.84569676e-07,  1.14467345e-06,
        0.00000000e+00, -2.89653035e-07,  2.04931557e-06, -2.47930692e-06,
       -3.60658222e-06,  4.09007005e-06, -1.09536581e-05,  7.66852106e-07,
       -4.64431623e-06,  1.02273874e-06, -5.23417931e-06,  1.18241572e-05,
        1.21082635e-07,  2.59759144e-06,  8.31324267e-06, -1.46430851e-06,
        7.62308104e-07, -9.05206313e-07, -8.70499059e-07, -1.21082635e-07,
        0.00000000e+00, -5.95483595e-07, -6.23442167e-08,  4.41569768e-07,
       -7.62308104e-07,  0.00000000e+00, -2.16863476e-07,  2.40306090e-06,
        6.05161107e-07, -1.85972400e-06, -1.85356515e-06,  3.19538898e-06,
       -1.83856134e-07,  4.31246366e-06,  9.67931767e-07, -2.76165059e-06,
       -3.62731045e-06, -8.37741448e-07, -5.62494573e-07, -2.32132807e-06,
       -8.31229263e-07, -3.66750526e-07,  2.21215484e-06,  4.31921461e-07,
        8.37741448e-07,  0.00000000e+00,  3.58053076e-07, -1.31411589e-07,
       -1.36702504e-07,  3.66750526e-07,  0.00000000e+00, -2.16670032e-06,
        3.60502966e-06,  1.87052018e-06, -1.27509284e-06, -4.29793367e-06,
        8.46122925e-08,  2.26576326e-06,  1.87063152e-06, -6.58134365e-07,
       -4.38280649e-08, -8.95365787e-07,  4.12649399e-07, -1.86555646e-06,
       -9.41135476e-07,  3.70801865e-07,  2.33428336e-07,  7.36732074e-07,
        8.10753495e-07, -4.12649399e-07,  0.00000000e+00, -1.04026660e-07,
        3.45596796e-07,  2.87332500e-07, -2.33428336e-07,  0.00000000e+00,
       -7.74800829e-07,  2.17145665e-06,  7.16666914e-07, -8.36551652e-07,
       -2.54466262e-06, -3.92682452e-07,  6.78311171e-07,  8.61037078e-07,
        7.70447518e-07,  9.08455973e-08,  8.38816153e-07, -4.17899356e-07,
       -7.08732666e-07, -1.78580663e-08, -7.44814642e-07, -2.17470644e-07,
        2.82360376e-07, -4.46133701e-07,  4.17899356e-07,  0.00000000e+00,
        8.85554106e-08, -6.62736017e-09, -2.56328756e-08,  2.17470644e-07,
        0.00000000e+00], dtype=float64),
                   'Ra_n': Array([ 7.84993966e+00,  1.58704676e+00,  1.95977484e-02, -1.79379257e-03,
        8.03564639e-05, -2.36569049e-07, -8.53330689e-08, -9.92743333e-09,
       -1.58684961e-08], dtype=float64),
                   'Rb_lmn': Array([0. , 0. , 0. , 0. , 0. , 0. , 0. , 0. , 0. , 0. , 0. , 0. , 0. ,
       0. , 0. , 0. , 0. , 0. , 0. , 0. , 0. , 0. , 0. , 0. , 0. , 0. ,
       0. , 0. , 0. , 0. , 0. , 0. , 0. , 0. , 0. , 0. , 0. , 0. , 0. ,
       0. , 0. , 0. , 0. , 0. , 0. , 0. , 0. , 0. , 0. , 0. , 0. , 0. ,
       0. , 0. , 0. , 0. , 0. , 0. , 0. , 0. , 0. , 0. , 0. , 0. , 8. ,
       1.8, 0. , 0. , 0. , 0. , 0. , 0. , 0. , 1.7, 0. , 0. , 0. , 0. ,
       0. , 0. , 0. , 0. , 0. , 0. , 0. , 0. , 0. , 0. , 0. , 0. , 0. ,
       0. , 0. , 0. , 0. , 0. , 0. , 0. , 0. , 0. , 0. , 0. , 0. , 0. ,
       0. , 0. , 0. , 0. , 0. , 0. , 0. , 0. , 0. , 0. , 0. , 0. , 0. ,
       0. , 0. , 0. , 0. , 0. , 0. , 0. , 0. , 0. , 0. , 0. , 0. , 0. ,
       0. , 0. , 0. , 0. , 0. , 0. , 0. , 0. , 0. , 0. , 0. , 0. , 0. ,
       0. , 0. ], dtype=float64),
                   'Te_l': Array([], shape=(0,), dtype=float64),
                   'Ti_l': Array([], shape=(0,), dtype=float64),
                   'Z_lmn': Array([-1.88323651e-07,  6.43773266e-07,  1.69967874e-07, -1.04650011e-06,
       -4.31211794e-07,  1.98109105e-06,  1.42550093e-07,  1.53599063e-06,
        1.22997958e-07, -1.46424726e-07, -2.06962181e-06,  3.63902117e-07,
       -1.63315526e-07, -5.15640973e-07, -1.79290218e-09,  2.63585912e-07,
       -6.61367452e-08,  8.85307640e-08, -3.63902117e-07,  0.00000000e+00,
        3.91212093e-08,  2.61504508e-08, -1.21205056e-07, -2.63585912e-07,
        0.00000000e+00,  1.10083016e-07, -1.94512107e-06, -4.04742627e-07,
        1.47126557e-06,  5.18891060e-07, -1.30099924e-06, -7.72016604e-08,
       -1.31354226e-06,  1.27339118e-06,  1.59600836e-06,  1.42504947e-06,
       -2.76167674e-07,  4.07307763e-07, -6.89221801e-08, -1.25567236e-06,
       -3.06997388e-07, -1.69778358e-07, -1.24050226e-07,  2.76167674e-07,
        0.00000000e+00, -3.54464917e-08, -8.88011262e-08, -1.77188205e-08,
        3.06997388e-07,  0.00000000e+00,  6.61587953e-07, -1.77077289e-06,
       -2.24556797e-08, -1.56961382e-06,  2.79575790e-06,  1.55664522e-06,
       -7.54752307e-07,  2.17461840e-06, -1.18726038e-06, -8.42059275e-07,
       -1.80509498e-06,  4.45191442e-07,  7.31568913e-08, -6.27698030e-07,
        1.08405945e-06,  3.91009859e-07, -1.82925740e-07,  2.48449757e-07,
       -4.45191442e-07,  0.00000000e+00,  4.24631424e-08,  2.26934433e-08,
        1.03200929e-07, -3.91009859e-07,  0.00000000e+00, -8.74789247e-06,
        1.56381868e-05,  3.16679650e-06, -2.70330007e-06, -1.28707664e-05,
        1.05607781e-05,  9.14977184e-06, -1.73222275e-06, -1.29305515e-06,
       -4.00544436e-06, -8.31774803e-06,  9.30306983e-07, -3.22433542e-06,
        3.88362564e-06,  1.21138431e-06, -7.57328637e-07,  1.23802394e-06,
       -2.24303011e-06, -9.30306983e-07,  0.00000000e+00, -3.44340445e-07,
        5.51897179e-07,  8.16708402e-08,  7.57328637e-07,  0.00000000e+00,
        7.59716150e-04, -1.92239334e-03, -2.49100550e-05,  1.13588206e-03,
        2.04789102e-03,  2.96317746e-04, -7.22532906e-04, -1.15551023e-03,
       -5.59548620e-06, -1.31528974e-04, -2.89198746e-04, -2.39763154e-07,
       -1.18934463e-05,  1.69007621e-05,  7.92207591e-06,  8.99161463e-07,
        6.03129759e-06, -7.11899965e-06,  2.39763153e-07,  0.00000000e+00,
       -3.79742783e-07,  2.72740625e-06, -2.32658971e-06, -8.99161463e-07,
        0.00000000e+00,  5.42139715e-04, -2.01822540e-03,  8.92520709e-04,
        2.32569255e-03,  2.02811119e-03,  1.61025002e-04, -1.41395365e-03,
       -2.32565376e-03, -1.43674305e-05, -2.10059212e-05, -1.40955350e-04,
       -8.28660050e-07, -2.02403856e-05, -1.38164359e-06,  1.46913700e-05,
       -1.43180821e-07,  1.11201312e-05, -2.00696523e-05,  8.28660050e-07,
        0.00000000e+00, -4.66384068e-07,  1.34285484e-06, -3.23939454e-07,
        1.43180821e-07,  0.00000000e+00,  1.19590321e-02,  2.47469453e-03,
       -1.00676761e-02,  2.22382700e-03, -2.36510924e-03, -7.73091178e-05,
       -1.91023482e-03, -2.21944072e-03, -1.67896331e-05, -1.14366381e-04,
        7.37327732e-05, -2.52864202e-07,  1.82970849e-05, -5.59648674e-06,
        1.86522747e-05,  1.92302050e-07,  4.78108533e-06,  3.57634462e-06,
        2.52864202e-07,  0.00000000e+00,  5.81684026e-07,  1.21021219e-06,
       -1.86264158e-06, -1.92302050e-07,  0.00000000e+00,  1.62791442e+00,
        5.91149753e-03,  6.59449860e-02, -8.13857988e-03, -6.29397437e-03,
        2.45955962e-04,  6.09157133e-03,  8.17210244e-03,  3.80246221e-05,
        4.12256193e-04, -2.80722710e-04, -2.31478662e-06,  5.33204026e-05,
       -3.56230455e-05, -4.20060425e-05, -3.60164160e-07, -2.97793501e-05,
        3.47667477e-05,  2.31478662e-06,  0.00000000e+00, -4.29557413e-06,
        2.10047778e-06,  3.98142045e-06,  3.60164160e-07,  0.00000000e+00,
       -1.79012345e+00,  1.12388780e-02,  1.19282569e-03, -9.05010823e-03,
        6.73763237e-06, -1.12274511e-02,  4.23914442e-06, -1.15735460e-03,
       -8.90165428e-04, -4.45215448e-07, -5.35724121e-06, -1.85338427e-05,
        0.00000000e+00, -4.23914442e-06, -3.54710943e-05,  6.37219778e-05,
        0.00000000e+00,  4.45215448e-07, -1.38039116e-06,  7.10696459e-06,
        1.27164582e-03,  9.50072145e-03, -6.51773386e-04, -1.57932913e-03,
       -2.59810453e-05, -9.48366068e-03, -2.06222901e-06,  6.88827477e-04,
        2.30612230e-04, -3.20868480e-07,  2.67098839e-05, -1.76454851e-05,
        0.00000000e+00,  2.06222901e-06, -3.70540905e-05,  7.70710824e-05,
        0.00000000e+00,  3.20868480e-07, -7.28838626e-07,  5.84709532e-07,
        2.16680710e-04, -2.01216107e-03,  1.10229753e-04, -1.47656339e-04,
       -1.49485650e-05,  1.99755011e-03, -2.03624961e-06, -1.02382032e-04,
       -6.60037896e-05,  8.34240875e-07,  1.36651467e-05,  1.77259075e-05,
        0.00000000e+00,  2.03624961e-06, -7.84772040e-06, -3.02058129e-06,
        0.00000000e+00, -8.34240875e-07,  1.28341833e-06, -3.11494906e-06,
       -4.38527923e-04,  3.53155718e-04, -1.47615273e-04,  3.63411499e-04,
       -1.55620059e-05, -3.73373407e-04, -3.24330838e-06,  1.43082379e-04,
        8.02407416e-05, -4.51011151e-07,  1.58525913e-05,  1.98673218e-05,
        0.00000000e+00,  3.24330838e-06,  4.53289423e-06, -5.12431820e-06,
        0.00000000e+00,  4.51011151e-07, -2.90585359e-07,  3.50367378e-07,
        1.01741443e-04, -3.57552158e-04,  4.30795256e-05, -7.98082156e-05,
        4.38549125e-06,  3.67404039e-04,  4.75469592e-07, -4.82191805e-05,
       -2.35589985e-05,  1.09158892e-06, -4.84746320e-06, -1.00264476e-05,
        0.00000000e+00, -4.75469592e-07,  5.13965489e-06,  1.62577093e-06,
        0.00000000e+00, -1.09158892e-06,  4.61971941e-07,  1.74567152e-07,
        8.03944274e-06, -2.15698353e-05,  8.58376768e-06, -1.01529686e-05,
       -1.84244725e-06,  2.84182761e-05, -2.28505706e-07, -9.37479047e-06,
        3.42475578e-06, -7.68591526e-07,  1.62307108e-06, -6.51424090e-06,
        0.00000000e+00,  2.28505706e-07,  7.91022797e-07, -1.31122991e-06,
        0.00000000e+00,  7.68591526e-07,  2.19376166e-07, -3.34199967e-07,
        6.96425064e-07,  4.98566385e-06,  1.60487385e-07, -1.42895208e-06,
       -2.86698366e-07, -7.74031660e-06,  7.97800046e-07,  9.13770886e-07,
        6.52971703e-07,  3.80302077e-07,  3.90424680e-07,  2.31425456e-06,
        0.00000000e+00, -7.97800046e-07, -1.07425827e-06,  7.95553131e-08,
        0.00000000e+00, -3.80302077e-07, -1.03726314e-07,  4.40398195e-07,
       -3.34389859e-06,  2.95198970e-06, -1.19630776e-06,  4.60644113e-06,
        6.03799563e-08, -3.26597187e-06, -3.79196307e-07,  1.71547647e-06,
       -4.93427825e-07, -2.46696524e-07,  8.97063756e-08,  4.45135357e-07,
        0.00000000e+00,  3.79196307e-07, -5.19168712e-07, -7.69114715e-07,
        0.00000000e+00,  2.46696524e-07, -1.50086332e-07, -1.31153185e-07,
       -5.99766131e-07,  4.42691197e-07,  1.36480228e-06,  1.45342229e-06,
       -1.51903993e-07, -7.68315810e-07,  4.51381645e-07, -1.38366453e-06,
       -8.14099254e-07,  1.94661845e-07,  3.29389728e-07,  2.46484981e-07,
        0.00000000e+00, -4.51381645e-07,  1.88622515e-08, -3.95569078e-08,
        0.00000000e+00, -1.94661845e-07, -1.77485735e-07,  7.91396316e-08],      dtype=float64),
                   'Za_n': Array([-1.33046963e-08, -5.13027180e-09, -1.01402423e-07,  1.15077849e-07,
        7.36070027e-05, -1.74456065e-03,  2.00987579e-02,  1.56800339e+00],      dtype=float64),
                   'Zb_lmn': Array([ 0. ,  0. ,  0. ,  0. ,  0. ,  0. ,  0. ,  0. ,  0. ,  0. ,  0. ,
        0. ,  0. ,  0. ,  0. ,  0. ,  0. ,  0. ,  0. ,  0. ,  0. ,  0. ,
        0. ,  0. ,  0. ,  0. ,  0. ,  0. ,  0. ,  0. ,  0. ,  0. ,  0. ,
        0. ,  0. ,  0. ,  0. ,  0. ,  0. ,  0. ,  0. ,  0. ,  0. ,  0. ,
        0. ,  0. ,  0. ,  0. ,  0. ,  0. ,  0. ,  0. ,  0. ,  0. ,  0. ,
        0. ,  0. ,  0. ,  0. ,  0. ,  0. ,  0. ,  0. ,  1.7,  0. ,  0. ,
        0. ,  0. ,  0. ,  0. ,  0. ,  0. ,  0. ,  0. ,  0. ,  0. ,  0. ,
        0. ,  0. , -1.8,  0. ,  0. ,  0. ,  0. ,  0. ,  0. ,  0. ,  0. ,
        0. ,  0. ,  0. ,  0. ,  0. ,  0. ,  0. ,  0. ,  0. ,  0. ,  0. ,
        0. ,  0. ,  0. ,  0. ,  0. ,  0. ,  0. ,  0. ,  0. ,  0. ,  0. ,
        0. ,  0. ,  0. ,  0. ,  0. ,  0. ,  0. ,  0. ,  0. ,  0. ,  0. ,
        0. ,  0. ,  0. ,  0. ,  0. ,  0. ,  0. ,  0. ,  0. ,  0. ,  0. ,
        0. ,  0. ,  0. ,  0. ,  0. ,  0. ,  0. ,  0. ,  0. ,  0. ,  0. ,
        0. ], dtype=float64),
                   'Zeff_l': Array([], shape=(0,), dtype=float64),
                   'a_lmn': Array([], shape=(0,), dtype=float64),
                   'c_l': Array([0., 0., 0., 0., 0.], dtype=float64),
                   'i_l': Array([], shape=(0,), dtype=float64),
                   'ne_l': Array([], shape=(0,), dtype=float64),
                   'ni_l': Array([], shape=(0,), dtype=float64),
                   'p_l': Array([0., 0., 0., 0., 0.], dtype=float64)}],
               [ { 'G': Array([], shape=(0,), dtype=float64),
                   'I': Array([], shape=(0,), dtype=float64),
                   'L_lmn': Array([ 2.19094121e-07,  8.32978008e-07,  1.37772243e-07, -1.94397842e-06,
       -1.52575804e-06,  3.32275273e-07, -4.82646329e-07,  2.18717849e-06,
       -4.23317625e-07,  7.68678081e-07, -3.62631195e-07, -2.93020151e-07,
        1.31455784e-07, -2.47984774e-07,  4.02516337e-07,  1.36460091e-08,
       -7.56202158e-08,  2.10540413e-08,  3.21313366e-07, -2.13351042e-09,
       -1.64322501e-08,  1.12777812e-08, -8.56807402e-09,  1.54339227e-08,
       -1.78211538e-09,  4.10311764e-07, -2.74900981e-07,  1.02379693e-06,
        8.79490162e-07,  1.29336909e-06, -2.27054035e-06, -1.41110982e-06,
       -1.37150373e-06, -5.24671737e-07, -1.05447460e-06,  1.68100238e-06,
       -1.20895377e-08, -2.77384505e-08,  4.33312338e-07, -5.23789586e-07,
        7.07457401e-08,  4.73857893e-08,  1.50249281e-07, -4.42308360e-07,
        2.43418732e-08, -4.59440649e-09,  7.07574634e-09,  3.31156820e-08,
       -1.71837844e-08, -5.85790600e-09, -1.09443047e-06,  4.15462757e-06,
       -1.47326447e-06,  4.60925409e-07, -5.37677670e-06,  5.88717813e-06,
        2.82527350e-06,  5.72138654e-07,  2.76613024e-06,  1.43215138e-06,
       -1.30940189e-06, -4.36088790e-07, -1.48035522e-07,  9.51385813e-08,
        8.65350376e-07, -1.94129118e-07, -1.37382947e-07, -1.55593964e-07,
        5.43457551e-07,  2.33924459e-08,  2.33422906e-09, -1.52115562e-08,
        8.75099477e-09,  7.95032557e-09,  4.24803449e-10,  3.66167387e-06,
       -1.43323171e-05,  3.40705634e-06, -2.88829711e-05,  1.30859387e-05,
       -2.19595107e-05, -8.69194563e-06,  1.31499719e-05, -5.95966965e-06,
       -9.98413351e-07, -3.08199305e-06,  2.25655684e-06,  4.11606964e-07,
       -1.19952459e-06,  5.99762982e-07, -6.99069159e-09,  1.87911130e-07,
       -1.48966620e-07, -9.19887346e-07, -2.15638958e-08,  7.18725797e-08,
        2.80393996e-07,  2.14639739e-07, -6.42516875e-09,  2.06615593e-09,
        1.88370521e-03, -1.61010394e-03, -1.85575464e-03, -2.83705518e-04,
        1.66379211e-03,  7.63283810e-05, -2.14109411e-05,  4.31593127e-04,
       -5.52400623e-06, -1.81284529e-05, -6.17871602e-06, -2.00800354e-06,
        1.78449579e-06,  4.38351495e-06,  1.45347493e-06,  2.71071813e-07,
       -7.91250995e-07, -1.98006118e-07,  1.20300771e-06, -1.65985398e-08,
       -3.07721476e-07, -4.60136898e-07, -3.72346474e-07, -2.02554852e-08,
        5.39786263e-09,  1.72185182e-03, -3.93453448e-03, -1.51856700e-03,
       -1.00762161e-03,  3.39603389e-03, -4.95550105e-06, -1.19629468e-04,
        2.29870619e-04,  1.40549603e-05,  3.24026819e-06, -2.81614192e-05,
       -8.89229366e-07,  6.26334747e-06,  7.05628762e-06, -1.08634080e-06,
        1.12571101e-07, -4.77531152e-08, -1.94474730e-06,  2.21410221e-07,
        2.93699571e-08,  1.50229978e-07,  3.35905858e-07, -5.03120236e-09,
       -4.18850065e-08, -9.55803991e-09, -7.23521167e-03,  2.27579194e-03,
        1.73647648e-03,  1.63098746e-03,  3.44172681e-03, -9.93782272e-05,
        2.65783905e-04, -4.07251535e-05, -7.89808985e-06, -3.83827558e-05,
       -1.33079830e-05,  3.44871709e-06,  3.81255769e-06,  8.39255706e-06,
        1.85489139e-06, -1.35423125e-07, -2.72377400e-06, -4.14104690e-06,
       -6.34117173e-07, -8.35956541e-08, -1.78412900e-06, -1.42332928e-06,
        6.37319708e-07,  4.93452942e-08,  1.79807221e-08,  1.61108555e-01,
       -1.46740563e-02,  2.69611260e-03, -2.10247731e-03, -1.02929684e-02,
        4.30063944e-04, -5.98681053e-04, -3.37841517e-04, -6.91277981e-05,
        1.01508913e-04,  1.04352263e-04,  8.45946916e-06, -3.45500493e-05,
       -2.20823402e-05, -6.91652966e-07,  5.09102453e-07, -1.26140767e-06,
        1.81048323e-06,  1.98876901e-06,  1.97645128e-08,  5.84222594e-06,
        3.67356197e-06, -3.49364376e-07, -2.59596543e-07, -8.65589111e-09,
       -4.00959908e-03, -5.40230074e-03,  3.40381529e-04,  2.45180304e-02,
       -4.19855417e-05,  1.09619875e-03,  7.33852203e-07,  3.04989169e-05,
       -1.98932592e-04,  3.30886317e-09,  1.93956786e-05,  4.92864454e-05,
        2.22127002e-07,  3.15550616e-06,  1.57965824e-06,  6.09444081e-06,
       -1.72708972e-09, -1.57271904e-07, -2.08503835e-06, -1.64183398e-06,
       -4.76520458e-02,  5.36997733e-04,  3.37720484e-04,  1.42048486e-02,
       -4.55566371e-05, -1.08891547e-03,  7.86085463e-06, -3.99204455e-05,
       -1.43576251e-05,  3.27938376e-07, -2.18162768e-07,  2.09828903e-05,
       -4.04769806e-07, -3.55322256e-06, -1.54264410e-05, -3.42904907e-06,
        4.91736199e-09,  3.16929570e-08,  2.29077870e-06,  1.47929201e-06,
        9.77324126e-03,  1.09006117e-03, -7.96635713e-05, -2.72612137e-03,
       -7.47157392e-06,  2.01656441e-04,  2.12722857e-06,  1.11772523e-05,
        3.49692283e-05,  8.09068331e-08, -4.78934517e-06, -1.42550738e-05,
        2.02317963e-07,  2.56896995e-06,  4.02279986e-06,  4.36103903e-07,
        1.93308217e-09, -7.58039927e-08,  4.30494445e-07, -1.11487021e-06,
       -1.11721418e-03, -5.09276485e-04, -1.55986881e-05,  4.22039963e-04,
        1.81425288e-05, -2.20370147e-04, -1.87170035e-07, -2.67037926e-05,
       -2.10829667e-05,  4.23160438e-08, -4.30100041e-06,  4.48897277e-06,
       -7.43668899e-08, -7.78540902e-07, -1.37625490e-06,  2.86552425e-07,
       -2.49717654e-09, -1.82620075e-08,  6.61055369e-07, -3.63598326e-07,
        5.64868256e-04,  1.01605469e-04,  6.58972616e-05, -5.17580508e-04,
       -6.74155077e-06,  4.64042746e-05, -2.27953615e-06,  5.64683135e-06,
        8.26583107e-06,  2.44170428e-07,  2.32300176e-06, -1.68770075e-06,
        1.14552507e-08,  1.52773747e-06, -2.93174438e-07, -1.28244625e-06,
        3.23726825e-09, -1.03635961e-08, -2.29008316e-07,  1.67015368e-07,
       -1.02167735e-05, -2.25979776e-05, -1.95640987e-05,  4.39614272e-06,
       -4.55124031e-06,  4.74254955e-06,  2.27580845e-06, -6.06506410e-06,
        1.19018276e-06, -1.17407721e-09, -6.90641190e-07,  1.71170470e-06,
       -2.14940578e-08, -9.61738192e-07,  2.43701147e-07,  6.16048073e-07,
        2.19361648e-09, -5.93007352e-09, -3.90646500e-09,  8.64208994e-08,
        3.95279339e-07, -4.79614827e-07,  4.06999781e-06,  1.28524364e-06,
        2.27673456e-06,  2.53979620e-06, -4.20978179e-07,  5.62945344e-07,
       -7.38604395e-07, -1.93896568e-07,  1.35524143e-06, -9.65138741e-07,
        2.19420177e-08,  5.34094604e-07, -2.06098147e-07, -6.39395872e-07,
        4.42719129e-10,  5.75424055e-09,  1.08956084e-08, -4.02978517e-08,
        8.46892996e-07, -1.02746736e-07, -9.33949214e-07, -2.38797741e-06,
       -4.17371317e-07, -4.55012369e-07, -9.53456565e-08,  4.74681550e-07,
        1.18581007e-06,  6.97960961e-08, -6.07566136e-07,  4.76315375e-07,
        2.55738793e-08, -3.63626019e-07,  3.11338112e-08,  3.37431851e-07,
       -5.89534189e-09, -1.57528008e-08, -2.41290843e-08,  3.36227868e-08,
        2.72104740e-07, -1.23514539e-06,  4.63735003e-07, -1.01110595e-06,
       -5.42208852e-07,  1.60049418e-06, -2.02627272e-07, -4.87327285e-07,
        8.96887278e-07,  1.48086222e-08,  5.16404704e-07, -3.66290947e-07,
       -3.02840934e-09,  2.33880322e-07, -2.29784269e-09, -1.62030486e-07,
       -1.75223395e-09,  1.46343310e-08, -9.17037141e-09,  1.99726147e-09],      dtype=float64),
                   'Phi_mn': Array([], shape=(0,), dtype=float64),
                   'Psi': Array([50.], dtype=float64),
                   'R_lmn': Array([-1.55651634e-06, -5.91573079e-07,  1.18624497e-06,  6.59601809e-07,
       -6.30702513e-07,  1.24560617e-06,  3.29371287e-07, -1.64588714e-06,
        1.00447020e-06,  2.87696448e-07,  5.07638009e-07, -6.81475052e-07,
        0.00000000e+00, -3.29371287e-07,  4.59642176e-07, -1.07555665e-07,
        0.00000000e+00, -2.87696448e-07,  1.23064504e-07,  2.74419649e-08,
       -1.19158498e-07, -1.33360952e-06, -2.78580472e-07, -1.09248820e-06,
        1.99639471e-06,  1.33945634e-07, -3.09754243e-07,  5.85012424e-07,
        1.02257602e-06, -2.95722721e-07, -1.80472194e-06,  1.17763364e-06,
        0.00000000e+00,  3.09754243e-07, -3.06431952e-07,  1.89070681e-07,
        0.00000000e+00,  2.95722721e-07, -1.91672763e-07,  2.20302474e-08,
        1.92684795e-06, -1.57172039e-06, -1.14960940e-06, -8.42102242e-07,
       -1.89005490e-06,  3.29380762e-06,  4.89048354e-07,  4.86028946e-07,
       -1.59334602e-06,  3.79977832e-07,  1.53074980e-06, -1.78295739e-06,
        0.00000000e+00, -4.89048354e-07,  6.63580454e-07,  5.08600305e-07,
        0.00000000e+00, -3.79977832e-07,  3.59305105e-07,  6.08701580e-08,
       -1.43464876e-05,  1.80674534e-05,  1.11100066e-05,  8.57832323e-06,
       -4.83825666e-07, -2.10650562e-05,  1.02555042e-06, -9.79205742e-06,
        7.93581092e-06, -7.51699008e-07,  1.07323771e-06,  3.04093106e-06,
        0.00000000e+00, -1.02555042e-06, -1.31794913e-06, -2.16764657e-06,
        0.00000000e+00,  7.51699008e-07, -5.89412041e-07, -4.33282950e-08,
       -2.57346655e-03,  1.08533397e-03,  3.03051580e-04,  2.38780791e-03,
       -7.68029378e-06, -1.10820760e-03, -1.23698740e-07, -2.95118423e-04,
        1.89732248e-04,  9.09549620e-07,  9.58737696e-06,  2.23941963e-05,
        0.00000000e+00,  1.23698740e-07, -7.93315619e-06, -4.07361090e-06,
        0.00000000e+00, -9.09549620e-07, -1.90708318e-06,  4.79433243e-07,
       -1.87718455e-03,  2.39581697e-03,  1.46759296e-04,  1.69674886e-03,
       -1.17456014e-05, -2.37868158e-03, -8.32187825e-07, -1.27083111e-04,
        1.92091400e-04, -6.33326734e-08,  1.26297203e-05, -1.51794818e-05,
        0.00000000e+00,  8.32187825e-07, -1.96761849e-05, -1.16557031e-05,
        0.00000000e+00,  6.33326734e-08, -8.84118920e-07, -1.95591380e-06,
        2.43630444e-03,  2.17107734e-03, -5.07236323e-05, -2.19484348e-03,
       -2.16969161e-05, -2.17199955e-03,  1.38750511e-06,  5.09559989e-05,
       -2.38353826e-04, -1.67734542e-08,  2.24955703e-05,  5.26183382e-07,
        0.00000000e+00, -1.38750511e-06, -2.32366657e-07, -3.10713414e-06,
        0.00000000e+00,  1.67734542e-08, -7.98654227e-07,  3.96027802e-07,
        8.47476553e-04, -7.78596938e-03,  1.93555659e-04, -1.55329294e-03,
        4.38861089e-05,  7.79340119e-03, -1.09213626e-06, -2.20825718e-04,
        6.72654809e-04, -2.46417765e-07, -4.35046820e-05, -1.34028901e-05,
        0.00000000e+00,  1.09213626e-06,  2.72700583e-05,  3.31615755e-05,
        0.00000000e+00,  2.46417765e-07, -3.81426884e-07,  5.97108129e-06,
        7.93151311e+00,  1.79439833e+00,  7.50565597e-02, -1.12746328e-02,
        6.07644854e-03, -1.17404590e-03, -6.54024062e-03,  1.12872566e-02,
       -3.52715697e-06, -4.33061104e-04,  1.12662213e-03, -4.45570094e-06,
       -2.63879608e-05, -1.36561791e-05, -2.38369990e-06,  1.47390641e-07,
       -4.17168746e-05,  4.74237700e-05,  4.45570094e-06,  0.00000000e+00,
       -3.04286275e-06,  1.03242158e-06,  5.91085687e-06, -1.47390641e-07,
        0.00000000e+00,  1.64918982e+00,  2.29801281e-03,  5.64506995e-02,
       -9.94516988e-03, -2.47273343e-03,  6.97443724e-04, -5.66571349e-03,
        9.91076694e-03,  1.71681573e-05,  2.01829498e-04, -7.34180543e-04,
        1.47346233e-06,  2.59194367e-05,  3.34340440e-05, -1.71686028e-05,
        8.38961854e-07, -2.71088703e-05,  3.67368187e-05, -1.47346233e-06,
        0.00000000e+00, -7.24150688e-07,  9.68894013e-07,  4.45447485e-10,
       -8.38961854e-07,  0.00000000e+00,  8.87002226e-03,  1.60945469e-04,
       -9.78042091e-03,  2.06798887e-03, -1.64332038e-04, -1.40879728e-04,
        9.27784995e-04, -2.05676330e-03,  2.22189391e-05, -1.87828912e-05,
        1.27493315e-04, -1.60493362e-08, -1.84532690e-05, -1.03851055e-05,
       -2.09506672e-05, -1.08497197e-06,  2.21694605e-05,  1.33864120e-05,
        1.60493362e-08,  0.00000000e+00,  1.06691802e-06, -8.40465291e-07,
       -1.26827185e-06,  1.08497197e-06,  0.00000000e+00, -7.97017429e-04,
       -3.40208591e-04,  8.93510760e-04, -4.24321386e-04,  2.78855920e-04,
        1.56740187e-04, -9.95921246e-05,  4.21913348e-04,  1.18403118e-05,
        6.62630924e-05, -1.53003755e-04,  3.34789462e-06,  3.38552463e-06,
        1.11515027e-06, -1.26116403e-05,  5.42928872e-07, -4.91042128e-06,
       -3.73643251e-06, -3.34789462e-06,  0.00000000e+00, -2.86731370e-07,
        1.29288840e-06,  7.71328527e-07, -5.42928872e-07,  0.00000000e+00,
       -1.76880289e-04,  6.08158678e-05, -4.12275924e-05,  4.12438623e-04,
       -4.27673218e-05, -4.85689919e-05,  2.16676408e-04, -4.13556572e-04,
       -1.86482682e-06, -1.40359768e-05,  5.33053140e-05, -5.59961323e-07,
        1.04936045e-06,  2.19164866e-06,  2.84939650e-06, -1.14467345e-06,
       -4.01256919e-06, -4.73632213e-06,  5.59961323e-07,  0.00000000e+00,
        3.82112707e-07, -1.07369956e-06, -9.84569676e-07,  1.14467345e-06,
        0.00000000e+00, -2.89653035e-07,  2.04931557e-06, -2.47930692e-06,
       -3.60658222e-06,  4.09007005e-06, -1.09536581e-05,  7.66852106e-07,
       -4.64431623e-06,  1.02273874e-06, -5.23417931e-06,  1.18241572e-05,
        1.21082635e-07,  2.59759144e-06,  8.31324267e-06, -1.46430851e-06,
        7.62308104e-07, -9.05206313e-07, -8.70499059e-07, -1.21082635e-07,
        0.00000000e+00, -5.95483595e-07, -6.23442167e-08,  4.41569768e-07,
       -7.62308104e-07,  0.00000000e+00, -2.16863476e-07,  2.40306090e-06,
        6.05161107e-07, -1.85972400e-06, -1.85356515e-06,  3.19538898e-06,
       -1.83856134e-07,  4.31246366e-06,  9.67931767e-07, -2.76165059e-06,
       -3.62731045e-06, -8.37741448e-07, -5.62494573e-07, -2.32132807e-06,
       -8.31229263e-07, -3.66750526e-07,  2.21215484e-06,  4.31921461e-07,
        8.37741448e-07,  0.00000000e+00,  3.58053076e-07, -1.31411589e-07,
       -1.36702504e-07,  3.66750526e-07,  0.00000000e+00, -2.16670032e-06,
        3.60502966e-06,  1.87052018e-06, -1.27509284e-06, -4.29793367e-06,
        8.46122925e-08,  2.26576326e-06,  1.87063152e-06, -6.58134365e-07,
       -4.38280649e-08, -8.95365787e-07,  4.12649399e-07, -1.86555646e-06,
       -9.41135476e-07,  3.70801865e-07,  2.33428336e-07,  7.36732074e-07,
        8.10753495e-07, -4.12649399e-07,  0.00000000e+00, -1.04026660e-07,
        3.45596796e-07,  2.87332500e-07, -2.33428336e-07,  0.00000000e+00,
       -7.74800829e-07,  2.17145665e-06,  7.16666914e-07, -8.36551652e-07,
       -2.54466262e-06, -3.92682452e-07,  6.78311171e-07,  8.61037078e-07,
        7.70447518e-07,  9.08455973e-08,  8.38816153e-07, -4.17899356e-07,
       -7.08732666e-07, -1.78580663e-08, -7.44814642e-07, -2.17470644e-07,
        2.82360376e-07, -4.46133701e-07,  4.17899356e-07,  0.00000000e+00,
        8.85554106e-08, -6.62736017e-09, -2.56328756e-08,  2.17470644e-07,
        0.00000000e+00], dtype=float64),
                   'Ra_n': Array([ 7.84993966e+00,  1.58704676e+00,  1.95977484e-02, -1.79379257e-03,
        8.03564639e-05, -2.36569049e-07, -8.53330689e-08, -9.92743333e-09,
       -1.58684961e-08], dtype=float64),
                   'Rb_lmn': Array([0. , 0. , 0. , 0. , 0. , 0. , 0. , 0. , 0. , 0. , 0. , 0. , 0. ,
       0. , 0. , 0. , 0. , 0. , 0. , 0. , 0. , 0. , 0. , 0. , 0. , 0. ,
       0. , 0. , 0. , 0. , 0. , 0. , 0. , 0. , 0. , 0. , 0. , 0. , 0. ,
       0. , 0. , 0. , 0. , 0. , 0. , 0. , 0. , 0. , 0. , 0. , 0. , 0. ,
       0. , 0. , 0. , 0. , 0. , 0. , 0. , 0. , 0. , 0. , 0. , 0. , 8. ,
       1.8, 0. , 0. , 0. , 0. , 0. , 0. , 0. , 1.7, 0. , 0. , 0. , 0. ,
       0. , 0. , 0. , 0. , 0. , 0. , 0. , 0. , 0. , 0. , 0. , 0. , 0. ,
       0. , 0. , 0. , 0. , 0. , 0. , 0. , 0. , 0. , 0. , 0. , 0. , 0. ,
       0. , 0. , 0. , 0. , 0. , 0. , 0. , 0. , 0. , 0. , 0. , 0. , 0. ,
       0. , 0. , 0. , 0. , 0. , 0. , 0. , 0. , 0. , 0. , 0. , 0. , 0. ,
       0. , 0. , 0. , 0. , 0. , 0. , 0. , 0. , 0. , 0. , 0. , 0. , 0. ,
       0. , 0. ], dtype=float64),
                   'Te_l': Array([], shape=(0,), dtype=float64),
                   'Ti_l': Array([], shape=(0,), dtype=float64),
                   'Z_lmn': Array([-1.88323651e-07,  6.43773266e-07,  1.69967874e-07, -1.04650011e-06,
       -4.31211794e-07,  1.98109105e-06,  1.42550093e-07,  1.53599063e-06,
        1.22997958e-07, -1.46424726e-07, -2.06962181e-06,  3.63902117e-07,
       -1.63315526e-07, -5.15640973e-07, -1.79290218e-09,  2.63585912e-07,
       -6.61367452e-08,  8.85307640e-08, -3.63902117e-07,  0.00000000e+00,
        3.91212093e-08,  2.61504508e-08, -1.21205056e-07, -2.63585912e-07,
        0.00000000e+00,  1.10083016e-07, -1.94512107e-06, -4.04742627e-07,
        1.47126557e-06,  5.18891060e-07, -1.30099924e-06, -7.72016604e-08,
       -1.31354226e-06,  1.27339118e-06,  1.59600836e-06,  1.42504947e-06,
       -2.76167674e-07,  4.07307763e-07, -6.89221801e-08, -1.25567236e-06,
       -3.06997388e-07, -1.69778358e-07, -1.24050226e-07,  2.76167674e-07,
        0.00000000e+00, -3.54464917e-08, -8.88011262e-08, -1.77188205e-08,
        3.06997388e-07,  0.00000000e+00,  6.61587953e-07, -1.77077289e-06,
       -2.24556797e-08, -1.56961382e-06,  2.79575790e-06,  1.55664522e-06,
       -7.54752307e-07,  2.17461840e-06, -1.18726038e-06, -8.42059275e-07,
       -1.80509498e-06,  4.45191442e-07,  7.31568913e-08, -6.27698030e-07,
        1.08405945e-06,  3.91009859e-07, -1.82925740e-07,  2.48449757e-07,
       -4.45191442e-07,  0.00000000e+00,  4.24631424e-08,  2.26934433e-08,
        1.03200929e-07, -3.91009859e-07,  0.00000000e+00, -8.74789247e-06,
        1.56381868e-05,  3.16679650e-06, -2.70330007e-06, -1.28707664e-05,
        1.05607781e-05,  9.14977184e-06, -1.73222275e-06, -1.29305515e-06,
       -4.00544436e-06, -8.31774803e-06,  9.30306983e-07, -3.22433542e-06,
        3.88362564e-06,  1.21138431e-06, -7.57328637e-07,  1.23802394e-06,
       -2.24303011e-06, -9.30306983e-07,  0.00000000e+00, -3.44340445e-07,
        5.51897179e-07,  8.16708402e-08,  7.57328637e-07,  0.00000000e+00,
        7.59716150e-04, -1.92239334e-03, -2.49100550e-05,  1.13588206e-03,
        2.04789102e-03,  2.96317746e-04, -7.22532906e-04, -1.15551023e-03,
       -5.59548620e-06, -1.31528974e-04, -2.89198746e-04, -2.39763154e-07,
       -1.18934463e-05,  1.69007621e-05,  7.92207591e-06,  8.99161463e-07,
        6.03129759e-06, -7.11899965e-06,  2.39763153e-07,  0.00000000e+00,
       -3.79742783e-07,  2.72740625e-06, -2.32658971e-06, -8.99161463e-07,
        0.00000000e+00,  5.42139715e-04, -2.01822540e-03,  8.92520709e-04,
        2.32569255e-03,  2.02811119e-03,  1.61025002e-04, -1.41395365e-03,
       -2.32565376e-03, -1.43674305e-05, -2.10059212e-05, -1.40955350e-04,
       -8.28660050e-07, -2.02403856e-05, -1.38164359e-06,  1.46913700e-05,
       -1.43180821e-07,  1.11201312e-05, -2.00696523e-05,  8.28660050e-07,
        0.00000000e+00, -4.66384068e-07,  1.34285484e-06, -3.23939454e-07,
        1.43180821e-07,  0.00000000e+00,  1.19590321e-02,  2.47469453e-03,
       -1.00676761e-02,  2.22382700e-03, -2.36510924e-03, -7.73091178e-05,
       -1.91023482e-03, -2.21944072e-03, -1.67896331e-05, -1.14366381e-04,
        7.37327732e-05, -2.52864202e-07,  1.82970849e-05, -5.59648674e-06,
        1.86522747e-05,  1.92302050e-07,  4.78108533e-06,  3.57634462e-06,
        2.52864202e-07,  0.00000000e+00,  5.81684026e-07,  1.21021219e-06,
       -1.86264158e-06, -1.92302050e-07,  0.00000000e+00,  1.62791442e+00,
        5.91149753e-03,  6.59449860e-02, -8.13857988e-03, -6.29397437e-03,
        2.45955962e-04,  6.09157133e-03,  8.17210244e-03,  3.80246221e-05,
        4.12256193e-04, -2.80722710e-04, -2.31478662e-06,  5.33204026e-05,
       -3.56230455e-05, -4.20060425e-05, -3.60164160e-07, -2.97793501e-05,
        3.47667477e-05,  2.31478662e-06,  0.00000000e+00, -4.29557413e-06,
        2.10047778e-06,  3.98142045e-06,  3.60164160e-07,  0.00000000e+00,
       -1.79012345e+00,  1.12388780e-02,  1.19282569e-03, -9.05010823e-03,
        6.73763237e-06, -1.12274511e-02,  4.23914442e-06, -1.15735460e-03,
       -8.90165428e-04, -4.45215448e-07, -5.35724121e-06, -1.85338427e-05,
        0.00000000e+00, -4.23914442e-06, -3.54710943e-05,  6.37219778e-05,
        0.00000000e+00,  4.45215448e-07, -1.38039116e-06,  7.10696459e-06,
        1.27164582e-03,  9.50072145e-03, -6.51773386e-04, -1.57932913e-03,
       -2.59810453e-05, -9.48366068e-03, -2.06222901e-06,  6.88827477e-04,
        2.30612230e-04, -3.20868480e-07,  2.67098839e-05, -1.76454851e-05,
        0.00000000e+00,  2.06222901e-06, -3.70540905e-05,  7.70710824e-05,
        0.00000000e+00,  3.20868480e-07, -7.28838626e-07,  5.84709532e-07,
        2.16680710e-04, -2.01216107e-03,  1.10229753e-04, -1.47656339e-04,
       -1.49485650e-05,  1.99755011e-03, -2.03624961e-06, -1.02382032e-04,
       -6.60037896e-05,  8.34240875e-07,  1.36651467e-05,  1.77259075e-05,
        0.00000000e+00,  2.03624961e-06, -7.84772040e-06, -3.02058129e-06,
        0.00000000e+00, -8.34240875e-07,  1.28341833e-06, -3.11494906e-06,
       -4.38527923e-04,  3.53155718e-04, -1.47615273e-04,  3.63411499e-04,
       -1.55620059e-05, -3.73373407e-04, -3.24330838e-06,  1.43082379e-04,
        8.02407416e-05, -4.51011151e-07,  1.58525913e-05,  1.98673218e-05,
        0.00000000e+00,  3.24330838e-06,  4.53289423e-06, -5.12431820e-06,
        0.00000000e+00,  4.51011151e-07, -2.90585359e-07,  3.50367378e-07,
        1.01741443e-04, -3.57552158e-04,  4.30795256e-05, -7.98082156e-05,
        4.38549125e-06,  3.67404039e-04,  4.75469592e-07, -4.82191805e-05,
       -2.35589985e-05,  1.09158892e-06, -4.84746320e-06, -1.00264476e-05,
        0.00000000e+00, -4.75469592e-07,  5.13965489e-06,  1.62577093e-06,
        0.00000000e+00, -1.09158892e-06,  4.61971941e-07,  1.74567152e-07,
        8.03944274e-06, -2.15698353e-05,  8.58376768e-06, -1.01529686e-05,
       -1.84244725e-06,  2.84182761e-05, -2.28505706e-07, -9.37479047e-06,
        3.42475578e-06, -7.68591526e-07,  1.62307108e-06, -6.51424090e-06,
        0.00000000e+00,  2.28505706e-07,  7.91022797e-07, -1.31122991e-06,
        0.00000000e+00,  7.68591526e-07,  2.19376166e-07, -3.34199967e-07,
        6.96425064e-07,  4.98566385e-06,  1.60487385e-07, -1.42895208e-06,
       -2.86698366e-07, -7.74031660e-06,  7.97800046e-07,  9.13770886e-07,
        6.52971703e-07,  3.80302077e-07,  3.90424680e-07,  2.31425456e-06,
        0.00000000e+00, -7.97800046e-07, -1.07425827e-06,  7.95553131e-08,
        0.00000000e+00, -3.80302077e-07, -1.03726314e-07,  4.40398195e-07,
       -3.34389859e-06,  2.95198970e-06, -1.19630776e-06,  4.60644113e-06,
        6.03799563e-08, -3.26597187e-06, -3.79196307e-07,  1.71547647e-06,
       -4.93427825e-07, -2.46696524e-07,  8.97063756e-08,  4.45135357e-07,
        0.00000000e+00,  3.79196307e-07, -5.19168712e-07, -7.69114715e-07,
        0.00000000e+00,  2.46696524e-07, -1.50086332e-07, -1.31153185e-07,
       -5.99766131e-07,  4.42691197e-07,  1.36480228e-06,  1.45342229e-06,
       -1.51903993e-07, -7.68315810e-07,  4.51381645e-07, -1.38366453e-06,
       -8.14099254e-07,  1.94661845e-07,  3.29389728e-07,  2.46484981e-07,
        0.00000000e+00, -4.51381645e-07,  1.88622515e-08, -3.95569078e-08,
        0.00000000e+00, -1.94661845e-07, -1.77485735e-07,  7.91396316e-08],      dtype=float64),
                   'Za_n': Array([-1.33046963e-08, -5.13027180e-09, -1.01402423e-07,  1.15077849e-07,
        7.36070027e-05, -1.74456065e-03,  2.00987579e-02,  1.56800339e+00],      dtype=float64),
                   'Zb_lmn': Array([ 0. ,  0. ,  0. ,  0. ,  0. ,  0. ,  0. ,  0. ,  0. ,  0. ,  0. ,
        0. ,  0. ,  0. ,  0. ,  0. ,  0. ,  0. ,  0. ,  0. ,  0. ,  0. ,
        0. ,  0. ,  0. ,  0. ,  0. ,  0. ,  0. ,  0. ,  0. ,  0. ,  0. ,
        0. ,  0. ,  0. ,  0. ,  0. ,  0. ,  0. ,  0. ,  0. ,  0. ,  0. ,
        0. ,  0. ,  0. ,  0. ,  0. ,  0. ,  0. ,  0. ,  0. ,  0. ,  0. ,
        0. ,  0. ,  0. ,  0. ,  0. ,  0. ,  0. ,  0. ,  1.7,  0. ,  0. ,
        0. ,  0. ,  0. ,  0. ,  0. ,  0. ,  0. ,  0. ,  0. ,  0. ,  0. ,
        0. ,  0. , -1.8,  0. ,  0. ,  0. ,  0. ,  0. ,  0. ,  0. ,  0. ,
        0. ,  0. ,  0. ,  0. ,  0. ,  0. ,  0. ,  0. ,  0. ,  0. ,  0. ,
        0. ,  0. ,  0. ,  0. ,  0. ,  0. ,  0. ,  0. ,  0. ,  0. ,  0. ,
        0. ,  0. ,  0. ,  0. ,  0. ,  0. ,  0. ,  0. ,  0. ,  0. ,  0. ,
        0. ,  0. ,  0. ,  0. ,  0. ,  0. ,  0. ,  0. ,  0. ,  0. ,  0. ,
        0. ,  0. ,  0. ,  0. ,  0. ,  0. ,  0. ,  0. ,  0. ,  0. ,  0. ,
        0. ], dtype=float64),
                   'Zeff_l': Array([], shape=(0,), dtype=float64),
                   'a_lmn': Array([], shape=(0,), dtype=float64),
                   'c_l': Array([0., 0., 0., 0., 0.], dtype=float64),
                   'i_l': Array([], shape=(0,), dtype=float64),
                   'ne_l': Array([], shape=(0,), dtype=float64),
                   'ni_l': Array([], shape=(0,), dtype=float64),
                   'p_l': Array([0., 0., 0., 0., 0.], dtype=float64)}],
               [ { 'G': Array([], shape=(0,), dtype=float64),
                   'I': Array([], shape=(0,), dtype=float64),
                   'L_lmn': Array([ 3.43367580e-07,  3.28129832e-07, -3.20623221e-07, -5.32075654e-07,
       -4.94046056e-07, -6.36647735e-07,  1.05818714e-07,  5.76312374e-07,
       -5.01680599e-07,  2.35376132e-07,  6.50752634e-07, -2.88207367e-07,
       -1.33260175e-07, -4.19552075e-08,  4.82830528e-07,  1.58788153e-08,
       -6.70071783e-08, -3.45036806e-08,  3.12783872e-07, -1.70783674e-09,
       -2.22131310e-09,  3.28555198e-09, -1.48888989e-08,  1.11543422e-08,
       -8.06239141e-10, -2.11188192e-07, -7.04405658e-08,  3.70977572e-07,
        8.81132014e-07, -1.15993146e-06, -1.82473063e-06, -3.60361556e-07,
       -1.10481837e-06, -3.71859207e-07,  1.12245667e-06,  1.24786878e-06,
       -2.90132354e-08,  1.80714373e-07,  1.59124352e-07, -6.66466767e-07,
        5.72325051e-08,  1.06811080e-07,  1.48116594e-07, -4.26329613e-07,
        1.92786126e-08,  1.11596403e-08,  2.66477618e-08,  3.75006118e-08,
       -3.73517870e-09, -4.14444326e-09,  5.20060682e-07,  2.93732649e-06,
       -1.14063376e-06,  2.80902764e-06, -2.30986038e-06,  5.06573356e-06,
        7.04101082e-07, -2.39932650e-06,  2.19913680e-06, -4.65329639e-07,
       -2.01457552e-07, -5.92498619e-09,  1.08480410e-07,  7.08976347e-07,
        1.51158344e-06, -1.66147172e-07, -8.06481382e-08, -5.41841871e-07,
        1.60013458e-07,  1.02487578e-08, -1.50182166e-08, -1.70672197e-08,
       -1.12113939e-07,  1.32799328e-09,  1.60976389e-09,  4.08685830e-06,
       -3.50857581e-06,  9.20503080e-07, -2.63716486e-05,  1.02699284e-05,
       -1.59016238e-05, -6.22950830e-06,  9.50746804e-06, -7.47233128e-06,
       -8.34426664e-06, -9.74525363e-06,  1.88589498e-06,  3.89027174e-08,
        3.64791248e-07,  1.92313009e-06,  2.81652505e-08, -3.62482781e-07,
        4.45969503e-07, -7.19983189e-07, -1.80480944e-08,  7.08714424e-08,
        7.92862892e-08,  8.79085989e-08, -3.22729700e-09, -3.89046975e-10,
        9.13689883e-04, -3.08198295e-04, -9.57407653e-04, -2.52814303e-04,
        3.48213001e-04,  8.53788688e-05,  5.05312687e-05,  4.07332472e-04,
       -3.73459321e-06, -4.80266157e-06, -1.13544532e-05, -1.60219391e-06,
        1.06916715e-06,  1.37696836e-06,  2.64175003e-07,  2.05382317e-07,
        1.52164321e-07, -5.01067991e-07,  5.97966465e-07, -2.13385036e-08,
       -2.51859515e-07, -2.77031753e-07, -2.63195219e-07, -9.83483512e-09,
        9.84435172e-09,  9.43396136e-04, -9.48566208e-04, -7.77352664e-04,
       -8.42195068e-04,  3.95315179e-04, -3.18232925e-05, -9.18416949e-05,
        6.14148893e-05,  1.30742680e-05,  9.32347532e-06, -1.15593243e-05,
       -4.37832241e-07, -3.57013579e-07,  1.06139785e-06, -1.54816474e-06,
        1.14408975e-07,  1.49117412e-08,  4.61101626e-07,  1.10795428e-07,
       -5.12253015e-09,  3.93951120e-07,  6.47619839e-07,  5.23871611e-08,
       -1.76635378e-08, -1.36274867e-08, -5.40514277e-03,  2.48840031e-03,
        1.03131638e-04,  1.81966595e-03,  3.36265973e-03, -3.10168815e-05,
        1.03405159e-04, -2.97725031e-04, -1.07852900e-05, -3.50352452e-05,
        2.92377306e-08,  2.20822828e-06,  4.04422276e-06,  9.72392999e-06,
        2.87837110e-06,  2.48354045e-07, -2.36198542e-06, -4.48915167e-06,
       -3.67343731e-07, -3.25464651e-08, -9.58062156e-07, -1.00585406e-06,
        3.04996883e-07,  1.35833590e-08,  2.31992972e-08,  1.62238149e-01,
       -1.37991462e-02,  1.54062401e-03, -2.31787544e-03, -1.17228493e-02,
        6.08935114e-04, -6.03258053e-04, -7.50834864e-04, -6.27861029e-05,
        1.65429269e-04,  1.04793307e-04,  1.50100234e-05, -3.65531450e-05,
       -3.40523733e-05, -6.60936939e-06, -1.24569641e-07, -7.06260626e-07,
        4.95630163e-06,  1.14054543e-06, -6.22730082e-08,  6.26404246e-06,
        2.51862829e-06,  4.62886395e-07, -1.76611496e-07,  1.72927905e-09,
        3.56683031e-03, -5.17317656e-03,  1.75441498e-04,  1.84761277e-02,
       -3.86430148e-05,  1.07737923e-03,  1.09929826e-05,  7.83224958e-05,
        1.18629512e-04,  5.59032568e-07,  1.74687155e-05,  2.45083242e-05,
        2.09803816e-07,  2.29867702e-06,  3.25694736e-06,  8.97512607e-06,
       -2.33937439e-09, -2.10915165e-07, -1.87618512e-06, -3.99897671e-07,
       -4.60563454e-02, -3.24864586e-04,  4.85609072e-04,  1.18791041e-02,
       -4.42051042e-05, -6.85980551e-04,  7.06539142e-06, -5.10120542e-05,
       -4.62835989e-05,  1.90035192e-07, -5.07276474e-07,  1.78980395e-05,
       -5.52360602e-07, -3.45976351e-06, -1.19223632e-05, -2.06516953e-06,
        1.52749268e-08,  2.62848361e-08,  1.57595367e-06,  2.54015738e-06,
        9.49570291e-03,  6.25352204e-04,  9.16732892e-07, -2.27912859e-03,
       -1.19471470e-05,  5.59523712e-04,  2.75820089e-06,  1.99047582e-05,
        2.29336137e-05,  2.59244346e-07, -2.56599720e-06, -1.43646394e-05,
        2.70896735e-07,  1.95303057e-06,  3.23627115e-06,  4.08873007e-07,
        7.41027703e-09, -6.50256965e-08, -4.64944620e-07, -5.79526395e-07,
       -1.53970200e-03, -7.34061341e-04, -4.02573341e-05,  8.24700527e-04,
        1.44680925e-05, -5.06970934e-06,  8.70980400e-08, -1.03043001e-05,
       -1.32531782e-05,  6.37367995e-08, -1.61077837e-06,  8.78660094e-06,
       -1.17662414e-07, -1.02983868e-06, -1.84768964e-06,  1.54018716e-07,
       -6.68112953e-09, -6.62596001e-09,  2.78872734e-07, -1.60583623e-07,
        9.78489994e-04,  7.94456655e-05,  7.58583884e-05, -9.24502617e-04,
       -5.82580142e-06,  7.41596427e-05, -1.87876820e-06, -1.26573542e-06,
        1.91197383e-06,  1.94680740e-07,  2.08285387e-06, -3.28820752e-06,
        1.20860331e-08,  9.23122335e-07,  1.48381537e-07, -6.73518572e-07,
        8.03946989e-09, -5.08775272e-10, -1.10935380e-07,  5.73281901e-08,
        4.08330050e-06, -2.50387875e-05, -1.14596193e-05, -4.15507458e-06,
       -5.46966383e-06,  8.92314529e-06,  1.80900839e-06, -1.43406894e-05,
       -4.04776291e-06,  2.48053269e-08, -1.48405100e-08,  3.36612251e-07,
       -2.85557992e-08, -6.56631385e-07,  5.18823737e-07,  2.52914092e-07,
        8.01150788e-10, -5.37384094e-09,  2.30084736e-08,  4.86996306e-08,
       -2.99058485e-06,  1.35628125e-06,  5.55088012e-07,  2.09357008e-06,
        2.04875587e-06, -1.46186488e-06,  3.01621687e-09,  4.13698275e-06,
        1.31184878e-06, -1.66900701e-07,  1.61823062e-06,  1.12862323e-06,
        1.27214200e-08,  1.63621992e-07, -3.06230453e-07, -1.49878974e-07,
        1.38248722e-09,  1.48163988e-09,  2.33823919e-09, -2.51129222e-08,
        3.88531129e-07,  2.10583385e-07, -7.41658935e-07, -4.68023233e-07,
       -5.10560268e-07, -1.30935335e-07, -1.59498362e-07,  1.42318550e-07,
        1.90238042e-08,  5.75188715e-08, -5.09794017e-07, -1.32981471e-07,
        1.89971007e-08, -3.01171665e-07,  1.70986297e-07,  4.87990415e-08,
       -4.06488873e-09, -3.65571715e-09, -1.11530599e-08,  1.73340735e-08,
        7.49770615e-07, -4.91564649e-07, -3.45316169e-07, -9.37647902e-07,
       -4.65336207e-07,  5.30374287e-07, -2.40377359e-07,  4.43666510e-07,
        2.13496334e-07,  1.57562280e-08,  4.43603189e-07, -4.22882601e-08,
       -1.16339201e-09,  2.68013898e-07, -1.20620297e-07, -2.18645191e-08,
       -9.21825104e-10,  1.07441447e-08, -1.11170724e-08,  1.42215481e-08],      dtype=float64),
                   'Phi_mn': Array([], shape=(0,), dtype=float64),
                   'Psi': Array([50.], dtype=float64),
                   'R_lmn': Array([-6.95603318e-07, -9.18508569e-07, -1.70672679e-08,  4.22909018e-07,
        1.60360441e-07,  9.74243423e-07,  3.89304187e-07, -2.52638291e-07,
        1.31499319e-07,  2.81697906e-07, -3.48164093e-07, -8.97662401e-08,
        0.00000000e+00, -3.89304187e-07,  2.69705559e-07,  1.41194981e-07,
        0.00000000e+00, -2.81697906e-07,  1.87803652e-07,  3.40313860e-08,
        9.61133606e-07, -4.31136842e-07, -1.50471435e-07, -6.85245736e-07,
        1.40941473e-06,  7.51036858e-07, -3.50986349e-07,  3.57961391e-07,
       -1.57261633e-07, -2.83101962e-07, -1.16711414e-06, -2.95029849e-07,
        0.00000000e+00,  3.50986349e-07, -2.07489956e-07, -1.18626236e-07,
        0.00000000e+00,  2.83101962e-07, -2.42300591e-07, -2.48701672e-08,
        5.22003076e-07, -2.95831969e-06, -2.16711667e-06, -5.62994950e-07,
       -1.09165069e-06,  2.90109792e-06,  7.59798084e-07,  1.80572508e-06,
       -4.42742923e-07,  1.04065313e-07,  6.53568148e-07,  1.69540435e-07,
        0.00000000e+00, -7.59798084e-07,  3.61391595e-07,  4.83734796e-07,
        0.00000000e+00, -1.04065313e-07,  4.38082542e-07, -1.12318662e-07,
       -7.76011802e-06,  1.46776469e-05,  4.17081588e-06,  4.58219729e-06,
       -4.65947428e-06, -1.75060013e-05,  1.92670739e-06, -2.61110786e-06,
        4.13799207e-06, -6.17436328e-07,  5.48264851e-06,  2.69305558e-06,
        0.00000000e+00, -1.92670739e-06, -1.55970802e-06, -9.60071343e-07,
        0.00000000e+00,  6.17436328e-07, -8.23174234e-07,  1.35298815e-07,
       -1.36731048e-03,  2.00838507e-04,  2.88706679e-04,  1.25824228e-03,
       -1.72976377e-05, -2.09644600e-04, -1.14765477e-08, -2.92365057e-04,
        1.02314378e-04,  4.18685370e-07,  1.35939479e-05,  6.40939941e-06,
        0.00000000e+00,  1.14765477e-08,  5.28785658e-07, -4.81932669e-08,
        0.00000000e+00, -4.18685370e-07, -4.99759296e-07, -1.90047381e-07,
       -8.42053569e-04,  3.82017814e-04,  5.98689176e-05,  7.49692368e-04,
        3.47077112e-06, -3.51444104e-04, -7.36955427e-07, -4.44552918e-05,
        9.79815595e-05, -4.76723686e-08, -6.31668124e-07, -9.21622441e-06,
        0.00000000e+00,  7.36955427e-07, -7.29891609e-06, -2.31491348e-06,
        0.00000000e+00,  4.76723686e-08, -2.12908168e-09,  3.81195329e-07,
        5.38861451e-04,  1.93200196e-03, -1.49696797e-04, -2.30325151e-04,
       -6.95112203e-05, -2.12602288e-03,  2.17772396e-06,  2.44883575e-04,
       -1.49862311e-04,  1.16206542e-07,  7.26979584e-06,  6.89496344e-06,
        0.00000000e+00, -2.17772396e-06,  6.67995749e-06,  2.69382899e-06,
        0.00000000e+00, -1.16206542e-07,  5.68148955e-07,  7.36055735e-08,
        9.34882423e-04, -8.36768979e-03,  3.45100601e-04, -4.72820629e-04,
       -9.40458200e-05,  8.73893183e-03, -1.33102402e-06,  1.29497878e-04,
        4.81372030e-04, -3.07021225e-07, -3.52105802e-05, -2.24518455e-05,
        0.00000000e+00,  1.33102402e-06,  2.28074328e-05,  2.62384424e-05,
        0.00000000e+00,  3.07021225e-07,  6.41620844e-07,  5.18491130e-06,
        7.92850938e+00,  1.80070087e+00,  7.58153494e-02, -7.09051135e-03,
        5.95965023e-03, -8.09162358e-04, -4.32774395e-03,  7.71905455e-03,
       -1.99205882e-04, -4.37971794e-04,  1.15286085e-03, -5.34150120e-06,
        4.87418188e-06,  7.18870120e-07,  2.07645652e-05,  6.80797303e-07,
       -2.79829022e-05,  2.74020578e-05,  5.34150120e-06,  0.00000000e+00,
       -1.86161441e-06,  5.79180505e-07,  4.51289217e-06, -6.80797303e-07,
        0.00000000e+00,  1.64711853e+00,  2.33036728e-03,  5.70106256e-02,
       -8.82368510e-03, -2.41954097e-03,  1.87499962e-05, -4.62295989e-03,
        8.36265725e-03,  1.48154353e-04,  5.70037469e-05, -4.59054102e-04,
       -1.88116848e-06,  3.67065913e-05,  1.66778147e-05, -2.82777281e-05,
        9.42990392e-07, -1.43321220e-05,  2.43570703e-05,  1.88116848e-06,
        0.00000000e+00, -1.45596903e-06,  8.33333247e-07,  1.02610943e-06,
       -9.42990392e-07,  0.00000000e+00,  9.22315441e-03,  3.33615692e-04,
       -9.85943006e-03,  2.00153412e-03, -2.13862425e-04, -5.18259643e-04,
        7.43134701e-04, -1.81155181e-03,  8.44012171e-05, -1.47498442e-04,
        3.92517035e-04, -2.13560766e-06, -1.00165505e-05, -1.42183868e-05,
       -1.52865847e-05, -8.09909740e-07,  1.86582147e-05,  1.20819223e-05,
        2.13560766e-06,  0.00000000e+00,  6.81920272e-07, -5.71767363e-07,
       -1.97743499e-08,  8.09909740e-07,  0.00000000e+00, -6.22167747e-04,
       -2.15693090e-04,  8.88077063e-04, -6.91650282e-04,  2.40741663e-04,
       -1.32920204e-05, -2.81371805e-04,  6.62841643e-04,  2.53551042e-07,
       -1.44646198e-05,  8.35639591e-06,  1.52631728e-06,  2.81498004e-06,
        5.86387697e-06, -2.21353310e-06,  6.37611155e-07, -9.40994539e-06,
       -3.30724189e-06, -1.52631728e-06,  0.00000000e+00, -2.58255405e-07,
        1.77719531e-06,  1.98856040e-06, -6.37611155e-07,  0.00000000e+00,
       -3.62500017e-04,  8.39734531e-05, -4.04915254e-05,  6.77769020e-04,
       -5.94162339e-05, -5.30664100e-05,  4.01779336e-04, -6.72244241e-04,
        1.05509973e-05, -2.53599589e-05,  5.77214608e-05, -1.31810777e-06,
        1.67510145e-06, -2.61252684e-06, -4.07453445e-06, -6.74589032e-07,
        1.62959988e-06, -1.67609209e-06,  1.31810777e-06,  0.00000000e+00,
        2.89355796e-07, -6.91314883e-07, -9.65427886e-07,  6.74589032e-07,
        0.00000000e+00, -6.91121561e-06,  4.97294139e-06, -2.63823921e-06,
       -7.19468666e-06, -2.13196123e-06, -7.58579045e-06,  7.16154284e-06,
        2.67932777e-06,  6.82154761e-06, -3.20068283e-06,  9.14841924e-06,
       -4.83035082e-07,  2.87930718e-06,  5.02888266e-06, -7.06285189e-06,
        5.69247454e-07,  3.59702664e-07, -1.56262879e-06,  4.83035082e-07,
        0.00000000e+00, -4.91395195e-07, -5.13523774e-07,  2.41304278e-07,
       -5.69247454e-07,  0.00000000e+00,  1.45290365e-06, -8.87020626e-07,
        9.94570022e-07,  3.00090098e-07,  1.27080074e-06,  2.15686018e-06,
       -1.61630022e-06,  9.05597495e-07, -2.24117986e-06, -6.41884155e-08,
       -2.85673152e-06, -8.72343159e-07, -9.61498707e-07, -1.32303358e-06,
        2.47068347e-06, -1.14752094e-07, -3.19591703e-07,  6.99871344e-07,
        8.72343159e-07,  0.00000000e+00,  1.30325255e-07,  1.17345989e-07,
       -2.29503606e-07,  1.14752094e-07,  0.00000000e+00, -2.16110731e-07,
        4.10886461e-07,  1.32573334e-07,  1.45217665e-07, -7.37816305e-07,
       -3.22623879e-07,  2.26230344e-07,  1.67734072e-08, -5.09147808e-07,
        2.49408486e-07,  3.98231594e-07,  2.57470615e-07, -1.37744429e-07,
       -1.53121203e-07,  2.90027377e-07,  1.89034440e-07,  7.75213578e-08,
       -7.56077146e-08, -2.57470615e-07,  0.00000000e+00, -4.94851786e-09,
       -8.86986981e-09,  2.19120431e-07, -1.89034440e-07,  0.00000000e+00,
       -4.14026809e-07,  4.24195018e-07,  1.18186488e-07,  7.24729871e-07,
       -4.61127138e-07,  7.07291762e-08,  3.93482996e-07, -7.15689122e-07,
        9.02436831e-08,  8.41364632e-08,  1.67171545e-07, -3.62901138e-07,
       -1.18952368e-07, -4.52593033e-08,  9.85690533e-08, -2.45650528e-07,
       -4.72043428e-08, -2.37900722e-07,  3.62901138e-07,  0.00000000e+00,
        2.13096924e-08,  3.62185536e-08, -1.88812736e-07,  2.45650528e-07,
        0.00000000e+00], dtype=float64),
                   'Ra_n': Array([ 7.84835955e+00,  1.58544678e+00,  1.98364176e-02, -1.79468985e-03,
        7.83850983e-05, -4.82135940e-07, -6.61426303e-08,  1.03421888e-08,
        1.53175996e-09], dtype=float64),
                   'Rb_lmn': Array([ 0.00000000e+00,  0.00000000e+00,  0.00000000e+00,  0.00000000e+00,
        0.00000000e+00,  0.00000000e+00,  0.00000000e+00,  0.00000000e+00,
        0.00000000e+00,  0.00000000e+00,  0.00000000e+00,  0.00000000e+00,
        0.00000000e+00,  0.00000000e+00,  0.00000000e+00,  0.00000000e+00,
        0.00000000e+00,  0.00000000e+00,  0.00000000e+00,  0.00000000e+00,
        0.00000000e+00,  0.00000000e+00,  0.00000000e+00,  0.00000000e+00,
        0.00000000e+00,  0.00000000e+00,  0.00000000e+00,  0.00000000e+00,
        0.00000000e+00,  0.00000000e+00,  0.00000000e+00,  0.00000000e+00,
        0.00000000e+00,  0.00000000e+00,  0.00000000e+00,  0.00000000e+00,
       -4.20344910e-06, -3.12959241e-06, -2.58674168e-06, -6.80201204e-06,
        0.00000000e+00,  0.00000000e+00,  0.00000000e+00,  0.00000000e+00,
        2.83697391e-06,  8.11470965e-06,  2.17386807e-05,  3.30544517e-06,
        0.00000000e+00,  0.00000000e+00,  0.00000000e+00,  0.00000000e+00,
       -6.16732755e-05,  1.01866736e-04, -1.87052360e-04,  1.61367818e-04,
        0.00000000e+00,  0.00000000e+00,  0.00000000e+00,  0.00000000e+00,
       -1.28614779e-04,  4.97405911e-04,  3.53975101e-04,  9.69672266e-04,
        8.00000000e+00,  1.80619457e+00,  6.29841253e-04,  3.71100547e-04,
       -1.73928425e-04,  0.00000000e+00,  0.00000000e+00,  0.00000000e+00,
        0.00000000e+00,  1.69954145e+00, -4.65020622e-05, -4.43516702e-04,
       -4.15947036e-04,  1.20902734e-04,  0.00000000e+00,  0.00000000e+00,
        0.00000000e+00,  0.00000000e+00,  9.75244240e-05, -9.08696024e-06,
        1.75192152e-04, -1.13660686e-04,  6.90948580e-05,  0.00000000e+00,
        0.00000000e+00,  0.00000000e+00,  0.00000000e+00, -1.29057640e-05,
        1.17400856e-06, -2.11675669e-05, -8.24286637e-06,  2.85783360e-08,
        0.00000000e+00,  0.00000000e+00,  0.00000000e+00,  0.00000000e+00,
        7.52250454e-07,  8.26860065e-07,  2.22093684e-06,  2.97895873e-06,
        5.51103495e-06,  0.00000000e+00,  0.00000000e+00,  0.00000000e+00,
        0.00000000e+00,  0.00000000e+00,  0.00000000e+00,  0.00000000e+00,
        0.00000000e+00,  0.00000000e+00,  0.00000000e+00,  0.00000000e+00,
        0.00000000e+00,  0.00000000e+00,  0.00000000e+00,  0.00000000e+00,
        0.00000000e+00,  0.00000000e+00,  0.00000000e+00,  0.00000000e+00,
        0.00000000e+00,  0.00000000e+00,  0.00000000e+00,  0.00000000e+00,
        0.00000000e+00,  0.00000000e+00,  0.00000000e+00,  0.00000000e+00,
        0.00000000e+00,  0.00000000e+00,  0.00000000e+00,  0.00000000e+00,
        0.00000000e+00,  0.00000000e+00,  0.00000000e+00,  0.00000000e+00,
        0.00000000e+00,  0.00000000e+00,  0.00000000e+00,  0.00000000e+00,
        0.00000000e+00], dtype=float64),
                   'Te_l': Array([], shape=(0,), dtype=float64),
                   'Ti_l': Array([], shape=(0,), dtype=float64),
                   'Z_lmn': Array([ 5.58611656e-08, -1.51966274e-07, -4.95383441e-08, -8.71703135e-08,
        1.90375947e-07,  9.28820496e-07, -9.72833148e-08,  5.10521973e-07,
        8.79337679e-07, -1.50157745e-07, -8.09245387e-07,  4.30938726e-07,
        4.85241902e-08, -4.39177833e-07, -8.06565239e-07,  2.56877635e-07,
        1.11748072e-07, -1.19575109e-07, -4.30938726e-07,  0.00000000e+00,
        4.24363032e-08,  1.58261735e-08, -7.27724392e-08, -2.56877635e-07,
        0.00000000e+00,  9.13227919e-08, -3.61681463e-07,  5.94634435e-07,
        1.37989574e-06,  2.17675919e-07, -1.24113043e-06, -4.34341864e-08,
       -1.85757424e-08,  7.21966432e-07,  4.34529080e-07,  1.20733293e-06,
       -3.27189948e-07, -5.94756534e-07, -1.24264486e-06, -6.52727956e-07,
       -2.92098387e-07, -2.90523537e-07,  3.37974985e-08,  3.27189948e-07,
        0.00000000e+00, -4.77665065e-08, -1.18675132e-07, -6.92384759e-08,
        2.92098387e-07,  0.00000000e+00, -4.60120108e-07, -4.18250442e-06,
       -6.16502532e-07, -1.71681730e-06,  3.75807245e-06,  1.29511664e-06,
        3.78342027e-07,  7.39161442e-07, -9.27467057e-07,  9.58664716e-07,
       -1.09527397e-06,  6.97968076e-07,  6.43418813e-07,  7.84537366e-07,
        5.65817956e-07,  1.20812540e-07, -5.34232744e-07, -1.99842665e-07,
       -6.97968076e-07,  0.00000000e+00,  5.48617985e-08,  1.93118488e-07,
        3.61649100e-07, -1.20812540e-07,  0.00000000e+00, -5.72991185e-06,
        7.04246642e-06, -1.44371519e-06, -1.11554222e-05, -5.62896399e-06,
        5.49299433e-06,  5.76523707e-06,  2.80978832e-06, -5.29757656e-06,
       -2.13722278e-06, -2.24799512e-06,  1.87078670e-06,  1.35259865e-06,
        7.96154089e-06,  5.59469294e-06, -6.18116086e-07,  7.23720349e-07,
       -3.24499922e-06, -1.87078670e-06,  0.00000000e+00,  5.57913199e-08,
        3.84092960e-07, -2.97116373e-07,  6.18116086e-07,  0.00000000e+00,
        1.95201527e-04, -7.73558749e-04, -3.11844837e-05,  2.43539868e-04,
        9.68046397e-04,  2.78680206e-04, -1.58723828e-04, -2.55060287e-04,
       -1.31164821e-05, -1.86065332e-04, -2.85304065e-04, -1.14348005e-07,
       -4.21237500e-06,  1.00057688e-05,  1.25423316e-05,  4.52337218e-07,
       -1.52322178e-06,  7.74094866e-07,  1.14348004e-07,  0.00000000e+00,
       -1.60370984e-07,  1.58220914e-06, -8.07078883e-07, -4.52337218e-07,
        0.00000000e+00, -8.11545119e-04, -1.21737363e-03,  8.82160446e-04,
        3.19614245e-04,  1.19770774e-03,  6.15419757e-05, -7.54062827e-05,
       -3.00617642e-04,  6.11537207e-06,  1.29861806e-05, -5.76658493e-05,
       -7.02973093e-07, -8.38616562e-06, -1.25781961e-06,  1.75485701e-06,
       -1.40559170e-07,  3.38981712e-06, -8.27171370e-06,  7.02973093e-07,
        0.00000000e+00, -4.09705856e-07,  1.21807355e-07,  3.97884731e-07,
        1.40559170e-07,  0.00000000e+00,  1.21382027e-02, -1.53975721e-04,
       -1.01666426e-02,  2.10857603e-03, -2.04245032e-04, -1.98618894e-04,
       -1.86542313e-03, -2.22966021e-03, -7.45119261e-05,  1.95112309e-04,
        2.67603884e-04,  2.75745434e-07,  2.84702885e-06, -4.68989647e-06,
        2.34841377e-06,  2.64183004e-07,  1.73348985e-06,  9.63532622e-06,
       -2.75745434e-07,  0.00000000e+00,  9.94086731e-08, -4.41981165e-07,
       -5.61292026e-07, -2.64183004e-07,  0.00000000e+00,  1.62627274e+00,
        3.21343122e-03,  6.65564460e-02, -8.37909723e-03, -4.70186015e-03,
        3.60106668e-04,  6.71831740e-03,  9.02398456e-03, -1.32700030e-04,
        5.38722118e-04,  8.84267966e-05, -3.24987837e-06,  3.49665021e-05,
       -1.65546358e-05, -2.25936235e-05, -3.02663228e-07, -1.97516157e-05,
        3.00532005e-05,  3.24987837e-06,  0.00000000e+00, -3.19906789e-06,
       -5.52213026e-07,  4.16987767e-06,  3.02663228e-07,  0.00000000e+00,
       -1.79668865e+00,  6.61564547e-03,  9.00595923e-04, -9.25117009e-03,
        1.45539132e-04, -7.61258117e-03,  4.12053968e-06, -1.17869424e-03,
       -8.41015312e-04, -9.49217262e-07, -1.47499583e-05, -1.47970838e-05,
        0.00000000e+00, -4.12053968e-06, -1.41324169e-05,  3.33390721e-05,
        0.00000000e+00,  9.49217262e-07, -4.57410123e-08,  5.90704610e-06,
        1.31257567e-03,  8.66239353e-03,  1.74179932e-05, -1.46314583e-03,
       -1.70762336e-04, -8.00112583e-03,  1.36399962e-06,  4.07265140e-04,
        1.46356663e-04, -2.13072156e-07,  4.02200101e-05,  1.28689567e-05,
        0.00000000e+00, -1.36399962e-06, -3.05897216e-05,  3.70142845e-05,
        0.00000000e+00,  2.13072156e-07, -1.81096288e-06,  2.08180533e-06,
        4.13272683e-04, -1.83695767e-03,  4.63017802e-04, -2.14520380e-04,
       -7.80682666e-05,  1.70637584e-03, -5.70660028e-07, -3.64946280e-04,
       -2.01624374e-04,  5.03588630e-07,  9.38299797e-06,  1.43143780e-05,
        0.00000000e+00,  5.70660028e-07, -7.86380045e-06,  3.83428610e-07,
        0.00000000e+00, -5.03588630e-07, -4.40413807e-07, -1.09405505e-06,
       -2.92381899e-04,  6.40602743e-04,  1.24761252e-05,  2.90922953e-04,
        7.39561635e-06, -6.25970158e-04, -1.53054833e-06, -1.99312246e-05,
        3.26437182e-06, -5.61015894e-07,  5.19336021e-06,  1.76727358e-06,
        0.00000000e+00,  1.53054833e-06,  2.92468025e-06, -3.59504522e-06,
        0.00000000e+00,  5.61015894e-07, -1.49804520e-06,  1.19368620e-06,
        1.06599674e-04, -6.27482466e-04,  4.40149890e-05, -7.54176723e-05,
       -3.00598753e-06,  6.24898993e-04,  1.14815481e-06, -5.15302960e-05,
       -2.92587230e-05,  6.32323208e-07,  2.84907120e-06,  2.60954464e-06,
        0.00000000e+00, -1.14815481e-06,  1.19263105e-06, -7.38960063e-07,
        0.00000000e+00, -6.32323208e-07,  6.05341869e-07,  1.02104963e-07,
       -3.07810721e-06, -2.56809624e-05,  6.38253414e-06,  2.16401733e-06,
       -7.36174347e-06,  2.28021637e-05,  4.11572838e-07, -7.19512676e-06,
        3.08437316e-06, -5.52955856e-07,  7.11763395e-06,  2.89729579e-06,
        0.00000000e+00, -4.11572838e-07,  8.12592618e-07, -2.17028328e-06,
        0.00000000e+00,  5.52955856e-07,  2.44109523e-07, -1.84970380e-08,
        4.11732303e-07,  7.17517944e-06,  1.37629118e-06,  3.72484813e-07,
        2.39511643e-06, -6.34283530e-06,  8.30124676e-07,  1.86179590e-08,
       -8.10673963e-07,  1.27987808e-07, -2.55012426e-06, -9.38206215e-07,
        0.00000000e+00, -8.30124676e-07, -1.39490914e-06,  2.64568476e-08,
        0.00000000e+00, -1.27987808e-07,  1.55007835e-07,  1.05862067e-07,
       -1.16769975e-06,  2.26017060e-07, -5.13498255e-07,  1.32645120e-06,
        1.36875358e-09,  1.06848978e-08, -2.32060099e-07,  2.35049549e-07,
        1.46610713e-08, -1.96478985e-07,  1.02819283e-07, -1.54480048e-07,
        0.00000000e+00,  2.32060099e-07,  2.78448706e-07, -1.73412526e-07,
        0.00000000e+00,  1.96478985e-07, -1.04188036e-07, -8.22219101e-08,
        1.10423586e-07, -1.66136262e-07,  8.20066618e-07,  1.86128030e-07,
        5.56693295e-07,  2.28848037e-07,  4.06220842e-07, -6.83414037e-07,
       -3.41749605e-07,  2.20445842e-07, -5.08081319e-07, -1.03956453e-07,
        0.00000000e+00, -4.06220842e-07, -1.36652580e-07,  4.51979889e-08,
        0.00000000e+00, -2.20445842e-07, -4.86119752e-08,  4.12446791e-08],      dtype=float64),
                   'Za_n': Array([ 2.02830791e-09,  2.44197954e-10, -5.38325632e-08,  1.82233081e-07,
        7.17141862e-05, -1.76113539e-03,  2.04366746e-02,  1.56639644e+00],      dtype=float64),
                   'Zb_lmn': Array([ 0.00000000e+00,  0.00000000e+00,  0.00000000e+00,  0.00000000e+00,
        0.00000000e+00,  0.00000000e+00,  0.00000000e+00,  0.00000000e+00,
        0.00000000e+00,  0.00000000e+00,  0.00000000e+00,  0.00000000e+00,
        0.00000000e+00,  0.00000000e+00,  0.00000000e+00,  0.00000000e+00,
        0.00000000e+00,  0.00000000e+00,  0.00000000e+00,  0.00000000e+00,
        0.00000000e+00,  0.00000000e+00,  0.00000000e+00,  0.00000000e+00,
        0.00000000e+00,  0.00000000e+00,  0.00000000e+00,  0.00000000e+00,
        0.00000000e+00,  0.00000000e+00,  0.00000000e+00,  0.00000000e+00,
        0.00000000e+00,  0.00000000e+00,  0.00000000e+00,  0.00000000e+00,
        9.20468793e-07,  6.89909401e-06,  6.75591029e-08, -5.84976436e-06,
       -1.38122945e-06,  0.00000000e+00,  0.00000000e+00,  0.00000000e+00,
        0.00000000e+00, -1.35868273e-05, -3.28988705e-06,  1.78605908e-05,
       -4.39558729e-06,  8.26811382e-06,  0.00000000e+00,  0.00000000e+00,
        0.00000000e+00,  0.00000000e+00,  1.09083437e-04, -1.61374955e-04,
       -1.26216055e-04,  7.86203170e-05, -7.27248044e-05,  0.00000000e+00,
        0.00000000e+00,  0.00000000e+00,  0.00000000e+00,  1.69957927e+00,
       -9.69458429e-04,  6.27780481e-04,  4.78586665e-04, -1.51123775e-04,
        0.00000000e+00,  0.00000000e+00,  0.00000000e+00,  0.00000000e+00,
        0.00000000e+00,  0.00000000e+00,  0.00000000e+00,  0.00000000e+00,
        1.30743433e-04, -2.92230731e-04, -1.00582573e-03, -1.80674750e+00,
        0.00000000e+00,  0.00000000e+00,  0.00000000e+00,  0.00000000e+00,
       -1.32353288e-04,  3.94093412e-04,  6.76218458e-04,  3.28007889e-05,
        0.00000000e+00,  0.00000000e+00,  0.00000000e+00,  0.00000000e+00,
       -6.91256825e-05,  9.02077216e-05, -1.17361510e-04, -2.48864205e-06,
        0.00000000e+00,  0.00000000e+00,  0.00000000e+00,  0.00000000e+00,
        1.10909314e-05, -4.53041918e-06,  1.75935454e-05, -1.78961945e-06,
        0.00000000e+00,  0.00000000e+00,  0.00000000e+00,  0.00000000e+00,
        4.48425541e-07, -6.32267598e-06,  1.28177399e-07,  1.18431881e-06,
        0.00000000e+00,  0.00000000e+00,  0.00000000e+00,  0.00000000e+00,
        0.00000000e+00,  0.00000000e+00,  0.00000000e+00,  0.00000000e+00,
        0.00000000e+00,  0.00000000e+00,  0.00000000e+00,  0.00000000e+00,
        0.00000000e+00,  0.00000000e+00,  0.00000000e+00,  0.00000000e+00,
        0.00000000e+00,  0.00000000e+00,  0.00000000e+00,  0.00000000e+00,
        0.00000000e+00,  0.00000000e+00,  0.00000000e+00,  0.00000000e+00,
        0.00000000e+00,  0.00000000e+00,  0.00000000e+00,  0.00000000e+00,
        0.00000000e+00,  0.00000000e+00,  0.00000000e+00,  0.00000000e+00],      dtype=float64),
                   'Zeff_l': Array([], shape=(0,), dtype=float64),
                   'a_lmn': Array([], shape=(0,), dtype=float64),
                   'c_l': Array([0., 0., 0., 0., 0.], dtype=float64),
                   'i_l': Array([], shape=(0,), dtype=float64),
                   'ne_l': Array([], shape=(0,), dtype=float64),
                   'ni_l': Array([], shape=(0,), dtype=float64),
                   'p_l': Array([0., 0., 0., 0., 0.], dtype=float64)}],
               [ { 'G': Array([], shape=(0,), dtype=float64),
                   'I': Array([], shape=(0,), dtype=float64),
                   'L_lmn': Array([-3.85938362e-08,  1.85955913e-07,  5.64365727e-08,  4.12328695e-07,
       -2.04323234e-07, -7.33127119e-07,  7.17580423e-09, -3.36014300e-07,
       -8.90182491e-07,  1.22061092e-07,  6.52443659e-07, -2.34423778e-07,
       -2.13977776e-08, -8.28069957e-08,  8.97238625e-07,  1.90503574e-08,
       -1.01543667e-07,  5.26922850e-08,  2.77673792e-07,  2.16685050e-09,
       -5.91630156e-09,  1.17657803e-08, -7.59884006e-09,  9.88401057e-09,
       -1.18522771e-09, -4.80073250e-07,  1.46141482e-07,  5.80518819e-07,
        2.33417320e-06, -4.34349409e-07, -1.33136013e-06, -3.05527403e-07,
       -2.51272560e-06, -6.85493698e-07,  7.44330678e-08,  7.72981275e-07,
       -1.31747097e-07,  1.77347202e-07,  1.25323139e-07, -3.17562720e-07,
        2.73936459e-08,  2.26783608e-07,  1.88411380e-07, -3.48297341e-07,
        2.64563283e-08,  1.46051034e-08,  3.41593436e-08,  3.47049976e-08,
        1.58342759e-09, -2.98259041e-10,  8.74674958e-07, -1.82936041e-06,
       -1.38802394e-06,  1.56252970e-06,  7.88728332e-07,  7.53414146e-06,
        8.38410464e-07, -6.18401560e-07,  1.61139063e-06,  1.17049553e-06,
       -3.08381492e-06,  5.35220141e-07, -1.05920469e-07,  8.19900357e-08,
        2.20317901e-06, -1.24269506e-07, -1.92508780e-07, -3.45972625e-07,
       -2.01438759e-07, -1.06281690e-08, -1.95019650e-08, -4.32133827e-08,
       -9.91230512e-08, -1.52144187e-08,  3.57675490e-09,  5.64524161e-06,
        1.61353702e-06,  4.85220027e-06, -2.49152094e-05,  1.75466755e-06,
       -1.82891681e-05, -1.14258950e-05,  8.81515886e-06, -7.78583640e-06,
       -4.09471464e-06, -7.29988306e-06,  1.06566944e-06,  2.43768021e-08,
        2.90898161e-07,  1.50171348e-06,  9.65840565e-08, -1.97879725e-07,
        4.18106403e-07, -2.65168273e-07, -1.77553417e-08,  9.75733236e-08,
        1.05799719e-07,  3.97786902e-08,  1.69981265e-08, -7.39118377e-11,
        8.14776508e-04,  1.19508453e-04, -8.43961373e-04, -4.75939835e-05,
       -8.35269783e-05,  9.61361708e-05,  3.60333573e-05,  2.05421047e-04,
       -1.41809877e-06, -6.45255857e-09, -8.43048984e-06, -1.20248955e-06,
        2.09361875e-07,  8.34593709e-07,  4.54774425e-07,  1.46807884e-08,
        1.27586806e-07, -7.26963587e-07,  2.10312084e-07, -7.05933367e-08,
       -2.35072464e-07, -2.82433985e-07, -1.48995574e-07, -3.38003911e-09,
        9.05071528e-09,  1.32585546e-03, -5.52872953e-04, -1.14121791e-03,
       -1.03757544e-03, -1.83121304e-05, -6.23023209e-05, -1.62022277e-04,
        2.53353334e-04,  4.71417424e-06,  9.08415763e-06, -1.65935407e-05,
        7.43677600e-07, -7.06387387e-07,  8.97549003e-07,  1.93231330e-06,
        1.82158477e-07, -6.11657930e-08,  8.56792126e-07,  2.95014844e-07,
        7.85078366e-09,  3.89515578e-07,  7.61683465e-07,  2.14596456e-08,
       -2.25948551e-08, -1.41647200e-08, -5.30923226e-03,  2.70254254e-03,
        3.53512798e-04,  9.52989843e-04,  3.55172736e-03,  3.32437541e-04,
       -1.24003295e-04,  3.05877287e-04, -1.04585089e-05, -2.23843879e-05,
       -3.69142338e-05, -2.01253649e-06,  4.21487898e-06,  1.44364123e-05,
       -1.57858788e-07,  1.51626359e-06, -2.44976223e-06, -3.89717749e-06,
        3.01916452e-07, -1.40189996e-07, -1.24111100e-06, -1.06198559e-06,
       -5.67112144e-08, -3.25701213e-08,  3.51064838e-08,  1.61800130e-01,
       -1.66535445e-02,  2.18126405e-03, -5.14208348e-03, -1.05971645e-02,
        1.24014005e-03, -9.34758935e-04, -4.29728689e-04, -7.52002023e-05,
        1.96370521e-04,  8.85351287e-05,  1.13996142e-05, -3.68815872e-05,
       -2.63625235e-05,  4.24727294e-06, -7.76656631e-07, -1.63995993e-06,
        4.91774230e-06, -2.81151372e-07, -1.07670927e-07,  6.91388498e-06,
        2.68837825e-06, -1.31839217e-07, -1.02529740e-07, -1.53364776e-08,
        1.11730959e-02, -4.70521518e-03, -3.18738011e-04,  1.76235824e-02,
       -6.63910131e-05,  1.20327269e-03,  1.03805671e-05,  9.77911373e-05,
        1.29347341e-04,  1.43556843e-07,  1.47378275e-05,  2.45225735e-05,
        4.84192457e-07,  2.29051280e-06,  3.13605297e-06,  9.88737932e-06,
       -1.16657101e-08, -7.63062433e-08, -1.88720190e-06, -6.85983534e-07,
       -4.83401808e-02, -2.44105568e-03,  1.12285775e-03,  1.14619881e-02,
       -2.34477535e-05, -6.98106860e-04,  6.24570925e-06, -4.78731436e-05,
       -6.38598038e-05,  1.88479589e-06, -2.70321350e-06,  2.14429068e-05,
       -6.86330431e-07, -4.35485203e-06, -1.22092915e-05, -2.97844447e-06,
       -6.49045965e-09,  1.66263560e-07,  1.66608561e-06,  2.62312135e-06,
        1.01954476e-02,  3.38245178e-04,  3.24280839e-04, -2.46402398e-03,
       -1.74619117e-05,  3.62826007e-04, -2.47203066e-06,  5.61556248e-05,
        3.28873990e-05,  7.42199452e-07, -4.30048991e-06, -1.56291137e-05,
        2.90042246e-07,  2.59361981e-06,  3.41727923e-06,  1.30488121e-07,
        3.22680679e-08, -1.03692164e-07, -5.04619452e-07, -2.58483426e-07,
       -2.21616744e-03, -6.36880679e-04, -6.24219491e-05,  1.45689523e-03,
        6.51642016e-06, -8.15524876e-05,  1.89857373e-06, -3.01045059e-05,
       -8.04777051e-09,  2.87635716e-07,  1.88964063e-06,  7.62060621e-06,
       -2.16373328e-07, -1.37178333e-06, -1.91023885e-06,  1.46109771e-07,
       -3.80953963e-09,  1.96881387e-08,  2.03868792e-07,  6.49515734e-08,
        7.61910807e-04,  4.09931416e-05,  8.74142689e-05, -7.11338517e-04,
       -3.77121510e-06,  1.15350415e-04, -1.51669076e-06, -1.04408947e-07,
        8.19388642e-06, -3.59670389e-09,  2.68111687e-06, -3.93862792e-06,
       -1.67312580e-08,  4.31438032e-07,  4.03434791e-07, -3.39987055e-07,
        6.03164881e-09, -2.18320080e-08, -7.53734493e-08,  5.16059293e-08,
        7.10863347e-06, -3.27854211e-05, -5.41322514e-06, -1.04830694e-05,
       -6.77121653e-06,  1.78544342e-05,  1.03263915e-06, -1.99713153e-05,
       -6.15809977e-07,  1.10612087e-07,  5.21558852e-07,  1.08607876e-07,
       -4.18863232e-08, -2.28268002e-07,  1.83400260e-07,  3.12603623e-07,
       -8.02492768e-11,  8.24098144e-09,  3.67640816e-08,  3.58621354e-08,
       -4.54321194e-06,  4.85797991e-07,  3.47198553e-06,  1.72575308e-06,
        1.35113966e-06, -3.52258800e-07,  5.48508848e-07,  9.87419557e-07,
        3.15196051e-06, -1.32747770e-07,  2.43270194e-06,  7.50893630e-07,
       -5.81834725e-09, -2.09806490e-07, -2.00074441e-07, -1.69468342e-07,
        3.17696973e-09, -1.02916568e-08, -2.15068921e-08, -2.78695380e-08,
        4.17030302e-07,  2.44054537e-06, -1.66908132e-06, -5.56134382e-07,
       -7.00597762e-07, -2.44567022e-06, -2.34478710e-07,  1.09957338e-06,
       -5.18714171e-08,  2.71262196e-08, -2.80754554e-07, -3.18934635e-08,
        2.58974118e-08, -2.55028761e-07,  1.83608485e-07,  1.86061457e-07,
        1.36566599e-10,  1.99356451e-09, -3.81153419e-08,  2.18558371e-08,
        4.54524774e-07,  1.18773141e-07, -5.15781418e-07, -6.44740737e-07,
       -9.18852793e-07, -2.48868524e-08, -2.53600419e-07,  4.52501081e-07,
        2.87003755e-07,  1.88859396e-08,  9.19612483e-07, -9.70649614e-08,
        2.44872892e-09,  3.01405727e-07,  3.00060424e-08, -7.72701209e-08,
       -1.17185779e-09,  9.07439715e-09,  4.11051201e-09,  1.59870812e-08],      dtype=float64),
                   'Phi_mn': Array([], shape=(0,), dtype=float64),
                   'Psi': Array([50.], dtype=float64),
                   'R_lmn': Array([ 3.22197958e-07, -8.29611494e-07, -1.06349618e-06, -1.29361649e-07,
        2.30335321e-07,  6.71926853e-07,  7.17125647e-07,  6.97686082e-07,
       -1.95452206e-07,  2.56315266e-07, -3.24307277e-07,  7.52493196e-08,
        0.00000000e+00, -7.17125647e-07,  3.65810097e-07,  2.61589652e-09,
        0.00000000e+00, -2.56315266e-07,  9.39719564e-08,  8.24353213e-08,
        1.98404291e-06, -4.40592911e-07, -1.26991635e-06, -1.26017968e-06,
        1.01971577e-06,  2.80072715e-07, -1.60554843e-07,  1.39915068e-06,
       -6.20852688e-07, -2.07993117e-07, -7.89607165e-07,  2.49423359e-07,
        0.00000000e+00,  1.60554843e-07, -1.29234334e-07, -1.03010543e-07,
        0.00000000e+00,  2.07993117e-07, -2.30108604e-07, -8.89031620e-08,
        2.15842633e-07,  2.56974155e-06, -2.42583426e-06,  1.41266790e-08,
       -2.39379883e-06, -1.29215516e-06,  1.29973082e-06,  1.65760160e-06,
       -5.53630793e-07, -2.06470951e-07,  2.19399943e-06, -1.29284827e-06,
        0.00000000e+00, -1.29973082e-06,  7.68232665e-07,  3.23661481e-07,
        0.00000000e+00,  2.06470951e-07,  1.99799395e-07,  1.52618723e-08,
       -1.27852208e-05,  1.11896999e-05,  4.08225107e-06,  2.95857763e-06,
       -3.85258664e-06, -1.14492672e-05,  1.56247849e-06, -3.00491517e-06,
        1.04425409e-05, -2.25293089e-07,  4.22407857e-06,  1.19099399e-07,
        0.00000000e+00, -1.56247849e-06, -1.07733590e-06, -6.15897731e-07,
        0.00000000e+00,  2.25293089e-07, -3.71491928e-07,  1.40467842e-07,
       -1.15825282e-03, -1.08039196e-04,  1.53778604e-04,  1.09872570e-03,
       -3.31597619e-05,  8.78738968e-05, -1.25879902e-07, -1.56199891e-04,
        4.77709059e-05,  1.55364630e-07,  9.69151067e-06,  5.65947451e-06,
        0.00000000e+00,  1.25879902e-07,  2.67772869e-06,  1.32745005e-06,
        0.00000000e+00, -1.55364630e-07, -2.40089801e-07,  1.10661593e-07,
       -1.57696899e-03,  1.85124943e-04,  1.99661530e-04,  1.29452422e-03,
        1.14750207e-05, -8.36784406e-05,  2.53956757e-06, -1.84645736e-04,
        2.45656501e-04,  8.02607546e-08,  6.71553945e-06, -1.03092099e-05,
        0.00000000e+00, -2.53956757e-06, -5.58748614e-06, -1.63678241e-06,
        0.00000000e+00, -8.02607546e-08, -9.34096056e-07,  8.91326571e-07,
        7.98544828e-04,  1.44255350e-03,  6.89763058e-04, -3.21607183e-04,
       -3.63316467e-04, -2.23525572e-03,  3.90445955e-07, -1.89102438e-04,
        3.18625467e-04,  3.99018841e-07,  3.64210493e-05, -1.50370606e-05,
        0.00000000e+00, -3.90445955e-07,  1.66832750e-06,  3.70319312e-06,
        0.00000000e+00, -3.99018841e-07, -1.26590358e-06,  1.12750138e-06,
        5.30649260e-03, -6.71281565e-03,  2.54742361e-03, -1.54179038e-03,
       -6.34669952e-04,  8.25117016e-03,  8.07453097e-06, -9.91820250e-05,
        9.76558133e-04, -1.18837823e-06, -7.82961233e-06, -4.76236890e-05,
        0.00000000e+00, -8.07453097e-06,  1.61731307e-05,  2.78768107e-05,
        0.00000000e+00,  1.18837823e-06, -1.98796199e-07,  5.52386743e-06,
        7.92662996e+00,  1.82662942e+00,  7.73909823e-02, -4.02499040e-03,
        5.45380585e-03,  4.75038035e-04, -4.03186899e-03,  7.35202796e-03,
       -8.35320196e-04, -4.99439067e-04,  1.24841171e-03, -2.27517154e-06,
        1.28189423e-05, -1.01517060e-05,  2.23811431e-05, -7.98912090e-07,
       -2.39215226e-05,  3.09193751e-05,  2.27517154e-06,  0.00000000e+00,
       -1.89051141e-06,  4.77595241e-07,  2.83733397e-06,  7.98912090e-07,
        0.00000000e+00,  1.64324046e+00,  1.43957543e-03,  5.91685754e-02,
       -9.93305297e-03, -1.72055135e-03, -1.93915512e-03, -4.49017391e-03,
        8.07063857e-03,  6.92656712e-04,  6.51766853e-05, -4.89376163e-04,
        2.46946814e-06,  4.51158842e-05,  5.82826939e-06, -2.17437997e-05,
        1.74821097e-06, -1.35499413e-05,  2.42696111e-05, -2.46946814e-06,
        0.00000000e+00, -1.26366248e-06,  1.85933613e-06,  1.87272251e-06,
       -1.74821097e-06,  0.00000000e+00,  9.70115105e-03,  5.06774215e-05,
       -1.01190681e-02,  2.84154282e-03, -2.83314318e-05, -9.09765796e-04,
        8.50288094e-04, -2.03432254e-03,  3.49129746e-04, -7.79114080e-05,
        2.74920947e-04, -6.90475334e-07, -1.28105349e-05, -2.04628067e-05,
        8.27950861e-06, -1.82105856e-06,  1.55852982e-05,  1.10926257e-05,
        6.90475334e-07,  0.00000000e+00,  1.08578043e-06, -6.92994739e-07,
       -9.24794288e-07,  1.82105856e-06,  0.00000000e+00, -3.41820260e-04,
       -2.52431583e-04,  8.70551251e-04, -1.22307169e-03,  2.56103354e-04,
        5.11639927e-05, -5.79358120e-04,  1.11198316e-03, -4.42403125e-06,
        1.32836389e-05, -5.02090801e-05, -7.75193312e-07, -2.06954333e-06,
        1.71090922e-05, -9.64241045e-06,  9.24736987e-07, -1.02434716e-05,
       -4.69739204e-06,  7.75193312e-07,  0.00000000e+00, -5.33924088e-07,
        1.04480298e-06,  1.35664191e-06, -9.24736987e-07,  0.00000000e+00,
       -2.71763211e-04,  1.02778679e-04, -3.36583722e-05,  5.53230288e-04,
       -6.46872074e-05, -8.30652501e-05,  3.09611625e-04, -5.42514151e-04,
        3.10006250e-05, -3.99760908e-05,  8.50747355e-05, -2.01532690e-06,
       -4.40733063e-07,  1.21781441e-06, -3.19066349e-06, -2.98868925e-07,
        2.34357624e-06, -4.81275162e-07,  2.01532690e-06,  0.00000000e+00,
        1.56689320e-07, -6.67201836e-07, -6.80324409e-07,  2.98868925e-07,
        0.00000000e+00, -7.64056925e-06,  1.03260296e-05, -1.28671010e-07,
       -1.28311119e-05, -4.04707424e-06, -1.28562731e-05,  7.59850075e-06,
        3.96724302e-06,  1.33570345e-05, -7.39638359e-06,  1.43474435e-05,
       -9.15292577e-07,  5.28567666e-07,  8.85742757e-06, -1.37292438e-05,
        2.48822032e-07,  1.11742823e-06, -1.49117041e-06,  9.15292577e-07,
        0.00000000e+00, -3.57828157e-07,  6.44126405e-09,  3.72209350e-07,
       -2.48822032e-07,  0.00000000e+00,  2.06134284e-06, -1.41573838e-06,
        1.66386713e-06, -2.65616206e-06,  1.68184188e-06,  2.28751667e-06,
       -2.15222209e-06,  2.06827778e-06, -7.37909390e-07,  1.41478771e-07,
       -2.28359898e-06, -1.48927191e-06, -1.70217894e-06,  5.62123994e-07,
        8.27904684e-07,  1.95095422e-07, -4.07582274e-07, -3.91768875e-09,
        1.48927191e-06,  0.00000000e+00,  1.29191054e-07,  2.57602864e-08,
       -8.99952950e-08, -1.95095422e-07,  0.00000000e+00, -1.38703590e-07,
       -7.32463322e-07,  6.44411767e-08,  9.58465747e-07, -3.90176271e-07,
        1.15522101e-06,  2.32105458e-07, -7.00965181e-07, -1.20519460e-06,
        1.10274748e-06, -1.06928129e-06,  1.81168244e-07, -6.82433066e-08,
       -2.99805740e-07,  9.97801510e-07,  1.30903990e-07,  1.98921134e-08,
       -8.59397185e-08, -1.81168244e-07,  0.00000000e+00, -8.95997384e-08,
        4.23051735e-08,  2.07393088e-07, -1.30903990e-07,  0.00000000e+00,
       -1.88390675e-07,  5.63171011e-08,  6.98301288e-08,  6.81465126e-07,
       -3.13310382e-07,  8.83330196e-07,  1.44169444e-07, -5.94192098e-07,
       -4.25578283e-08,  2.51821659e-07, -4.96865044e-07, -7.46880454e-07,
       -6.96727250e-08, -2.00303856e-08,  1.44188613e-07, -2.71494541e-07,
        5.17162153e-09, -3.86465152e-07,  7.46880454e-07,  0.00000000e+00,
        4.40638281e-08, -6.72426421e-08, -1.01630785e-07,  2.71494541e-07,
        0.00000000e+00], dtype=float64),
                   'Ra_n': Array([ 7.84519240e+00,  1.57953533e+00,  2.06844036e-02, -1.79019401e-03,
        7.21042087e-05, -7.99793311e-07,  7.66236152e-08,  7.60425965e-09,
       -3.14807601e-10], dtype=float64),
                   'Rb_lmn': Array([ 0.00000000e+00,  0.00000000e+00,  0.00000000e+00,  0.00000000e+00,
        0.00000000e+00,  0.00000000e+00,  0.00000000e+00,  0.00000000e+00,
        0.00000000e+00,  0.00000000e+00,  0.00000000e+00,  0.00000000e+00,
        0.00000000e+00,  0.00000000e+00,  0.00000000e+00,  0.00000000e+00,
        0.00000000e+00,  0.00000000e+00,  0.00000000e+00,  0.00000000e+00,
        0.00000000e+00,  0.00000000e+00,  0.00000000e+00,  0.00000000e+00,
        0.00000000e+00,  0.00000000e+00,  0.00000000e+00,  0.00000000e+00,
        0.00000000e+00,  0.00000000e+00,  0.00000000e+00,  0.00000000e+00,
        0.00000000e+00,  0.00000000e+00,  0.00000000e+00,  0.00000000e+00,
       -2.37083411e-05,  2.56441250e-07, -1.43951633e-05, -1.04287607e-05,
        0.00000000e+00,  0.00000000e+00,  0.00000000e+00,  0.00000000e+00,
        1.72564641e-05,  9.42830779e-06,  9.20286192e-05, -3.84250492e-05,
        0.00000000e+00,  0.00000000e+00,  0.00000000e+00,  0.00000000e+00,
       -3.28161321e-04,  5.02328948e-04, -8.06611772e-04,  7.99266305e-04,
        0.00000000e+00,  0.00000000e+00,  0.00000000e+00,  0.00000000e+00,
       -6.42698360e-04,  2.46441472e-03,  1.49625468e-03,  4.76913717e-03,
        8.00000000e+00,  1.83155986e+00,  3.31736344e-03,  1.75436912e-03,
       -8.10101718e-04,  0.00000000e+00,  0.00000000e+00,  0.00000000e+00,
        0.00000000e+00,  1.69796272e+00, -2.29349171e-04, -1.85472679e-03,
       -2.40426168e-03,  6.72785634e-04,  0.00000000e+00,  0.00000000e+00,
        0.00000000e+00,  0.00000000e+00,  4.20646277e-04, -3.99801201e-05,
        7.86064476e-04, -6.23752224e-04,  3.56484460e-04,  0.00000000e+00,
        0.00000000e+00,  0.00000000e+00,  0.00000000e+00, -5.32305954e-05,
        6.71193805e-06, -9.29346399e-05, -3.74247939e-06, -1.27097998e-05,
        0.00000000e+00,  0.00000000e+00,  0.00000000e+00,  0.00000000e+00,
        3.90599824e-06,  4.58957448e-07,  1.12667498e-05,  1.52821020e-06,
        2.71296371e-05,  0.00000000e+00,  0.00000000e+00,  0.00000000e+00,
        0.00000000e+00,  0.00000000e+00,  0.00000000e+00,  0.00000000e+00,
        0.00000000e+00,  0.00000000e+00,  0.00000000e+00,  0.00000000e+00,
        0.00000000e+00,  0.00000000e+00,  0.00000000e+00,  0.00000000e+00,
        0.00000000e+00,  0.00000000e+00,  0.00000000e+00,  0.00000000e+00,
        0.00000000e+00,  0.00000000e+00,  0.00000000e+00,  0.00000000e+00,
        0.00000000e+00,  0.00000000e+00,  0.00000000e+00,  0.00000000e+00,
        0.00000000e+00,  0.00000000e+00,  0.00000000e+00,  0.00000000e+00,
        0.00000000e+00,  0.00000000e+00,  0.00000000e+00,  0.00000000e+00,
        0.00000000e+00,  0.00000000e+00,  0.00000000e+00,  0.00000000e+00,
        0.00000000e+00], dtype=float64),
                   'Te_l': Array([], shape=(0,), dtype=float64),
                   'Ti_l': Array([], shape=(0,), dtype=float64),
                   'Z_lmn': Array([ 6.52762708e-08, -2.27980292e-07, -7.90395450e-08,  1.72998501e-07,
       -1.77963795e-08,  4.68423436e-07, -1.15588381e-07,  1.92247260e-07,
        8.96338897e-07,  2.08942084e-07, -2.49475139e-07,  7.79114521e-07,
        8.00139112e-08, -3.89841208e-07, -7.61416542e-07,  2.25760016e-07,
        3.68345873e-08, -2.18948297e-07, -7.79114521e-07,  0.00000000e+00,
        4.93377438e-08,  2.45954470e-08, -1.34922355e-07, -2.25760016e-07,
        0.00000000e+00, -1.05933838e-07, -9.26812793e-07,  2.18740904e-07,
        7.19846390e-07,  2.33925071e-07, -2.10760479e-06,  1.85749635e-07,
       -6.74838160e-08,  4.44302735e-07,  9.68197309e-07,  2.13341357e-06,
       -1.10700536e-07, -2.16380506e-07, -4.41928234e-07, -3.69515782e-07,
       -2.45799613e-07, -2.75309586e-07, -2.58087770e-08,  1.10700536e-07,
        0.00000000e+00, -8.21761957e-08, -2.10434340e-07, -7.47869531e-08,
        2.45799613e-07,  0.00000000e+00,  1.37199382e-06, -3.03449055e-06,
        2.58770827e-07,  4.12810485e-07,  3.02194488e-06,  2.56312211e-06,
       -1.41944984e-06, -1.30952436e-06, -2.98991558e-06, -2.65935762e-08,
       -2.32725420e-06,  1.24920862e-06, -2.87788750e-07,  6.82088123e-07,
        2.63963500e-06, -2.08660940e-07,  3.91392422e-08, -2.35867908e-07,
       -1.24920862e-06,  0.00000000e+00,  7.64739420e-08,  2.14625755e-07,
        3.50280585e-07,  2.08660940e-07,  0.00000000e+00, -6.02942235e-06,
       -3.21281954e-06, -3.75422516e-07, -1.29223991e-05, -3.93436497e-06,
        5.40989695e-06,  6.14911807e-06,  7.86397588e-06, -3.99469657e-06,
        6.71067258e-06, -2.83898170e-06,  1.61839612e-06,  2.69740402e-07,
        5.01467374e-06,  4.08204145e-06, -1.94848033e-07,  4.36511926e-07,
       -2.57091526e-06, -1.61839612e-06,  0.00000000e+00, -1.40136022e-08,
        4.37494985e-08, -8.73448861e-08,  1.94848033e-07,  0.00000000e+00,
        3.32591366e-06, -8.04676603e-04, -2.72477360e-05, -4.27527024e-05,
        9.12238222e-04,  1.29845762e-04,  3.45965568e-05,  3.34614074e-05,
       -1.37746250e-05, -9.49593597e-05, -1.47812088e-04, -3.94318630e-07,
       -4.85055634e-06,  6.99682579e-06,  9.94425037e-06,  3.09406029e-07,
       -2.30505159e-06,  3.17522044e-06,  3.94318629e-07,  0.00000000e+00,
       -2.65574536e-07,  1.22619902e-06, -3.68613602e-07, -3.09406030e-07,
        0.00000000e+00, -1.04488969e-03, -1.65100762e-03,  8.87413097e-04,
        8.93801161e-05,  1.66440966e-03,  1.48387999e-04,  1.12680086e-04,
       -2.66177888e-05,  4.24125800e-05,  2.27292712e-05, -1.96914958e-04,
        2.42562299e-06, -8.61025531e-06,  2.06076609e-06,  8.10763283e-06,
       -1.21697847e-07,  1.95391748e-06, -8.82762012e-06, -2.42562299e-06,
        0.00000000e+00, -9.17505751e-07,  1.39839650e-06, -4.79647798e-07,
        1.21697847e-07,  0.00000000e+00,  1.29979811e-02, -6.02549457e-04,
       -1.05639440e-02,  1.98442452e-03, -4.16458775e-04,  5.37576456e-04,
       -1.97999896e-03, -2.46674407e-03, -3.81761840e-04,  2.19495460e-04,
       -1.56851168e-04, -2.81005343e-06, -1.36832362e-06, -7.12853901e-06,
        2.72034356e-05,  6.86253812e-07,  1.40445686e-06,  4.95744426e-06,
        2.81005343e-06,  0.00000000e+00, -1.71128820e-06,  2.90235266e-06,
       -1.86992807e-06, -6.86253812e-07,  0.00000000e+00,  1.62315617e+00,
       -7.20400611e-04,  6.86511196e-02, -5.44232335e-03, -4.79500372e-03,
        2.45530960e-03,  6.34847579e-03,  8.23647738e-03, -6.56847846e-04,
        7.52301196e-04, -1.23358191e-04,  6.71709044e-06,  2.40483021e-05,
       -3.34611038e-05,  3.74944050e-07, -1.04510752e-06, -1.53731810e-05,
        2.15710819e-05, -6.71709044e-06,  0.00000000e+00, -5.38574945e-06,
        2.66383400e-06,  4.30058672e-06,  1.04510752e-06,  0.00000000e+00,
       -1.82369366e+00,  1.97257373e-03, -1.41692681e-04, -1.04145879e-02,
        5.68374155e-04, -6.98842026e-03,  2.36071638e-06, -1.31141426e-03,
       -8.81011980e-04,  4.44631892e-07, -2.71767341e-05, -8.02719318e-06,
        0.00000000e+00, -2.36071638e-06, -1.05013172e-05,  2.85722974e-05,
        0.00000000e+00, -4.44631892e-07, -2.64410560e-06,  6.42306669e-06,
        8.46847787e-04,  1.11037370e-02,  1.86717061e-03, -9.01379640e-04,
       -7.94450758e-04, -7.97969488e-03, -1.15279934e-06,  4.07674273e-04,
        1.76389010e-04, -9.49719997e-07,  4.25158900e-05,  1.57892562e-05,
        0.00000000e+00,  1.15279934e-06, -2.94128665e-05,  2.90968064e-05,
        0.00000000e+00,  9.49719997e-07, -9.09681113e-07,  3.52466026e-06,
        1.29354435e-04, -2.24816850e-03,  7.40373123e-04,  1.83331253e-06,
       -3.46704851e-04,  1.77664366e-03, -2.32162816e-06, -2.25127785e-04,
       -1.59292287e-04,  1.43183068e-06, -2.19081715e-05, -1.68638944e-06,
        0.00000000e+00,  2.32162816e-06, -2.98268290e-06,  3.04994774e-06,
        0.00000000e+00, -1.43183068e-06, -3.82928401e-07, -2.57255250e-06,
       -3.36658355e-04,  1.12597726e-03, -1.01738306e-04,  2.99944557e-04,
        4.68987819e-05, -1.05770625e-03,  4.07207836e-07,  3.78689150e-05,
        3.60795612e-05, -8.82959191e-07,  1.32814539e-05, -2.19937184e-06,
        0.00000000e+00, -4.07207836e-07,  1.91823134e-06,  9.35100101e-07,
        0.00000000e+00,  8.82959191e-07, -4.13255171e-07,  5.97786806e-07,
        1.41133531e-04, -4.84062760e-04,  6.18021671e-05, -9.20923469e-05,
       -1.88227150e-06,  4.86958500e-04,  1.63124216e-06, -7.69910148e-05,
       -4.75950476e-05,  3.24305208e-07,  3.31868168e-06, -2.52972841e-06,
        0.00000000e+00, -1.63124216e-06, -4.25093144e-07,  1.73641386e-06,
        0.00000000e+00, -3.24305208e-07,  6.08496010e-07, -1.53083946e-07,
       -1.91730964e-06, -2.72111960e-05,  1.32133288e-05,  2.89556715e-06,
       -1.33842482e-05,  2.34585102e-05,  8.08333075e-07, -1.35800001e-05,
        1.65819761e-06, -1.74276756e-07,  1.34466140e-05,  3.60573632e-06,
        0.00000000e+00, -8.08333075e-07,  3.66671353e-07, -2.63645511e-06,
        0.00000000e+00,  1.74276756e-07, -6.23658289e-08,  1.46949479e-07,
        3.32115654e-07,  6.14125594e-06,  2.99699371e-06,  5.48057295e-07,
        1.46460971e-07, -5.04781010e-06,  1.48425065e-06, -1.83258648e-06,
       -1.03222908e-06, -2.00792447e-07, -3.77599682e-07, -1.18155340e-06,
        0.00000000e+00, -1.48425065e-06, -1.16440723e-06,  1.52056135e-07,
        0.00000000e+00,  2.00792447e-07,  2.31138712e-07,  8.81075678e-08,
       -2.67740943e-06,  6.98169614e-07, -1.91460299e-06,  2.21242787e-06,
        7.59404078e-07,  5.68043216e-08, -1.31706366e-07,  1.67363979e-06,
        7.40497027e-07, -1.65960561e-07, -6.54700659e-07, -5.99409911e-07,
        0.00000000e+00,  1.31706366e-07,  2.40963202e-07, -2.75515459e-07,
        0.00000000e+00,  1.65960561e-07, -1.04703419e-07, -1.55564025e-07,
       -2.29207283e-07,  3.40270378e-08,  6.79674725e-07,  2.34987203e-07,
        7.31751812e-07,  2.43958835e-07,  8.11274019e-07, -4.51525008e-07,
       -6.24508385e-08,  2.40978780e-07, -6.01160517e-07, -2.98422670e-07,
        0.00000000e+00, -8.11274019e-07, -2.28149717e-07,  5.66709178e-08,
        0.00000000e+00, -2.40978780e-07, -1.30591295e-07,  2.04367976e-08],      dtype=float64),
                   'Za_n': Array([-1.94873254e-09, -4.72079782e-09,  5.80358468e-08,  2.11364228e-07,
        6.97551883e-05, -1.81192995e-03,  2.15815832e-02,  1.56082409e+00],      dtype=float64),
                   'Zb_lmn': Array([ 0.00000000e+00,  0.00000000e+00,  0.00000000e+00,  0.00000000e+00,
        0.00000000e+00,  0.00000000e+00,  0.00000000e+00,  0.00000000e+00,
        0.00000000e+00,  0.00000000e+00,  0.00000000e+00,  0.00000000e+00,
        0.00000000e+00,  0.00000000e+00,  0.00000000e+00,  0.00000000e+00,
        0.00000000e+00,  0.00000000e+00,  0.00000000e+00,  0.00000000e+00,
        0.00000000e+00,  0.00000000e+00,  0.00000000e+00,  0.00000000e+00,
        0.00000000e+00,  0.00000000e+00,  0.00000000e+00,  0.00000000e+00,
        0.00000000e+00,  0.00000000e+00,  0.00000000e+00,  0.00000000e+00,
        0.00000000e+00,  0.00000000e+00,  0.00000000e+00,  0.00000000e+00,
        5.55860357e-06,  1.02972076e-05, -1.06827020e-06, -1.47911050e-05,
       -4.19898828e-06,  0.00000000e+00,  0.00000000e+00,  0.00000000e+00,
        0.00000000e+00, -5.43242638e-05,  3.80852318e-05,  6.62214898e-05,
       -5.73545793e-05,  5.00405650e-05,  0.00000000e+00,  0.00000000e+00,
        0.00000000e+00,  0.00000000e+00,  4.50958520e-04, -7.98108316e-04,
       -4.86545734e-04,  3.85682732e-04, -3.56428333e-04,  0.00000000e+00,
        0.00000000e+00,  0.00000000e+00,  0.00000000e+00,  1.69817443e+00,
       -4.77847631e-03,  2.76335676e-03,  2.35352249e-03, -6.52172315e-04,
        0.00000000e+00,  0.00000000e+00,  0.00000000e+00,  0.00000000e+00,
        0.00000000e+00,  0.00000000e+00,  0.00000000e+00,  0.00000000e+00,
        5.38553315e-04, -1.46360826e-03, -5.01745066e-03, -1.83496069e+00,
        0.00000000e+00,  0.00000000e+00,  0.00000000e+00,  0.00000000e+00,
       -7.52844550e-04,  2.24543202e-03,  3.14335599e-03,  1.50953963e-04,
        0.00000000e+00,  0.00000000e+00,  0.00000000e+00,  0.00000000e+00,
       -3.68995951e-04,  5.12262655e-04, -4.75783783e-04, -2.50545910e-05,
        0.00000000e+00,  0.00000000e+00,  0.00000000e+00,  0.00000000e+00,
        5.97669806e-05, -6.19511595e-05,  6.66694272e-05,  3.00863005e-07,
        0.00000000e+00,  0.00000000e+00,  0.00000000e+00,  0.00000000e+00,
        2.04490619e-06, -1.56139409e-05,  2.12927585e-07,  3.18255073e-06,
        0.00000000e+00,  0.00000000e+00,  0.00000000e+00,  0.00000000e+00,
        0.00000000e+00,  0.00000000e+00,  0.00000000e+00,  0.00000000e+00,
        0.00000000e+00,  0.00000000e+00,  0.00000000e+00,  0.00000000e+00,
        0.00000000e+00,  0.00000000e+00,  0.00000000e+00,  0.00000000e+00,
        0.00000000e+00,  0.00000000e+00,  0.00000000e+00,  0.00000000e+00,
        0.00000000e+00,  0.00000000e+00,  0.00000000e+00,  0.00000000e+00,
        0.00000000e+00,  0.00000000e+00,  0.00000000e+00,  0.00000000e+00,
        0.00000000e+00,  0.00000000e+00,  0.00000000e+00,  0.00000000e+00],      dtype=float64),
                   'Zeff_l': Array([], shape=(0,), dtype=float64),
                   'a_lmn': Array([], shape=(0,), dtype=float64),
                   'c_l': Array([0., 0., 0., 0., 0.], dtype=float64),
                   'i_l': Array([], shape=(0,), dtype=float64),
                   'ne_l': Array([], shape=(0,), dtype=float64),
                   'ni_l': Array([], shape=(0,), dtype=float64),
                   'p_l': Array([0., 0., 0., 0., 0.], dtype=float64)}],
               [ { 'G': Array([], shape=(0,), dtype=float64),
                   'I': Array([], shape=(0,), dtype=float64),
                   'L_lmn': Array([-9.11402613e-08, -1.81449722e-07, -5.14893551e-07,  4.84657901e-07,
        3.44527116e-07, -6.14988092e-07,  9.31988948e-07, -7.92264828e-07,
       -1.44606359e-06, -1.28347862e-07,  6.40240400e-07, -6.17095317e-07,
       -3.34611939e-07,  3.91802551e-07,  1.49434748e-06,  4.02889895e-08,
       -5.59259832e-08, -1.15897275e-08,  7.47661875e-07, -7.85120597e-09,
        3.24141578e-10,  8.59627528e-09,  1.25574289e-09,  1.67011356e-08,
       -4.34714898e-09, -9.99332681e-08,  1.78647526e-06, -1.80871205e-07,
        4.14892261e-06, -1.50964630e-06,  1.64193851e-07,  6.80126402e-07,
       -4.30195820e-06, -2.63651189e-06, -3.13411056e-07, -3.16710491e-07,
       -1.48623592e-06, -3.40747378e-07, -2.73091489e-07,  1.63434126e-06,
       -8.46831904e-08, -6.34194327e-08, -6.17626046e-08,  8.27495068e-07,
        2.68283016e-08, -1.09502786e-09,  3.58879823e-08,  2.34508571e-08,
        4.06211248e-11,  7.18026446e-09,  5.86965132e-06,  1.47302974e-05,
       -4.91921918e-06,  1.99513719e-05, -1.60881332e-05,  1.16548998e-05,
       -2.15897041e-07, -1.94909358e-05,  1.77178304e-06,  3.29707578e-06,
       -6.84598432e-06,  6.23070376e-08, -4.87677086e-07, -3.54555470e-07,
        2.42721195e-06, -1.49946349e-08, -3.39018277e-07, -5.05062199e-07,
        9.14115935e-07, -4.74161160e-08,  2.67290503e-09, -8.29455366e-08,
       -1.39587603e-07, -2.11911435e-08,  1.31216758e-09, -1.43304025e-05,
        3.71114907e-05,  7.80577835e-05, -4.76590730e-05, -3.09674973e-05,
       -1.94747677e-05, -8.30590978e-05,  2.96629855e-05, -7.05530462e-06,
        8.31937392e-06, -7.48325952e-06, -1.77821498e-06, -3.02806205e-07,
       -3.48906512e-07, -1.22098830e-06,  4.55703188e-07, -4.79872856e-07,
        1.75599580e-07,  9.93387161e-07,  3.78650236e-08,  7.73947632e-08,
        1.16646149e-07,  8.17208604e-09,  3.26783617e-08,  2.65970302e-09,
       -4.04188703e-05,  1.34237887e-04,  6.90263963e-05,  1.34568162e-06,
       -3.43694432e-05,  1.31236171e-04, -2.87111100e-05,  9.85602319e-05,
        1.21340083e-05,  2.32518286e-05, -1.72534967e-05, -3.63849990e-07,
        2.93060711e-07, -3.71393301e-08, -3.81695479e-06, -1.40834054e-06,
        1.02785775e-06, -7.97548095e-07,  6.54298465e-09, -8.38152450e-08,
       -3.22165256e-07, -2.93307709e-07,  3.22060113e-08, -4.35215557e-08,
       -1.08206234e-08,  1.50951607e-04, -1.30017479e-04, -1.27984371e-04,
       -7.63597724e-04, -6.89657020e-05, -1.52976645e-04, -2.14438367e-05,
       -3.29409293e-05, -1.74262853e-05,  1.92011443e-05,  3.96120237e-06,
        1.24211933e-05, -8.30452247e-07, -4.86115347e-06, -8.71310794e-07,
       -9.66952053e-07,  2.99362617e-07,  1.72731323e-06, -1.01516679e-07,
       -7.37843797e-07,  5.66012148e-07,  1.00515669e-06,  2.37387325e-07,
        8.33379055e-08,  5.71247281e-08, -6.56563397e-03,  3.64339147e-03,
        1.70716798e-03, -3.36215680e-04,  2.93424063e-03,  1.50756936e-03,
        1.69530441e-04,  5.28601271e-04, -2.81778289e-05, -6.16013611e-05,
       -5.83551003e-06, -2.11958515e-05,  7.94765309e-07,  1.07206864e-05,
        6.38875633e-06,  4.90935176e-06, -6.36392011e-07, -1.02128291e-06,
        1.29419480e-06, -3.78995965e-07, -1.98105057e-06, -1.34072281e-06,
       -1.09002174e-06,  3.78370087e-08,  9.60868896e-09,  1.56835492e-01,
       -1.78209353e-02,  6.55592299e-03, -1.36895408e-02, -1.08980505e-02,
        2.92355796e-03, -9.33264035e-04, -5.45909849e-05, -2.83752380e-05,
        1.87220714e-04,  2.22301697e-04, -6.91657879e-06, -4.01092382e-05,
       -2.91912907e-05, -4.80645730e-06, -1.52755218e-06,  5.77257229e-06,
        7.14469894e-06, -5.93988962e-06, -5.02258441e-09,  7.32603194e-06,
        4.30125683e-06, -4.87780675e-07,  2.15761311e-07,  6.32336910e-09,
        4.46024754e-02, -4.15744593e-03, -9.92876722e-04,  1.11213294e-02,
       -1.46940644e-04,  1.37149707e-03,  3.04809191e-05,  1.47411883e-04,
        1.91587674e-04, -3.78016804e-06,  7.02186056e-06,  1.64348239e-05,
       -1.90766470e-07,  3.39552185e-06,  5.76728402e-06,  2.98842910e-05,
        7.96806995e-08, -1.41042821e-07, -2.67310536e-06, -1.89752280e-06,
       -4.65341726e-02, -1.31999845e-02,  3.93041074e-03,  5.30923084e-03,
        8.33572382e-05, -8.75097956e-04, -3.38787773e-05, -9.98866655e-05,
       -3.36382885e-05,  5.93729486e-06,  1.63328981e-05,  2.13446728e-06,
        7.66836295e-07, -6.84710376e-06, -1.41134827e-05, -4.52088565e-06,
       -1.20121036e-07,  3.90775902e-07,  2.33871997e-06,  1.84280568e-06,
        1.56957411e-02, -2.01260252e-03,  1.48310204e-03, -7.12210797e-03,
       -2.87458091e-05,  4.03739205e-04, -2.06142043e-05,  8.35130896e-05,
        9.10260094e-05,  2.95361919e-06, -8.79049050e-06, -2.69791558e-05,
       -7.41382246e-07,  4.39796244e-06,  5.22039210e-06,  8.86448454e-08,
        8.63877038e-08, -2.35975791e-07, -5.29728040e-07, -5.95257693e-07,
       -2.48926033e-03, -1.39531219e-04, -2.33378075e-04,  1.79781483e-03,
       -2.55967898e-05, -1.23095143e-04,  1.83165818e-05, -2.03016747e-05,
        6.75297987e-06, -1.13263770e-06,  9.56297733e-07,  1.55830765e-05,
       -7.03176637e-07, -3.38975890e-06, -3.04938276e-06,  4.51989779e-08,
        3.58302476e-08,  3.28908855e-07,  1.14863518e-07,  5.16390618e-08,
       -8.55987414e-05, -2.43765831e-05,  1.31287282e-04,  6.82700843e-05,
        9.41046932e-06,  9.49874347e-05, -1.54098767e-06,  3.21072769e-06,
       -6.30143976e-06, -1.26073682e-06,  9.20635683e-07, -8.11052431e-07,
       -1.05710192e-07,  3.56943388e-07, -8.95588257e-07, -3.94926811e-07,
       -4.26733186e-09, -9.15130958e-08, -1.35019004e-07,  9.41018298e-08,
        3.45656891e-05, -5.10477206e-05,  8.04787952e-08, -3.22566977e-05,
       -5.10730089e-06,  3.66532656e-05, -1.52264348e-06, -2.74864359e-05,
       -3.58760523e-06,  4.46510118e-07, -3.24672931e-06, -1.13226771e-06,
        4.15966061e-08,  8.62102611e-07, -8.18956085e-07,  3.41518457e-07,
        3.08722921e-09,  1.78643342e-09,  8.09607926e-09,  6.52234867e-08,
        3.85070621e-06,  9.24614146e-06,  7.59606704e-06, -2.43466267e-06,
        2.05389482e-06, -9.30951069e-06,  6.59915908e-07, -2.84706409e-06,
        2.50131878e-06, -2.30815570e-08,  2.12820837e-06, -2.56428949e-07,
       -4.44833517e-08,  3.18093647e-07, -4.12921219e-07, -1.43192613e-07,
       -1.19885885e-09, -7.22545116e-09,  1.03652795e-08,  1.90646201e-08,
       -9.14894632e-07,  2.00691032e-06, -9.63201647e-07,  4.45804536e-07,
       -1.89225555e-06, -1.81280522e-06, -1.21194172e-06,  9.53689956e-07,
       -6.26768207e-08, -8.54381314e-08,  9.04924140e-07, -5.97468243e-07,
        2.81616029e-08,  5.46248748e-07, -1.74394022e-07,  2.31356959e-07,
        7.47221512e-09,  2.58262310e-09, -7.22116475e-08,  3.06338636e-08,
       -2.32736715e-07,  1.13430133e-07, -9.12255615e-07, -3.58304260e-08,
       -1.32817133e-06, -5.05670867e-07, -5.71803137e-07,  6.93580277e-07,
        3.34558259e-07,  4.22675275e-08,  1.36852568e-06,  4.44712272e-07,
       -8.57038438e-09,  7.10648435e-07,  2.40140144e-07, -8.19245301e-08,
       -4.21216721e-09,  1.63594783e-08,  1.39005949e-08,  1.02711903e-08],      dtype=float64),
                   'Phi_mn': Array([], shape=(0,), dtype=float64),
                   'Psi': Array([50.], dtype=float64),
                   'R_lmn': Array([ 7.73843397e-07, -3.09294056e-07, -1.45562010e-06, -3.83172907e-07,
       -2.59921936e-07, -1.49212139e-08,  1.20908867e-06,  1.26530901e-06,
       -9.23375504e-07,  6.49429945e-07,  5.15159167e-08,  2.43438838e-07,
        0.00000000e+00, -1.20908867e-06,  1.90311091e-07,  5.32705014e-07,
        0.00000000e+00, -6.49429945e-07,  2.08406019e-07,  8.07764324e-08,
        2.97390620e-06, -1.20306470e-06, -4.07802903e-06, -1.07800763e-06,
       -9.81358856e-07,  1.12805782e-06,  1.35583954e-06,  3.60476664e-06,
       -2.16684259e-06,  8.13514891e-07,  7.27510830e-07,  1.41375256e-07,
        0.00000000e+00, -1.35583954e-06,  4.73262394e-07,  2.70944027e-07,
        0.00000000e+00, -8.13514891e-07,  2.53848026e-07, -6.63683759e-08,
        6.79746561e-06, -5.91731240e-06, -2.00729651e-05,  7.41556877e-07,
       -5.47658314e-06,  9.04481114e-06,  1.13060611e-06,  1.94480688e-05,
       -7.71429173e-06,  8.11071793e-07,  4.79327515e-06, -3.24596391e-06,
        0.00000000e+00, -1.13060611e-06,  6.24896260e-07,  1.75269242e-07,
        0.00000000e+00, -8.11071793e-07,  6.83307990e-07,  1.18465169e-07,
       -6.89796745e-05,  1.08810848e-06,  2.64209814e-05, -3.65616885e-05,
       -6.59085386e-06,  8.98651433e-06, -4.98670161e-07, -2.59896160e-05,
        1.05804983e-04,  8.17733376e-07,  6.49475541e-06, -1.05428075e-05,
        0.00000000e+00,  4.98670161e-07, -4.31365455e-07, -2.63620022e-07,
        0.00000000e+00, -8.17733376e-07,  9.60984458e-08,  4.68184705e-07,
        3.86276128e-05, -2.33576542e-04,  2.17232048e-04,  3.27411809e-05,
       -1.05902164e-04,  6.23754400e-05, -4.12196661e-06, -9.05232857e-05,
        8.83174783e-05, -2.49892554e-07,  1.42778477e-05, -1.40838763e-05,
        0.00000000e+00,  4.12196661e-06,  3.69329401e-06,  1.79577458e-06,
        0.00000000e+00,  2.49892554e-07, -4.43027926e-09, -6.62472142e-07,
       -1.14928543e-05, -1.83128329e-04, -4.75476575e-05, -1.63214591e-04,
        3.37803564e-05, -8.08502473e-05, -2.85675067e-06,  4.79636204e-05,
       -3.79195605e-05, -2.54455170e-07, -1.81806746e-05, -1.12032246e-05,
        0.00000000e+00,  2.85675067e-06, -9.26913012e-06, -5.38501384e-06,
        0.00000000e+00,  2.54455170e-07, -1.91184759e-07, -6.67553054e-07,
        6.01145036e-03, -1.71647671e-04,  2.45231866e-03, -2.63484572e-03,
       -1.36837410e-03, -1.69506347e-03, -1.76179940e-06, -3.41958205e-04,
        7.81672476e-05,  1.66020687e-06, -2.81624471e-06,  4.91564174e-06,
        0.00000000e+00,  1.76179940e-06, -5.35770626e-07,  6.06275143e-06,
        0.00000000e+00, -1.66020687e-06, -1.97114587e-06, -2.79321235e-07,
        2.58369490e-02, -8.09028432e-03,  9.90913437e-03, -9.01004339e-03,
       -2.36512267e-03,  9.53817907e-03,  6.13865383e-06, -4.37652827e-04,
        1.17620170e-03, -1.72874685e-06, -8.33048588e-05,  1.69546230e-05,
        0.00000000e+00, -6.13865383e-06,  2.95417369e-06,  2.79275858e-05,
        0.00000000e+00,  1.72874685e-06,  1.68704256e-07,  4.83526180e-06,
        7.91787226e+00,  1.93120699e+00,  8.31873347e-02,  1.32615127e-02,
        4.62213494e-03,  3.98063831e-03, -1.05712209e-03,  2.94226939e-03,
       -1.84704665e-03, -6.55558199e-04,  1.60503847e-03, -1.05269039e-05,
       -2.70484038e-06, -1.66946562e-05,  4.38697365e-05, -1.46801757e-06,
       -1.87572238e-05,  2.18949600e-05,  1.05269039e-05,  0.00000000e+00,
        2.30459686e-07,  5.07364216e-07,  7.59742494e-07,  1.46801757e-06,
        0.00000000e+00,  1.63346061e+00, -3.19943413e-03,  6.51627989e-02,
       -4.62884404e-03,  2.09625917e-03, -1.28179758e-02, -1.79718158e-03,
        3.58096282e-03,  3.51715350e-03,  1.66999007e-04, -7.18644377e-04,
        4.60691257e-06,  2.45377059e-05,  5.16509400e-05, -2.68849336e-05,
        2.28324283e-06,  5.18588253e-06, -1.39927494e-05, -4.60691257e-06,
        0.00000000e+00,  5.09272134e-08,  2.76002723e-06,  2.94426859e-06,
       -2.28324283e-06,  0.00000000e+00,  8.72975090e-03, -6.17574737e-04,
       -1.09375345e-02,  7.72171157e-03,  6.13070058e-04, -3.44891728e-03,
        3.16559217e-03, -5.71204988e-03,  1.32538101e-03, -1.07911783e-04,
        3.55715385e-04, -8.47781267e-07, -3.68421981e-05,  7.96591150e-06,
        1.09608507e-06, -3.76162259e-06,  2.06112081e-05,  6.98943597e-06,
        8.47781267e-07,  0.00000000e+00,  1.63699934e-06, -1.63619055e-06,
       -6.26845413e-06,  3.76162259e-06,  0.00000000e+00, -1.16884270e-04,
       -1.37064648e-04,  8.49287700e-04, -1.65521235e-03,  1.30830460e-04,
        5.48967916e-04, -7.88231129e-04,  1.44819474e-03, -1.54424009e-04,
        3.01085349e-05, -1.06304008e-04,  5.87874853e-06, -8.68133880e-06,
        2.28873048e-05,  1.63043831e-05,  2.72907982e-06, -1.09439566e-05,
       -1.42861744e-06, -5.87874853e-06,  0.00000000e+00, -1.14065169e-06,
        8.39019480e-07,  2.01241827e-06, -2.72907982e-06,  0.00000000e+00,
        2.23981750e-05,  8.94609668e-05, -4.59246797e-05, -3.58808227e-05,
       -4.31682791e-05, -2.11166217e-04, -4.93572228e-05, -2.09952966e-05,
        1.10545749e-04, -3.50036460e-05,  6.70206582e-05,  4.28600993e-07,
        3.66615921e-06, -8.72321540e-06,  1.72354667e-06, -1.37454888e-07,
       -4.78602428e-07,  4.79893977e-06, -4.28600993e-07,  0.00000000e+00,
        3.02122816e-07, -1.70605145e-07, -1.29971855e-06,  1.37454888e-07,
        0.00000000e+00, -1.62854360e-05,  2.56472050e-05, -5.30795847e-06,
       -8.83054878e-06, -1.03276869e-05, -3.51861792e-05,  1.95916680e-05,
       -3.34590412e-07,  2.37934594e-05, -1.63248793e-05,  3.62412057e-05,
        1.70370374e-06,  2.16214277e-06,  8.61552765e-06, -2.31112094e-05,
       -5.29053323e-07,  1.00536115e-06, -1.05502644e-06, -1.70370374e-06,
        0.00000000e+00, -1.60416228e-07,  5.49611548e-07, -6.82249909e-07,
        5.29053323e-07,  0.00000000e+00,  3.61020797e-07, -9.27107137e-06,
        6.28891837e-07,  1.90307710e-07,  3.23405683e-06,  1.19872509e-05,
        7.59371250e-09, -1.46968142e-06,  1.74816878e-06,  5.86460669e-06,
       -1.14128900e-05, -9.06895298e-07, -1.16677091e-06,  1.13879418e-06,
       -1.27216120e-06, -3.54215902e-07,  1.72407854e-07, -5.74360878e-07,
        9.06895298e-07,  0.00000000e+00,  1.69264564e-07,  1.40579536e-07,
       -4.76007581e-07,  3.54215902e-07,  0.00000000e+00,  2.21286071e-07,
       -1.48795358e-06,  2.16536402e-07, -1.43874704e-07,  1.67316524e-07,
        1.97670333e-06, -1.67546423e-07, -3.31984660e-08, -1.68954063e-07,
        1.15010091e-06, -1.57975037e-06, -6.79481717e-07, -1.58084181e-07,
       -1.42885244e-08,  4.27613102e-07, -5.80315916e-07,  1.70536147e-07,
       -3.96952960e-07,  6.79481717e-07,  0.00000000e+00, -1.12191869e-07,
        1.91361695e-07, -2.58659039e-07,  5.80315916e-07,  0.00000000e+00,
        7.51925567e-08, -8.62318979e-08,  1.25135293e-07,  3.35077146e-07,
        2.92176603e-07,  1.05082211e-06, -1.14497322e-07,  6.00931286e-09,
       -4.91897448e-08, -1.74705962e-08, -9.15442589e-07, -1.11994240e-06,
       -1.29085024e-07, -1.77658576e-07,  7.94834248e-08, -6.10091776e-07,
       -1.88474109e-07, -1.35379519e-07,  1.11994240e-06,  0.00000000e+00,
        4.32544959e-08, -1.63427882e-07, -3.02936800e-08,  6.10091776e-07,
        0.00000000e+00], dtype=float64),
                   'Ra_n': Array([ 7.83363074e+00,  1.56647615e+00,  2.28713568e-02, -1.74686241e-03,
        1.56015955e-05,  6.29163141e-06,  1.07575815e-06, -1.16904441e-07,
        7.89946191e-09], dtype=float64),
                   'Rb_lmn': Array([ 0.00000000e+00,  0.00000000e+00,  0.00000000e+00,  0.00000000e+00,
        0.00000000e+00,  0.00000000e+00,  0.00000000e+00,  0.00000000e+00,
        0.00000000e+00,  0.00000000e+00,  0.00000000e+00,  0.00000000e+00,
        0.00000000e+00,  0.00000000e+00,  0.00000000e+00,  0.00000000e+00,
        0.00000000e+00,  0.00000000e+00,  0.00000000e+00,  0.00000000e+00,
        0.00000000e+00,  0.00000000e+00,  0.00000000e+00,  0.00000000e+00,
        0.00000000e+00,  0.00000000e+00,  0.00000000e+00,  0.00000000e+00,
        0.00000000e+00,  0.00000000e+00,  0.00000000e+00,  0.00000000e+00,
        0.00000000e+00,  0.00000000e+00,  0.00000000e+00,  0.00000000e+00,
       -9.16287469e-05,  1.30402056e-04, -1.85947451e-04,  1.61482047e-04,
        0.00000000e+00,  0.00000000e+00,  0.00000000e+00,  0.00000000e+00,
        1.54084970e-05, -8.85316722e-06, -2.75849354e-04, -2.18012020e-04,
        0.00000000e+00,  0.00000000e+00,  0.00000000e+00,  0.00000000e+00,
       -1.37316149e-03,  2.10982469e-03, -1.86207482e-03,  3.46083464e-03,
        0.00000000e+00,  0.00000000e+00,  0.00000000e+00,  0.00000000e+00,
       -2.44825882e-03,  9.47443572e-03,  1.46968463e-03,  1.80310348e-02,
        8.00000000e+00,  1.93515481e+00,  1.61875948e-02,  5.60757174e-03,
       -1.80241717e-03,  0.00000000e+00,  0.00000000e+00,  0.00000000e+00,
        0.00000000e+00,  1.69685082e+00, -9.30990071e-04, -9.93470258e-04,
       -1.35506129e-02,  3.49321283e-03,  0.00000000e+00,  0.00000000e+00,
        0.00000000e+00,  0.00000000e+00,  9.22603357e-04, -9.18052536e-05,
        2.01599141e-03, -3.08621246e-03,  1.32020864e-03,  0.00000000e+00,
        0.00000000e+00,  0.00000000e+00,  0.00000000e+00, -6.56496893e-05,
        1.29303900e-05, -1.83291294e-04,  4.41235290e-04, -1.36107208e-04,
        0.00000000e+00,  0.00000000e+00,  0.00000000e+00,  0.00000000e+00,
       -6.89154454e-05,  1.08104392e-05, -6.57699398e-05, -1.39346619e-04,
        1.10969577e-04,  0.00000000e+00,  0.00000000e+00,  0.00000000e+00,
        0.00000000e+00,  0.00000000e+00,  0.00000000e+00,  0.00000000e+00,
        0.00000000e+00,  0.00000000e+00,  0.00000000e+00,  0.00000000e+00,
        0.00000000e+00,  0.00000000e+00,  0.00000000e+00,  0.00000000e+00,
        0.00000000e+00,  0.00000000e+00,  0.00000000e+00,  0.00000000e+00,
        0.00000000e+00,  0.00000000e+00,  0.00000000e+00,  0.00000000e+00,
        0.00000000e+00,  0.00000000e+00,  0.00000000e+00,  0.00000000e+00,
        0.00000000e+00,  0.00000000e+00,  0.00000000e+00,  0.00000000e+00,
        0.00000000e+00,  0.00000000e+00,  0.00000000e+00,  0.00000000e+00,
        0.00000000e+00,  0.00000000e+00,  0.00000000e+00,  0.00000000e+00,
        0.00000000e+00], dtype=float64),
                   'Te_l': Array([], shape=(0,), dtype=float64),
                   'Ti_l': Array([], shape=(0,), dtype=float64),
                   'Z_lmn': Array([ 6.47432271e-08,  2.38752018e-07, -1.28616868e-07,  5.75551999e-07,
        2.67078737e-07,  8.73443090e-07, -6.80376155e-08, -4.97499672e-07,
        1.17577863e-06, -6.99456645e-07, -2.07855574e-07,  1.36956460e-06,
        1.23826466e-07, -1.57897820e-07, -9.44917348e-07,  6.58603629e-07,
        1.93625889e-07, -6.65587517e-07, -1.36956460e-06,  0.00000000e+00,
        8.08479052e-09,  7.98454933e-08, -2.30861283e-07, -6.58603629e-07,
        0.00000000e+00, -9.74520559e-07, -2.64825495e-06,  1.89909336e-08,
       -1.68933939e-06,  7.54996593e-07, -2.30810132e-06,  8.00568680e-07,
        1.34813361e-06,  1.73275214e-07,  1.41206676e-06,  2.64322308e-06,
        1.44414390e-06,  3.75083863e-08,  4.05709770e-07, -1.16341377e-08,
        7.93128962e-07,  4.81191598e-07, -3.35121753e-07, -1.44414390e-06,
        0.00000000e+00,  1.17452559e-07, -6.45039875e-08, -1.61641076e-07,
       -7.93128962e-07,  0.00000000e+00, -6.03690635e-06, -2.29318345e-05,
        6.54333361e-07, -1.40654806e-05,  1.25665992e-05, -1.28749799e-05,
        6.42323443e-06,  1.30259949e-05, -5.59804578e-06,  9.27356778e-06,
        1.34917196e-05,  1.35908238e-06, -1.17539499e-06,  8.01958746e-07,
        5.15246380e-06,  7.22451167e-07,  1.09166750e-06, -6.16739695e-07,
       -1.35908238e-06,  0.00000000e+00,  1.34733544e-07,  2.37526997e-07,
        4.45581975e-07, -7.22451167e-07,  0.00000000e+00, -4.12243128e-06,
       -3.63277865e-05, -3.88698022e-06, -2.61762671e-05, -4.73435701e-05,
        2.11577911e-05,  1.15820753e-05,  3.09175853e-05, -5.00170836e-06,
        8.27403919e-05, -2.11000675e-05,  3.25226407e-07, -3.33013644e-06,
       -5.09927393e-06,  5.29413073e-06,  8.68720561e-07,  9.30964739e-07,
       -5.77236437e-08, -3.25226407e-07,  0.00000000e+00, -2.42527378e-07,
        3.57955721e-07, -2.92422370e-07, -8.68720561e-07,  0.00000000e+00,
        1.68991343e-04, -3.55789506e-05, -2.53128889e-05, -1.48306367e-04,
       -1.36050616e-04,  1.27599230e-04, -8.36256251e-06, -2.59536295e-06,
       -6.10850604e-07,  1.24665949e-05, -7.99350288e-05, -4.60534385e-06,
       -1.20813582e-05, -6.62980811e-06,  2.00136080e-05,  1.89454744e-07,
       -2.12628141e-06,  6.47740155e-06,  4.60534384e-06,  0.00000000e+00,
       -6.24328154e-07, -1.98506140e-07,  1.69694277e-07, -1.89454745e-07,
        0.00000000e+00, -7.17982485e-04, -2.24491685e-04,  8.33692958e-04,
       -3.78050129e-04,  4.71090134e-04, -3.03496058e-04,  1.25722558e-04,
        6.57991927e-06,  1.75285699e-04, -3.87863699e-05,  4.78466319e-05,
       -1.63432796e-06, -1.67536159e-05, -9.57401944e-07, -1.88808866e-05,
        1.06585950e-07,  8.64343374e-06, -1.20804985e-05,  1.63432796e-06,
        0.00000000e+00,  5.50191303e-07, -2.13060977e-06,  9.34253450e-07,
       -1.06585950e-07,  0.00000000e+00,  1.45312078e-02, -1.13280163e-03,
       -1.19033508e-02,  2.02522932e-03, -2.18721702e-03,  2.03540753e-03,
       -1.85339002e-03, -2.45635648e-03, -1.44914773e-03, -2.07795698e-04,
       -2.72736896e-04, -8.84327230e-06,  2.27793216e-05,  1.21106067e-05,
       -4.16523738e-05,  2.60949529e-06,  3.83437804e-06,  1.43587592e-06,
        8.84327230e-06,  0.00000000e+00, -1.29911788e-07, -4.51898659e-07,
       -3.21321119e-06, -2.60949529e-06,  0.00000000e+00,  1.61355417e+00,
       -9.55171269e-03,  7.61883921e-02, -2.65254079e-03, -8.98392931e-03,
        9.03722521e-03,  7.17779736e-03,  8.51760078e-03, -1.94819131e-03,
        4.63886988e-04, -3.81320896e-04,  8.90970489e-06,  4.56690261e-05,
       -4.94250772e-05, -6.55366378e-05, -2.51138439e-06, -9.95326548e-06,
        8.20391264e-06, -8.90970489e-06,  0.00000000e+00, -5.38230716e-06,
       -2.31990482e-08,  7.61238402e-07,  2.51138439e-06,  0.00000000e+00,
       -1.94521690e+00, -1.90715720e-02, -3.11601875e-03, -1.42731713e-02,
        1.42085104e-03, -2.18961743e-03,  7.56693692e-06, -1.60392839e-03,
       -1.01836256e-03,  2.36520165e-06, -8.08664087e-05, -5.48546613e-05,
        0.00000000e+00, -7.56693692e-06,  1.91987665e-06,  4.48328919e-06,
        0.00000000e+00, -2.36520165e-06, -4.81484740e-06,  1.23672424e-06,
       -2.49118785e-03,  1.18781439e-02,  1.19225935e-02,  2.59214184e-03,
       -3.46296859e-03, -4.83975703e-03,  1.72516951e-06,  5.59168529e-04,
        4.01632012e-04, -4.07751243e-06,  8.40018114e-05,  1.38079652e-05,
        0.00000000e+00, -1.72516951e-06, -7.17858231e-06, -7.91210251e-06,
        0.00000000e+00,  4.07751243e-06,  4.42804683e-06,  3.52081264e-06,
       -7.39365385e-04, -5.74389906e-03,  3.03131042e-03,  7.71075984e-04,
       -1.42521888e-03,  5.00763163e-03, -5.15962603e-06, -2.03119920e-04,
       -2.80993716e-04,  4.78323862e-06, -5.38033161e-05, -2.10246372e-05,
        0.00000000e+00,  5.15962603e-06,  5.39412617e-06, -5.49269018e-06,
        0.00000000e+00, -4.78323862e-06,  1.00370646e-06, -5.68395624e-06,
       -2.02270220e-04,  1.37868663e-03, -7.66704521e-04,  2.52878387e-04,
        2.32366439e-04, -1.35257333e-03, -5.10981691e-06,  7.63968414e-05,
        9.04510705e-05, -2.31638126e-06, -1.22443988e-05, -6.81953927e-06,
        0.00000000e+00,  5.10981691e-06, -3.16297893e-06, -5.63371237e-06,
        0.00000000e+00,  2.31638126e-06,  1.29609570e-06,  2.23766684e-06,
        9.37648532e-05,  1.80989390e-04,  1.11414425e-04, -9.72676938e-05,
       -4.07415702e-06, -5.88622519e-05, -1.60654164e-07, -6.18698790e-05,
       -5.67454955e-05,  5.76862312e-07,  4.22391457e-06,  7.43227232e-06,
        0.00000000e+00,  1.60654164e-07, -4.12919560e-06,  6.27086457e-06,
        0.00000000e+00, -5.76862312e-07,  1.14716438e-06,  6.33131043e-07,
        1.70819597e-05, -4.71792451e-05,  2.62657590e-05, -4.94474349e-06,
       -2.25491975e-05,  3.71150536e-05, -1.29395871e-06, -2.86842289e-05,
       -1.01363545e-05,  5.44490038e-07,  2.20935993e-05,  9.73512505e-06,
        0.00000000e+00,  1.29395871e-06,  2.41846986e-06, -2.00086166e-06,
        0.00000000e+00, -5.44490038e-07,  4.55598244e-07,  3.29066450e-07,
       -7.95496124e-06, -2.64379323e-06, -4.90810564e-06,  2.82093353e-06,
       -2.70977923e-06,  2.35971883e-06,  1.22162670e-06,  5.54788638e-06,
        4.31839928e-06,  2.66918363e-07,  2.21828411e-06,  3.30596652e-07,
        0.00000000e+00, -1.22162670e-06, -6.39780732e-07,  8.15628423e-07,
        0.00000000e+00, -2.66918363e-07,  4.91495122e-07, -4.65222492e-08,
       -1.22165448e-06,  1.28020812e-06, -1.40212142e-06,  9.54016938e-08,
        9.20487235e-07, -7.34538171e-07,  7.61807306e-07,  1.29967860e-06,
        8.28941448e-07,  5.56836441e-07, -8.71323929e-07, -4.38764451e-07,
        0.00000000e+00, -7.61807306e-07,  1.02442830e-07,  2.97311342e-07,
        0.00000000e+00, -5.56836441e-07, -4.91633066e-08, -1.06905496e-07,
       -4.63661682e-08,  9.24264378e-07,  1.05749671e-06,  2.54093123e-07,
        1.41714949e-06, -3.49409992e-07,  1.28154296e-06, -3.95032155e-07,
       -4.02038976e-09,  6.21842820e-07, -1.03249853e-06, -5.49143799e-07,
        0.00000000e+00, -1.28154296e-06, -6.62464559e-07, -2.03706565e-07,
        0.00000000e+00, -6.21842820e-07, -3.84650957e-07, -2.57105867e-08],      dtype=float64),
                   'Za_n': Array([ 9.58080426e-09, -1.12998640e-07,  1.04212326e-06,  1.44342333e-05,
        1.97398699e-04, -1.40864908e-03,  2.45582594e-02,  1.54449253e+00],      dtype=float64),
                   'Zb_lmn': Array([ 0.00000000e+00,  0.00000000e+00,  0.00000000e+00,  0.00000000e+00,
        0.00000000e+00,  0.00000000e+00,  0.00000000e+00,  0.00000000e+00,
        0.00000000e+00,  0.00000000e+00,  0.00000000e+00,  0.00000000e+00,
        0.00000000e+00,  0.00000000e+00,  0.00000000e+00,  0.00000000e+00,
        0.00000000e+00,  0.00000000e+00,  0.00000000e+00,  0.00000000e+00,
        0.00000000e+00,  0.00000000e+00,  0.00000000e+00,  0.00000000e+00,
        0.00000000e+00,  0.00000000e+00,  0.00000000e+00,  0.00000000e+00,
        0.00000000e+00,  0.00000000e+00,  0.00000000e+00,  0.00000000e+00,
        0.00000000e+00,  0.00000000e+00,  0.00000000e+00,  0.00000000e+00,
        1.22610205e-04, -1.61289253e-04, -1.57730044e-04,  5.41416031e-05,
        1.95724517e-05,  0.00000000e+00,  0.00000000e+00,  0.00000000e+00,
        0.00000000e+00,  2.25229607e-04,  2.16455513e-04, -3.74558221e-04,
       -2.67729925e-04,  1.57339066e-04,  0.00000000e+00,  0.00000000e+00,
        0.00000000e+00,  0.00000000e+00,  7.97116451e-04, -3.52397997e-03,
       -4.19468449e-04,  1.76410651e-03, -1.49401331e-03,  0.00000000e+00,
        0.00000000e+00,  0.00000000e+00,  0.00000000e+00,  1.69696065e+00,
       -1.80817083e-02,  5.81561171e-03,  8.66410822e-03, -2.01296671e-03,
        0.00000000e+00,  0.00000000e+00,  0.00000000e+00,  0.00000000e+00,
        0.00000000e+00,  0.00000000e+00,  0.00000000e+00,  0.00000000e+00,
        1.33516978e-03, -4.71802726e-03, -2.13148074e-02, -1.96050395e+00,
        0.00000000e+00,  0.00000000e+00,  0.00000000e+00,  0.00000000e+00,
       -3.37453873e-03,  1.24745834e-02,  7.05571561e-03,  4.94673897e-04,
        0.00000000e+00,  0.00000000e+00,  0.00000000e+00,  0.00000000e+00,
       -1.47801849e-03,  2.83358463e-03, -7.62976025e-04, -2.54775808e-04,
        0.00000000e+00,  0.00000000e+00,  0.00000000e+00,  0.00000000e+00,
        2.21418136e-04, -6.93470658e-04,  2.15314325e-05,  1.35425525e-04,
        0.00000000e+00,  0.00000000e+00,  0.00000000e+00,  0.00000000e+00,
        1.29692192e-06,  4.54153504e-05,  1.30192541e-04, -5.39774716e-05,
        0.00000000e+00,  0.00000000e+00,  0.00000000e+00,  0.00000000e+00,
        0.00000000e+00,  0.00000000e+00,  0.00000000e+00,  0.00000000e+00,
        0.00000000e+00,  0.00000000e+00,  0.00000000e+00,  0.00000000e+00,
        0.00000000e+00,  0.00000000e+00,  0.00000000e+00,  0.00000000e+00,
        0.00000000e+00,  0.00000000e+00,  0.00000000e+00,  0.00000000e+00,
        0.00000000e+00,  0.00000000e+00,  0.00000000e+00,  0.00000000e+00,
        0.00000000e+00,  0.00000000e+00,  0.00000000e+00,  0.00000000e+00,
        0.00000000e+00,  0.00000000e+00,  0.00000000e+00,  0.00000000e+00],      dtype=float64),
                   'Zeff_l': Array([], shape=(0,), dtype=float64),
                   'a_lmn': Array([], shape=(0,), dtype=float64),
                   'c_l': Array([0., 0., 0., 0., 0.], dtype=float64),
                   'i_l': Array([], shape=(0,), dtype=float64),
                   'ne_l': Array([], shape=(0,), dtype=float64),
                   'ni_l': Array([], shape=(0,), dtype=float64),
                   'p_l': Array([0., 0., 0., 0., 0.], dtype=float64)}],
               [ { 'G': Array([], shape=(0,), dtype=float64),
                   'I': Array([], shape=(0,), dtype=float64),
                   'L_lmn': Array([-2.00804395e-07, -4.64903987e-07, -2.12516186e-07,  5.18501787e-07,
        7.89477132e-07, -3.94767766e-08,  5.65754356e-07, -6.00850970e-07,
       -1.15689919e-06, -3.75242991e-07, -4.79814887e-08, -4.80956336e-07,
       -1.63798508e-07,  1.99224961e-07,  1.15439541e-06,  4.79108413e-08,
        6.07222030e-09,  7.90728232e-08,  6.00397332e-07, -8.87910001e-09,
        5.20633397e-09,  1.25289782e-09,  1.31313823e-08,  1.79443111e-08,
       -6.66230014e-09, -3.05752422e-07, -4.39649823e-07,  4.02855344e-07,
        2.39326640e-06,  1.01849981e-06,  1.90218151e-07, -1.65796278e-07,
       -2.22403692e-06, -2.23338619e-06, -6.90602878e-07, -5.59914194e-08,
       -1.46701008e-06,  1.97420482e-07, -5.81563130e-07,  1.30402156e-06,
       -1.34953049e-07,  1.90979729e-08, -1.51108691e-07,  7.55910260e-07,
        1.52947972e-08, -1.33575090e-08,  1.05067851e-08,  3.00164249e-08,
       -2.20209662e-09,  7.76436920e-09,  7.99126231e-06,  1.04558903e-05,
       -6.24427665e-06,  8.91614189e-06, -1.28773482e-05,  8.26844231e-06,
       -2.02744354e-06, -1.09923698e-05,  2.17979062e-06,  4.46256709e-06,
       -3.79169666e-06,  8.11402779e-07,  2.19977479e-07,  7.43615887e-07,
        1.93978914e-06, -4.59384277e-09, -6.15012271e-08, -3.17964046e-07,
        4.53116414e-07, -7.12510352e-08,  6.44881846e-09, -8.39003625e-08,
       -1.01342163e-07, -3.13344285e-08, -3.26075588e-09, -1.66822509e-05,
        5.95868746e-05,  6.78578215e-05, -4.37023159e-05, -3.92373715e-05,
       -2.29144175e-05, -8.06882199e-05,  2.60804169e-05, -6.80468870e-06,
        7.66910519e-06, -4.20277372e-06, -1.74817481e-06,  3.45571406e-07,
       -1.12926172e-07, -2.19992707e-06,  5.32178009e-07, -2.34963501e-07,
       -2.83790844e-08,  4.10442079e-07,  1.07122261e-07,  6.26450176e-08,
        1.94469977e-07,  6.90854050e-08,  5.60371243e-09, -1.27721369e-08,
       -2.47675180e-05,  2.94316626e-04, -2.34369509e-05,  2.46541894e-05,
       -1.22755811e-04,  1.33587056e-04,  3.04185497e-05,  2.84868883e-05,
        1.42500296e-05,  1.72096326e-05, -1.13081362e-05,  6.89631227e-07,
       -5.18275925e-07,  4.53598939e-07, -2.69394375e-06, -2.01452812e-06,
        1.10129257e-06, -1.21622657e-08, -7.71044736e-07,  2.53013197e-07,
       -2.07221331e-07, -3.07751821e-07,  3.69357687e-08, -5.23986836e-08,
       -1.00341169e-07,  3.25872529e-05, -1.45324964e-04, -8.66565786e-05,
       -9.07245960e-04,  1.93570903e-04, -1.71494753e-04,  8.42541787e-05,
        4.99391177e-05, -3.27295112e-05, -6.50659198e-06,  3.44070898e-05,
        1.92341284e-05, -1.53308441e-06, -5.39816351e-06,  9.93190659e-08,
       -1.97724231e-06, -1.90544149e-07,  1.67535948e-06, -1.63695982e-06,
       -4.00313404e-07,  6.37653597e-07,  6.71859368e-07, -1.99008561e-07,
        1.90280166e-07,  4.31572014e-08, -8.23888742e-03,  2.77398130e-03,
        3.16421720e-03, -9.54376666e-04,  3.91197863e-03,  1.90344387e-03,
        4.75221090e-04,  5.11702495e-04, -2.55934711e-05, -6.00034150e-05,
       -2.86440333e-05, -2.73199448e-05,  5.31788229e-06,  5.39467933e-06,
        3.77655963e-06,  5.75898096e-06, -3.33018737e-07, -7.54050604e-07,
       -1.10804652e-06, -1.27945286e-07, -2.02348902e-06, -2.55243998e-06,
       -9.93215668e-07, -2.98146170e-09, -5.39182960e-08,  1.62137099e-01,
       -1.44351681e-02,  1.17479734e-03, -1.64908447e-02, -1.19245411e-02,
        3.38558039e-03, -8.76684376e-04, -3.81076114e-05,  1.57297951e-05,
        2.02809047e-04,  1.87879858e-04, -2.13172397e-05, -3.76484559e-05,
       -3.80599914e-05, -1.37493191e-05, -2.36844577e-06,  6.71175899e-06,
        2.87295047e-06, -6.37173319e-06,  4.50068670e-07,  5.00671440e-06,
        4.99324746e-06,  4.79314493e-07,  4.28586715e-08, -4.43763398e-09,
        5.95344077e-02, -3.68552159e-03, -1.14034666e-03,  7.79928868e-03,
       -1.81507772e-04,  1.58066321e-03,  3.48445612e-05,  1.27945840e-04,
        3.60715602e-04, -6.14157657e-06, -8.89737892e-06,  2.22347419e-05,
       -7.14423405e-07,  3.68752400e-06,  3.43079507e-06,  4.80895832e-05,
        1.57061368e-07, -9.97012210e-08, -2.73948854e-06, -2.19292234e-06,
       -4.37489778e-02, -1.75478117e-02,  4.67713572e-03,  4.58173212e-03,
        1.62439540e-04, -5.29077539e-04, -5.47662509e-05, -9.66395326e-05,
       -3.07345344e-05,  8.87484350e-06,  2.14264814e-05, -6.90671626e-06,
        1.46786754e-06, -8.68810884e-06, -1.44951495e-05, -5.35850942e-06,
       -1.73449927e-07,  4.39750079e-07,  2.25314972e-06,  2.15707599e-06,
        1.33433612e-02, -2.69941650e-03,  1.71449356e-03, -4.25789337e-03,
       -3.84414110e-05,  5.41371734e-04, -2.54242253e-05,  5.64000106e-05,
        5.25427734e-05,  2.50422747e-06, -5.94765039e-06, -2.77844408e-05,
       -8.58155402e-07,  3.95242026e-06,  3.67566460e-06, -5.25357885e-07,
        4.38578395e-08, -3.69155767e-07, -9.03783230e-07,  5.10937857e-07,
       -2.96374911e-03,  1.10797268e-04, -2.74739016e-04,  2.21968922e-03,
       -4.31728427e-05, -1.32304998e-04,  2.53293424e-05, -2.77608719e-05,
       -2.02836898e-05, -2.03014841e-06, -3.84647700e-07,  1.13586268e-05,
       -1.17589227e-07, -4.00088699e-06, -2.99554195e-06, -4.15599573e-07,
       -4.32387371e-09,  4.07298766e-07,  2.14858294e-07, -1.79780527e-07,
       -2.59065192e-05, -1.03117564e-04,  1.25142828e-04, -3.49331203e-06,
        1.69006260e-05,  1.11101650e-04, -8.95141701e-07,  2.29411778e-05,
       -1.03414876e-05, -1.81540004e-06, -1.36646056e-06,  1.73978783e-06,
        1.57365425e-07, -6.50529975e-07,  6.19233661e-07,  2.19688146e-07,
       -8.18164548e-08, -9.75998674e-08, -6.94754766e-08, -8.19697522e-08,
        3.69351398e-05, -4.53440699e-06, -1.33799226e-05, -2.54029187e-05,
       -5.40924677e-06, -1.01067054e-05, -1.12672149e-06, -1.55819136e-05,
       -4.74400083e-06,  4.81448843e-07, -3.76194690e-06,  5.47088090e-07,
        1.26937075e-07,  4.72059870e-09, -2.98070040e-07,  1.66689206e-07,
       -1.18557671e-08,  1.34969743e-09, -2.93514878e-08, -1.19479980e-07,
        2.35326867e-06,  6.70387324e-07,  5.51095286e-06,  8.85138508e-07,
        2.10328829e-06, -3.19221295e-06,  1.22168105e-06, -1.16636693e-06,
        2.01578599e-06, -3.49923184e-09,  1.98190536e-06,  6.14596338e-07,
       -7.68566732e-08,  4.87253380e-08, -1.20658634e-07, -2.05677355e-07,
       -2.17537944e-09, -3.49122518e-08,  9.88220213e-09,  5.31514625e-08,
       -3.20540541e-06, -1.04467116e-07, -3.33872226e-08,  2.37182523e-06,
       -1.49018226e-06,  3.01663946e-07, -1.10305648e-06,  3.85201189e-07,
        5.53012112e-07, -1.39242541e-07,  5.39868400e-07, -6.45534462e-07,
        1.86205957e-08,  3.93324085e-07, -2.60567927e-07, -8.97520325e-08,
        8.67220572e-09,  2.70086212e-09, -2.46995061e-08,  2.53757776e-08,
       -7.08825056e-07, -1.95651754e-07, -4.45572111e-07,  5.08521174e-07,
       -9.34848209e-07,  5.08631260e-08, -3.73576624e-07,  1.31607282e-07,
        3.51712745e-07,  4.81884023e-08,  9.34582108e-07,  1.99979062e-07,
       -8.08401628e-09,  5.00390635e-07,  3.10234873e-07, -1.80260110e-07,
       -7.07665667e-09,  1.93249721e-08,  1.42765831e-08,  1.03620332e-08],      dtype=float64),
                   'Phi_mn': Array([], shape=(0,), dtype=float64),
                   'Psi': Array([50.], dtype=float64),
                   'R_lmn': Array([ 7.78712836e-07,  2.62017474e-07, -1.22606408e-06, -3.77680246e-07,
       -5.62751937e-07, -5.47200087e-07,  9.15953749e-07,  9.70450267e-07,
       -6.69031167e-07,  5.19880026e-07,  4.38914701e-07,  2.06113414e-07,
        0.00000000e+00, -9.15953749e-07,  2.55613812e-07,  2.67998576e-07,
        0.00000000e+00, -5.19880026e-07,  1.23837236e-07,  7.90691992e-08,
        2.04230337e-06, -1.35147183e-07, -2.45644243e-06, -5.90983605e-07,
       -8.15247885e-07, -2.31313482e-07,  1.20413874e-06,  1.80777175e-06,
       -1.03520618e-06,  7.37879635e-07,  5.12632593e-07,  4.82490279e-07,
        0.00000000e+00, -1.20413874e-06,  6.48670685e-07, -4.16113589e-07,
        0.00000000e+00, -7.37879635e-07,  3.02615293e-07, -1.16029614e-07,
       -2.39515724e-06, -4.01531062e-06, -1.22006338e-05,  5.14694269e-06,
       -3.10302694e-06,  7.32845459e-06,  9.16853469e-07,  1.24062960e-05,
       -2.46851684e-06,  3.98508106e-07,  2.87636970e-06, -3.29959226e-06,
        0.00000000e+00, -9.16853469e-07, -2.05662138e-07, -2.83268610e-07,
        0.00000000e+00, -3.98508106e-07,  2.26657245e-07, -1.35517024e-08,
       -7.11705107e-05, -1.11441191e-05,  2.48325048e-05, -3.04996342e-05,
       -3.67712645e-06,  2.16007425e-05, -8.82035254e-07, -2.40923936e-05,
        1.02389133e-04,  2.70766235e-07,  3.48398122e-06, -1.05227825e-05,
        0.00000000e+00,  8.82035254e-07, -7.40111147e-07, -7.18988386e-07,
        0.00000000e+00, -2.70766235e-07,  1.93145235e-07,  6.61591586e-08,
        1.98072342e-04, -4.31854979e-04,  2.38298924e-04,  9.85470356e-05,
       -1.26345277e-04,  1.29622825e-04, -2.90653909e-06, -3.47546102e-05,
       -4.96070799e-06, -5.93954501e-07,  1.14395573e-05, -5.85088785e-06,
        0.00000000e+00,  2.90653909e-06,  3.85782368e-06,  2.87395737e-06,
        0.00000000e+00,  5.93954501e-07, -8.63173518e-07, -2.46339470e-07,
        2.91096876e-04, -3.44883429e-04,  1.07361338e-04, -2.90815104e-04,
        3.93496890e-05, -2.27105588e-04, -3.29940644e-06, -4.93029571e-05,
       -1.06105797e-04, -5.71667586e-07, -4.02544892e-05,  4.48986870e-06,
        0.00000000e+00,  3.29940644e-06, -5.34578370e-06, -3.48032669e-06,
        0.00000000e+00,  5.71667586e-07, -7.67218583e-07,  3.06559071e-07,
        1.01743543e-02, -2.11291708e-05,  3.21316652e-03, -5.00981882e-03,
       -1.66904353e-03, -2.29974607e-03, -1.10939015e-05, -3.46960512e-04,
       -2.95364087e-04,  1.09969467e-06,  2.71799434e-07,  2.38471853e-06,
        0.00000000e+00,  1.10939015e-05, -1.05567351e-06, -1.29547951e-06,
        0.00000000e+00, -1.09969467e-06, -2.34892396e-06,  1.32597483e-07,
        2.49566817e-02, -1.11537758e-02,  1.23581942e-02, -2.90484628e-03,
       -2.86691929e-03,  1.03467910e-02, -2.64689312e-06, -3.57550200e-04,
        1.10003804e-03, -1.68798480e-06, -7.49929056e-05,  2.11307998e-05,
        0.00000000e+00,  2.64689312e-06,  3.27985060e-06,  1.93138307e-05,
        0.00000000e+00,  1.68798480e-06,  2.93519537e-06,  5.47154145e-06,
        7.91611687e+00,  1.94801326e+00,  8.36153395e-02,  2.11443606e-02,
        4.07465834e-03,  5.39671090e-03,  3.06532439e-04,  8.27136535e-04,
       -2.09873574e-03, -7.77541452e-04,  1.83421730e-03, -1.09558292e-05,
       -4.01498207e-05, -9.25764353e-06,  4.04191662e-05, -1.33141032e-06,
       -2.15832131e-05,  1.64336249e-05,  1.09558292e-05,  0.00000000e+00,
        1.40828662e-06,  1.01144202e-06, -1.50400663e-06,  1.33141032e-06,
        0.00000000e+00,  1.63639707e+00, -4.92268884e-03,  6.45988085e-02,
       -4.03050493e-04,  3.47414987e-03, -1.71259819e-02, -1.48340743e-03,
        2.90757046e-03,  4.30855635e-03,  6.55308602e-05, -5.26754678e-04,
        1.08739029e-05,  2.24766500e-05,  5.79665094e-05,  4.64762791e-06,
        3.20273772e-06,  1.20663581e-05, -1.75919418e-05, -1.08739029e-05,
        0.00000000e+00,  8.75157824e-07,  2.02074200e-06,  3.43660981e-06,
       -3.20273772e-06,  0.00000000e+00,  1.05054296e-02, -7.41093082e-04,
       -1.11755855e-02,  6.32506822e-03,  7.89563754e-04, -4.07045777e-03,
        1.86377827e-03, -3.80421893e-03,  1.47214515e-03, -1.60583265e-04,
        4.60759553e-04,  2.27272930e-06, -9.73750144e-06,  4.39257487e-06,
       -1.09325914e-05, -4.13755544e-06,  2.50065196e-05,  9.03910795e-06,
       -2.27272930e-06,  0.00000000e+00,  1.71979046e-06, -2.31116501e-06,
       -6.09195901e-06,  4.13755544e-06,  0.00000000e+00, -7.92867155e-06,
       -9.29640262e-05,  8.49521377e-04, -2.14662141e-03,  6.83061348e-05,
        7.80943347e-04, -9.92878148e-04,  1.79197335e-03, -2.06761228e-04,
        2.00012234e-05, -8.49057737e-05,  8.96835569e-06, -1.32974249e-06,
        5.20587072e-08,  1.09046777e-05,  2.28250324e-06, -1.36127791e-05,
       -4.78355121e-06, -8.96835569e-06,  0.00000000e+00, -1.22273721e-06,
       -1.96930073e-07,  2.31334888e-06, -2.28250324e-06,  0.00000000e+00,
       -1.12664801e-05,  1.33474367e-04, -5.87619110e-05,  5.76378189e-05,
       -3.82800703e-05, -3.16263184e-04, -1.36066447e-05, -9.24697844e-05,
        1.27790988e-04, -4.67306736e-05,  8.43807421e-05,  1.12464650e-06,
        7.18303762e-06, -1.63308852e-05,  1.45864323e-05,  4.09068441e-07,
       -6.66572212e-07,  4.79904495e-06, -1.12464650e-06,  0.00000000e+00,
       -1.22267015e-07, -4.81545290e-07, -1.03456409e-07, -4.09068441e-07,
        0.00000000e+00, -6.44282153e-06, -5.33526610e-06, -1.24971803e-05,
       -2.43534360e-06,  4.19783877e-06, -9.46486417e-07,  1.62506815e-05,
       -3.02649139e-06,  1.28802030e-05,  2.50955851e-07,  4.44461398e-07,
        2.26875074e-06,  2.81257871e-06,  5.10651076e-06, -1.30884196e-05,
        1.44163364e-07,  8.86471481e-07,  5.02025019e-07, -2.26875074e-06,
        0.00000000e+00, -1.23258306e-07,  3.55324217e-07,  2.08216630e-07,
       -1.44163364e-07,  0.00000000e+00,  1.58211428e-06, -5.74020132e-06,
        2.19513460e-07, -1.18608743e-06,  3.21189246e-06,  6.56650400e-06,
       -1.13507342e-06,  1.06328009e-06,  2.16531025e-07,  2.73737223e-06,
       -6.66123761e-06, -1.00736011e-06, -8.99853368e-07,  1.17611688e-07,
        6.98523003e-09, -6.83696310e-08, -2.09063372e-07,  9.47336114e-08,
        1.00736011e-06,  0.00000000e+00,  2.33299047e-07,  5.19565979e-09,
       -2.23516255e-07,  6.83696310e-08,  0.00000000e+00,  1.12892227e-06,
       -1.08007554e-07,  3.87087761e-07, -2.04555673e-06, -4.46131348e-07,
        1.74905433e-07, -1.24478204e-06,  1.61054292e-06,  3.11966541e-07,
        4.08127166e-07,  2.12140735e-07, -5.36629074e-07, -2.75407875e-07,
        4.19183175e-07, -8.26631565e-08, -4.27068825e-07,  1.46011735e-07,
       -3.87046168e-07,  5.36629074e-07,  0.00000000e+00,  4.17988876e-09,
        1.58306337e-08, -2.29303384e-07,  4.27068825e-07,  0.00000000e+00,
        3.20855084e-07,  1.26653788e-07,  9.47544166e-08, -3.33129638e-07,
        6.53750076e-08,  5.13240243e-07, -4.05776536e-07,  6.42280671e-07,
        1.14707633e-07, -9.81380356e-08, -3.25334963e-07, -7.30163292e-07,
       -1.01773127e-07, -6.29403722e-08, -1.67636086e-07, -4.30294138e-07,
       -9.38907596e-08, -1.87905280e-07,  7.30163292e-07,  0.00000000e+00,
        9.19401623e-08, -2.46210661e-07,  5.29284535e-08,  4.30294138e-07,
        0.00000000e+00], dtype=float64),
                   'Ra_n': Array([ 7.83284962e+00,  1.57029325e+00,  2.35562507e-02, -1.85022119e-03,
        2.65834816e-05,  1.93692032e-05,  1.36067982e-06, -2.23359771e-07,
        1.40374198e-08], dtype=float64),
                   'Rb_lmn': Array([ 0.00000000e+00,  0.00000000e+00,  0.00000000e+00,  0.00000000e+00,
        0.00000000e+00,  0.00000000e+00,  0.00000000e+00,  0.00000000e+00,
        0.00000000e+00,  0.00000000e+00,  0.00000000e+00,  0.00000000e+00,
        0.00000000e+00,  0.00000000e+00,  0.00000000e+00,  0.00000000e+00,
        0.00000000e+00,  0.00000000e+00,  0.00000000e+00,  0.00000000e+00,
        0.00000000e+00,  0.00000000e+00,  0.00000000e+00,  0.00000000e+00,
        0.00000000e+00,  0.00000000e+00,  0.00000000e+00,  0.00000000e+00,
        0.00000000e+00,  0.00000000e+00,  0.00000000e+00,  0.00000000e+00,
        0.00000000e+00,  0.00000000e+00,  0.00000000e+00,  0.00000000e+00,
       -1.15768894e-04,  2.07402137e-04, -3.08329381e-04,  2.94532627e-04,
        0.00000000e+00,  0.00000000e+00,  0.00000000e+00,  0.00000000e+00,
       -1.67201873e-06,  5.27125972e-05, -5.67192589e-04, -1.09304352e-04,
        0.00000000e+00,  0.00000000e+00,  0.00000000e+00,  0.00000000e+00,
       -1.67112066e-03,  2.86515034e-03, -2.31835793e-03,  4.86787596e-03,
        0.00000000e+00,  0.00000000e+00,  0.00000000e+00,  0.00000000e+00,
       -2.93897700e-03,  1.20039238e-02, -7.80382515e-04,  2.31711873e-02,
        8.00000000e+00,  1.95128880e+00,  2.19632509e-02,  7.24736183e-03,
       -2.05982058e-03,  0.00000000e+00,  0.00000000e+00,  0.00000000e+00,
        0.00000000e+00,  1.69953582e+00, -1.37094175e-03,  2.56450722e-03,
       -1.76703285e-02,  4.31664059e-03,  0.00000000e+00,  0.00000000e+00,
        0.00000000e+00,  0.00000000e+00,  1.18560468e-03, -8.71060727e-05,
        2.52293070e-03, -3.60065911e-03,  1.45512060e-03,  0.00000000e+00,
        0.00000000e+00,  0.00000000e+00,  0.00000000e+00, -1.53837922e-04,
       -1.82694470e-05, -3.54792934e-04,  6.91254022e-04, -1.93543202e-04,
        0.00000000e+00,  0.00000000e+00,  0.00000000e+00,  0.00000000e+00,
       -7.65742652e-05,  4.77970509e-05, -5.16443960e-05, -2.27083397e-04,
        1.42273964e-04,  0.00000000e+00,  0.00000000e+00,  0.00000000e+00,
        0.00000000e+00,  0.00000000e+00,  0.00000000e+00,  0.00000000e+00,
        0.00000000e+00,  0.00000000e+00,  0.00000000e+00,  0.00000000e+00,
        0.00000000e+00,  0.00000000e+00,  0.00000000e+00,  0.00000000e+00,
        0.00000000e+00,  0.00000000e+00,  0.00000000e+00,  0.00000000e+00,
        0.00000000e+00,  0.00000000e+00,  0.00000000e+00,  0.00000000e+00,
        0.00000000e+00,  0.00000000e+00,  0.00000000e+00,  0.00000000e+00,
        0.00000000e+00,  0.00000000e+00,  0.00000000e+00,  0.00000000e+00,
        0.00000000e+00,  0.00000000e+00,  0.00000000e+00,  0.00000000e+00,
        0.00000000e+00,  0.00000000e+00,  0.00000000e+00,  0.00000000e+00,
        0.00000000e+00], dtype=float64),
                   'Te_l': Array([], shape=(0,), dtype=float64),
                   'Ti_l': Array([], shape=(0,), dtype=float64),
                   'Z_lmn': Array([ 1.93630033e-07,  2.76148584e-07, -2.31014614e-07,  3.02138778e-07,
        4.74608883e-08,  6.06346412e-07, -1.59149481e-07, -4.62456999e-07,
        5.84223663e-07, -4.00045143e-07, -1.68428892e-07,  1.08510189e-06,
        2.17278475e-07,  1.47716734e-07, -3.37417235e-07,  5.51028211e-07,
        7.64356715e-08, -4.37917519e-07, -1.08510189e-06,  0.00000000e+00,
       -2.07444126e-08,  1.26014869e-08, -2.46806428e-07, -5.51028211e-07,
        0.00000000e+00, -6.68428962e-08, -1.59181368e-06, -1.09944001e-07,
        3.61811790e-07,  1.76695697e-07, -1.09040265e-06, -7.56678825e-08,
       -7.53171902e-07,  2.80558448e-07,  1.38808725e-06,  1.14038998e-06,
        1.18615596e-06,  2.10544451e-07,  4.63307364e-07, -2.22466452e-07,
        7.47667861e-07,  2.70307389e-08, -4.99873335e-08, -1.18615596e-06,
        0.00000000e+00,  4.19103283e-08, -7.19472516e-08, -5.80919962e-08,
       -7.47667861e-07,  0.00000000e+00, -3.37695264e-06, -2.07466791e-05,
        1.32346345e-06, -8.58618309e-06,  1.41605707e-05, -5.56828356e-06,
        3.99788956e-06,  9.50964733e-06, -3.40528333e-06,  6.74031820e-06,
        6.93782205e-06,  8.16074441e-07, -1.92173283e-06, -1.08304739e-06,
        3.20196282e-06,  3.34797568e-07, -1.54209788e-07, -1.36953849e-06,
       -8.16074441e-07,  0.00000000e+00, -2.26675399e-08,  1.59583154e-07,
        2.03320509e-07, -3.34797568e-07,  0.00000000e+00, -1.44922042e-06,
       -4.79136710e-05, -1.08158911e-05, -3.33617373e-05, -3.46480105e-05,
        1.78107510e-05,  1.55489869e-05,  3.89327286e-05, -1.57415843e-06,
        8.23858971e-05, -1.75436844e-05, -4.51775723e-07, -3.12257991e-06,
       -5.55013849e-06,  1.60264815e-06,  3.46080446e-07,  1.75784317e-07,
       -2.67066613e-07,  4.51775723e-07,  0.00000000e+00, -1.61295543e-07,
       -2.08528269e-08, -2.84897181e-08, -3.46080446e-07,  0.00000000e+00,
        2.02172482e-04, -1.95349218e-04, -2.77104880e-05, -3.12623800e-04,
       -5.69712883e-05,  1.25142103e-04,  4.51477496e-05,  4.44228980e-05,
        5.32803643e-06, -3.32760272e-05, -1.70025061e-05, -3.38012457e-06,
       -1.00126954e-05, -4.08266035e-06,  1.88893266e-05, -5.01358177e-07,
       -1.92940107e-06,  6.47685015e-06,  3.38012457e-06,  0.00000000e+00,
       -6.86516635e-07, -1.38245129e-07, -4.23993041e-07,  5.01358176e-07,
        0.00000000e+00, -3.24305969e-04, -3.50879102e-05,  7.53240736e-04,
       -4.36365725e-04,  3.65475161e-04, -2.11230944e-04, -1.13792316e-05,
       -2.10323175e-04,  1.88287158e-04, -1.97234108e-04, -2.84398918e-05,
       -5.23638400e-07,  3.74872202e-06, -9.12259402e-06, -4.34815257e-05,
       -8.28371086e-07,  5.80974842e-06, -6.64226089e-06,  5.23638400e-07,
        0.00000000e+00,  8.20330853e-07, -1.25306998e-06,  4.81301175e-07,
        8.28371086e-07,  0.00000000e+00,  1.55344223e-02, -2.73096234e-04,
       -1.23110483e-02,  2.80196588e-03, -4.12891042e-03,  2.75086147e-03,
       -2.27733133e-03, -3.28573940e-03, -1.79790787e-03, -5.47733045e-04,
       -2.58725406e-04, -1.79891757e-05,  2.24033293e-05,  2.04673600e-05,
       -4.47237186e-05,  1.54253089e-06,  4.30847793e-07,  3.87722573e-06,
        1.79891757e-05,  0.00000000e+00,  3.95028678e-07, -1.62560214e-06,
       -4.47468600e-06, -1.54253089e-06,  0.00000000e+00,  1.61455570e+00,
       -2.18408061e-02,  7.62712098e-02, -4.69272815e-03, -1.50070269e-03,
        1.12113693e-02,  7.65459392e-03,  9.17468895e-03, -2.36168747e-03,
        3.77795126e-04, -2.91004927e-04,  3.08121116e-06,  1.47761025e-05,
       -2.96202380e-05, -5.83507183e-05, -3.07313238e-06,  8.64940779e-07,
        5.62370641e-06, -3.08121116e-06,  0.00000000e+00, -3.98704668e-06,
       -2.47543685e-06,  2.70270982e-06,  3.07313238e-06,  0.00000000e+00,
       -1.96355292e+00, -2.78597340e-02, -4.33169464e-03, -1.53813977e-02,
        1.51518227e-03,  2.31719836e-05,  8.55410182e-06, -1.79589614e-03,
       -1.17423293e-03,  3.08339675e-06, -9.84332459e-05, -1.10313638e-04,
        0.00000000e+00, -8.55410182e-06, -1.51396669e-06,  8.51098379e-07,
        0.00000000e+00, -3.08339675e-06, -4.06258705e-06, -2.19134865e-06,
       -3.34023366e-03,  9.47972159e-03,  1.60105172e-02,  3.84350197e-03,
       -4.26910083e-03, -4.59593512e-03, -3.17176287e-06,  3.20224283e-04,
        3.08315941e-04, -5.57377171e-06,  6.82678777e-05,  8.72242997e-06,
        0.00000000e+00,  3.17176287e-06, -6.81719462e-06, -1.20556098e-05,
        0.00000000e+00,  5.57377171e-06,  5.06634946e-06,  3.10811333e-06,
       -9.89127734e-04, -4.05243836e-03,  3.70340295e-03,  9.44248637e-04,
       -1.59704367e-03,  2.99293090e-03, -6.50354392e-06, -2.87490630e-04,
       -2.96822116e-04,  5.36177317e-06, -5.18237870e-05, -1.12736087e-05,
        0.00000000e+00,  6.50354392e-06,  3.85099356e-06,  3.20827782e-06,
        0.00000000e+00, -5.36177317e-06, -5.91569927e-07, -5.10337977e-06,
       -1.95720316e-05,  1.82704227e-03, -1.05509091e-03,  1.77352444e-04,
        2.76076111e-04, -1.70323089e-03, -7.41727377e-06,  7.26499361e-05,
        8.64260734e-05, -2.81344482e-06, -7.83226405e-06,  1.48686285e-05,
        0.00000000e+00,  7.41727377e-06,  2.29323956e-06, -2.32845546e-06,
        0.00000000e+00,  2.81344482e-06,  8.93119479e-07,  3.29178211e-06,
        3.22258791e-05,  1.56975876e-04,  1.74903060e-04, -9.36765285e-05,
        5.88934515e-06, -1.65357287e-05, -5.47766372e-07, -6.90586087e-05,
       -6.70533837e-05, -2.10736544e-07, -8.43346445e-06,  1.65211643e-06,
        0.00000000e+00,  5.47766372e-07, -2.67001723e-06,  1.98070235e-06,
        0.00000000e+00,  2.10736544e-07,  1.09618227e-07, -8.66772713e-08,
       -1.02208312e-05, -3.43058045e-05, -1.01805774e-05,  5.61376440e-06,
       -1.21127100e-05,  2.88711286e-05, -2.09554925e-06,  9.03566814e-06,
        7.27418050e-06, -1.36811758e-07,  1.22959189e-05,  5.26159567e-06,
        0.00000000e+00,  2.09554925e-06,  1.14490929e-06, -2.66711364e-06,
        0.00000000e+00,  1.36811758e-07, -1.83208907e-07,  1.73080192e-07,
       -2.82025111e-06, -5.83502520e-07,  8.31443282e-07,  9.04690322e-07,
       -1.10963989e-06,  1.72722788e-07,  9.72236526e-07,  5.59113674e-07,
        1.40586388e-06,  1.38627723e-08,  7.28417074e-07,  5.35920782e-07,
        0.00000000e+00, -9.72236526e-07, -1.39055696e-06,  5.09696905e-07,
        0.00000000e+00, -1.38627723e-08,  3.81222811e-07, -1.25141050e-07,
       -1.73201024e-07,  3.02466127e-06, -7.43657233e-08, -3.14410844e-07,
        2.52898220e-07, -2.51343565e-06,  5.20364744e-07, -1.07379695e-07,
        1.16542554e-07,  4.27354374e-07, -2.70693317e-07, -6.87097880e-07,
        0.00000000e+00, -5.20364744e-07,  1.81745418e-07,  3.71069314e-07,
        0.00000000e+00, -4.27354374e-07,  1.77950978e-08,  1.75872259e-07,
        2.05888736e-07,  8.74902779e-07,  9.51067968e-07,  2.69184112e-09,
        8.61955837e-07, -4.89446691e-07,  9.08779947e-07, -5.77893228e-07,
       -1.00062559e-07,  4.61769066e-07, -4.96510055e-07, -3.82286318e-07,
        0.00000000e+00, -9.08779947e-07, -3.73174740e-07, -1.08518018e-07,
        0.00000000e+00, -4.61769066e-07, -3.65445782e-07, -3.16976957e-09],      dtype=float64),
                   'Za_n': Array([ 2.74722779e-08, -2.01200901e-07,  1.19653875e-06,  2.78769419e-05,
        2.84356899e-04, -1.09185433e-03,  2.55461310e-02,  1.54592032e+00],      dtype=float64),
                   'Zb_lmn': Array([ 0.00000000e+00,  0.00000000e+00,  0.00000000e+00,  0.00000000e+00,
        0.00000000e+00,  0.00000000e+00,  0.00000000e+00,  0.00000000e+00,
        0.00000000e+00,  0.00000000e+00,  0.00000000e+00,  0.00000000e+00,
        0.00000000e+00,  0.00000000e+00,  0.00000000e+00,  0.00000000e+00,
        0.00000000e+00,  0.00000000e+00,  0.00000000e+00,  0.00000000e+00,
        0.00000000e+00,  0.00000000e+00,  0.00000000e+00,  0.00000000e+00,
        0.00000000e+00,  0.00000000e+00,  0.00000000e+00,  0.00000000e+00,
        0.00000000e+00,  0.00000000e+00,  0.00000000e+00,  0.00000000e+00,
        0.00000000e+00,  0.00000000e+00,  0.00000000e+00,  0.00000000e+00,
        2.08910532e-04, -2.87525935e-04, -2.72421808e-04,  1.14616447e-04,
        2.37933700e-05,  0.00000000e+00,  0.00000000e+00,  0.00000000e+00,
        0.00000000e+00,  4.22124588e-04,  1.38962891e-04, -6.57064565e-04,
       -2.46313096e-04,  1.45286934e-04,  0.00000000e+00,  0.00000000e+00,
        0.00000000e+00,  0.00000000e+00,  9.68841004e-04, -4.94930885e-03,
       -4.64931757e-04,  2.49601329e-03, -1.84710627e-03,  0.00000000e+00,
        0.00000000e+00,  0.00000000e+00,  0.00000000e+00,  1.69849229e+00,
       -2.29628487e-02,  4.44986513e-03,  1.09259881e-02, -2.41733548e-03,
        0.00000000e+00,  0.00000000e+00,  0.00000000e+00,  0.00000000e+00,
        0.00000000e+00,  0.00000000e+00,  0.00000000e+00,  0.00000000e+00,
        1.41268644e-03, -6.12910474e-03, -2.79490670e-02, -1.98010770e+00,
        0.00000000e+00,  0.00000000e+00,  0.00000000e+00,  0.00000000e+00,
       -4.19576660e-03,  1.63239243e-02,  4.89561701e-03,  7.99528641e-04,
        0.00000000e+00,  0.00000000e+00,  0.00000000e+00,  0.00000000e+00,
       -1.64945902e-03,  3.41976331e-03, -1.07588445e-03, -3.38492936e-04,
        0.00000000e+00,  0.00000000e+00,  0.00000000e+00,  0.00000000e+00,
        2.69136966e-04, -9.80147735e-04,  1.41971795e-04,  2.41878030e-04,
        0.00000000e+00,  0.00000000e+00,  0.00000000e+00,  0.00000000e+00,
       -2.43450107e-06,  1.03174434e-04,  1.42005586e-04, -1.26523331e-04,
        0.00000000e+00,  0.00000000e+00,  0.00000000e+00,  0.00000000e+00,
        0.00000000e+00,  0.00000000e+00,  0.00000000e+00,  0.00000000e+00,
        0.00000000e+00,  0.00000000e+00,  0.00000000e+00,  0.00000000e+00,
        0.00000000e+00,  0.00000000e+00,  0.00000000e+00,  0.00000000e+00,
        0.00000000e+00,  0.00000000e+00,  0.00000000e+00,  0.00000000e+00,
        0.00000000e+00,  0.00000000e+00,  0.00000000e+00,  0.00000000e+00,
        0.00000000e+00,  0.00000000e+00,  0.00000000e+00,  0.00000000e+00,
        0.00000000e+00,  0.00000000e+00,  0.00000000e+00,  0.00000000e+00],      dtype=float64),
                   'Zeff_l': Array([], shape=(0,), dtype=float64),
                   'a_lmn': Array([], shape=(0,), dtype=float64),
                   'c_l': Array([0., 0., 0., 0., 0.], dtype=float64),
                   'i_l': Array([], shape=(0,), dtype=float64),
                   'ne_l': Array([], shape=(0,), dtype=float64),
                   'ni_l': Array([], shape=(0,), dtype=float64),
                   'p_l': Array([0., 0., 0., 0., 0.], dtype=float64)}],
               [ { 'G': Array([], shape=(0,), dtype=float64),
                   'I': Array([], shape=(0,), dtype=float64),
                   'L_lmn': Array([ 1.47506112e-07, -7.26262415e-07, -3.84322891e-07, -2.81096624e-07,
        8.82671289e-07, -2.51581747e-07,  2.16434530e-07,  7.23319756e-07,
       -8.41029759e-07, -1.86794861e-07,  1.13179254e-07, -3.41379698e-07,
        1.53019349e-08, -3.21352424e-07,  8.12058977e-07,  5.09392030e-08,
       -2.05716768e-08,  1.25856740e-07,  4.40599513e-07, -2.13302355e-09,
       -1.27157214e-08,  4.00673037e-09,  1.63372899e-08,  1.72718910e-08,
       -5.30298773e-09,  1.03255648e-06,  7.56298845e-07, -6.54795225e-07,
        1.07895341e-06, -4.79523461e-07,  3.14651170e-07, -3.72660570e-07,
       -1.13928577e-06, -1.49606902e-06, -5.64477751e-07, -1.89056469e-07,
       -1.38277505e-06,  1.35943973e-07, -3.45341889e-07,  5.99961083e-07,
       -1.53690939e-07,  2.18913765e-07, -1.00633286e-07,  6.54079296e-07,
        1.38057874e-08,  1.89264272e-08,  1.76395049e-08,  1.23093163e-08,
        2.85908728e-09,  1.32939753e-08,  1.63046393e-06,  1.65893610e-06,
       -9.99648604e-07, -2.26350623e-06, -3.08915904e-07,  5.26885985e-06,
        3.84754450e-07, -6.08387551e-07,  2.59845103e-06,  5.60085854e-07,
       -1.52303937e-06,  9.47703278e-07, -1.24155291e-06,  1.15655422e-06,
        1.47047037e-06, -2.44101069e-08,  1.74430979e-07,  3.70554004e-07,
        4.05348374e-07, -9.98846757e-08, -3.35227811e-09, -8.53003139e-08,
       -7.77582694e-08, -3.94255698e-08, -2.51510606e-09, -1.67270935e-05,
        4.90674764e-05,  5.94532612e-06, -1.58499507e-05, -2.14944782e-05,
       -2.21441257e-05, -2.05427872e-05, -2.71845389e-06, -6.64991801e-06,
        4.27676533e-06, -5.57570800e-06, -2.16951273e-06, -3.79667843e-07,
        1.09930815e-06, -2.53630306e-06,  5.26927424e-07, -2.90320219e-07,
        5.11620803e-07,  7.07097359e-07,  8.77163493e-08,  6.93983256e-08,
        1.30638178e-07, -3.67025105e-08,  2.99115803e-09, -1.77184522e-08,
        1.44124161e-04,  1.05653073e-03, -1.78962815e-04, -3.46522764e-05,
       -8.61182550e-04,  1.27813386e-04,  1.48711685e-05,  7.19694596e-05,
        1.73372390e-05,  1.16478564e-05, -3.25975711e-06,  2.51234748e-07,
       -3.25721487e-06,  1.03975006e-06, -4.71523400e-06, -2.04725974e-06,
        1.40485926e-06,  1.65713636e-06, -2.84435359e-07,  2.88580550e-07,
       -2.47226564e-07, -4.36530572e-07, -3.70768722e-08, -3.70378396e-08,
       -1.10926456e-07, -3.76443814e-04,  1.21803472e-04,  5.32460452e-04,
       -9.28661867e-04, -3.34624994e-05, -1.55688042e-04, -1.16767831e-04,
        5.12998835e-05, -3.96296523e-05,  9.00147158e-06,  2.58491322e-05,
        2.10220936e-05, -3.05573422e-06, -3.39976090e-06,  2.43731257e-06,
       -1.64815546e-06,  1.45409197e-07, -1.53648625e-07, -1.73017668e-06,
       -3.54129646e-07,  4.25440505e-07,  8.00547015e-07, -1.21640531e-07,
        1.82790313e-07,  4.21426482e-08, -5.49739101e-03,  3.52473713e-03,
        4.09530887e-04, -1.18614034e-03,  3.19568671e-03,  2.00728291e-03,
        5.05259507e-04,  5.79731536e-04, -2.62662349e-05, -6.97341937e-05,
       -3.95223446e-05, -3.04105175e-05,  9.95689151e-06, -4.65587249e-06,
        5.00916199e-06,  6.90300002e-06,  6.46131140e-07, -1.93831300e-06,
       -1.48210115e-06, -6.61754031e-09, -1.94035095e-06, -2.04042368e-06,
       -1.01470605e-06, -1.28730583e-07, -2.93154206e-08,  1.70419367e-01,
       -1.01808280e-02, -7.31820530e-03, -1.69989403e-02, -1.54687249e-02,
        3.48162963e-03, -6.74665602e-04, -2.16290634e-04,  2.71213531e-05,
        1.57594270e-04,  1.68067444e-04, -2.09995986e-05, -3.73929549e-05,
       -5.39645072e-05, -1.33800615e-05, -2.91719256e-06,  6.89371636e-06,
        5.68217555e-06, -5.51191376e-06,  3.23488935e-07,  4.16366671e-06,
        6.04862217e-06,  8.74532659e-07, -5.10400137e-08, -3.70045287e-08,
        6.50013661e-02, -3.58269671e-03, -1.19952592e-03,  5.22904427e-03,
       -1.93790923e-04,  1.76574040e-03,  4.36176277e-05,  8.53582677e-05,
        5.00235715e-04, -8.06750434e-06, -1.07458592e-05,  1.94327193e-05,
       -5.93560019e-07,  3.68779103e-06,  3.39790551e-06,  6.57551536e-05,
        1.05208180e-07, -5.93064609e-08, -3.15735114e-06, -1.82179834e-06,
       -4.20200469e-02, -1.87181955e-02,  4.80489491e-03,  3.41544738e-03,
        1.85511060e-04, -3.53428537e-04, -6.18396022e-05, -5.96819272e-05,
       -4.84025888e-06,  9.95956278e-06,  2.56284323e-05, -8.40385277e-06,
        1.75202458e-06, -9.03337030e-06, -1.55176003e-05, -5.00262516e-06,
       -1.34020026e-07,  2.43504145e-07,  2.10083954e-06,  1.72394491e-06,
        9.56116964e-03, -2.68465412e-03,  1.78455230e-03, -2.93359788e-04,
       -4.33289228e-05,  3.94961103e-04, -2.43063308e-05,  2.16959942e-05,
       -6.31877154e-06,  3.54584504e-06, -3.50694533e-06, -1.42384238e-05,
       -9.00088095e-07,  2.39297599e-06,  2.97821854e-06, -3.49457972e-07,
        3.96154102e-08, -3.47603248e-07, -9.24601077e-07, -2.66968529e-07,
       -1.71708856e-03,  1.05099321e-04, -3.00544209e-04,  9.88589777e-04,
       -5.03062758e-05, -5.43143966e-05,  2.62440594e-05, -1.73957442e-05,
       -5.41828615e-05, -1.78871039e-06,  1.60623877e-06,  2.05917495e-06,
       -7.01782175e-08, -3.42935246e-06, -1.95805524e-06, -1.98480861e-06,
        2.47621343e-08,  3.58130356e-07,  1.75080989e-07, -2.09587946e-07,
        3.18490856e-04, -1.95287795e-04,  1.37205840e-04, -3.66247830e-04,
        1.99558561e-05,  1.87716135e-04, -1.05519461e-06,  1.43428809e-05,
        6.04723775e-06, -1.79949205e-06, -2.95384742e-06, -2.21875226e-07,
        1.57437261e-07, -5.04351426e-07,  1.29803806e-06,  5.52768450e-07,
       -9.65378708e-08, -5.87019598e-08, -1.47829303e-07,  2.40555729e-07,
        4.63564873e-05, -2.98688934e-06, -1.86538299e-05, -3.87663186e-05,
       -6.91554004e-06, -9.63065660e-06, -1.53220939e-06, -1.04144577e-05,
        1.86004797e-06,  4.63582992e-07, -2.43565776e-06, -1.01801613e-06,
        1.17410426e-07,  3.06370152e-07, -3.51924698e-07, -5.86630320e-07,
       -1.97626535e-08,  1.10354266e-08, -9.05841816e-08, -8.48571091e-08,
        2.15993268e-06, -5.25641471e-06,  4.82617227e-06, -1.25892398e-06,
        2.31759640e-06,  1.63754737e-06,  1.23960762e-06, -5.06316770e-07,
        4.57698994e-06, -1.66503181e-08,  1.71299678e-06,  1.30561341e-06,
       -1.03340863e-07,  1.28347605e-07, -1.26077200e-07, -1.11793813e-07,
       -3.28915392e-09, -3.81087370e-08, -2.71724839e-08,  8.95979477e-08,
       -3.64483398e-06, -2.71280623e-07,  6.26045311e-07,  1.39291734e-06,
       -1.01323763e-06, -2.62135770e-07, -1.15944934e-06, -1.44243392e-07,
        1.98529861e-06, -1.53782799e-07,  7.42133218e-08,  7.83470435e-08,
        1.84595125e-08,  4.42213259e-07, -3.15787637e-07, -1.08763522e-07,
        1.27953514e-08,  6.05751495e-09,  7.14693058e-09, -1.59216855e-08,
       -1.13712380e-06, -7.24271109e-07, -4.52887428e-07,  1.16882784e-06,
       -6.65125175e-07,  9.32062523e-07, -2.94346477e-07,  2.46709627e-07,
        1.26882529e-07,  5.01180691e-08,  6.44206366e-07, -1.29348796e-07,
       -4.80702139e-10,  3.96620550e-07,  1.97371750e-07, -1.78293914e-07,
       -5.89926928e-09,  1.75247663e-08,  1.45967558e-08, -5.18219886e-09],      dtype=float64),
                   'Phi_mn': Array([], shape=(0,), dtype=float64),
                   'Psi': Array([50.], dtype=float64),
                   'R_lmn': Array([-4.14715962e-07,  3.47797378e-07, -5.49882914e-07,  6.76283764e-07,
       -8.03754500e-08, -6.52824738e-07,  5.66373560e-07,  7.21165818e-08,
       -1.20837313e-07,  3.93829476e-07, -7.39923302e-10,  2.03956127e-07,
        0.00000000e+00, -5.66373560e-07,  4.77766332e-07, -1.40730489e-07,
        0.00000000e+00, -3.93829476e-07,  8.11153732e-08,  1.01071232e-07,
       -3.87526492e-07, -7.53630374e-07, -1.19865466e-06,  8.96806864e-07,
       -7.90043032e-07,  4.84048936e-07,  6.22456864e-07,  7.68154266e-07,
       -2.96024768e-07,  6.64442450e-07,  5.54420609e-07,  4.15291688e-07,
        0.00000000e+00, -6.22456864e-07,  4.30500391e-07, -2.13255605e-07,
        0.00000000e+00, -6.64442450e-07,  2.35622423e-07, -1.45710251e-07,
       -9.90951976e-07,  1.72237998e-06, -2.65595202e-06, -1.48792726e-06,
       -6.10510630e-07, -8.61729780e-07,  2.97752864e-07,  2.93749707e-06,
        7.74056049e-07,  3.68148880e-07,  8.21919448e-07, -9.33557547e-07,
        0.00000000e+00, -2.97752863e-07, -2.81545054e-07,  1.70482318e-06,
        0.00000000e+00, -3.68148880e-07, -2.11408818e-07,  7.29073457e-08,
       -1.91580096e-05,  5.07377412e-06, -4.38853352e-06, -5.74091729e-06,
        5.96186049e-07,  2.58994228e-06, -2.26514162e-06,  5.86613374e-06,
        2.39955210e-05,  4.87775216e-07, -5.82599561e-07, -8.07335157e-06,
        0.00000000e+00,  2.26514162e-06, -1.47760022e-06,  9.03405845e-07,
        0.00000000e+00, -4.87775216e-07, -1.35864880e-08,  4.09635172e-07,
       -1.03294020e-05, -1.00960668e-03,  2.89778108e-04,  3.22231987e-04,
       -1.32745193e-04,  6.64091768e-04, -3.11982367e-06, -5.71528973e-05,
        2.22235042e-05, -2.02355638e-07,  1.01339725e-05,  6.52444918e-07,
        0.00000000e+00,  3.11982367e-06, -5.95460364e-07,  3.56560869e-06,
        0.00000000e+00,  2.02355638e-07, -7.88477613e-07,  5.01537979e-07,
        7.31498986e-04, -6.22721605e-04,  1.72611142e-04, -9.56181845e-04,
        2.26387666e-05, -1.40523148e-05, -1.40441966e-06, -1.03557082e-04,
        1.51744394e-04, -3.71651171e-07, -2.87502287e-05, -7.96292281e-06,
        0.00000000e+00,  1.40441966e-06,  2.24247266e-06,  2.13845293e-06,
        0.00000000e+00,  3.71651171e-07, -8.37289043e-07, -5.38118592e-07,
        7.12417704e-03, -7.33617350e-04,  3.44522745e-03, -1.55090054e-03,
       -1.74112669e-03, -1.70389711e-03, -1.15647101e-05, -3.88737529e-04,
       -3.10548346e-04,  1.64691995e-06, -4.45039232e-07,  5.91335481e-07,
        0.00000000e+00,  1.15647101e-05,  1.06299729e-05, -7.72834750e-06,
        0.00000000e+00, -1.64691995e-06, -2.37734938e-07, -6.24831834e-07,
        1.60915498e-02, -1.43831677e-02,  1.27248315e-02,  7.67685130e-03,
       -2.97641962e-03,  1.29163430e-02, -4.84610427e-06, -7.92385909e-05,
        7.49830254e-04, -1.14451069e-06, -8.85276409e-05,  5.70585776e-05,
        0.00000000e+00,  4.84610427e-06,  4.99780074e-06,  6.19853589e-06,
        0.00000000e+00,  1.14451069e-06,  6.02042116e-06,  8.87911145e-06,
        7.91494845e+00,  1.95180060e+00,  8.37679154e-02,  2.42276764e-02,
        3.81117765e-03,  5.76093372e-03,  1.37597550e-03, -7.67674004e-04,
       -2.17084388e-03, -8.78691264e-04,  2.00111584e-03, -1.27138077e-05,
       -9.37001728e-05, -1.17353570e-06,  2.94165286e-05, -7.97130987e-07,
       -2.91624167e-05,  1.15811725e-05,  1.27138077e-05,  0.00000000e+00,
        1.35881826e-06,  4.13671989e-06, -2.73294185e-06,  7.97130987e-07,
        0.00000000e+00,  1.63684489e+00, -5.23933493e-03,  6.44084307e-02,
        1.40981837e-03,  3.74071118e-03, -1.82574628e-02, -9.53305324e-04,
        2.05072315e-03,  4.46080609e-03, -1.77053466e-06, -4.19810764e-04,
        9.16585237e-06,  6.85061799e-06,  6.09352995e-05,  3.78188149e-05,
        2.91588981e-06,  1.17355562e-05, -1.35177312e-05, -9.16585237e-06,
        0.00000000e+00,  7.22971340e-07,  3.48826193e-06,  2.24421081e-06,
       -2.91588981e-06,  0.00000000e+00,  1.25053358e-02, -9.72852924e-04,
       -1.12675284e-02,  3.70524102e-03,  9.20505296e-04, -4.02677991e-03,
       -1.70417050e-05, -1.06154099e-03,  1.48306450e-03, -6.82008094e-05,
        3.06628824e-04,  7.57245844e-06,  3.33959096e-05,  8.01189431e-06,
       -8.31314336e-06, -3.57447125e-06,  3.46172538e-05,  1.55016892e-05,
       -7.57245844e-06,  0.00000000e+00,  3.82713390e-07, -2.79895139e-06,
       -3.16698910e-06,  3.57447125e-06,  0.00000000e+00, -6.61196687e-04,
       -7.52703922e-05,  8.28484554e-04, -1.22939168e-03,  8.54783028e-05,
        7.47670159e-04, -3.62697582e-04,  8.55873978e-04, -2.16341511e-04,
       -2.18645298e-05,  2.23655280e-05,  5.01453430e-06,  1.98754430e-05,
       -2.50637662e-05,  5.33929047e-06,  1.52115576e-06, -1.59671098e-05,
       -1.09648027e-05, -5.01453430e-06,  0.00000000e+00, -2.51104416e-07,
       -1.42743727e-06,  1.14046508e-06, -1.52115576e-06,  0.00000000e+00,
       -1.76675837e-04,  1.70207933e-04, -5.07440493e-05,  2.96700337e-04,
       -4.04129031e-05, -3.93411126e-04,  1.54799091e-04, -3.33013619e-04,
        1.45037699e-04, -7.47077902e-05,  1.39903926e-04,  1.70984509e-06,
       -3.66971918e-06, -7.23848085e-06,  5.23625694e-06,  4.46553155e-07,
        1.04140625e-06,  1.66722954e-06, -1.70984509e-06,  0.00000000e+00,
        5.19108683e-08, -1.33364606e-07,  2.01270979e-07, -4.46553155e-07,
        0.00000000e+00, -8.98343568e-06, -9.09098716e-06, -1.31545459e-05,
        3.89412721e-06,  2.48009441e-06,  1.25771970e-05,  2.04191044e-05,
       -1.36086418e-05,  4.39287186e-06,  3.61320942e-06, -1.36007845e-05,
        2.23067520e-06,  1.51940260e-06,  9.99456764e-06, -4.20096977e-06,
       -1.17253317e-07,  2.99768332e-06,  1.02358746e-06, -2.23067520e-06,
        0.00000000e+00,  1.99474535e-07, -2.80053011e-07, -1.91902083e-07,
        1.17253317e-07,  0.00000000e+00,  1.68649081e-06, -1.40079072e-06,
        1.62422610e-06, -4.59722903e-06,  3.16125211e-06,  7.69085709e-07,
       -1.02344680e-06,  1.88403867e-06, -1.83128015e-07, -8.27470546e-07,
       -8.98913223e-07, -4.86080646e-07, -2.35145868e-06,  2.79197763e-06,
        3.66635501e-07, -1.31518105e-07, -9.32990841e-07,  1.29827514e-07,
        4.86080646e-07,  0.00000000e+00,  6.41885743e-08, -7.87872671e-08,
       -1.83507485e-07,  1.31518105e-07,  0.00000000e+00,  1.15074654e-06,
        1.69697165e-07,  1.08315866e-06, -3.26303292e-06,  4.46591262e-08,
       -1.79029455e-08, -1.32585482e-06,  1.92233434e-06,  7.64017621e-07,
       -1.90384096e-07, -2.59468077e-08, -1.82202856e-07, -9.53411420e-07,
        1.32762316e-06, -4.40926993e-07, -4.74807540e-07, -2.39721950e-08,
        4.38497532e-08,  1.82202856e-07,  0.00000000e+00,  4.53610419e-08,
        1.30754224e-08, -3.23090627e-07,  4.74807540e-07,  0.00000000e+00,
        5.50291007e-07,  7.94298775e-07, -6.41504566e-08, -5.20877818e-07,
       -5.26060780e-07,  1.15652471e-07, -6.37970291e-07,  8.40221076e-07,
       -1.00409236e-07, -3.99536163e-07,  1.66570727e-07, -4.24778551e-07,
        5.70655289e-08, -1.17391646e-07,  1.21736870e-07, -3.56177906e-07,
        1.31298167e-07, -2.82223199e-07,  4.24778551e-07,  0.00000000e+00,
        9.47642122e-08, -2.01951612e-07, -2.13276340e-08,  3.56177906e-07,
        0.00000000e+00], dtype=float64),
                   'Ra_n': Array([ 7.83265157e+00,  1.57147703e+00,  2.37228093e-02, -1.87250537e-03,
        3.25889331e-05,  2.32702865e-05,  1.45446516e-06, -2.59494472e-07,
        1.41698554e-08], dtype=float64),
                   'Rb_lmn': Array([ 0.00000000e+00,  0.00000000e+00,  0.00000000e+00,  0.00000000e+00,
        0.00000000e+00,  0.00000000e+00,  0.00000000e+00,  0.00000000e+00,
        0.00000000e+00,  0.00000000e+00,  0.00000000e+00,  0.00000000e+00,
        0.00000000e+00,  0.00000000e+00,  0.00000000e+00,  0.00000000e+00,
        0.00000000e+00,  0.00000000e+00,  0.00000000e+00,  0.00000000e+00,
        0.00000000e+00,  0.00000000e+00,  0.00000000e+00,  0.00000000e+00,
        0.00000000e+00,  0.00000000e+00,  0.00000000e+00,  0.00000000e+00,
        0.00000000e+00,  0.00000000e+00,  0.00000000e+00,  0.00000000e+00,
        0.00000000e+00,  0.00000000e+00,  0.00000000e+00,  0.00000000e+00,
       -1.23399698e-04,  2.32029751e-04, -3.44360925e-04,  3.37691698e-04,
        0.00000000e+00,  0.00000000e+00,  0.00000000e+00,  0.00000000e+00,
       -6.94875119e-06,  7.12965330e-05, -6.45274961e-04, -7.08000130e-05,
        0.00000000e+00,  0.00000000e+00,  0.00000000e+00,  0.00000000e+00,
       -1.74180947e-03,  3.06711989e-03, -2.43754796e-03,  5.25499981e-03,
        0.00000000e+00,  0.00000000e+00,  0.00000000e+00,  0.00000000e+00,
       -3.05892684e-03,  1.26505907e-02, -1.40088702e-03,  2.45244299e-02,
        8.00000000e+00,  1.95470393e+00,  2.34629655e-02,  7.77363073e-03,
       -2.14416029e-03,  0.00000000e+00,  0.00000000e+00,  0.00000000e+00,
        0.00000000e+00,  1.70030759e+00, -1.48865873e-03,  3.52496508e-03,
       -1.86907913e-02,  4.50086911e-03,  0.00000000e+00,  0.00000000e+00,
        0.00000000e+00,  0.00000000e+00,  1.25454439e-03, -8.59311836e-05,
        2.64891297e-03, -3.70464939e-03,  1.47158437e-03,  0.00000000e+00,
        0.00000000e+00,  0.00000000e+00,  0.00000000e+00, -1.75785377e-04,
       -2.76237289e-05, -4.00008904e-04,  7.59070884e-04, -2.09861756e-04,
        0.00000000e+00,  0.00000000e+00,  0.00000000e+00,  0.00000000e+00,
       -7.62386039e-05,  5.61286458e-05, -4.36851270e-05, -2.51839970e-04,
        1.50475227e-04,  0.00000000e+00,  0.00000000e+00,  0.00000000e+00,
        0.00000000e+00,  0.00000000e+00,  0.00000000e+00,  0.00000000e+00,
        0.00000000e+00,  0.00000000e+00,  0.00000000e+00,  0.00000000e+00,
        0.00000000e+00,  0.00000000e+00,  0.00000000e+00,  0.00000000e+00,
        0.00000000e+00,  0.00000000e+00,  0.00000000e+00,  0.00000000e+00,
        0.00000000e+00,  0.00000000e+00,  0.00000000e+00,  0.00000000e+00,
        0.00000000e+00,  0.00000000e+00,  0.00000000e+00,  0.00000000e+00,
        0.00000000e+00,  0.00000000e+00,  0.00000000e+00,  0.00000000e+00,
        0.00000000e+00,  0.00000000e+00,  0.00000000e+00,  0.00000000e+00,
        0.00000000e+00,  0.00000000e+00,  0.00000000e+00,  0.00000000e+00,
        0.00000000e+00], dtype=float64),
                   'Te_l': Array([], shape=(0,), dtype=float64),
                   'Ti_l': Array([], shape=(0,), dtype=float64),
                   'Z_lmn': Array([ 3.09565385e-07,  2.77392349e-07, -1.53719140e-07,  6.10694370e-07,
       -1.64982174e-08,  9.51795110e-07, -3.05581076e-07, -5.61734399e-07,
        6.80932162e-07, -3.87575456e-07, -8.85321112e-07,  7.97961493e-07,
        1.36269470e-07, -8.59258626e-09, -4.56965520e-07,  4.15939718e-07,
        1.26681325e-07, -6.64739977e-08, -7.97961493e-07,  0.00000000e+00,
        1.34653613e-08, -4.03673843e-08, -2.23966643e-07, -4.15939718e-07,
        0.00000000e+00, -5.75678217e-07, -2.70722858e-06, -1.01146147e-08,
       -4.92845369e-07,  1.58621947e-06, -6.91397765e-07,  5.53325717e-07,
        2.56909465e-07, -5.82786077e-08,  1.13336946e-06,  5.80679016e-07,
        7.93349479e-07,  1.26949152e-07,  3.54444352e-07,  1.76294107e-07,
        6.30191632e-07, -1.23603515e-08,  1.10718749e-07, -7.93349479e-07,
        0.00000000e+00, -9.44820372e-08, -1.18508449e-07, -1.18015500e-07,
       -6.30191632e-07,  0.00000000e+00,  1.41153154e-06, -3.40117651e-06,
       -3.03246210e-07, -1.78792823e-06,  3.12986021e-06,  4.59285215e-06,
       -6.71392124e-07,  2.03837375e-06, -1.00004617e-06, -5.98173203e-07,
       -3.34602666e-06,  3.49540163e-07, -3.03062666e-07, -5.39535401e-08,
        1.30357312e-06,  3.34520755e-07,  8.69489508e-07, -1.24682549e-06,
       -3.49540163e-07,  0.00000000e+00, -1.33830538e-07, -1.96491987e-07,
       -3.03526947e-07, -3.34520755e-07,  0.00000000e+00,  3.72088926e-06,
       -4.14759759e-05, -1.43374266e-05, -2.97668532e-05,  1.11204236e-05,
       -1.85215693e-06,  1.19083721e-05,  3.15379053e-05,  2.34113950e-06,
        3.00899074e-05,  3.70120427e-06, -1.97990789e-06, -1.27948687e-06,
       -1.57800733e-06, -1.99318080e-06,  7.31569902e-07,  2.65644936e-07,
       -1.84904733e-06,  1.97990789e-06,  0.00000000e+00, -1.23478793e-08,
       -1.93044826e-07, -3.47958701e-07, -7.31569902e-07,  0.00000000e+00,
       -1.26454422e-04, -4.13883485e-04, -3.28610792e-05, -8.92871092e-04,
        1.32576975e-04,  1.61741735e-04,  3.98834992e-04,  5.85678537e-04,
        7.77571057e-06, -4.77722658e-05, -2.95368233e-05, -3.62534608e-06,
       -4.84339053e-06,  3.17374804e-06,  1.54965926e-05, -2.50694759e-07,
        1.22624511e-06,  2.26921964e-06,  3.62534608e-06,  0.00000000e+00,
       -8.73324727e-07, -8.26087521e-07, -4.06073977e-07,  2.50694758e-07,
        0.00000000e+00, -3.98727870e-04,  2.92894810e-04,  7.42028895e-04,
       -6.23882208e-04, -2.27919821e-04, -1.67035966e-04,  1.31755965e-04,
       -8.43812269e-05,  1.70678648e-04,  4.68157223e-05, -7.01272389e-05,
        3.38836750e-07, -1.85797562e-06, -2.04034513e-05, -3.27189916e-05,
       -1.15056550e-06,  1.76019372e-06,  2.55018573e-07, -3.38836750e-07,
        0.00000000e+00,  1.65558342e-07, -5.15581437e-07,  4.98734066e-07,
        1.15056550e-06,  0.00000000e+00,  1.53159649e-02, -4.29123590e-03,
       -1.24157035e-02,  2.23266600e-03, -4.95356356e-04,  2.99413859e-03,
       -1.91150257e-03, -2.73791817e-03, -1.88544499e-03, -5.48205811e-04,
       -3.16660243e-04, -2.05789060e-05,  2.52788675e-05,  3.18726822e-05,
       -4.36911938e-05,  1.61055412e-06, -5.72240926e-06,  1.46971034e-05,
        2.05789060e-05,  0.00000000e+00, -4.04445416e-07, -1.76648347e-06,
       -3.37341793e-06, -1.61055412e-06,  0.00000000e+00,  1.61344113e+00,
       -3.40149378e-02,  7.61881989e-02, -7.83593918e-03,  9.55363418e-03,
        1.15387773e-02,  9.25422718e-03,  1.18819055e-02, -2.45807725e-03,
        2.40366353e-04, -4.18624925e-05,  8.01673376e-07,  3.66497131e-05,
        6.06554340e-06, -5.54436341e-05, -2.08905923e-06,  9.87903125e-06,
        5.74935598e-06, -8.01673376e-07,  0.00000000e+00, -2.99964887e-06,
       -1.96957284e-06,  6.70938638e-06,  2.08905923e-06,  0.00000000e+00,
       -1.96715665e+00, -3.12001065e-02, -4.63291393e-03, -1.58473826e-02,
        1.54742176e-03,  1.70489859e-03,  1.06069023e-05, -1.94992093e-03,
       -1.29871747e-03,  2.58990969e-06, -8.39808991e-05, -1.48982876e-04,
        0.00000000e+00, -1.06069023e-05,  6.31339168e-06,  4.93577544e-06,
        0.00000000e+00, -2.58990969e-06, -1.93420713e-06, -5.85474252e-06,
       -3.38839558e-03,  8.09936774e-03,  1.70980631e-02,  4.07034114e-03,
       -4.42902804e-03, -3.83789981e-03, -3.22998503e-06,  2.01742093e-04,
        2.13816797e-04, -5.49897077e-06,  3.74740907e-05, -7.89676586e-06,
        0.00000000e+00,  3.22998503e-06, -1.18465485e-05, -1.23148847e-05,
        0.00000000e+00,  5.49897077e-06,  6.13813736e-06,  1.91635918e-06,
       -1.40397672e-03, -1.39634925e-03,  3.72879629e-03,  1.20678695e-03,
       -1.62922332e-03,  2.42846643e-04, -1.15274150e-05, -1.73346889e-04,
       -1.55335464e-04,  4.78865264e-06, -4.62073567e-05, -6.07721202e-06,
        0.00000000e+00,  1.15274150e-05, -5.52863717e-06, -5.70778293e-06,
        0.00000000e+00, -4.78865264e-06, -3.26818088e-06, -2.87789874e-06,
        9.89842882e-05,  9.54906021e-04, -1.05947423e-03,  1.42855843e-04,
        2.89841811e-04, -8.16610419e-04, -3.79403178e-06, -6.30708165e-06,
        2.74462474e-05, -2.78173421e-06, -6.21950756e-06,  3.01787630e-05,
        0.00000000e+00,  3.79403178e-06,  9.49831404e-06,  2.26255766e-06,
        0.00000000e+00,  2.78173421e-06,  1.28108134e-06,  3.32864882e-06,
        5.31317333e-05, -9.43633146e-05,  2.43379337e-04, -1.12175642e-04,
       -4.03397275e-06,  2.34565414e-04, -1.20545238e-06, -1.22551838e-04,
       -8.64904240e-05, -2.55937849e-07,  1.45427135e-08,  2.04792285e-06,
        0.00000000e+00,  1.20545238e-06, -3.17835258e-07,  5.23977014e-07,
        0.00000000e+00,  2.55937849e-07,  1.04405592e-07, -9.60604865e-07,
       -1.42953596e-05, -5.16712623e-05, -1.20950649e-05,  7.11167920e-06,
       -3.64695307e-06,  5.12295353e-05, -1.90851398e-06,  1.34765943e-05,
        8.37504930e-06,  2.89079011e-07,  3.52745616e-06, -1.24391610e-07,
        0.00000000e+00,  1.90851398e-06, -1.38152938e-06, -1.19136888e-06,
        0.00000000e+00, -2.89079011e-07,  1.19496915e-07,  5.66118658e-07,
        1.60932408e-06,  9.49192250e-07,  7.24817158e-06,  5.95924930e-07,
       -6.95617090e-07,  8.76263839e-07,  5.43138868e-07, -5.95660461e-06,
       -1.97041326e-06,  1.07359293e-07,  4.51476124e-07, -1.91457409e-06,
        0.00000000e+00, -5.43138868e-07, -1.29156697e-06, -2.34835752e-07,
        0.00000000e+00, -1.07359293e-07,  2.44140967e-07,  8.91179985e-08,
       -5.42529431e-07,  3.04460226e-06, -2.26297732e-07,  2.68265543e-07,
       -3.29538221e-07, -2.11830925e-06,  3.55182944e-07,  3.15559830e-07,
        2.96781308e-07,  4.35674610e-07,  2.63529898e-07, -1.11863328e-06,
        0.00000000e+00, -3.55182944e-07, -8.92620978e-08, -2.25174204e-08,
        0.00000000e+00, -4.35674610e-07,  6.60083224e-08,  1.92340265e-07,
        4.47771433e-07,  1.00745681e-06,  1.07398974e-06, -2.19849637e-07,
        7.94202142e-07, -7.74961873e-07,  6.62799181e-07, -9.16518501e-07,
       -2.57881543e-07,  3.77568332e-07, -5.27543601e-07, -2.49669830e-07,
        0.00000000e+00, -6.62799181e-07, -1.57471241e-07,  2.99597469e-08,
        0.00000000e+00, -3.77568332e-07, -2.66658541e-07,  1.71748963e-08],      dtype=float64),
                   'Za_n': Array([ 3.48993397e-08, -2.33669074e-07,  1.21261775e-06,  3.12338269e-05,
        3.09211715e-04, -1.00697727e-03,  2.57944825e-02,  1.54646751e+00],      dtype=float64),
                   'Zb_lmn': Array([ 0.00000000e+00,  0.00000000e+00,  0.00000000e+00,  0.00000000e+00,
        0.00000000e+00,  0.00000000e+00,  0.00000000e+00,  0.00000000e+00,
        0.00000000e+00,  0.00000000e+00,  0.00000000e+00,  0.00000000e+00,
        0.00000000e+00,  0.00000000e+00,  0.00000000e+00,  0.00000000e+00,
        0.00000000e+00,  0.00000000e+00,  0.00000000e+00,  0.00000000e+00,
        0.00000000e+00,  0.00000000e+00,  0.00000000e+00,  0.00000000e+00,
        0.00000000e+00,  0.00000000e+00,  0.00000000e+00,  0.00000000e+00,
        0.00000000e+00,  0.00000000e+00,  0.00000000e+00,  0.00000000e+00,
        0.00000000e+00,  0.00000000e+00,  0.00000000e+00,  0.00000000e+00,
        2.33802776e-04, -3.27852531e-04, -3.04844895e-04,  1.34474131e-04,
        2.28662291e-05,  0.00000000e+00,  0.00000000e+00,  0.00000000e+00,
        0.00000000e+00,  4.73364572e-04,  1.13550904e-04, -7.29182467e-04,
       -2.36908187e-04,  1.38458391e-04,  0.00000000e+00,  0.00000000e+00,
        0.00000000e+00,  0.00000000e+00,  1.01363321e-03, -5.34052048e-03,
       -4.75145964e-04,  2.69217545e-03, -1.93250960e-03,  0.00000000e+00,
        0.00000000e+00,  0.00000000e+00,  0.00000000e+00,  1.69891720e+00,
       -2.42110583e-02,  4.05006229e-03,  1.15026641e-02, -2.50681150e-03,
        0.00000000e+00,  0.00000000e+00,  0.00000000e+00,  0.00000000e+00,
        0.00000000e+00,  0.00000000e+00,  0.00000000e+00,  0.00000000e+00,
        1.46150665e-03, -6.57652147e-03, -2.96500455e-02, -1.98429782e+00,
        0.00000000e+00,  0.00000000e+00,  0.00000000e+00,  0.00000000e+00,
       -4.38541581e-03,  1.72879586e-02,  4.25548752e-03,  8.83447474e-04,
        0.00000000e+00,  0.00000000e+00,  0.00000000e+00,  0.00000000e+00,
       -1.67869886e-03,  3.54992077e-03, -1.16245771e-03, -3.58233018e-04,
        0.00000000e+00,  0.00000000e+00,  0.00000000e+00,  0.00000000e+00,
        2.84903385e-04, -1.05628300e-03,  1.71803013e-04,  2.71548936e-04,
        0.00000000e+00,  0.00000000e+00,  0.00000000e+00,  0.00000000e+00,
       -3.91502444e-06,  1.20509664e-04,  1.41289417e-04, -1.45010356e-04,
        0.00000000e+00,  0.00000000e+00,  0.00000000e+00,  0.00000000e+00,
        0.00000000e+00,  0.00000000e+00,  0.00000000e+00,  0.00000000e+00,
        0.00000000e+00,  0.00000000e+00,  0.00000000e+00,  0.00000000e+00,
        0.00000000e+00,  0.00000000e+00,  0.00000000e+00,  0.00000000e+00,
        0.00000000e+00,  0.00000000e+00,  0.00000000e+00,  0.00000000e+00,
        0.00000000e+00,  0.00000000e+00,  0.00000000e+00,  0.00000000e+00,
        0.00000000e+00,  0.00000000e+00,  0.00000000e+00,  0.00000000e+00,
        0.00000000e+00,  0.00000000e+00,  0.00000000e+00,  0.00000000e+00],      dtype=float64),
                   'Zeff_l': Array([], shape=(0,), dtype=float64),
                   'a_lmn': Array([], shape=(0,), dtype=float64),
                   'c_l': Array([0., 0., 0., 0., 0.], dtype=float64),
                   'i_l': Array([], shape=(0,), dtype=float64),
                   'ne_l': Array([], shape=(0,), dtype=float64),
                   'ni_l': Array([], shape=(0,), dtype=float64),
                   'p_l': Array([0., 0., 0., 0., 0.], dtype=float64)}],
               [ { 'G': Array([], shape=(0,), dtype=float64),
                   'I': Array([], shape=(0,), dtype=float64),
                   'L_lmn': Array([ 8.72630983e-08, -8.55415773e-07, -2.07061231e-07, -2.26599034e-07,
        1.06566886e-06, -2.52739229e-07,  5.95464946e-08,  6.84979207e-07,
       -7.81128680e-07, -2.53195811e-07,  9.11995410e-08, -2.88080544e-07,
        5.36178862e-08, -3.39029232e-07,  7.45540246e-07,  5.17997575e-08,
       -1.33620810e-08,  1.49139030e-07,  3.78747916e-07,  1.20644077e-10,
       -1.57403650e-08,  6.23393404e-09,  1.54287547e-08,  1.56482281e-08,
       -4.90704262e-09,  7.34011377e-07,  7.50821981e-07, -2.83066923e-07,
        7.90646774e-07, -4.69265532e-07,  1.19700661e-07, -3.75194590e-07,
       -1.04214103e-06, -1.16101294e-06, -5.88935965e-07,  4.62725027e-08,
       -1.32347293e-06,  7.16342808e-08, -1.52972247e-07,  2.71407872e-07,
       -1.60792191e-07,  2.42696524e-07, -1.26889248e-07,  5.92015814e-07,
        1.20547697e-08,  2.18297824e-08,  1.66460753e-08,  1.59364758e-08,
        6.67037558e-09,  1.39406201e-08,  4.48091658e-07,  5.19803217e-07,
       -1.41036834e-07, -3.39257690e-06,  8.02649658e-07,  5.03392684e-06,
        6.85595178e-07,  6.31771718e-07,  2.78710430e-06,  5.58898056e-07,
       -1.37046980e-06,  1.00568019e-06, -1.27253189e-06,  9.55552546e-07,
        1.26523139e-06, -2.68770769e-08,  2.24528199e-07,  4.32322958e-07,
        3.72044879e-07, -1.04666246e-07, -1.38150977e-08, -9.00996519e-08,
       -6.83618659e-08, -4.10079740e-08, -3.60083459e-09, -1.57077097e-05,
        5.40240714e-05, -1.84246113e-06, -1.66837598e-05, -2.51400428e-05,
       -2.25797724e-05, -1.46093277e-05, -1.17154842e-06, -6.87083564e-06,
        3.92251863e-06, -4.91170031e-06, -2.30304762e-06, -2.23639919e-07,
        4.35911770e-07, -2.37348736e-06,  5.24520720e-07, -2.70148354e-07,
        2.75151674e-07,  8.16124284e-07,  8.47385021e-08,  6.87971025e-08,
        1.14772993e-07, -4.15400192e-08,  1.01824767e-08, -1.95464248e-08,
        1.40358721e-04,  1.22172717e-03, -1.81111963e-04, -3.78082250e-05,
       -1.02142978e-03,  1.29680067e-04,  1.96281843e-05,  7.22698506e-05,
        1.78792736e-05,  1.14146582e-05, -4.18111591e-06,  7.72450787e-08,
       -3.29417409e-06, -2.43463722e-07, -5.02662252e-06, -2.08616212e-06,
        1.51056530e-06,  1.81818009e-06, -6.85134788e-08,  2.99543403e-07,
       -2.78139992e-07, -4.86720990e-07, -1.85199446e-08, -2.45463352e-08,
       -1.15557042e-07,  2.88322411e-04,  3.00663111e-04, -1.30650897e-04,
       -9.01453618e-04, -1.95970166e-04, -1.47595388e-04, -1.16440345e-04,
        1.98476282e-05, -4.19791854e-05,  6.91179538e-06,  1.95148575e-05,
        2.11640783e-05, -3.10621283e-06, -3.92552107e-06,  3.77942075e-06,
       -1.74393481e-06,  1.65627232e-08, -3.63468557e-07, -1.56013631e-06,
       -3.31877554e-07,  3.55074736e-07,  7.89233240e-07, -1.07914020e-07,
        1.65289535e-07,  3.57247808e-08, -5.58573189e-03,  3.51851917e-03,
        5.09200399e-04, -1.17234897e-03,  3.21109304e-03,  2.03334851e-03,
        4.99235981e-04,  5.22564793e-04, -2.74276249e-05, -7.25675845e-05,
       -4.29688868e-05, -3.11718000e-05,  9.71538994e-06, -4.88026479e-06,
        6.17960249e-06,  6.91737750e-06,  3.77974295e-07, -2.03255075e-06,
       -1.18810335e-06,  6.75471585e-08, -1.90055828e-06, -1.89243821e-06,
       -9.11350196e-07, -1.44297620e-07, -4.14693113e-08,  1.73730899e-01,
       -8.60728869e-03, -1.06202545e-02, -1.70508245e-02, -1.68682003e-02,
        3.49952851e-03, -6.84359468e-04, -3.41908905e-04,  2.80424833e-05,
        1.49093097e-04,  1.76610482e-04, -2.33304113e-05, -3.87943271e-05,
       -5.40581379e-05, -1.22684155e-05, -3.27921678e-06,  7.32537570e-06,
        6.37423988e-06, -5.18223373e-06,  2.78721274e-07,  3.96694108e-06,
        6.31040878e-06,  1.21143326e-06, -5.92936544e-08, -3.43726462e-08,
        6.55689426e-02, -3.50049833e-03, -1.22005998e-03,  5.39996802e-03,
       -1.97150172e-04,  1.76035003e-03,  4.29591777e-05,  9.18562939e-05,
        5.00598617e-04, -8.25493362e-06, -1.19642830e-05,  1.73125369e-05,
       -6.24701463e-07,  3.38953180e-06,  3.72576970e-06,  6.77804480e-05,
        1.03724219e-07, -4.39241545e-08, -3.24511606e-06, -1.90542729e-06,
       -4.14410662e-02, -1.90240133e-02,  4.83879159e-03,  2.98349309e-03,
        1.90696557e-04, -2.93805783e-04, -6.39644766e-05, -5.38824027e-05,
       -1.08635214e-06,  1.01621243e-05,  2.64126522e-05, -8.46310646e-06,
        1.87465508e-06, -8.33288970e-06, -1.49392906e-05, -4.46883300e-06,
       -1.35335169e-07,  1.99737412e-07,  1.98378197e-06,  1.84082236e-06,
        9.34793129e-03, -2.72185573e-03,  1.79944078e-03, -5.06002578e-05,
       -4.31342235e-05,  4.02261928e-04, -2.46718771e-05,  1.59586369e-05,
       -4.65743985e-06,  3.39643965e-06, -4.05220536e-06, -1.33642523e-05,
       -8.61535447e-07,  2.21231546e-06,  2.43843963e-06,  1.54191966e-07,
        2.57342122e-08, -3.49550463e-07, -8.77321703e-07, -3.34904457e-07,
       -1.66042811e-03,  1.29009189e-04, -3.03521453e-04,  9.27423313e-04,
       -5.28231446e-05, -6.12745135e-05,  2.65509748e-05, -1.80199197e-05,
       -5.48324716e-05, -1.84526083e-06,  2.73953344e-06,  1.15251807e-06,
       -3.77075652e-08, -3.25538503e-06, -2.13007471e-06, -1.69138434e-06,
        2.14550182e-08,  3.60703660e-07,  2.12214801e-07, -2.77165539e-07,
        3.91572008e-04, -1.93124949e-04,  1.37231576e-04, -4.41324758e-04,
        2.02099618e-05,  1.80974935e-04, -1.15068633e-06,  1.52197436e-05,
        7.56051172e-06, -1.84091583e-06, -2.82031785e-06, -7.76525028e-08,
        1.54358960e-07, -4.20695845e-07,  1.39769419e-06,  6.50788186e-07,
       -9.93333045e-08, -4.34837175e-08, -1.14959199e-07,  2.57453138e-07,
        5.08178632e-05, -5.79725081e-07, -1.99693826e-05, -4.20662516e-05,
       -7.32436220e-06, -1.15755239e-05, -1.66354437e-06, -9.09303706e-06,
        1.10527317e-06,  4.60850859e-07, -2.08021934e-06, -1.32966169e-06,
        1.18737479e-07,  4.21132027e-07, -4.09125231e-07, -5.39694610e-07,
       -2.07293825e-08,  2.13235638e-08, -1.12656981e-07, -1.32209655e-07,
        3.72446666e-06, -6.21358273e-06,  3.79658572e-06, -2.01073311e-06,
        2.23050247e-06,  2.64782728e-06,  1.31256929e-06,  3.92035426e-07,
        3.80776925e-06, -1.77611420e-08,  1.77655004e-06,  1.14121188e-06,
       -1.09051339e-07,  8.49374298e-08,  6.69959713e-09, -6.84012341e-08,
       -4.16427232e-09, -3.91865652e-08, -2.14223461e-08,  1.02007493e-07,
       -3.62382828e-06, -6.77909644e-07,  5.26435773e-07,  1.52598963e-06,
       -8.35256127e-07,  1.08147531e-07, -1.12061640e-06, -1.95528908e-09,
        1.81198587e-06, -1.60079674e-07, -9.58942887e-08,  1.11068536e-07,
        1.79927443e-08,  4.00599983e-07, -3.41416394e-07, -9.15624635e-08,
        1.32238431e-08,  8.79230031e-09, -5.37087993e-10, -1.91722214e-08,
       -1.15501591e-06, -7.54196762e-07, -3.97235514e-07,  1.20667038e-06,
       -5.92610954e-07,  1.02611836e-06, -2.58133568e-07,  2.04799920e-07,
        7.18702816e-08,  5.07038369e-08,  5.64888481e-07, -1.94188020e-07,
        1.36438657e-09,  3.51855940e-07,  1.83072428e-07, -1.44199976e-07,
       -5.51725981e-09,  1.62884406e-08,  1.56554316e-08, -6.91483866e-09],      dtype=float64),
                   'Phi_mn': Array([], shape=(0,), dtype=float64),
                   'Psi': Array([50.], dtype=float64),
                   'R_lmn': Array([-4.13264218e-07,  4.53535554e-07, -6.02111860e-07,  5.93578375e-07,
       -7.10406129e-09, -7.96614123e-07,  5.04699078e-07,  1.45849306e-07,
        2.07419203e-08,  3.40482143e-07, -4.80521497e-08,  2.37444623e-07,
        0.00000000e+00, -5.04699078e-07,  4.56262554e-07, -2.01056077e-07,
        0.00000000e+00, -3.40482144e-07,  5.51562110e-08,  1.05633946e-07,
       -1.28195170e-07, -1.04475163e-06, -5.88540849e-07,  3.22050921e-07,
       -6.15613642e-07,  7.71176391e-07,  3.58343607e-07,  3.37500051e-07,
       -1.41594730e-07,  6.11528270e-07,  3.63894949e-07,  4.41897528e-07,
        0.00000000e+00, -3.58343607e-07,  2.51040799e-07, -5.22610202e-08,
        0.00000000e+00, -6.11528270e-07,  2.51718692e-07, -1.68322289e-07,
       -4.42103780e-09,  3.26787989e-06, -2.02318716e-06, -2.58447504e-06,
       -3.23020172e-07, -2.47245019e-06,  8.84606657e-08,  2.16015956e-06,
        9.14011880e-07,  3.25472556e-07,  5.70453377e-07, -8.52046125e-07,
        0.00000000e+00, -8.84606658e-08, -1.36972399e-07,  1.67488420e-06,
        0.00000000e+00, -3.25472556e-07, -2.47433204e-07,  5.66164210e-08,
       -1.73624375e-05,  2.68914181e-06, -4.55170749e-06, -5.10077505e-07,
        1.36373225e-06,  5.92944545e-06, -2.23440431e-06,  5.50188533e-06,
        1.74054476e-05,  5.47561312e-07, -1.54288019e-06, -8.95036638e-06,
        0.00000000e+00,  2.23440431e-06, -9.50177833e-07,  4.67067409e-07,
        0.00000000e+00, -5.47561312e-07,  1.79147943e-07,  3.31779123e-07,
        1.36647163e-05, -1.14264890e-03,  2.96993561e-04,  3.18681549e-04,
       -1.37310302e-04,  7.85793783e-04, -3.14344052e-06, -5.82708695e-05,
        1.42536531e-05, -2.15962617e-08,  1.27044070e-05,  2.34444282e-06,
        0.00000000e+00,  3.14344052e-06,  1.06608855e-09,  2.91440422e-06,
        0.00000000e+00,  2.15962617e-08, -6.36162246e-07,  5.56437954e-07,
       -9.56840759e-05, -7.53502025e-04,  1.52177842e-04, -1.09891387e-04,
        1.65093244e-05,  9.94471453e-05, -5.95755787e-07, -8.05310516e-05,
        1.42626198e-04, -2.14198504e-07, -2.45807319e-05, -1.07275995e-05,
        0.00000000e+00,  5.95755787e-07,  4.43482012e-06,  2.61671974e-06,
        0.00000000e+00,  2.14198504e-07, -6.15656142e-07, -4.30741550e-07,
        7.42069023e-03, -7.98800216e-04,  3.45270205e-03, -1.72745690e-03,
       -1.75965846e-03, -1.66904394e-03, -1.14574775e-05, -3.45025806e-04,
       -3.32064673e-04,  1.91308054e-06,  1.32227851e-06,  1.20767572e-06,
        0.00000000e+00,  1.14574775e-05,  1.07168505e-05, -7.75069275e-06,
        0.00000000e+00, -1.91308054e-06, -8.64687846e-08, -5.27961640e-07,
        1.22455775e-02, -1.55669148e-02,  1.27642075e-02,  1.18914047e-02,
       -3.00514409e-03,  1.39376096e-02, -3.56436319e-06,  4.08867543e-05,
        7.20725771e-04, -8.24352127e-07, -9.03604683e-05,  6.05217832e-05,
        0.00000000e+00,  3.56436319e-06,  7.80730866e-06,  8.96533045e-06,
        0.00000000e+00,  8.24352127e-07,  6.49832466e-06,  9.81851475e-06,
        7.91504826e+00,  1.95267992e+00,  8.38037779e-02,  2.44040446e-02,
        3.76998987e-03,  5.90023213e-03,  1.24909129e-03, -5.51703660e-04,
       -2.19631280e-03, -8.91898473e-04,  2.00265758e-03, -1.18081376e-05,
       -1.02384590e-04, -1.74324625e-05,  3.15242992e-05, -6.90381946e-07,
       -3.40756894e-05,  8.98032612e-06,  1.18081376e-05,  0.00000000e+00,
        1.25453220e-06,  3.97187863e-06, -2.46676716e-06,  6.90381946e-07,
        0.00000000e+00,  1.63688921e+00, -5.30489938e-03,  6.43526300e-02,
        1.98096849e-03,  3.80120575e-03, -1.85521637e-02, -7.45147279e-04,
        1.71970334e-03,  4.50343472e-03, -2.72117094e-05, -3.80005918e-04,
        8.05837801e-06,  7.99414672e-06,  6.36466612e-05,  4.04131850e-05,
        2.33701258e-06,  1.24738036e-05, -1.19454541e-05, -8.05837801e-06,
        0.00000000e+00,  8.40972819e-07,  3.49601125e-06,  1.97289303e-06,
       -2.33701258e-06,  0.00000000e+00,  1.26505528e-02, -9.94473808e-04,
       -1.12867922e-02,  3.58508328e-03,  9.25434782e-04, -4.04956912e-03,
       -1.32343376e-04, -9.26698670e-04,  1.48878725e-03, -5.58313052e-05,
        3.02794523e-04,  8.82277132e-06,  4.05009742e-05,  2.43208212e-05,
       -1.22168374e-05, -3.41105970e-06,  3.90642585e-05,  1.77077397e-05,
       -8.82277132e-06,  0.00000000e+00,  2.26267680e-07, -2.22207431e-06,
       -3.01571742e-06,  3.41105970e-06,  0.00000000e+00, -6.96956814e-04,
       -8.98280453e-05,  8.30844275e-04, -1.20111754e-03,  9.71162937e-05,
        7.63400423e-04, -3.32007481e-04,  8.19474847e-04, -2.19385447e-04,
       -2.00411067e-05,  2.54343231e-05,  4.21067434e-06,  1.73998136e-05,
       -2.83749347e-05,  4.29231308e-06,  1.39579962e-06, -1.74771157e-05,
       -1.24734200e-05, -4.21067434e-06,  0.00000000e+00, -3.41978232e-07,
       -1.17483531e-06,  9.38916949e-07, -1.39579962e-06,  0.00000000e+00,
       -2.12129839e-04,  1.60328618e-04, -5.25623100e-05,  3.61793634e-04,
       -3.49895370e-05, -3.93882382e-04,  1.91116244e-04, -3.99603644e-04,
        1.47897640e-04, -6.87773413e-05,  1.33837670e-04,  1.56327417e-06,
       -2.58125987e-06, -3.70531969e-06,  4.58941473e-06,  3.73031220e-07,
        1.69756136e-06,  1.74424943e-06, -1.56327417e-06,  0.00000000e+00,
        1.74498295e-08, -8.47951066e-08,  2.28983744e-07, -3.73031220e-07,
        0.00000000e+00, -9.76071551e-06, -1.15389970e-05, -1.44853864e-05,
        7.62597516e-06,  3.58023007e-06,  1.53993080e-05,  2.17350849e-05,
       -1.74579960e-05,  3.13249402e-06,  4.33305564e-06, -1.63916089e-05,
        2.02193873e-06,  2.33879911e-06,  1.00631013e-05, -2.85881362e-06,
       -1.79324973e-07,  3.62571125e-06,  9.92300812e-07, -2.02193873e-06,
        0.00000000e+00,  1.72217872e-07, -2.31080517e-07, -2.73680397e-07,
        1.79324973e-07,  0.00000000e+00,  8.27475865e-07, -9.77366321e-07,
        1.26745987e-06, -3.14494979e-06,  3.31010266e-06,  4.26725524e-07,
       -1.15500659e-07,  1.15568758e-06, -1.13374445e-06, -1.39949301e-06,
       -3.32018430e-07, -4.93991224e-07, -2.00904831e-06,  2.11264189e-06,
        1.22885297e-06, -8.45493732e-08, -9.33243332e-07, -9.47070936e-08,
        4.93991224e-07,  0.00000000e+00,  2.96132340e-08, -1.23379677e-07,
       -9.51085165e-08,  8.45493732e-08,  0.00000000e+00,  1.28075515e-06,
        5.81381247e-07,  9.23275976e-07, -2.86014595e-06, -1.85194497e-07,
       -4.82741781e-07, -1.45283603e-06,  1.51540918e-06,  6.60634768e-07,
       -3.74207616e-07,  3.80613082e-07, -4.03751516e-08, -7.87749749e-07,
        1.30592195e-06, -3.25661427e-07, -4.37714592e-07, -2.19791341e-08,
        1.02128699e-07,  4.03751516e-08,  0.00000000e+00,  3.65546525e-08,
        3.88148301e-08, -3.34973340e-07,  4.37714592e-07,  0.00000000e+00,
        5.66626681e-07,  9.19607467e-07, -8.35593640e-08, -5.99205939e-07,
       -6.57843738e-07,  1.16354979e-07, -6.36833416e-07,  8.76804367e-07,
       -1.11549882e-07, -4.56701297e-07,  1.72834619e-07, -3.53925142e-07,
        7.63067582e-08, -9.93994348e-08,  1.36732493e-07, -3.17057062e-07,
        1.94937567e-07, -2.89189598e-07,  3.53925142e-07,  0.00000000e+00,
        7.74593408e-08, -1.78198993e-07, -2.51826110e-08,  3.17057062e-07,
        0.00000000e+00], dtype=float64),
                   'Ra_n': Array([ 7.83259721e+00,  1.57178428e+00,  2.37647270e-02, -1.87755036e-03,
        3.41474240e-05,  2.42931745e-05,  1.48317688e-06, -2.71052454e-07,
        1.45052115e-08], dtype=float64),
                   'Rb_lmn': Array([ 0.00000000e+00,  0.00000000e+00,  0.00000000e+00,  0.00000000e+00,
        0.00000000e+00,  0.00000000e+00,  0.00000000e+00,  0.00000000e+00,
        0.00000000e+00,  0.00000000e+00,  0.00000000e+00,  0.00000000e+00,
        0.00000000e+00,  0.00000000e+00,  0.00000000e+00,  0.00000000e+00,
        0.00000000e+00,  0.00000000e+00,  0.00000000e+00,  0.00000000e+00,
        0.00000000e+00,  0.00000000e+00,  0.00000000e+00,  0.00000000e+00,
        0.00000000e+00,  0.00000000e+00,  0.00000000e+00,  0.00000000e+00,
        0.00000000e+00,  0.00000000e+00,  0.00000000e+00,  0.00000000e+00,
        0.00000000e+00,  0.00000000e+00,  0.00000000e+00,  0.00000000e+00,
       -1.25242058e-04,  2.38723757e-04, -3.53954234e-04,  3.49514323e-04,
        0.00000000e+00,  0.00000000e+00,  0.00000000e+00,  0.00000000e+00,
       -8.68706366e-06,  7.60816105e-05, -6.65213220e-04, -6.03325448e-05,
        0.00000000e+00,  0.00000000e+00,  0.00000000e+00,  0.00000000e+00,
       -1.75842265e-03,  3.11839309e-03, -2.46716445e-03,  5.35341797e-03,
        0.00000000e+00,  0.00000000e+00,  0.00000000e+00,  0.00000000e+00,
       -3.08900623e-03,  1.28129015e-02, -1.55896490e-03,  2.48666732e-02,
        8.00000000e+00,  1.95552394e+00,  2.38388804e-02,  7.91187003e-03,
       -2.16725526e-03,  0.00000000e+00,  0.00000000e+00,  0.00000000e+00,
        0.00000000e+00,  1.70050552e+00, -1.51843153e-03,  3.76781449e-03,
       -1.89441151e-02,  4.54582080e-03,  0.00000000e+00,  0.00000000e+00,
        0.00000000e+00,  0.00000000e+00,  1.27214443e-03, -8.58060727e-05,
        2.68048336e-03, -3.72906686e-03,  1.47355470e-03,  0.00000000e+00,
        0.00000000e+00,  0.00000000e+00,  0.00000000e+00, -1.81062184e-04,
       -3.02299740e-05, -4.11192463e-04,  7.76361326e-04, -2.14154217e-04,
        0.00000000e+00,  0.00000000e+00,  0.00000000e+00,  0.00000000e+00,
       -7.61397157e-05,  5.82593008e-05, -4.16001248e-05, -2.58300463e-04,
        1.52716038e-04,  0.00000000e+00,  0.00000000e+00,  0.00000000e+00,
        0.00000000e+00,  0.00000000e+00,  0.00000000e+00,  0.00000000e+00,
        0.00000000e+00,  0.00000000e+00,  0.00000000e+00,  0.00000000e+00,
        0.00000000e+00,  0.00000000e+00,  0.00000000e+00,  0.00000000e+00,
        0.00000000e+00,  0.00000000e+00,  0.00000000e+00,  0.00000000e+00,
        0.00000000e+00,  0.00000000e+00,  0.00000000e+00,  0.00000000e+00,
        0.00000000e+00,  0.00000000e+00,  0.00000000e+00,  0.00000000e+00,
        0.00000000e+00,  0.00000000e+00,  0.00000000e+00,  0.00000000e+00,
        0.00000000e+00,  0.00000000e+00,  0.00000000e+00,  0.00000000e+00,
        0.00000000e+00,  0.00000000e+00,  0.00000000e+00,  0.00000000e+00,
        0.00000000e+00], dtype=float64),
                   'Te_l': Array([], shape=(0,), dtype=float64),
                   'Ti_l': Array([], shape=(0,), dtype=float64),
                   'Z_lmn': Array([ 3.76444966e-07,  2.67406764e-07, -1.82461073e-07,  6.52819163e-07,
       -1.40404488e-07,  8.50777316e-07, -3.67488347e-07, -6.19735026e-07,
        6.39989704e-07, -2.23828535e-07, -7.88308343e-07,  7.42545762e-07,
        1.66499329e-07,  2.12057525e-08, -4.12629478e-07,  3.63051441e-07,
        9.68262585e-08, -6.24689735e-08, -7.42545762e-07,  0.00000000e+00,
        7.00512521e-09, -5.42898896e-08, -2.27360227e-07, -3.63051441e-07,
        0.00000000e+00, -4.73600130e-07, -2.22606634e-06, -3.84307681e-08,
       -3.73285323e-07,  1.19809717e-06, -6.12231142e-07,  4.63522221e-07,
        2.17232863e-07,  5.78728796e-08,  1.06419982e-06,  5.10480425e-07,
        5.58187354e-07,  1.59550639e-07,  2.73550344e-07,  2.76416600e-08,
        5.76652143e-07, -3.62306533e-08,  1.01750718e-07, -5.58187354e-07,
        0.00000000e+00, -1.11041962e-07, -1.17497884e-07, -8.55145396e-08,
       -5.76652143e-07,  0.00000000e+00,  1.70172447e-06, -6.08766599e-07,
       -1.61798396e-07, -1.13116991e-06,  1.31138765e-06,  5.09496331e-06,
       -9.38914763e-07,  1.33573455e-06, -6.88190821e-07, -1.65102254e-06,
       -4.07465239e-06,  1.27424260e-07, -4.44516403e-07,  5.29954808e-08,
        1.02395693e-06,  3.10550936e-07,  9.48401493e-07, -1.02031091e-06,
       -1.27424260e-07,  0.00000000e+00, -1.56494909e-07, -2.57560125e-07,
       -3.35766105e-07, -3.10550936e-07,  0.00000000e+00,  3.58742967e-06,
       -4.15967196e-05, -1.53903972e-05, -3.24881782e-05,  1.77209808e-05,
       -5.74349104e-07,  1.24636261e-05,  3.45897856e-05,  3.44120217e-06,
        2.36136908e-05,  2.20699886e-06, -1.91205943e-06, -6.45404472e-07,
       -1.97253961e-06, -3.24920133e-06,  8.42642310e-07,  2.62047899e-07,
       -1.63264975e-06,  1.91205943e-06,  0.00000000e+00, -1.52541313e-08,
       -1.29067737e-07, -1.92000840e-07, -8.42642310e-07,  0.00000000e+00,
       -2.05032435e-04, -4.19146769e-04, -3.29385039e-05, -1.02360705e-03,
        1.32698710e-04,  1.64431347e-04,  4.83999609e-04,  7.05016809e-04,
        5.30174132e-06, -5.39471395e-05, -2.76274146e-05, -3.62448176e-06,
       -4.75904859e-06,  6.17561810e-06,  1.73399478e-05, -1.17176310e-07,
        1.54958780e-06,  3.14202299e-06,  3.62448176e-06,  0.00000000e+00,
       -8.87748726e-07, -9.38049370e-07, -3.60516470e-07,  1.17176310e-07,
        0.00000000e+00, -4.46741538e-04, -6.07915424e-04,  7.36975379e-04,
       -7.59553831e-04,  6.50144614e-04, -1.87848939e-04,  1.97183479e-04,
        3.16950812e-05,  1.64685657e-04,  6.34761111e-05, -4.81891560e-05,
        9.54788914e-07, -1.17815249e-06, -1.91971634e-05, -2.84436468e-05,
       -1.05411165e-06,  1.03104606e-06,  1.84687546e-06, -9.54788914e-07,
        0.00000000e+00,  1.19984063e-07, -3.37065944e-07,  7.32024169e-07,
        1.05411165e-06,  0.00000000e+00,  1.53279792e-02, -4.36722132e-03,
       -1.24427870e-02,  2.22611965e-03, -5.67056440e-04,  3.00557234e-03,
       -1.88720194e-03, -2.73667189e-03, -1.90927201e-03, -5.00849803e-04,
       -2.78110035e-04, -2.02439096e-05,  2.70569498e-05,  3.50265709e-05,
       -4.18007038e-05,  1.77665950e-06, -4.88506902e-06,  1.41597956e-05,
        2.02439096e-05,  0.00000000e+00, -4.01806518e-07, -1.73027665e-06,
       -3.34409909e-06, -1.77665950e-06,  0.00000000e+00,  1.61294230e+00,
       -3.87681283e-02,  7.61639196e-02, -8.97707626e-03,  1.39221010e-02,
        1.15562694e-02,  9.88060915e-03,  1.29162232e-02, -2.47790389e-03,
        3.12669887e-04,  8.24487063e-05,  2.49045628e-06,  4.16826943e-05,
        1.02333530e-05, -5.85776494e-05, -1.77332743e-06,  8.82688500e-06,
        8.85818330e-06, -2.49045628e-06,  0.00000000e+00, -3.30171814e-06,
       -1.65336303e-06,  7.22571889e-06,  1.77332743e-06,  0.00000000e+00,
       -1.96803339e+00, -3.14305649e-02, -4.75203018e-03, -1.59857020e-02,
        1.56813931e-03,  1.48969118e-03,  9.75854690e-06, -1.95433510e-03,
       -1.29040439e-03,  2.47172989e-06, -8.75942537e-05, -1.29649355e-04,
        0.00000000e+00, -9.75854690e-06,  9.15774629e-06,  6.22220347e-06,
        0.00000000e+00, -2.47172989e-06, -2.12829102e-06, -5.70309150e-06,
       -3.38648923e-03,  7.63199673e-03,  1.73800124e-02,  4.12253732e-03,
       -4.47312067e-03, -3.52965619e-03, -1.94783503e-06,  1.62569451e-04,
        1.80916444e-04, -5.04317512e-06,  3.44682161e-05, -1.32191088e-05,
        0.00000000e+00,  1.94783503e-06, -1.33117794e-05, -1.21808325e-05,
        0.00000000e+00,  5.04317512e-06,  6.24441673e-06,  1.53638041e-06,
       -1.48179365e-03, -1.27302134e-03,  3.76143877e-03,  1.27793114e-03,
       -1.63967807e-03,  1.08012448e-04, -1.22607790e-05, -1.72150662e-04,
       -1.50802779e-04,  4.65767538e-06, -4.31137811e-05, -1.68076515e-05,
        0.00000000e+00,  1.22607790e-05, -7.92133021e-06, -8.24546910e-06,
        0.00000000e+00, -4.65767538e-06, -3.40361537e-06, -3.03990907e-06,
        1.08546670e-04,  9.29973421e-04, -1.07792104e-03,  1.39716040e-04,
        2.93009255e-04, -7.87751009e-04, -3.14046494e-06, -8.06178289e-06,
        2.74203446e-05, -2.71771620e-06, -5.59692078e-06,  3.35611282e-05,
        0.00000000e+00,  3.14046494e-06,  1.05747333e-05,  3.63244576e-06,
        0.00000000e+00,  2.71771620e-06,  1.46658391e-06,  3.16275516e-06,
        3.15259812e-05, -1.55139076e-04,  2.39243339e-04, -9.67720846e-05,
       -3.94025424e-06,  2.99087504e-04, -9.37502581e-07, -1.14050502e-04,
       -8.45036595e-05, -1.92932162e-07, -1.30628231e-07, -1.73466049e-06,
        0.00000000e+00,  9.37502581e-07, -4.83172643e-07,  2.63764921e-08,
        0.00000000e+00,  1.92932162e-07,  2.06391515e-08, -1.14149251e-06,
       -1.84218373e-05, -5.53998356e-05, -1.33478130e-05,  1.00514593e-05,
       -2.03274758e-06,  5.50972071e-05, -1.64193443e-06,  1.51002159e-05,
        9.62892775e-06,  3.86179810e-07,  1.87932034e-06, -2.36311972e-07,
        0.00000000e+00,  1.64193443e-06, -1.75240286e-06, -1.25854977e-06,
        0.00000000e+00, -3.86179810e-07,  1.53427234e-07,  5.38940430e-07,
        2.20213793e-06, -1.70551645e-07,  7.90052024e-06,  4.76905349e-07,
        2.62925952e-07,  1.92074080e-06,  5.57960318e-07, -6.78759918e-06,
       -2.45768205e-06,  7.97102453e-08, -4.32331405e-07, -1.78837986e-06,
        0.00000000e+00, -5.57960318e-07, -1.11292106e-06, -2.21361227e-07,
        0.00000000e+00, -7.97102453e-08,  1.69405453e-07,  3.81907064e-08,
       -4.84453201e-07,  2.83210338e-06,  1.37760219e-08,  4.11047079e-07,
       -2.71014723e-07, -1.88329842e-06,  2.38505737e-07,  4.86100298e-08,
        1.28771975e-07,  3.97827157e-07,  1.82150701e-07, -1.13514734e-06,
        0.00000000e+00, -2.38505737e-07, -6.23860517e-08, -5.53658529e-08,
        0.00000000e+00, -3.97827157e-07,  8.88640215e-08,  1.86342381e-07,
        4.41560362e-07,  9.37741142e-07,  1.00363634e-06, -2.50831887e-07,
        7.19246320e-07, -7.25659417e-07,  5.96413322e-07, -8.82315777e-07,
       -2.42358928e-07,  3.39024568e-07, -4.72019036e-07, -2.12975056e-07,
        0.00000000e+00, -5.96413322e-07, -1.21320567e-07,  5.16304523e-08,
        0.00000000e+00, -3.39024568e-07, -2.47227284e-07,  8.93331586e-10],      dtype=float64),
                   'Za_n': Array([ 3.19234885e-08, -2.42239741e-07,  1.21262960e-06,  3.20716033e-05,
        3.15776978e-04, -9.85235302e-04,  2.58561054e-02,  1.54661400e+00],      dtype=float64),
                   'Zb_lmn': Array([ 0.00000000e+00,  0.00000000e+00,  0.00000000e+00,  0.00000000e+00,
        0.00000000e+00,  0.00000000e+00,  0.00000000e+00,  0.00000000e+00,
        0.00000000e+00,  0.00000000e+00,  0.00000000e+00,  0.00000000e+00,
        0.00000000e+00,  0.00000000e+00,  0.00000000e+00,  0.00000000e+00,
        0.00000000e+00,  0.00000000e+00,  0.00000000e+00,  0.00000000e+00,
        0.00000000e+00,  0.00000000e+00,  0.00000000e+00,  0.00000000e+00,
        0.00000000e+00,  0.00000000e+00,  0.00000000e+00,  0.00000000e+00,
        0.00000000e+00,  0.00000000e+00,  0.00000000e+00,  0.00000000e+00,
        0.00000000e+00,  0.00000000e+00,  0.00000000e+00,  0.00000000e+00,
        2.40381873e-04, -3.38845611e-04, -3.13352672e-04,  1.39945956e-04,
        2.22811726e-05,  0.00000000e+00,  0.00000000e+00,  0.00000000e+00,
        0.00000000e+00,  4.86359151e-04,  1.06736346e-04, -7.47392979e-04,
       -2.34191220e-04,  1.36974034e-04,  0.00000000e+00,  0.00000000e+00,
        0.00000000e+00,  0.00000000e+00,  1.02464536e-03, -5.44001263e-03,
       -4.77255945e-04,  2.74162210e-03, -1.95441681e-03,  0.00000000e+00,
        0.00000000e+00,  0.00000000e+00,  0.00000000e+00,  1.69902521e+00,
       -2.45245305e-02,  3.94772691e-03,  1.16475763e-02, -2.52925582e-03,
        0.00000000e+00,  0.00000000e+00,  0.00000000e+00,  0.00000000e+00,
        0.00000000e+00,  0.00000000e+00,  0.00000000e+00,  0.00000000e+00,
        1.47841676e-03, -6.69720754e-03, -3.00762262e-02, -1.98530327e+00,
        0.00000000e+00,  0.00000000e+00,  0.00000000e+00,  0.00000000e+00,
       -4.43240803e-03,  1.75292701e-02,  4.09065782e-03,  9.04783705e-04,
        0.00000000e+00,  0.00000000e+00,  0.00000000e+00,  0.00000000e+00,
       -1.68619546e-03,  3.58136677e-03, -1.18485645e-03, -3.62910756e-04,
        0.00000000e+00,  0.00000000e+00,  0.00000000e+00,  0.00000000e+00,
        2.88878919e-04, -1.07540809e-03,  1.78946295e-04,  2.79315500e-04,
        0.00000000e+00,  0.00000000e+00,  0.00000000e+00,  0.00000000e+00,
       -4.05024332e-06,  1.24709665e-04,  1.41072275e-04, -1.49723386e-04,
        0.00000000e+00,  0.00000000e+00,  0.00000000e+00,  0.00000000e+00,
        0.00000000e+00,  0.00000000e+00,  0.00000000e+00,  0.00000000e+00,
        0.00000000e+00,  0.00000000e+00,  0.00000000e+00,  0.00000000e+00,
        0.00000000e+00,  0.00000000e+00,  0.00000000e+00,  0.00000000e+00,
        0.00000000e+00,  0.00000000e+00,  0.00000000e+00,  0.00000000e+00,
        0.00000000e+00,  0.00000000e+00,  0.00000000e+00,  0.00000000e+00,
        0.00000000e+00,  0.00000000e+00,  0.00000000e+00,  0.00000000e+00,
        0.00000000e+00,  0.00000000e+00,  0.00000000e+00,  0.00000000e+00],      dtype=float64),
                   'Zeff_l': Array([], shape=(0,), dtype=float64),
                   'a_lmn': Array([], shape=(0,), dtype=float64),
                   'c_l': Array([0., 0., 0., 0., 0.], dtype=float64),
                   'i_l': Array([], shape=(0,), dtype=float64),
                   'ne_l': Array([], shape=(0,), dtype=float64),
                   'ni_l': Array([], shape=(0,), dtype=float64),
                   'p_l': Array([0., 0., 0., 0., 0.], dtype=float64)}],
               [ { 'G': Array([], shape=(0,), dtype=float64),
                   'I': Array([], shape=(0,), dtype=float64),
                   'L_lmn': Array([ 4.10166377e-08, -8.75510133e-07, -1.07112005e-07, -1.49090513e-07,
        1.08967456e-06, -2.35924038e-07, -9.75782318e-09,  6.07862702e-07,
       -7.53870314e-07, -2.57667454e-07,  6.10916573e-08, -2.58521242e-07,
        6.78234868e-08, -3.40454883e-07,  7.14617570e-07,  5.21696671e-08,
       -1.56482181e-08,  1.63983123e-07,  3.44742121e-07,  1.10719043e-09,
       -1.80557208e-08,  7.16501980e-09,  1.54929071e-08,  1.48568721e-08,
       -4.82091586e-09,  6.67793825e-07,  9.21178446e-07, -1.60438291e-07,
        4.91456662e-07, -7.21497983e-07, -5.65487271e-08, -3.73146207e-07,
       -8.84117141e-07, -1.03184056e-06, -5.18308217e-07,  2.38677535e-07,
       -1.29051554e-06,  1.42765836e-08, -1.09364480e-08,  1.42974889e-07,
       -1.63738469e-07,  2.54498751e-07, -1.37545430e-07,  5.58426731e-07,
        1.06890988e-08,  2.25965915e-08,  1.63090563e-08,  1.92121436e-08,
        8.71315120e-09,  1.41234193e-08,  1.52690864e-07,  1.29815338e-07,
        2.24597563e-07, -3.77596391e-06,  9.92941160e-07,  4.71301803e-06,
        6.24056233e-07,  1.08283471e-06,  2.80542222e-06,  7.43000003e-07,
       -1.08007149e-06,  1.03591165e-06, -1.29520254e-06,  8.62817525e-07,
        1.24050093e-06, -2.79652297e-08,  2.43633924e-07,  4.55051191e-07,
        3.47633967e-07, -1.07911355e-07, -1.95673154e-08, -8.95043985e-08,
       -6.82755965e-08, -4.34740524e-08, -4.11056454e-09, -1.22761064e-05,
        5.88002757e-05, -8.97605137e-06, -1.70103127e-05, -2.95387409e-05,
       -2.38693544e-05, -1.10980980e-05, -5.20098736e-07, -7.12108774e-06,
        3.75667920e-06, -3.46867536e-06, -2.34751492e-06, -2.02253936e-07,
        1.27649243e-07, -2.13605252e-06,  5.20403317e-07, -2.38111134e-07,
        1.17505285e-07,  8.55733383e-07,  8.11883699e-08,  6.92750962e-08,
        1.03698172e-07, -4.90241026e-08,  1.27727424e-08, -1.98415568e-08,
        6.32028344e-05,  1.28647797e-03, -1.08054539e-04, -4.27751123e-05,
       -1.08569344e-03,  1.29309115e-04,  2.34325256e-05,  7.68298722e-05,
        1.83347388e-05,  1.20851630e-05, -3.55073339e-06,  1.99792162e-08,
       -3.29381012e-06, -8.62335082e-07, -5.42276407e-06, -2.10167101e-06,
        1.57701035e-06,  1.83079537e-06,  3.84676718e-09,  3.02845238e-07,
       -2.88977497e-07, -5.26186523e-07, -1.16876348e-08, -1.70791564e-08,
       -1.16395110e-07,  5.22150952e-04,  2.49989222e-04, -3.71941398e-04,
       -9.10802119e-04, -1.41504100e-04, -1.43335888e-04, -1.08598174e-04,
        2.84101771e-05, -4.26978750e-05,  6.67612867e-06,  1.58493590e-05,
        2.11385206e-05, -3.01624445e-06, -4.37733487e-06,  4.28633921e-06,
       -1.79658523e-06, -2.31748370e-08, -5.69628840e-07, -1.48668306e-06,
       -3.09001896e-07,  3.41963927e-07,  7.57471693e-07, -1.43887938e-07,
        1.52469927e-07,  3.03821024e-08, -5.72920164e-03,  3.28263645e-03,
        6.55547334e-04, -1.18798616e-03,  3.44733416e-03,  2.04114165e-03,
        4.97712388e-04,  5.26593558e-04, -2.80956270e-05, -7.12463137e-05,
       -4.48612535e-05, -3.13903565e-05,  9.53714659e-06, -4.25427160e-06,
        6.89850719e-06,  6.88331978e-06,  2.72507998e-07, -2.43852796e-06,
       -1.00428795e-06,  1.27438035e-07, -1.80482991e-06, -1.85051650e-06,
       -9.20089715e-07, -1.46910670e-07, -4.90838813e-08,  1.76055334e-01,
       -7.82851204e-03, -1.29292366e-02, -1.70771893e-02, -1.76048845e-02,
        3.50316599e-03, -6.98840349e-04, -3.60062639e-04,  2.74160175e-05,
        1.47873410e-04,  1.81141372e-04, -2.43699698e-05, -3.99417185e-05,
       -5.38786054e-05, -1.14103382e-05, -3.57019092e-06,  7.49246979e-06,
        6.24260030e-06, -4.82183786e-06,  2.56556008e-07,  3.92977498e-06,
        6.47191928e-06,  1.30770444e-06, -6.78699769e-08, -2.85031725e-08,
        6.54682087e-02, -3.44368714e-03, -1.22206529e-03,  5.67137896e-03,
       -1.97841489e-04,  1.72553284e-03,  4.24698524e-05,  9.36281938e-05,
        5.09725131e-04, -8.32106976e-06, -1.26702161e-05,  1.51244655e-05,
       -6.59903906e-07,  3.35048425e-06,  3.53211189e-06,  6.77600007e-05,
        1.02614922e-07, -3.60526936e-08, -3.22690757e-06, -1.94708726e-06,
       -4.13734703e-02, -1.90838416e-02,  4.84997045e-03,  2.95133214e-03,
        1.91512170e-04, -2.95164675e-04, -6.47189643e-05, -5.50886350e-05,
        1.21821648e-06,  1.01778795e-05,  2.69883222e-05, -8.53980535e-06,
        1.90588565e-06, -7.71045683e-06, -1.51066836e-05, -3.92581640e-06,
       -1.34501884e-07,  1.81253533e-07,  2.00089331e-06,  1.91495196e-06,
        9.32758849e-03, -2.74682089e-03,  1.80317494e-03, -2.63367365e-05,
       -4.27966981e-05,  4.19766619e-04, -2.48443317e-05,  1.49612731e-05,
       -8.93252264e-07,  3.25216625e-06, -4.44561177e-06, -1.32023078e-05,
       -8.20174326e-07,  2.19278743e-06,  1.92867056e-06,  4.30913575e-07,
        1.89736936e-08, -3.49383188e-07, -8.30385914e-07, -3.03350044e-07,
       -1.58533734e-03,  1.38432452e-04, -3.04556215e-04,  8.49525832e-04,
       -5.38802910e-05, -6.60993668e-05,  2.66080468e-05, -1.77576588e-05,
       -5.34335370e-05, -1.87558580e-06,  3.43746469e-06,  6.02265719e-07,
       -1.82544857e-08, -3.17844455e-06, -2.33940835e-06, -1.49261934e-06,
        1.81208738e-08,  3.61164282e-07,  2.34912823e-07, -2.79411643e-07,
        4.15584263e-04, -1.85481830e-04,  1.36726928e-04, -4.66109002e-04,
        2.00839906e-05,  1.72089712e-04, -1.16967954e-06,  1.60144433e-05,
        8.27606688e-06, -1.85890133e-06, -2.59111004e-06,  1.65829273e-08,
        1.52309209e-07, -4.02400952e-07,  1.36139682e-06,  6.42827299e-07,
       -9.96088803e-08, -3.77210391e-08, -1.10205726e-07,  2.57354723e-07,
        5.16944174e-05,  1.78922817e-06, -2.03453234e-05, -4.24983604e-05,
       -7.47260883e-06, -1.37433967e-05, -1.70559330e-06, -8.64838510e-06,
        7.42299335e-07,  4.58527557e-07, -1.93765513e-06, -1.48042825e-06,
        1.18594704e-07,  4.59421301e-07, -4.94505554e-07, -5.06184444e-07,
       -2.11426020e-08,  2.37152384e-08, -1.29656165e-07, -1.62410069e-07,
        4.20765966e-06, -6.70575487e-06,  2.97226729e-06, -1.96741922e-06,
        2.15411257e-06,  3.17498132e-06,  1.35230013e-06,  1.16222858e-06,
        3.26870857e-06, -1.88243479e-08,  1.83991023e-06,  1.07709318e-06,
       -1.13188733e-07,  5.30566373e-08,  6.04730821e-08, -3.19417147e-08,
       -4.78568700e-09, -4.10816388e-08, -1.25310150e-08,  1.05498789e-07,
       -3.68321559e-06, -9.89666341e-07,  4.01528487e-07,  1.70207856e-06,
       -7.52972966e-07,  3.86362659e-07, -1.10079499e-06,  1.38723525e-07,
        1.66812654e-06, -1.62503582e-07, -1.75652603e-07,  1.44019037e-07,
        1.70311660e-08,  3.79622314e-07, -3.52298807e-07, -6.51644639e-08,
        1.33208851e-08,  1.00335054e-08, -5.03909073e-09, -1.95181369e-08,
       -1.07863284e-06, -7.47825169e-07, -3.71059635e-07,  1.07982426e-06,
       -5.59056155e-07,  1.02952021e-06, -2.39418131e-07,  1.76679946e-07,
        1.03650389e-07,  5.09772941e-08,  5.27780091e-07, -2.05552673e-07,
        1.93374195e-09,  3.29002508e-07,  1.86201648e-07, -1.26713777e-07,
       -5.39813841e-09,  1.55645250e-08,  1.76340169e-08, -5.90303984e-09],      dtype=float64),
                   'Phi_mn': Array([], shape=(0,), dtype=float64),
                   'Psi': Array([50.], dtype=float64),
                   'R_lmn': Array([-3.58479599e-07,  5.07469604e-07, -6.76612435e-07,  5.13992687e-07,
        1.90777208e-08, -8.63138942e-07,  4.78275910e-07,  2.34614895e-07,
        6.81102614e-08,  3.10761115e-07, -5.89675089e-08,  2.44299669e-07,
        0.00000000e+00, -4.78275910e-07,  4.41997540e-07, -2.23623349e-07,
        0.00000000e+00, -3.10761115e-07,  3.98897880e-08,  1.11369669e-07,
       -2.13701992e-07, -1.40041000e-06, -1.64160848e-07,  1.27811606e-07,
       -4.66959344e-07,  1.15964326e-06,  2.66435691e-07,  2.88902312e-08,
        1.33352066e-08,  5.82485266e-07,  2.08102498e-07,  4.20380101e-07,
        0.00000000e+00, -2.66435691e-07,  1.35270617e-07,  7.25551791e-08,
        0.00000000e+00, -5.82485266e-07,  2.58856846e-07, -1.79613359e-07,
       -4.06241313e-08,  3.75500151e-06, -1.99961195e-06, -2.81902646e-06,
       -2.19621414e-08, -2.90894643e-06,  6.55097694e-08,  2.08546895e-06,
        1.19884085e-06,  2.94627409e-07,  2.88594562e-07, -8.89998844e-07,
        0.00000000e+00, -6.55097689e-08, -8.58570015e-08,  1.66080974e-06,
        0.00000000e+00, -2.94627409e-07, -2.66632421e-07,  4.39437584e-08,
       -2.05136083e-05, -6.00796770e-07, -4.87887176e-06,  6.46192919e-06,
        2.52831069e-06,  9.50029788e-06, -2.07442465e-06,  5.53020529e-06,
        1.37099859e-05,  5.70981647e-07, -2.80635867e-06, -9.15309197e-06,
        0.00000000e+00,  2.07442465e-06, -6.51333533e-07,  3.41693270e-07,
        0.00000000e+00, -5.70981647e-07,  2.78047978e-07,  2.53590856e-07,
        1.19532785e-04, -1.19521214e-03,  3.03241780e-04,  2.20732939e-04,
       -1.38517385e-04,  8.34898526e-04, -3.34161907e-06, -6.29225137e-05,
        9.70939823e-06,  5.12823098e-08,  1.33657322e-05,  3.38444608e-06,
        0.00000000e+00,  3.34161907e-06,  9.79478559e-08,  2.52971915e-06,
        0.00000000e+00, -5.12823098e-08, -5.43464755e-07,  5.46546388e-07,
       -3.94188024e-04, -7.12618741e-04,  1.60699105e-04,  1.96907102e-04,
        1.36058509e-05,  5.57072199e-05, -3.14548025e-07, -8.87531256e-05,
        1.37078376e-04, -1.64142155e-07, -2.22641291e-05, -1.28827768e-05,
        0.00000000e+00,  3.14548025e-07,  5.35658936e-06,  2.53695769e-06,
        0.00000000e+00,  1.64142155e-07, -5.00744956e-07, -4.08254203e-07,
        7.65054146e-03, -6.62839579e-04,  3.47410095e-03, -1.93281347e-03,
       -1.76495939e-03, -1.81132218e-03, -1.13500313e-05, -3.53344393e-04,
       -3.32185799e-04,  2.02495767e-06,  2.52528869e-06,  2.06632261e-07,
        0.00000000e+00,  1.13500313e-05,  1.05714241e-05, -7.33028819e-06,
        0.00000000e+00, -2.02495767e-06, -1.20317742e-07, -6.37475249e-07,
        9.32006111e-03, -1.61367975e-02,  1.27771816e-02,  1.48839333e-02,
       -3.01322373e-03,  1.44673450e-02, -2.10498085e-06,  6.60819991e-05,
        7.36954851e-04, -6.18274276e-07, -9.00854081e-05,  6.06291833e-05,
        0.00000000e+00,  2.10498085e-06,  1.02674731e-05,  1.16322731e-05,
        0.00000000e+00,  6.18274276e-07,  6.70542079e-06,  1.01037658e-05,
        7.91519143e+00,  1.95288078e+00,  8.38228500e-02,  2.42468800e-02,
        3.77261919e-03,  5.96325396e-03,  1.09188059e-03, -2.91100763e-04,
       -2.20182310e-03, -8.89296570e-04,  1.97632697e-03, -1.11951984e-05,
       -1.07274967e-04, -2.67370055e-05,  3.06355501e-05, -6.62435956e-07,
       -3.69979741e-05,  7.26981592e-06,  1.11951984e-05,  0.00000000e+00,
        1.11455374e-06,  3.82586851e-06, -2.26698105e-06,  6.62435956e-07,
        0.00000000e+00,  1.63693585e+00, -5.32317381e-03,  6.43369577e-02,
        2.06794745e-03,  3.81216846e-03, -1.86117978e-02, -7.28140321e-04,
        1.68873320e-03,  4.51741579e-03, -2.86224731e-05, -3.84832183e-04,
        7.31229361e-06,  9.74270524e-06,  6.83101534e-05,  3.77688132e-05,
        1.98439461e-06,  1.37398292e-05, -1.06803751e-05, -7.31229361e-06,
        0.00000000e+00,  8.18983651e-07,  3.58025798e-06,  1.86049026e-06,
       -1.98439461e-06,  0.00000000e+00,  1.26697421e-02, -9.95147004e-04,
       -1.12949902e-02,  3.59700567e-03,  9.17289129e-04, -4.06630205e-03,
       -1.44106195e-04, -9.44282996e-04,  1.49108430e-03, -4.98433476e-05,
        3.11981893e-04,  9.23669307e-06,  4.56967340e-05,  3.74981257e-05,
       -1.40031387e-05, -3.35845959e-06,  4.19365910e-05,  1.92425689e-05,
       -9.23669307e-06,  0.00000000e+00,  2.05417461e-07, -1.86091265e-06,
       -3.17616847e-06,  3.35845959e-06,  0.00000000e+00, -7.35326229e-04,
       -1.02108205e-04,  8.34061545e-04, -1.15084774e-03,  1.08580383e-04,
        7.66292339e-04, -2.94835518e-04,  7.68326065e-04, -2.20024996e-04,
       -1.83246471e-05,  2.82081727e-05,  3.66894071e-06,  1.41319594e-05,
       -3.04698745e-05,  4.06530955e-06,  1.34522780e-06, -1.90383305e-05,
       -1.37645491e-05, -3.66894071e-06,  0.00000000e+00, -4.24369433e-07,
       -1.02560589e-06,  7.41794581e-07, -1.34522780e-06,  0.00000000e+00,
       -2.22938703e-04,  1.52382749e-04, -5.28995308e-05,  3.85021346e-04,
       -3.22593197e-05, -3.88364972e-04,  2.02189576e-04, -4.23186682e-04,
        1.48394684e-04, -6.30618697e-05,  1.26891593e-04,  1.41708583e-06,
       -2.42796695e-06, -2.73870082e-06,  4.69463619e-06,  3.32774441e-07,
        1.69132025e-06,  1.51432384e-06, -1.41708583e-06,  0.00000000e+00,
       -1.67920108e-09, -1.16214281e-07,  1.90283970e-07, -3.32774441e-07,
        0.00000000e+00, -9.29728825e-06, -1.26173071e-05, -1.50299504e-05,
        8.17371596e-06,  4.07216360e-06,  1.75628899e-05,  2.14174851e-05,
       -1.81312890e-05,  2.84643488e-06,  4.58293705e-06, -1.85875980e-05,
        1.89728302e-06,  2.75452447e-06,  1.01326954e-05, -2.50556142e-06,
       -1.93618925e-07,  3.96220648e-06,  1.02470815e-06, -1.89728302e-06,
        0.00000000e+00,  1.55229098e-07, -1.75122415e-07, -3.40873462e-07,
        1.93618925e-07,  0.00000000e+00,  5.01249100e-07, -4.93765727e-07,
        9.89276331e-07, -2.34206083e-06,  3.02534067e-06,  2.85722837e-07,
        2.38594426e-07,  8.53658552e-07, -1.84736535e-06, -1.56876819e-06,
       -7.35622255e-08, -5.48303092e-07, -1.73529308e-06,  1.62385587e-06,
        1.90830128e-06, -5.28428620e-08, -9.62806748e-07, -2.12160611e-07,
        5.48303092e-07,  0.00000000e+00,  6.17322570e-09, -1.35453592e-07,
       -6.09359339e-08,  5.28428620e-08,  0.00000000e+00,  1.36013957e-06,
        7.59922316e-07,  8.32519772e-07, -2.68528769e-06, -2.08038201e-07,
       -8.32271161e-07, -1.51949301e-06,  1.40395268e-06,  5.42579956e-07,
       -4.90872906e-07,  6.96682450e-07,  1.95324376e-08, -6.95473104e-07,
        1.22160739e-06, -2.00161090e-07, -4.18828151e-07, -6.10112089e-08,
        1.35588711e-07, -1.95324376e-08,  0.00000000e+00,  2.23067741e-08,
        5.97276170e-08, -3.42418866e-07,  4.18828151e-07,  0.00000000e+00,
        5.07565726e-07,  9.63769582e-07, -5.14007493e-08, -6.30521746e-07,
       -6.98057905e-07,  1.41540217e-07, -5.67870382e-07,  8.72393042e-07,
       -1.22756775e-07, -4.81088119e-07,  1.37901831e-07, -3.23460615e-07,
        4.47705895e-08, -7.06996883e-08,  1.44242464e-07, -2.96487307e-07,
        2.15376443e-07, -2.79442048e-07,  3.23460615e-07,  0.00000000e+00,
        6.69348162e-08, -1.71171607e-07, -2.14856885e-08,  2.96487307e-07,
        0.00000000e+00], dtype=float64),
                   'Ra_n': Array([ 7.83256885e+00,  1.57186182e+00,  2.37751347e-02, -1.87877962e-03,
        3.45766919e-05,  2.45508519e-05,  1.49203350e-06, -2.74093338e-07,
        1.32603196e-08], dtype=float64),
                   'Rb_lmn': Array([ 0.00000000e+00,  0.00000000e+00,  0.00000000e+00,  0.00000000e+00,
        0.00000000e+00,  0.00000000e+00,  0.00000000e+00,  0.00000000e+00,
        0.00000000e+00,  0.00000000e+00,  0.00000000e+00,  0.00000000e+00,
        0.00000000e+00,  0.00000000e+00,  0.00000000e+00,  0.00000000e+00,
        0.00000000e+00,  0.00000000e+00,  0.00000000e+00,  0.00000000e+00,
        0.00000000e+00,  0.00000000e+00,  0.00000000e+00,  0.00000000e+00,
        0.00000000e+00,  0.00000000e+00,  0.00000000e+00,  0.00000000e+00,
        0.00000000e+00,  0.00000000e+00,  0.00000000e+00,  0.00000000e+00,
        0.00000000e+00,  0.00000000e+00,  0.00000000e+00,  0.00000000e+00,
       -1.25695118e-04,  2.40417214e-04, -3.56382624e-04,  3.52504841e-04,
        0.00000000e+00,  0.00000000e+00,  0.00000000e+00,  0.00000000e+00,
       -9.15902309e-06,  7.73025685e-05, -6.70202552e-04, -5.76655874e-05,
        0.00000000e+00,  0.00000000e+00,  0.00000000e+00,  0.00000000e+00,
       -1.76255442e-03,  3.13132798e-03, -2.47459261e-03,  5.37821190e-03,
        0.00000000e+00,  0.00000000e+00,  0.00000000e+00,  0.00000000e+00,
       -3.09660372e-03,  1.28535311e-02, -1.59871948e-03,  2.49525816e-02,
        8.00000000e+00,  1.95572711e+00,  2.39328681e-02,  7.94685075e-03,
       -2.17345454e-03,  0.00000000e+00,  0.00000000e+00,  0.00000000e+00,
        0.00000000e+00,  1.70055522e+00, -1.52588799e-03,  3.82857107e-03,
       -1.90073103e-02,  4.55704509e-03,  0.00000000e+00,  0.00000000e+00,
        0.00000000e+00,  0.00000000e+00,  1.27654784e-03, -8.57646311e-05,
        2.68835989e-03, -3.73507759e-03,  1.47390500e-03,  0.00000000e+00,
        0.00000000e+00,  0.00000000e+00,  0.00000000e+00, -1.82392613e-04,
       -3.08907997e-05, -4.14017159e-04,  7.80735963e-04, -2.15217892e-04,
        0.00000000e+00,  0.00000000e+00,  0.00000000e+00,  0.00000000e+00,
       -7.60783036e-05,  5.87528804e-05, -4.10202514e-05, -2.59959055e-04,
        1.53279604e-04,  0.00000000e+00,  0.00000000e+00,  0.00000000e+00,
        0.00000000e+00,  0.00000000e+00,  0.00000000e+00,  0.00000000e+00,
        0.00000000e+00,  0.00000000e+00,  0.00000000e+00,  0.00000000e+00,
        0.00000000e+00,  0.00000000e+00,  0.00000000e+00,  0.00000000e+00,
        0.00000000e+00,  0.00000000e+00,  0.00000000e+00,  0.00000000e+00,
        0.00000000e+00,  0.00000000e+00,  0.00000000e+00,  0.00000000e+00,
        0.00000000e+00,  0.00000000e+00,  0.00000000e+00,  0.00000000e+00,
        0.00000000e+00,  0.00000000e+00,  0.00000000e+00,  0.00000000e+00,
        0.00000000e+00,  0.00000000e+00,  0.00000000e+00,  0.00000000e+00,
        0.00000000e+00,  0.00000000e+00,  0.00000000e+00,  0.00000000e+00,
        0.00000000e+00], dtype=float64),
                   'Te_l': Array([], shape=(0,), dtype=float64),
                   'Ti_l': Array([], shape=(0,), dtype=float64),
                   'Z_lmn': Array([ 3.76975616e-07,  2.55632774e-07, -1.77354202e-07,  6.43752023e-07,
       -2.09594193e-07,  7.64550294e-07, -3.68399376e-07, -6.17615947e-07,
        6.00535642e-07, -1.31744472e-07, -6.97352890e-07,  7.15819906e-07,
        1.62392210e-07,  3.25178405e-08, -3.71066682e-07,  3.33557264e-07,
        8.57058906e-08, -6.71974040e-08, -7.15819906e-07,  0.00000000e+00,
        6.38575130e-09, -5.86539167e-08, -2.29468959e-07, -3.33557264e-07,
        0.00000000e+00, -4.83591963e-07, -2.00914862e-06, -2.10874717e-08,
       -3.88740564e-07,  1.07198689e-06, -3.84942353e-07,  4.80508174e-07,
        3.63794717e-07,  1.77537178e-07,  9.75086016e-07,  3.31300883e-07,
        4.72845979e-07,  1.43449677e-07,  1.40918325e-07, -1.08928417e-07,
        5.47468626e-07, -3.79242912e-08,  5.36414700e-08, -4.72845979e-07,
        0.00000000e+00, -1.19278417e-07, -1.15972478e-07, -6.86087608e-08,
       -5.47468626e-07,  0.00000000e+00,  1.65549982e-06,  3.04591803e-07,
       -2.58902101e-08, -9.00026479e-07,  5.63785235e-07,  5.13352850e-06,
       -8.85254135e-07,  1.29905875e-06, -3.49834098e-07, -1.87162210e-06,
       -4.18512446e-06,  8.19578029e-08, -5.80103911e-07, -1.12757005e-07,
        7.02379982e-07,  2.90239649e-07,  1.00324507e-06, -9.48404041e-07,
       -8.19578029e-08,  0.00000000e+00, -1.64251561e-07, -2.86275263e-07,
       -3.52545883e-07, -2.90239649e-07,  0.00000000e+00,  2.77571485e-06,
       -4.44744227e-05, -1.58933959e-05, -3.46954744e-05,  2.44527071e-05,
       -2.09457385e-07,  1.33841900e-05,  3.74175599e-05,  4.85686113e-06,
        1.97439315e-05,  1.74921454e-06, -1.74547513e-06, -2.46638030e-07,
       -2.62928624e-06, -4.74634642e-06,  8.97403028e-07,  2.77784096e-07,
       -1.53975715e-06,  1.74547513e-06,  0.00000000e+00, -1.98709473e-08,
       -9.27993549e-08, -1.10514715e-07, -8.97403028e-07,  0.00000000e+00,
       -2.37954776e-04, -3.14981271e-04, -3.25202859e-05, -1.07352281e-03,
        3.32575381e-05,  1.67795643e-04,  5.18578425e-04,  7.51888538e-04,
        4.88478766e-06, -6.17065927e-05, -2.99699495e-05, -3.82360744e-06,
       -5.17270513e-06,  7.09281723e-06,  1.75490783e-05, -6.01903447e-08,
        1.81433218e-06,  3.49796897e-06,  3.82360744e-06,  0.00000000e+00,
       -8.83920568e-07, -9.66564978e-07, -3.12562912e-07,  6.01903440e-08,
        0.00000000e+00, -4.06821868e-04, -9.06848805e-04,  7.36458921e-04,
       -7.20111535e-04,  9.58551147e-04, -1.78695300e-04,  1.61619538e-04,
       -1.19996409e-05,  1.61729636e-04,  5.23685907e-05, -5.72071171e-05,
        1.15101898e-06, -1.76275673e-06, -1.95611329e-05, -2.59962240e-05,
       -1.01062859e-06,  9.39957061e-07,  2.40836592e-06, -1.15101898e-06,
        0.00000000e+00,  1.08189225e-07, -2.60845015e-07,  8.89895655e-07,
        1.01062859e-06,  0.00000000e+00,  1.54311693e-02, -4.23591161e-03,
       -1.24476949e-02,  2.39487748e-03, -7.36160565e-04,  3.02906946e-03,
       -1.98126704e-03, -2.90441573e-03, -1.91631385e-03, -4.88520231e-04,
       -2.88844414e-04, -1.98392533e-05,  2.55541207e-05,  3.34864850e-05,
       -4.02987948e-05,  1.85770224e-06, -4.47941303e-06,  1.38109771e-05,
        1.98392533e-05,  0.00000000e+00, -3.61230768e-07, -1.70493884e-06,
       -3.34762567e-06, -1.85770224e-06,  0.00000000e+00,  1.61265518e+00,
       -4.19037162e-02,  7.61593806e-02, -9.54640785e-03,  1.69441332e-02,
        1.15593277e-02,  1.01993106e-02,  1.34585656e-02, -2.48270963e-03,
        3.48909189e-04,  1.13037407e-04,  4.17348196e-06,  4.20604808e-05,
        1.14080616e-05, -5.94428552e-05, -1.53351054e-06,  7.60705366e-06,
        1.15177281e-05, -4.17348196e-06,  0.00000000e+00, -3.55555050e-06,
       -1.64878875e-06,  7.46741859e-06,  1.53351054e-06,  0.00000000e+00,
       -1.96824499e+00, -3.12924327e-02, -4.81008894e-03, -1.60484683e-02,
        1.57182912e-03,  1.23050108e-03,  9.24986293e-06, -1.92886304e-03,
       -1.26547930e-03,  2.46128168e-06, -8.70829510e-05, -1.15442946e-04,
        0.00000000e+00, -9.24986293e-06,  1.09498561e-05,  6.94091596e-06,
        0.00000000e+00, -2.46128168e-06, -2.25324510e-06, -5.39482523e-06,
       -3.39658738e-03,  7.56390779e-03,  1.74348587e-02,  4.14050904e-03,
       -4.48655691e-03, -3.49891749e-03, -9.30342081e-07,  1.68895731e-04,
        1.78599524e-04, -4.71245973e-06,  3.62433948e-05, -1.70292305e-05,
        0.00000000e+00,  9.30342081e-07, -1.41833594e-05, -1.23872725e-05,
        0.00000000e+00,  4.71245973e-06,  6.29033371e-06,  1.26856865e-06,
       -1.52321871e-03, -1.28124204e-03,  3.77991271e-03,  1.32596285e-03,
       -1.64268632e-03,  1.22188776e-04, -1.22956467e-05, -1.81231768e-04,
       -1.57183457e-04,  4.60725126e-06, -4.21506093e-05, -2.81569964e-05,
        0.00000000e+00,  1.22956467e-05, -9.53009101e-06, -9.64604116e-06,
        0.00000000e+00, -4.60725126e-06, -3.25713872e-06, -3.26477632e-06,
        1.10404737e-04,  8.88254157e-04, -1.08181310e-03,  1.38446373e-04,
        2.93697871e-04, -7.45515625e-04, -2.75325343e-06, -9.95293068e-06,
        2.76946274e-05, -2.68519363e-06, -5.52200315e-06,  3.49419093e-05,
        0.00000000e+00,  2.75325343e-06,  1.15504968e-05,  4.73094794e-06,
        0.00000000e+00,  2.68519363e-06,  1.73228642e-06,  3.07252497e-06,
        1.83153050e-05, -1.74680029e-04,  2.32063643e-04, -8.76034461e-05,
       -3.51416867e-06,  3.20113770e-04, -7.73320530e-07, -1.05917661e-04,
       -8.15062556e-05, -1.59747690e-07, -6.41739739e-07, -3.31805626e-06,
        0.00000000e+00,  7.73320530e-07, -3.43068923e-07, -8.56258967e-08,
        0.00000000e+00,  1.59747690e-07,  5.61837093e-08, -1.14774503e-06,
       -1.96856334e-05, -5.61197142e-05, -1.49901214e-05,  1.00935629e-05,
       -1.49941905e-06,  5.57218982e-05, -1.52106631e-06,  1.69328170e-05,
        1.09070364e-05,  4.15954436e-07,  1.30131866e-06, -1.41373628e-07,
        0.00000000e+00,  1.52106631e-06, -1.94269555e-06, -1.31496592e-06,
        0.00000000e+00, -4.15954436e-07,  1.98100387e-07,  5.39189569e-07,
        2.55758475e-06, -4.58753194e-07,  8.20772836e-06,  4.62737063e-07,
        1.00158837e-06,  2.23807929e-06,  6.00955103e-07, -7.19197612e-06,
       -2.80297152e-06,  5.95365725e-08, -1.14571336e-06, -1.79019169e-06,
        0.00000000e+00, -6.00955103e-07, -1.01575225e-06, -2.17350294e-07,
        0.00000000e+00, -5.95365725e-08,  1.44124988e-07,  1.08655944e-08,
       -2.73550284e-07,  2.86519637e-06,  2.88589794e-07,  3.43970149e-07,
       -1.76017427e-07, -1.91343779e-06,  1.81636639e-07, -2.36046713e-07,
       -9.57803122e-09,  3.79178492e-07,  7.48524612e-08, -1.12464254e-06,
        0.00000000e+00, -1.81636639e-07, -5.25430812e-08, -6.08418342e-08,
        0.00000000e+00, -3.79178492e-07,  1.01164966e-07,  1.72883961e-07,
        4.38431636e-07,  8.87237654e-07,  9.55452928e-07, -2.63775704e-07,
        6.83927395e-07, -6.55168187e-07,  5.65117999e-07, -8.35448666e-07,
       -2.30530827e-07,  3.18933416e-07, -4.40910138e-07, -2.22726650e-07,
        0.00000000e+00, -5.65117999e-07, -1.20004263e-07,  5.58748954e-08,
        0.00000000e+00, -3.18933416e-07, -2.43017258e-07, -9.34281689e-09],      dtype=float64),
                   'Za_n': Array([ 2.99239841e-08, -2.44724410e-07,  1.21198824e-06,  3.22800679e-05,
        3.17432720e-04, -9.79790305e-04,  2.58716818e-02,  1.54664949e+00],      dtype=float64),
                   'Zb_lmn': Array([ 0.00000000e+00,  0.00000000e+00,  0.00000000e+00,  0.00000000e+00,
        0.00000000e+00,  0.00000000e+00,  0.00000000e+00,  0.00000000e+00,
        0.00000000e+00,  0.00000000e+00,  0.00000000e+00,  0.00000000e+00,
        0.00000000e+00,  0.00000000e+00,  0.00000000e+00,  0.00000000e+00,
        0.00000000e+00,  0.00000000e+00,  0.00000000e+00,  0.00000000e+00,
        0.00000000e+00,  0.00000000e+00,  0.00000000e+00,  0.00000000e+00,
        0.00000000e+00,  0.00000000e+00,  0.00000000e+00,  0.00000000e+00,
        0.00000000e+00,  0.00000000e+00,  0.00000000e+00,  0.00000000e+00,
        0.00000000e+00,  0.00000000e+00,  0.00000000e+00,  0.00000000e+00,
        2.42046738e-04, -3.41615993e-04, -3.15508016e-04,  1.41323662e-04,
        2.21213031e-05,  0.00000000e+00,  0.00000000e+00,  0.00000000e+00,
        0.00000000e+00,  4.89602023e-04,  1.05010889e-04, -7.51933153e-04,
       -2.33494051e-04,  1.36623307e-04,  0.00000000e+00,  0.00000000e+00,
        0.00000000e+00,  0.00000000e+00,  1.02740022e-03, -5.46507182e-03,
       -4.77756703e-04,  2.75403603e-03, -1.95996027e-03,  0.00000000e+00,
        0.00000000e+00,  0.00000000e+00,  0.00000000e+00,  1.69905237e+00,
       -2.46030667e-02,  3.92191706e-03,  1.16838828e-02, -2.53468507e-03,
        0.00000000e+00,  0.00000000e+00,  0.00000000e+00,  0.00000000e+00,
        0.00000000e+00,  0.00000000e+00,  0.00000000e+00,  0.00000000e+00,
        1.48249293e-03, -6.72800213e-03, -3.01827694e-02, -1.98555200e+00,
        0.00000000e+00,  0.00000000e+00,  0.00000000e+00,  0.00000000e+00,
       -4.44402318e-03,  1.75895711e-02,  4.04922963e-03,  9.10133909e-04,
        0.00000000e+00,  0.00000000e+00,  0.00000000e+00,  0.00000000e+00,
       -1.68809406e-03,  3.58915085e-03, -1.19047504e-03, -3.64085355e-04,
        0.00000000e+00,  0.00000000e+00,  0.00000000e+00,  0.00000000e+00,
        2.89908154e-04, -1.08021553e-03,  1.80752966e-04,  2.81276686e-04,
        0.00000000e+00,  0.00000000e+00,  0.00000000e+00,  0.00000000e+00,
       -4.09972470e-06,  1.25802913e-04,  1.40967939e-04, -1.50880023e-04,
        0.00000000e+00,  0.00000000e+00,  0.00000000e+00,  0.00000000e+00,
        0.00000000e+00,  0.00000000e+00,  0.00000000e+00,  0.00000000e+00,
        0.00000000e+00,  0.00000000e+00,  0.00000000e+00,  0.00000000e+00,
        0.00000000e+00,  0.00000000e+00,  0.00000000e+00,  0.00000000e+00,
        0.00000000e+00,  0.00000000e+00,  0.00000000e+00,  0.00000000e+00,
        0.00000000e+00,  0.00000000e+00,  0.00000000e+00,  0.00000000e+00,
        0.00000000e+00,  0.00000000e+00,  0.00000000e+00,  0.00000000e+00,
        0.00000000e+00,  0.00000000e+00,  0.00000000e+00,  0.00000000e+00],      dtype=float64),
                   'Zeff_l': Array([], shape=(0,), dtype=float64),
                   'a_lmn': Array([], shape=(0,), dtype=float64),
                   'c_l': Array([0., 0., 0., 0., 0.], dtype=float64),
                   'i_l': Array([], shape=(0,), dtype=float64),
                   'ne_l': Array([], shape=(0,), dtype=float64),
                   'ni_l': Array([], shape=(0,), dtype=float64),
                   'p_l': Array([0., 0., 0., 0., 0.], dtype=float64)}],
               [ { 'G': Array([], shape=(0,), dtype=float64),
                   'I': Array([], shape=(0,), dtype=float64),
                   'L_lmn': Array([ 2.50817818e-08, -8.85432500e-07, -7.33301390e-08, -1.09356164e-07,
        1.10055643e-06, -2.27665933e-07, -3.25466359e-08,  5.65493379e-07,
       -7.35565562e-07, -2.57241021e-07,  4.62898308e-08, -2.37347756e-07,
        7.21225550e-08, -3.37657240e-07,  6.94134139e-07,  5.24680129e-08,
       -1.85838612e-08,  1.72106238e-07,  3.20730671e-07,  1.74302181e-09,
       -1.96706198e-08,  7.56479969e-09,  1.51653671e-08,  1.42930090e-08,
       -4.70456802e-09,  6.75680255e-07,  1.08777043e-06, -1.26664631e-07,
        3.17619681e-07, -9.87849095e-07, -1.68791934e-07, -3.83789806e-07,
       -8.16680072e-07, -9.52585616e-07, -4.18900899e-07,  3.56577926e-07,
       -1.26382337e-06, -1.66518739e-08,  9.60551780e-08,  6.31291370e-08,
       -1.65235198e-07,  2.54874104e-07, -1.40708574e-07,  5.31614647e-07,
        9.86250999e-09,  2.35648720e-08,  1.64159827e-08,  2.24604403e-08,
        9.85674175e-09,  1.42425706e-08,  2.09549795e-07,  6.71022675e-08,
        1.78808182e-07, -4.09750579e-06,  8.38308716e-07,  4.34638364e-06,
        6.44972924e-07,  1.44479416e-06,  2.82895332e-06,  9.52017111e-07,
       -7.29654463e-07,  1.06214202e-06, -1.33138072e-06,  8.13369380e-07,
        1.21338345e-06, -2.86974475e-08,  2.51267432e-07,  4.67867267e-07,
        3.22154805e-07, -1.09716589e-07, -2.33673248e-08, -8.76297858e-08,
       -6.88340958e-08, -4.48469221e-08, -4.40535866e-09, -9.89496558e-06,
        6.22023507e-05, -1.35743829e-05, -1.66180032e-05, -3.28715468e-05,
       -2.47926785e-05, -8.93585462e-06, -7.03264529e-07, -7.32310366e-06,
        3.72084509e-06, -2.42256843e-06, -2.37315487e-06, -1.90090897e-07,
       -7.51091324e-08, -1.93407343e-06,  5.17909524e-07, -2.10233654e-07,
       -7.21263179e-09,  8.81422138e-07,  7.88024747e-08,  7.01559739e-08,
        9.76255094e-08, -5.55513718e-08,  1.46829013e-08, -1.97878779e-08,
        1.10695935e-05,  1.32091399e-03, -5.98531112e-05, -4.98821393e-05,
       -1.12014592e-03,  1.28932137e-04,  2.72876589e-05,  8.40557480e-05,
        1.87072869e-05,  1.23594976e-05, -3.13536069e-06, -6.22319396e-09,
       -3.28009107e-06, -1.21716068e-06, -5.78118114e-06, -2.10931898e-06,
        1.62566917e-06,  1.85738102e-06,  3.92340773e-08,  3.03449380e-07,
       -3.00727585e-07, -5.54202499e-07, -2.58853197e-09, -1.07156793e-08,
       -1.16953441e-07,  5.72699006e-04,  1.70791626e-04, -4.26963062e-04,
       -9.18099411e-04, -6.12205090e-05, -1.39671923e-04, -1.04196506e-04,
        3.56875164e-05, -4.29168175e-05,  6.50211844e-06,  1.24228935e-05,
        2.10779234e-05, -2.84260974e-06, -4.69495624e-06,  4.48291063e-06,
       -1.83222990e-06, -6.83774678e-08, -6.89964513e-07, -1.44619438e-06,
       -2.85019521e-07,  3.41178941e-07,  7.36917107e-07, -1.69255175e-07,
        1.42679588e-07,  2.40244482e-08, -5.87131596e-03,  3.11716200e-03,
        8.04745938e-04, -1.18452526e-03,  3.61238067e-03,  2.04382995e-03,
        4.91116475e-04,  5.19703372e-04, -2.86966740e-05, -7.01779631e-05,
       -4.60272866e-05, -3.14624458e-05,  9.28403405e-06, -3.54606323e-06,
        7.53977413e-06,  6.84129418e-06,  1.07207599e-07, -2.64966829e-06,
       -8.70734268e-07,  1.78448247e-07, -1.73603160e-06, -1.82309461e-06,
       -9.22738686e-07, -1.44798231e-07, -5.45215820e-08,  1.77785621e-01,
       -7.22166220e-03, -1.46361257e-02, -1.70568638e-02, -1.82012352e-02,
        3.50186433e-03, -7.21226880e-04, -3.90840017e-04,  2.61943397e-05,
        1.46798768e-04,  1.86351402e-04, -2.49485437e-05, -4.07926953e-05,
       -5.39281432e-05, -1.04416435e-05, -3.76464430e-06,  7.44446844e-06,
        6.07001993e-06, -4.58907859e-06,  2.36593875e-07,  3.88042477e-06,
        6.63630817e-06,  1.41292087e-06, -6.99611446e-08, -2.21098072e-08,
        6.52809666e-02, -3.39349144e-03, -1.22021471e-03,  5.89479799e-03,
       -1.98038017e-04,  1.68406570e-03,  4.20494495e-05,  9.56111807e-05,
        5.13546464e-04, -8.32745063e-06, -1.30787378e-05,  1.34831738e-05,
       -6.86887665e-07,  3.33545277e-06,  3.36051936e-06,  6.68237791e-05,
        1.01536058e-07, -3.44103293e-08, -3.19104142e-06, -1.97769870e-06,
       -4.12980962e-02, -1.90887535e-02,  4.85402241e-03,  2.88526507e-03,
        1.91438145e-04, -3.05188816e-04, -6.50542597e-05, -5.68225528e-05,
        1.63194805e-06,  1.01553720e-05,  2.72702678e-05, -8.55920855e-06,
        1.91576703e-06, -7.25373746e-06, -1.49597374e-05, -3.69827752e-06,
       -1.33191130e-07,  1.68772758e-07,  2.02057923e-06,  1.97224094e-06,
        9.33136753e-03, -2.77774766e-03,  1.80353349e-03, -3.02892075e-05,
       -4.22920451e-05,  4.48770087e-04, -2.48782663e-05,  1.56373439e-05,
        1.15028082e-06,  3.14307011e-06, -4.92143562e-06, -1.31648195e-05,
       -7.70088908e-07,  2.11623383e-06,  1.69416934e-06,  5.46486324e-07,
        1.45365399e-08, -3.44229117e-07, -8.07178457e-07, -2.74180404e-07,
       -1.55243535e-03,  1.41849780e-04, -3.05784780e-04,  8.14784515e-04,
       -5.45656523e-05, -6.81835007e-05,  2.66227549e-05, -1.66506890e-05,
       -5.20165813e-05, -1.89687739e-06,  4.02354359e-06,  2.91050817e-07,
       -2.02330006e-09, -3.14682123e-06, -2.47587991e-06, -1.36791718e-06,
        1.39115297e-08,  3.63115951e-07,  2.57050679e-07, -2.73695221e-07,
        4.27936923e-04, -1.75569755e-04,  1.36583540e-04, -4.78874150e-04,
        1.99225263e-05,  1.61745434e-04, -1.17968118e-06,  1.62330193e-05,
        8.70858942e-06, -1.86812247e-06, -2.40181416e-06,  1.58218186e-07,
        1.50059560e-07, -3.90988684e-07,  1.35206785e-06,  6.09676737e-07,
       -9.98814033e-08, -3.38669776e-08, -1.06020620e-07,  2.52875528e-07,
        5.18946163e-05,  3.12106351e-06, -2.03748485e-05, -4.24971522e-05,
       -7.55470896e-06, -1.49991938e-05, -1.74069263e-06, -8.56644170e-06,
        5.50319351e-07,  4.57380024e-07, -1.84923640e-06, -1.53546659e-06,
        1.18359773e-07,  4.94485470e-07, -5.53258107e-07, -4.86065109e-07,
       -2.10967436e-08,  2.46539806e-08, -1.43675193e-07, -1.80534006e-07,
        4.25436054e-06, -7.09535338e-06,  2.34270301e-06, -1.62462184e-06,
        2.11219548e-06,  3.62732194e-06,  1.38412479e-06,  1.74324182e-06,
        2.87438623e-06, -1.95808728e-08,  1.87371512e-06,  1.00529647e-06,
       -1.15557776e-07,  2.31906375e-08,  1.08967349e-07, -1.93581903e-08,
       -5.27239599e-09, -4.19094296e-08, -5.62314710e-09,  1.08209245e-07,
       -3.78429257e-06, -1.20714593e-06,  3.23968075e-07,  1.86849712e-06,
       -6.98886851e-07,  5.81490696e-07, -1.08382704e-06,  2.19472937e-07,
        1.58040972e-06, -1.63710922e-07, -2.28713467e-07,  1.66063311e-07,
        1.62581451e-08,  3.62050907e-07, -3.53842020e-07, -4.28993360e-08,
        1.33758049e-08,  1.05689587e-08, -7.76763720e-09, -1.80345945e-08,
       -1.02427603e-06, -7.52550830e-07, -3.62304125e-07,  9.82830471e-07,
       -5.36658937e-07,  1.04072612e-06, -2.27103342e-07,  1.68598772e-07,
        1.36648917e-07,  5.11694459e-08,  5.03166304e-07, -2.12704958e-07,
        2.26948600e-09,  3.14153919e-07,  1.86644956e-07, -1.18169329e-07,
       -5.23808869e-09,  1.50083629e-08,  1.89700623e-08, -5.43261325e-09],      dtype=float64),
                   'Phi_mn': Array([], shape=(0,), dtype=float64),
                   'Psi': Array([50.], dtype=float64),
                   'R_lmn': Array([-3.36096840e-07,  5.36569210e-07, -7.12545683e-07,  4.84639419e-07,
        3.90166368e-08, -9.01258422e-07,  4.61547417e-07,  2.80642214e-07,
        8.18877343e-08,  2.89754414e-07, -6.96134125e-08,  2.50027375e-07,
        0.00000000e+00, -4.61547417e-07,  4.31903469e-07, -2.30430313e-07,
        0.00000000e+00, -2.89754414e-07,  3.05967756e-08,  1.14661836e-07,
       -3.25553840e-07, -1.63666884e-06,  8.84594197e-08,  5.54133266e-08,
       -3.69253205e-07,  1.43169257e-06,  2.15008923e-07, -1.40547134e-07,
        1.17787508e-07,  5.59204522e-07,  1.09001312e-07,  3.86451676e-07,
        0.00000000e+00, -2.15008923e-07,  5.20877142e-08,  1.52353005e-07,
        0.00000000e+00, -5.59204522e-07,  2.60251894e-07, -1.81475404e-07,
       -4.29876132e-07,  3.78450414e-06, -1.89597757e-06, -2.61531974e-06,
        3.15642456e-07, -2.89076724e-06,  4.31440264e-08,  1.97253747e-06,
        1.36815009e-06,  2.67005218e-07, -3.59679400e-08, -9.35071354e-07,
        0.00000000e+00, -4.31440262e-08, -7.65598942e-08,  1.67704578e-06,
        0.00000000e+00, -2.67005218e-07, -2.79674515e-07,  4.13344497e-08,
       -2.24982954e-05, -3.20566927e-06, -5.64746764e-06,  1.10478978e-05,
        3.31055122e-06,  1.23582722e-05, -1.93603147e-06,  6.11747014e-06,
        1.12022280e-05,  5.88646317e-07, -3.65229759e-06, -9.33009587e-06,
        0.00000000e+00,  1.93603147e-06, -4.70002500e-07,  2.48169605e-07,
        0.00000000e+00, -5.88646317e-07,  3.41746365e-07,  1.77492972e-07,
        1.87332910e-04, -1.22222203e-03,  3.10071027e-04,  1.56618233e-04,
       -1.39138120e-04,  8.60455932e-04, -3.53322659e-06, -6.93758912e-05,
        6.99400753e-06,  8.82511621e-08,  1.38259562e-05,  4.23511960e-06,
        0.00000000e+00,  3.53322659e-06,  1.45186849e-07,  2.30721064e-06,
        0.00000000e+00, -8.82511621e-08, -4.92136632e-07,  5.42718186e-07,
       -4.59618736e-04, -6.50296997e-04,  1.67684136e-04,  2.65594536e-04,
        1.13496024e-05, -6.31517862e-06, -2.58190196e-07, -9.59514059e-05,
        1.34673390e-04, -1.41772703e-07, -2.02183862e-05, -1.44893367e-05,
        0.00000000e+00,  2.58190196e-07,  5.87438218e-06,  2.35262270e-06,
        0.00000000e+00,  1.41772703e-07, -4.09799832e-07, -3.45319530e-07,
        7.85447004e-03, -5.63930663e-04,  3.47543640e-03, -2.13342096e-03,
       -1.76680846e-03, -1.91118737e-03, -1.11425738e-05, -3.50943102e-04,
       -3.29697938e-04,  2.10110639e-06,  3.41556038e-06, -6.48484012e-07,
        0.00000000e+00,  1.11425738e-05,  1.00735311e-05, -6.93157780e-06,
        0.00000000e+00, -2.10110639e-06, -1.89915051e-07, -6.86406757e-07,
        7.09872775e-03, -1.65747799e-02,  1.27532003e-02,  1.71065266e-02,
       -3.01517582e-03,  1.48947176e-02, -6.73597847e-07,  9.82936428e-05,
        7.55152518e-04, -4.58984924e-07, -9.01347325e-05,  6.12279682e-05,
        0.00000000e+00,  6.73597847e-07,  1.21874713e-05,  1.36410495e-05,
        0.00000000e+00,  4.58984924e-07,  6.80146586e-06,  1.01902402e-05,
        7.91530654e+00,  1.95290939e+00,  8.38345825e-02,  2.40713966e-02,
        3.78806119e-03,  6.00712072e-03,  9.68757686e-04, -8.45704028e-05,
       -2.20268510e-03, -8.80189572e-04,  1.94269406e-03, -1.06817302e-05,
       -1.10828231e-04, -3.40000392e-05,  2.97753280e-05, -6.69038952e-07,
       -3.95348808e-05,  5.78857082e-06,  1.06817302e-05,  0.00000000e+00,
        9.45835164e-07,  3.56480829e-06, -2.12547342e-06,  6.69038952e-07,
        0.00000000e+00,  1.63691786e+00, -5.32753337e-03,  6.43310268e-02,
        2.13426413e-03,  3.81121450e-03, -1.86189485e-02, -6.94159945e-04,
        1.63466869e-03,  4.52329428e-03, -2.60382694e-05, -3.94446168e-04,
        6.74710137e-06,  1.21086614e-05,  7.12757081e-05,  3.47524899e-05,
        1.72111244e-06,  1.46017007e-05, -9.70497605e-06, -6.74710137e-06,
        0.00000000e+00,  8.45238888e-07,  3.57495971e-06,  1.81058093e-06,
       -1.72111244e-06,  0.00000000e+00,  1.26698902e-02, -9.82482415e-04,
       -1.13008821e-02,  3.62147449e-03,  9.01889675e-04, -4.08759723e-03,
       -1.42481901e-04, -9.77055622e-04,  1.49177756e-03, -4.97147724e-05,
        3.30304631e-04,  9.50992492e-06,  5.08547208e-05,  4.75097368e-05,
       -1.45748627e-05, -3.26915294e-06,  4.45521958e-05,  2.07169374e-05,
       -9.50992492e-06,  0.00000000e+00,  2.73892967e-07, -1.59242605e-06,
       -3.22422792e-06,  3.26915294e-06,  0.00000000e+00, -7.51941365e-04,
       -1.10632908e-04,  8.36925283e-04, -1.12961422e-03,  1.17521977e-04,
        7.65560124e-04, -2.78493653e-04,  7.48180175e-04, -2.21025940e-04,
       -1.78309967e-05,  3.09256764e-05,  3.24833940e-06,  1.12502238e-05,
       -3.23807704e-05,  4.90359909e-06,  1.32930097e-06, -2.01130130e-05,
       -1.46569313e-05, -3.24833940e-06,  0.00000000e+00, -4.66361306e-07,
       -9.09010876e-07,  6.41887303e-07, -1.32930097e-06,  0.00000000e+00,
       -2.28438870e-04,  1.45046285e-04, -5.27219356e-05,  3.96104594e-04,
       -2.96510137e-05, -3.80880354e-04,  2.07757878e-04, -4.34203742e-04,
        1.48718434e-04, -5.80247294e-05,  1.19188741e-04,  1.31889443e-06,
       -2.65186570e-06, -2.59973493e-06,  4.53072390e-06,  3.02402316e-07,
        1.50469510e-06,  1.31548187e-06, -1.31889443e-06,  0.00000000e+00,
       -7.14194840e-09, -1.73925847e-07,  1.72451308e-07, -3.02402316e-07,
        0.00000000e+00, -8.82408659e-06, -1.28684042e-05, -1.54113888e-05,
        8.39428036e-06,  4.15650066e-06,  1.88614609e-05,  2.09896048e-05,
       -1.86099651e-05,  2.88500457e-06,  4.53593092e-06, -1.99535617e-05,
        1.80033245e-06,  3.10370967e-06,  1.03579794e-05, -2.49253760e-06,
       -2.09659642e-07,  4.17597263e-06,  1.09210076e-06, -1.80033245e-06,
        0.00000000e+00,  1.42160903e-07, -1.42294665e-07, -3.92466969e-07,
        2.09659642e-07,  0.00000000e+00,  4.14147082e-07, -8.33518034e-08,
        7.92692959e-07, -1.94645673e-06,  2.74751981e-06,  1.25502811e-07,
        3.33345250e-07,  8.70318046e-07, -2.39984642e-06, -1.69555322e-06,
        1.68175706e-07, -5.76975405e-07, -1.54045082e-06,  1.22447956e-06,
        2.42126933e-06, -2.61685701e-08, -9.68614785e-07, -2.93678517e-07,
        5.76975405e-07,  0.00000000e+00,  2.65528707e-10, -1.48340882e-07,
       -2.14229157e-08,  2.61685701e-08,  0.00000000e+00,  1.41584735e-06,
        8.46338218e-07,  7.92654028e-07, -2.66592765e-06, -1.80362859e-07,
       -1.07179065e-06, -1.56420829e-06,  1.44048430e-06,  4.64620115e-07,
       -5.69749452e-07,  9.18471866e-07,  5.54340795e-08, -6.55383154e-07,
        1.15201769e-06, -1.20628593e-07, -4.03093428e-07, -9.62259076e-08,
        1.53318784e-07, -5.54340795e-08,  0.00000000e+00,  1.10900630e-08,
        7.34256593e-08, -3.43991521e-07,  4.03093428e-07,  0.00000000e+00,
        4.62441456e-07,  9.97101984e-07, -2.45365529e-08, -6.45462698e-07,
       -7.26480812e-07,  1.48188997e-07, -5.17134101e-07,  8.62287666e-07,
       -1.36788013e-07, -4.97586103e-07,  1.25726635e-07, -3.04140242e-07,
        1.87918407e-08, -4.88115235e-08,  1.57228755e-07, -2.83018003e-07,
        2.26964930e-07, -2.73915632e-07,  3.04140242e-07,  0.00000000e+00,
        6.04373574e-08, -1.68013445e-07, -2.04407426e-08,  2.83018003e-07,
        0.00000000e+00], dtype=float64),
                   'Ra_n': Array([ 7.83255249e+00,  1.57188141e+00,  2.37777096e-02, -1.87907689e-03,
        3.46856678e-05,  2.46153583e-05,  1.49551572e-06, -2.74541748e-07,
        1.14894243e-08], dtype=float64),
                   'Rb_lmn': Array([ 0.00000000e+00,  0.00000000e+00,  0.00000000e+00,  0.00000000e+00,
        0.00000000e+00,  0.00000000e+00,  0.00000000e+00,  0.00000000e+00,
        0.00000000e+00,  0.00000000e+00,  0.00000000e+00,  0.00000000e+00,
        0.00000000e+00,  0.00000000e+00,  0.00000000e+00,  0.00000000e+00,
        0.00000000e+00,  0.00000000e+00,  0.00000000e+00,  0.00000000e+00,
        0.00000000e+00,  0.00000000e+00,  0.00000000e+00,  0.00000000e+00,
        0.00000000e+00,  0.00000000e+00,  0.00000000e+00,  0.00000000e+00,
        0.00000000e+00,  0.00000000e+00,  0.00000000e+00,  0.00000000e+00,
        0.00000000e+00,  0.00000000e+00,  0.00000000e+00,  0.00000000e+00,
       -1.25804300e-04,  2.40840323e-04, -3.56988256e-04,  3.53252361e-04,
        0.00000000e+00,  0.00000000e+00,  0.00000000e+00,  0.00000000e+00,
       -9.27858359e-06,  7.76071120e-05, -6.71446832e-04, -5.69981872e-05,
        0.00000000e+00,  0.00000000e+00,  0.00000000e+00,  0.00000000e+00,
       -1.76358282e-03,  3.13456683e-03, -2.47645293e-03,  5.38441956e-03,
        0.00000000e+00,  0.00000000e+00,  0.00000000e+00,  0.00000000e+00,
       -3.09850909e-03,  1.28636814e-02, -1.60864409e-03,  2.49740479e-02,
        8.00000000e+00,  1.95577773e+00,  2.39563910e-02,  7.95560334e-03,
       -2.17503524e-03,  0.00000000e+00,  0.00000000e+00,  0.00000000e+00,
        0.00000000e+00,  1.70056768e+00, -1.52775544e-03,  3.84378350e-03,
       -1.90230996e-02,  4.55985735e-03,  0.00000000e+00,  0.00000000e+00,
        0.00000000e+00,  0.00000000e+00,  1.27765485e-03, -8.57553167e-05,
        2.69033618e-03, -3.73657567e-03,  1.47397847e-03,  0.00000000e+00,
        0.00000000e+00,  0.00000000e+00,  0.00000000e+00, -1.82725872e-04,
       -3.10549406e-05, -4.14723826e-04,  7.81828870e-04, -2.15480453e-04,
        0.00000000e+00,  0.00000000e+00,  0.00000000e+00,  0.00000000e+00,
       -7.60619349e-05,  5.88752375e-05, -4.08728081e-05, -2.60376131e-04,
        1.53421609e-04,  0.00000000e+00,  0.00000000e+00,  0.00000000e+00,
        0.00000000e+00,  0.00000000e+00,  0.00000000e+00,  0.00000000e+00,
        0.00000000e+00,  0.00000000e+00,  0.00000000e+00,  0.00000000e+00,
        0.00000000e+00,  0.00000000e+00,  0.00000000e+00,  0.00000000e+00,
        0.00000000e+00,  0.00000000e+00,  0.00000000e+00,  0.00000000e+00,
        0.00000000e+00,  0.00000000e+00,  0.00000000e+00,  0.00000000e+00,
        0.00000000e+00,  0.00000000e+00,  0.00000000e+00,  0.00000000e+00,
        0.00000000e+00,  0.00000000e+00,  0.00000000e+00,  0.00000000e+00,
        0.00000000e+00,  0.00000000e+00,  0.00000000e+00,  0.00000000e+00,
        0.00000000e+00,  0.00000000e+00,  0.00000000e+00,  0.00000000e+00,
        0.00000000e+00], dtype=float64),
                   'Te_l': Array([], shape=(0,), dtype=float64),
                   'Ti_l': Array([], shape=(0,), dtype=float64),
                   'Z_lmn': Array([ 3.73798422e-07,  2.45769599e-07, -1.72532826e-07,  6.42615241e-07,
       -2.30863275e-07,  7.19869349e-07, -3.66160428e-07, -6.22543232e-07,
        5.74719781e-07, -9.75598235e-08, -6.49441308e-07,  6.97180513e-07,
        1.58138952e-07,  3.98702067e-08, -3.45445909e-07,  3.12393608e-07,
        8.26534988e-08, -7.04280408e-08, -6.97180513e-07,  0.00000000e+00,
        6.75587874e-09, -5.99422157e-08, -2.29273872e-07, -3.12393608e-07,
        0.00000000e+00, -5.32346577e-07, -1.94952937e-06,  2.20575596e-08,
       -4.20359155e-07,  1.07263451e-06, -2.48164042e-07,  5.30570689e-07,
        5.00056618e-07,  2.48381567e-07,  9.30231502e-07,  2.36053918e-07,
        4.19799468e-07,  1.00591914e-07,  3.17405549e-08, -1.89750087e-07,
        5.23602896e-07, -5.33366388e-08,  1.21101240e-08, -4.19799468e-07,
        0.00000000e+00, -1.20873586e-07, -1.11438017e-07, -5.86314799e-08,
       -5.23602896e-07,  0.00000000e+00,  1.54315907e-06,  6.46871170e-07,
        8.34881913e-08, -7.76086489e-07,  3.82250267e-07,  5.23480744e-06,
       -7.67765926e-07,  1.42595234e-06, -3.06206933e-09, -2.08714440e-06,
       -4.31926055e-06,  4.47993355e-08, -6.89269601e-07, -3.48563121e-07,
        3.62461985e-07,  2.69502971e-07,  1.05802297e-06, -9.15546889e-07,
       -4.47993355e-08,  0.00000000e+00, -1.69611732e-07, -3.01302731e-07,
       -3.59399915e-07, -2.69502971e-07,  0.00000000e+00,  1.96305719e-06,
       -4.66840797e-05, -1.61513682e-05, -3.63877769e-05,  2.88118441e-05,
       -5.97894809e-07,  1.42234961e-05,  3.96369153e-05,  5.79953832e-06,
        1.75622446e-05,  2.09978051e-06, -1.58978615e-06, -1.45712354e-08,
       -3.18201321e-06, -5.73968840e-06,  9.37585565e-07,  3.09991001e-07,
       -1.50188570e-06,  1.58978615e-06,  0.00000000e+00, -2.06138453e-08,
       -6.71252273e-08, -5.98499106e-08, -9.37585565e-07,  0.00000000e+00,
       -2.55867157e-04, -2.38784357e-04, -3.23253973e-05, -1.09954862e-03,
       -3.50674621e-05,  1.72558029e-04,  5.36897257e-04,  7.76660896e-04,
        4.69405274e-06, -7.03910475e-05, -3.46703350e-05, -4.01448563e-06,
       -5.36676874e-06,  7.82294343e-06,  1.76756988e-05, -2.92880205e-08,
        1.93455820e-06,  3.78034670e-06,  4.01448562e-06,  0.00000000e+00,
       -8.75654163e-07, -9.81524066e-07, -2.90429914e-07,  2.92880198e-08,
        0.00000000e+00, -3.61902495e-04, -9.67669763e-04,  7.36617050e-04,
       -6.59846590e-04,  1.02672843e-03, -1.70478709e-04,  1.17792317e-04,
       -7.35731181e-05,  1.59383577e-04,  4.46821130e-05, -6.55159204e-05,
        1.14575965e-06, -2.19597654e-06, -1.94345286e-05, -2.38481900e-05,
       -1.00257492e-06,  8.39244783e-07,  2.67449090e-06, -1.14575965e-06,
        0.00000000e+00,  1.00014456e-07, -2.11851758e-07,  1.00652187e-06,
        1.00257492e-06,  0.00000000e+00,  1.54987988e-02, -4.08743009e-03,
       -1.24484224e-02,  2.51157519e-03, -9.10076271e-04,  3.03238399e-03,
       -2.04661889e-03, -3.02001112e-03, -1.91876035e-03, -4.69917024e-04,
       -2.88397656e-04, -1.93931679e-05,  2.46257726e-05,  3.21998233e-05,
       -3.91995911e-05,  1.89537615e-06, -3.92201593e-06,  1.31512335e-05,
        1.93931679e-05,  0.00000000e+00, -2.92068298e-07, -1.64822105e-06,
       -3.38855822e-06, -1.89537615e-06,  0.00000000e+00,  1.61240117e+00,
       -4.42104875e-02,  7.61589765e-02, -9.99190930e-03,  1.91845434e-02,
        1.15290656e-02,  1.04607122e-02,  1.38959789e-02, -2.48319748e-03,
        3.96537950e-04,  1.50217689e-04,  5.70393220e-06,  4.20345147e-05,
        1.30554548e-05, -6.03808423e-05, -1.35669390e-06,  6.72341171e-06,
        1.36635059e-05, -5.70393220e-06,  0.00000000e+00, -3.73780646e-06,
       -1.65154889e-06,  7.56012550e-06,  1.35669390e-06,  0.00000000e+00,
       -1.96829881e+00, -3.11243246e-02, -4.85181074e-03, -1.60855658e-02,
        1.57192572e-03,  1.02258396e-03,  8.79041360e-06, -1.89633493e-03,
       -1.23725042e-03,  2.47596947e-06, -8.61265414e-05, -1.02669681e-04,
        0.00000000e+00, -8.79041360e-06,  1.24210769e-05,  7.58199788e-06,
        0.00000000e+00, -2.47596947e-06, -2.30939083e-06, -5.01122862e-06,
       -3.40282634e-03,  7.49848729e-03,  1.74388846e-02,  4.14754909e-03,
       -4.49165005e-03, -3.44180622e-03, -1.77246655e-07,  1.80500079e-04,
        1.79225541e-04, -4.46403489e-06,  3.84767789e-05, -1.89668909e-05,
        0.00000000e+00,  1.77246655e-07, -1.47310526e-05, -1.24735445e-05,
        0.00000000e+00,  4.46403489e-06,  6.26027115e-06,  1.12720143e-06,
       -1.54611860e-03, -1.30419993e-03,  3.80146371e-03,  1.36212313e-03,
       -1.64300505e-03,  1.52970239e-04, -1.23240415e-05, -1.99395193e-04,
       -1.69466175e-04,  4.49064977e-06, -4.23345174e-05, -3.72047476e-05,
        0.00000000e+00,  1.23240415e-05, -1.09720151e-05, -1.09162416e-05,
        0.00000000e+00, -4.49064977e-06, -3.23561584e-06, -3.45555255e-06,
        1.11884940e-04,  8.74590670e-04, -1.08100223e-03,  1.36474071e-04,
        2.94660495e-04, -7.32094115e-04, -2.44599332e-06, -1.25695866e-05,
        2.79103903e-05, -2.67512688e-06, -6.38423899e-06,  3.56822192e-05,
        0.00000000e+00,  2.44599332e-06,  1.21571453e-05,  5.49595097e-06,
        0.00000000e+00,  2.67512688e-06,  1.89153345e-06,  3.02750803e-06,
        9.29278642e-06, -1.83855082e-04,  2.23564740e-04, -8.24252092e-05,
       -3.48530020e-06,  3.29767771e-04, -6.63643048e-07, -9.73082343e-05,
       -7.79004477e-05, -1.33737838e-07, -6.98507076e-07, -3.84196623e-06,
        0.00000000e+00,  6.63643048e-07, -1.79051989e-07, -1.35980539e-07,
        0.00000000e+00,  1.33737838e-07,  6.88005621e-08, -1.12943292e-06,
       -2.01352829e-05, -5.67561168e-05, -1.60331123e-05,  9.72316039e-06,
       -1.33854077e-06,  5.63499308e-05, -1.41767464e-06,  1.81324946e-05,
        1.17844791e-05,  4.42404155e-07,  1.11150500e-06, -1.35307044e-07,
        0.00000000e+00,  1.41767464e-06, -2.09938228e-06, -1.37235660e-06,
        0.00000000e+00, -4.42404155e-07,  2.27035766e-07,  5.41493064e-07,
        2.88700334e-06, -3.33652693e-07,  8.46755688e-06,  3.65628691e-07,
        1.54514220e-06,  2.13220535e-06,  6.23701917e-07, -7.53014184e-06,
       -3.05716328e-06,  4.08884813e-08, -1.66029503e-06, -1.79028239e-06,
        0.00000000e+00, -6.23701917e-07, -9.37415045e-07, -1.95468744e-07,
        0.00000000e+00, -4.08884813e-08,  1.15152828e-07, -8.27026704e-09,
       -8.96569728e-08,  2.96255335e-06,  4.88091466e-07,  2.58138558e-07,
       -1.19646459e-07, -2.01716785e-06,  1.41665400e-07, -4.46515505e-07,
       -1.05943512e-07,  3.63330044e-07,  1.17290301e-08, -1.10566505e-06,
        0.00000000e+00, -1.41665400e-07, -4.15759608e-08, -6.25380732e-08,
        0.00000000e+00, -3.63330044e-07,  1.07917429e-07,  1.60279547e-07,
        4.41015607e-07,  8.65096852e-07,  9.32240658e-07, -2.72025257e-07,
        6.68354008e-07, -6.14499143e-07,  5.43508295e-07, -8.14401702e-07,
       -2.28512302e-07,  3.05497710e-07, -4.29368065e-07, -2.37102267e-07,
        0.00000000e+00, -5.43508295e-07, -1.17838956e-07,  5.95219517e-08,
        0.00000000e+00, -3.05497710e-07, -2.38985944e-07, -1.34954412e-08],      dtype=float64),
                   'Za_n': Array([ 2.87877474e-08, -2.45298947e-07,  1.21156282e-06,  3.23318788e-05,
        3.17846611e-04, -9.78431238e-04,  2.58756845e-02,  1.54665713e+00],      dtype=float64),
                   'Zb_lmn': Array([ 0.00000000e+00,  0.00000000e+00,  0.00000000e+00,  0.00000000e+00,
        0.00000000e+00,  0.00000000e+00,  0.00000000e+00,  0.00000000e+00,
        0.00000000e+00,  0.00000000e+00,  0.00000000e+00,  0.00000000e+00,
        0.00000000e+00,  0.00000000e+00,  0.00000000e+00,  0.00000000e+00,
        0.00000000e+00,  0.00000000e+00,  0.00000000e+00,  0.00000000e+00,
        0.00000000e+00,  0.00000000e+00,  0.00000000e+00,  0.00000000e+00,
        0.00000000e+00,  0.00000000e+00,  0.00000000e+00,  0.00000000e+00,
        0.00000000e+00,  0.00000000e+00,  0.00000000e+00,  0.00000000e+00,
        0.00000000e+00,  0.00000000e+00,  0.00000000e+00,  0.00000000e+00,
        2.42462279e-04, -3.42308309e-04, -3.16046301e-04,  1.41668040e-04,
        2.20793216e-05,  0.00000000e+00,  0.00000000e+00,  0.00000000e+00,
        0.00000000e+00,  4.90410909e-04,  1.04580023e-04, -7.53066088e-04,
       -2.33320139e-04,  1.36541909e-04,  0.00000000e+00,  0.00000000e+00,
        0.00000000e+00,  0.00000000e+00,  1.02809123e-03, -5.47134540e-03,
       -4.77884323e-04,  2.75713757e-03, -1.96134850e-03,  0.00000000e+00,
        0.00000000e+00,  0.00000000e+00,  0.00000000e+00,  1.69905915e+00,
       -2.46226828e-02,  3.91547349e-03,  1.16929468e-02, -2.53601820e-03,
        0.00000000e+00,  0.00000000e+00,  0.00000000e+00,  0.00000000e+00,
        0.00000000e+00,  0.00000000e+00,  0.00000000e+00,  0.00000000e+00,
        1.48348978e-03, -6.73572459e-03, -3.02094215e-02, -1.98561405e+00,
        0.00000000e+00,  0.00000000e+00,  0.00000000e+00,  0.00000000e+00,
       -4.44691300e-03,  1.76046536e-02,  4.03884138e-03,  9.11474746e-04,
        0.00000000e+00,  0.00000000e+00,  0.00000000e+00,  0.00000000e+00,
       -1.68857518e-03,  3.59109650e-03, -1.19188999e-03, -3.64377895e-04,
        0.00000000e+00,  0.00000000e+00,  0.00000000e+00,  0.00000000e+00,
        2.90167789e-04, -1.08141468e-03,  1.81206282e-04,  2.81765352e-04,
        0.00000000e+00,  0.00000000e+00,  0.00000000e+00,  0.00000000e+00,
       -4.11500672e-06,  1.26077454e-04,  1.40941289e-04, -1.51168851e-04,
        0.00000000e+00,  0.00000000e+00,  0.00000000e+00,  0.00000000e+00,
        0.00000000e+00,  0.00000000e+00,  0.00000000e+00,  0.00000000e+00,
        0.00000000e+00,  0.00000000e+00,  0.00000000e+00,  0.00000000e+00,
        0.00000000e+00,  0.00000000e+00,  0.00000000e+00,  0.00000000e+00,
        0.00000000e+00,  0.00000000e+00,  0.00000000e+00,  0.00000000e+00,
        0.00000000e+00,  0.00000000e+00,  0.00000000e+00,  0.00000000e+00,
        0.00000000e+00,  0.00000000e+00,  0.00000000e+00,  0.00000000e+00,
        0.00000000e+00,  0.00000000e+00,  0.00000000e+00,  0.00000000e+00],      dtype=float64),
                   'Zeff_l': Array([], shape=(0,), dtype=float64),
                   'a_lmn': Array([], shape=(0,), dtype=float64),
                   'c_l': Array([0., 0., 0., 0., 0.], dtype=float64),
                   'i_l': Array([], shape=(0,), dtype=float64),
                   'ne_l': Array([], shape=(0,), dtype=float64),
                   'ni_l': Array([], shape=(0,), dtype=float64),
                   'p_l': Array([0., 0., 0., 0., 0.], dtype=float64)}],
               [ { 'G': Array([], shape=(0,), dtype=float64),
                   'I': Array([], shape=(0,), dtype=float64),
                   'L_lmn': Array([ 2.62668777e-08, -8.86071249e-07, -7.01275247e-08, -1.02842626e-07,
        1.10683933e-06, -2.25952379e-07, -3.72904451e-08,  5.57097146e-07,
       -7.31667075e-07, -2.63993361e-07,  4.34727011e-08, -2.32717925e-07,
        7.24036370e-08, -3.35694978e-07,  6.89862903e-07,  5.25819243e-08,
       -1.77417298e-08,  1.73440670e-07,  3.15680789e-07,  1.81739278e-09,
       -1.99596056e-08,  7.46506962e-09,  1.49283519e-08,  1.41251770e-08,
       -4.65857756e-09,  6.73813036e-07,  1.12103928e-06, -1.17752546e-07,
        2.75705621e-07, -1.05754131e-06, -2.13746846e-07, -3.90249259e-07,
       -8.01199479e-07, -9.45452475e-07, -3.79672611e-07,  4.03645655e-07,
       -1.25774273e-06, -1.71075934e-08,  1.22540849e-07,  5.56655082e-08,
       -1.65462500e-07,  2.52135775e-07, -1.42461456e-07,  5.25717647e-07,
        9.63118212e-09,  2.37725960e-08,  1.68646120e-08,  2.37191238e-08,
        9.99445479e-09,  1.42554828e-08,  2.53054443e-07,  1.19514268e-07,
        1.67706023e-07, -4.23342485e-06,  7.17710741e-07,  4.18064594e-06,
        6.21006849e-07,  1.58749239e-06,  2.83378738e-06,  1.02036797e-06,
       -5.68574280e-07,  1.06993943e-06, -1.34009736e-06,  8.05191196e-07,
        1.20770418e-06, -2.89700118e-08,  2.50625020e-07,  4.71834641e-07,
        3.14165725e-07, -1.09910204e-07, -2.47676925e-08, -8.70858974e-08,
       -6.91086954e-08, -4.50109986e-08, -4.41324012e-09, -9.47648194e-06,
        6.30410631e-05, -1.45278886e-05, -1.64141559e-05, -3.37612998e-05,
       -2.50455504e-05, -8.41020009e-06, -8.54556540e-07, -7.40215003e-06,
        3.77078883e-06, -2.12886275e-06, -2.38232818e-06, -1.84123219e-07,
       -1.26759775e-07, -1.85263824e-06,  5.17562723e-07, -2.04869663e-07,
       -4.87694983e-08,  8.90637179e-07,  7.82462928e-08,  7.15150321e-08,
        9.70871786e-08, -5.96948391e-08,  1.51015361e-08, -1.96205166e-08,
        2.93466498e-06,  1.32536280e-03, -5.43773989e-05, -5.46132379e-05,
       -1.12455526e-03,  1.28799051e-04,  2.99485995e-05,  8.88625395e-05,
        1.88282214e-05,  1.23249755e-05, -3.01623280e-06, -8.50421376e-09,
       -3.28191273e-06, -1.30072857e-06, -5.90119480e-06, -2.11117003e-06,
        1.63994859e-06,  1.87404716e-06,  4.35340212e-08,  3.02731429e-07,
       -3.05247300e-07, -5.62759302e-07, -1.82138828e-09, -8.68007353e-09,
       -1.17115610e-07,  5.82850555e-04,  1.37157121e-04, -4.38418292e-04,
       -9.21481965e-04, -2.73635076e-05, -1.38345188e-04, -1.02972615e-04,
        3.90665022e-05, -4.28698341e-05,  6.34765388e-06,  1.11526798e-05,
        2.10581293e-05, -2.76152592e-06, -4.72051581e-06,  4.44575360e-06,
       -1.84422025e-06, -8.41133697e-08, -7.34046831e-07, -1.43826426e-06,
       -2.76872733e-07,  3.46753761e-07,  7.25202907e-07, -1.74306615e-07,
        1.40169432e-07,  2.18185023e-08, -5.92339125e-03,  3.06481539e-03,
        8.58879185e-04, -1.18082542e-03,  3.66464075e-03,  2.04438740e-03,
        4.89157160e-04,  5.15621566e-04, -2.88515603e-05, -6.99676241e-05,
       -4.64700820e-05, -3.14734478e-05,  9.17599045e-06, -3.31839003e-06,
        7.71044301e-06,  6.82016240e-06,  3.50038835e-08, -2.70875814e-06,
       -8.23680882e-07,  1.92495000e-07, -1.71768587e-06, -1.82337526e-06,
       -9.19160172e-07, -1.43978039e-07, -5.59514104e-08,  1.78166448e-01,
       -7.04607810e-03, -1.50097743e-02, -1.70391150e-02, -1.83763918e-02,
        3.50123375e-03, -7.28101762e-04, -4.09032590e-04,  2.57616003e-05,
        1.46549777e-04,  1.87912037e-04, -2.51102858e-05, -4.09915479e-05,
       -5.40949850e-05, -1.00993624e-05, -3.80435820e-06,  7.42150531e-06,
        5.93299989e-06, -4.50907350e-06,  2.28439278e-07,  3.82165696e-06,
        6.67968334e-06,  1.44972952e-06, -6.99973652e-08, -1.99951691e-08,
        6.52033194e-02, -3.38001281e-03, -1.21880205e-03,  5.97245255e-03,
       -1.97910816e-04,  1.67168421e-03,  4.19059535e-05,  9.57596249e-05,
        5.13362628e-04, -8.32226556e-06, -1.33066896e-05,  1.29953866e-05,
       -6.93676745e-07,  3.32621784e-06,  3.19615377e-06,  6.66673161e-05,
        1.01042341e-07, -3.47938550e-08, -3.17713198e-06, -1.97382217e-06,
       -4.12429329e-02, -1.90887523e-02,  4.85430462e-03,  2.83093158e-03,
        1.91389286e-04, -3.05870787e-04, -6.51472781e-05, -5.69781960e-05,
        1.46841160e-06,  1.01348484e-05,  2.72978952e-05, -8.66703401e-06,
        1.91245866e-06, -7.08965498e-06, -1.49302097e-05, -3.63922518e-06,
       -1.32521171e-07,  1.64979742e-07,  2.02593042e-06,  1.99556233e-06,
        9.32933669e-03, -2.78709770e-03,  1.80289249e-03, -2.83496234e-05,
       -4.20842176e-05,  4.58033696e-04, -2.48548476e-05,  1.64521207e-05,
        1.33500022e-06,  3.11292183e-06, -5.10516449e-06, -1.32292808e-05,
       -7.53589385e-07,  2.07199150e-06,  1.64230657e-06,  5.71134908e-07,
        1.35911259e-08, -3.40480093e-07, -7.99132809e-07, -2.70828146e-07,
       -1.55387701e-03,  1.42526457e-04, -3.06318861e-04,  8.15453083e-04,
       -5.47867470e-05, -6.87281975e-05,  2.66217756e-05, -1.60855614e-05,
       -5.12916822e-05, -1.90624091e-06,  4.23507959e-06,  2.25311710e-07,
        2.27357802e-09, -3.13747488e-06, -2.52839200e-06, -1.33823064e-06,
        1.26247739e-08,  3.63583899e-07,  2.63271027e-07, -2.69943679e-07,
        4.32991839e-04, -1.71583506e-04,  1.36881821e-04, -4.84158088e-04,
        1.98941680e-05,  1.57670383e-04, -1.18394807e-06,  1.59394297e-05,
        8.94686706e-06, -1.87034916e-06, -2.37146789e-06,  2.27938464e-07,
        1.49016955e-07, -3.87078987e-07,  1.35084949e-06,  6.01180757e-07,
       -1.00095817e-07, -3.29019950e-08, -1.05194780e-07,  2.50221056e-07,
        5.20590763e-05,  3.39262022e-06, -2.03248849e-05, -4.26475184e-05,
       -7.58109944e-06, -1.52575856e-05, -1.75535734e-06, -8.60141038e-06,
        5.30855112e-07,  4.57244540e-07, -1.81947509e-06, -1.54434479e-06,
        1.18250539e-07,  5.09139319e-07, -5.69640046e-07, -4.78778661e-07,
       -2.09377951e-08,  2.47653279e-08, -1.48130579e-07, -1.85715311e-07,
        4.21864170e-06, -7.22180864e-06,  2.12560212e-06, -1.48173527e-06,
        2.09994139e-06,  3.78152639e-06,  1.39264766e-06,  1.94366791e-06,
        2.76581192e-06, -1.98425518e-08,  1.88390128e-06,  9.76348296e-07,
       -1.15893954e-07,  1.46918085e-08,  1.25580216e-07, -1.70695159e-08,
       -5.35327046e-09, -4.19294893e-08, -3.75066457e-09,  1.08681539e-07,
       -3.78401862e-06, -1.24768553e-06,  2.92296725e-07,  1.88189860e-06,
       -6.97174264e-07,  6.19016468e-07, -1.08134303e-06,  2.52253807e-07,
        1.55967081e-06, -1.63910874e-07, -2.30296894e-07,  1.68984315e-07,
        1.59964655e-08,  3.59549886e-07, -3.54927089e-07, -3.58334761e-08,
        1.33760991e-08,  1.05140519e-08, -8.20688187e-09, -1.75431462e-08,
       -1.02085173e-06, -7.55921599e-07, -3.59383827e-07,  9.72007121e-07,
       -5.31745390e-07,  1.04467425e-06, -2.24574426e-07,  1.65456346e-07,
        1.40789973e-07,  5.12749284e-08,  4.97765293e-07, -2.13572177e-07,
        2.26271308e-09,  3.11280725e-07,  1.86763852e-07, -1.14891861e-07,
       -5.18040651e-09,  1.48470175e-08,  1.93317320e-08, -5.33809377e-09],      dtype=float64),
                   'Phi_mn': Array([], shape=(0,), dtype=float64),
                   'Psi': Array([50.], dtype=float64),
                   'R_lmn': Array([-3.38679961e-07,  5.39153443e-07, -7.18579279e-07,  4.83112271e-07,
        4.27812794e-08, -9.07895115e-07,  4.58123165e-07,  2.89789576e-07,
        8.60556203e-08,  2.85163937e-07, -7.16129812e-08,  2.54439279e-07,
        0.00000000e+00, -4.58123165e-07,  4.28789703e-07, -2.30487930e-07,
        0.00000000e+00, -2.85163937e-07,  2.88317018e-08,  1.14302393e-07,
       -3.43868083e-07, -1.69595041e-06,  1.42588338e-07,  3.76250684e-08,
       -3.34270518e-07,  1.49963661e-06,  2.14852903e-07, -1.79039781e-07,
        1.41063276e-07,  5.53850773e-07,  7.29228068e-08,  3.77092226e-07,
        0.00000000e+00, -2.14852903e-07,  3.64514424e-08,  1.65179740e-07,
        0.00000000e+00, -5.53850773e-07,  2.61347711e-07, -1.80778418e-07,
       -6.18414236e-07,  3.68863055e-06, -1.82091026e-06, -2.53561658e-06,
        4.62876599e-07, -2.80426721e-06,  3.86036140e-08,  1.89633554e-06,
        1.46968030e-06,  2.59769228e-07, -1.78619778e-07, -9.27676690e-07,
        0.00000000e+00, -3.86036138e-08, -7.54252811e-08,  1.68435052e-06,
        0.00000000e+00, -2.59769228e-07, -2.84256821e-07,  4.33133538e-08,
       -2.26164244e-05, -3.94739687e-06, -5.94748990e-06,  1.18945272e-05,
        3.51681244e-06,  1.32178157e-05, -1.88384015e-06,  6.38228507e-06,
        1.05104957e-05,  5.96789726e-07, -3.87509325e-06, -9.42083744e-06,
        0.00000000e+00,  1.88384015e-06, -4.34795174e-07,  2.11401511e-07,
        0.00000000e+00, -5.96789726e-07,  3.58280807e-07,  1.50418590e-07,
        1.96941968e-04, -1.22600431e-03,  3.14205160e-04,  1.48571494e-04,
       -1.39281249e-04,  8.63865380e-04, -3.59263498e-06, -7.34972019e-05,
        5.51581491e-06,  9.13805701e-08,  1.39544251e-05,  4.56518335e-06,
        0.00000000e+00,  3.59263498e-06,  1.58773048e-07,  2.26978899e-06,
        0.00000000e+00, -9.13805701e-08, -4.84187332e-07,  5.47601407e-07,
       -4.74069918e-04, -6.24041049e-04,  1.70657256e-04,  2.80215591e-04,
        1.05994830e-05, -3.22131018e-05, -3.16813368e-07, -9.90165590e-05,
        1.34597487e-04, -1.39456498e-07, -1.95108769e-05, -1.49438696e-05,
        0.00000000e+00,  3.16813368e-07,  5.98560765e-06,  2.30054311e-06,
        0.00000000e+00,  1.39456498e-07, -3.74896326e-07, -3.26790289e-07,
        7.92655127e-03, -5.29865014e-04,  3.47271757e-03, -2.20528875e-03,
       -1.76715595e-03, -1.94484796e-03, -1.11027486e-05, -3.47772377e-04,
       -3.29635150e-04,  2.12614065e-06,  3.71961685e-06, -1.16394915e-06,
        0.00000000e+00,  1.11027486e-05,  9.82444441e-06, -6.81937876e-06,
        0.00000000e+00, -2.12614065e-06, -2.10782929e-07, -6.92369262e-07,
        6.61189051e-03, -1.67016587e-02,  1.27380689e-02,  1.75922779e-02,
       -3.01561624e-03,  1.50205829e-02, -2.30503046e-07,  1.13494347e-04,
        7.57072461e-04, -3.89767408e-07, -8.98618182e-05,  6.16055721e-05,
        0.00000000e+00,  2.30503046e-07,  1.27531329e-05,  1.41492266e-05,
        0.00000000e+00,  3.89767408e-07,  6.84972818e-06,  1.02054569e-05,
        7.91534605e+00,  1.95290418e+00,  8.38372276e-02,  2.40077759e-02,
        3.79360762e-03,  6.01803573e-03,  9.27720813e-04, -1.79383263e-05,
       -2.20227860e-03, -8.76573754e-04,  1.93282682e-03, -1.04308292e-05,
       -1.11869448e-04, -3.54541168e-05,  2.92631647e-05, -6.73242074e-07,
       -4.03264885e-05,  5.28788321e-06,  1.04308292e-05,  0.00000000e+00,
        8.72419812e-07,  3.47750110e-06, -2.11997319e-06,  6.73242074e-07,
        0.00000000e+00,  1.63689169e+00, -5.32573628e-03,  6.43298902e-02,
        2.17622803e-03,  3.80924528e-03, -1.86196331e-02, -6.66983331e-04,
        1.59305343e-03,  4.52438509e-03, -2.62240731e-05, -3.95020734e-04,
        6.58884822e-06,  1.30038924e-05,  7.18835085e-05,  3.38936393e-05,
        1.63049131e-06,  1.48429159e-05, -9.43186512e-06, -6.58884822e-06,
        0.00000000e+00,  8.63053428e-07,  3.56911300e-06,  1.75465147e-06,
       -1.63049131e-06,  0.00000000e+00,  1.26709890e-02, -9.77349250e-04,
       -1.13023643e-02,  3.62488764e-03,  8.96780897e-04, -4.09360184e-03,
       -1.43499088e-04, -9.82632905e-04,  1.49142077e-03, -5.06221355e-05,
        3.35766305e-04,  9.61570351e-06,  5.22966118e-05,  4.97114108e-05,
       -1.42380129e-05, -3.22737673e-06,  4.54356951e-05,  2.11664784e-05,
       -9.61570351e-06,  0.00000000e+00,  3.01818666e-07, -1.50653716e-06,
       -3.19999831e-06,  3.22737673e-06,  0.00000000e+00, -7.51310342e-04,
       -1.12722413e-04,  8.37910571e-04, -1.13145369e-03,  1.19847605e-04,
        7.65292903e-04, -2.79136298e-04,  7.50381342e-04, -2.21546252e-04,
       -1.77909013e-05,  3.14947675e-05,  3.10325391e-06,  1.02623620e-05,
       -3.28259762e-05,  5.43159884e-06,  1.32503190e-06, -2.03996392e-05,
       -1.48905783e-05, -3.10325391e-06,  0.00000000e+00, -4.72814138e-07,
       -8.69417593e-07,  6.17868669e-07, -1.32503190e-06,  0.00000000e+00,
       -2.30795924e-04,  1.42339076e-04, -5.25800181e-05,  4.00050106e-04,
       -2.86276708e-05, -3.78012193e-04,  2.10121989e-04, -4.38284019e-04,
        1.49093608e-04, -5.62248791e-05,  1.16340138e-04,  1.30959751e-06,
       -2.79684809e-06, -2.43590338e-06,  4.16993065e-06,  2.94920956e-07,
        1.39626050e-06,  1.26971677e-06, -1.30959751e-06,  0.00000000e+00,
       -9.98448770e-09, -1.93570026e-07,  1.66929540e-07, -2.94920956e-07,
        0.00000000e+00, -8.77314691e-06, -1.29162527e-05, -1.54883646e-05,
        8.57534080e-06,  4.18423729e-06,  1.91460352e-05,  2.09493980e-05,
       -1.88939500e-05,  2.94337270e-06,  4.52363574e-06, -2.02478832e-05,
        1.76852793e-06,  3.17863808e-06,  1.04583622e-05, -2.53119911e-06,
       -2.19257738e-07,  4.20837964e-06,  1.10184798e-06, -1.76852793e-06,
        0.00000000e+00,  1.33475347e-07, -1.39752961e-07, -4.12173581e-07,
        2.19257738e-07,  0.00000000e+00,  4.19001554e-07,  2.28356476e-08,
        7.44578916e-07, -1.83276356e-06,  2.68305980e-06,  6.25118309e-08,
        3.28391036e-07,  8.95841099e-07, -2.58736442e-06, -1.74002432e-06,
        2.57950786e-07, -5.84468626e-07, -1.49256270e-06,  1.08752155e-06,
        2.59249178e-06, -2.01583968e-08, -9.65871133e-07, -3.20462617e-07,
        5.84468626e-07,  0.00000000e+00,  5.91188840e-10, -1.50599090e-07,
       -5.12736520e-09,  2.01583968e-08,  0.00000000e+00,  1.41678868e-06,
        8.50819019e-07,  7.84049997e-07, -2.63332511e-06, -1.64842368e-07,
       -1.11622868e-06, -1.56166517e-06,  1.42407863e-06,  4.38529733e-07,
       -5.79265565e-07,  9.66682581e-07,  5.26802198e-08, -6.46833429e-07,
        1.13148310e-06, -9.28992955e-08, -4.00619119e-07, -1.06711086e-07,
        1.49546104e-07, -5.26802198e-08,  0.00000000e+00,  7.65992111e-09,
        7.77633810e-08, -3.45630437e-07,  4.00619119e-07,  0.00000000e+00,
        4.56779116e-07,  1.00417722e-06, -2.04344843e-08, -6.55129558e-07,
       -7.30921684e-07,  1.47137525e-07, -5.09160406e-07,  8.66381320e-07,
       -1.39190696e-07, -5.01280626e-07,  1.25553702e-07, -3.00157516e-07,
        1.48347376e-08, -4.36458004e-08,  1.59532457e-07, -2.80201521e-07,
        2.28025087e-07, -2.72691227e-07,  3.00157516e-07,  0.00000000e+00,
        5.79810366e-08, -1.67605962e-07, -2.03417610e-08,  2.80201521e-07,
        0.00000000e+00], dtype=float64),
                   'Ra_n': Array([ 7.83254928e+00,  1.57188267e+00,  2.37778594e-02, -1.87909239e-03,
        3.46929468e-05,  2.46194530e-05,  1.49596756e-06, -2.74433135e-07,
        1.11994934e-08], dtype=float64),
                   'Rb_lmn': Array([ 0.00000000e+00,  0.00000000e+00,  0.00000000e+00,  0.00000000e+00,
        0.00000000e+00,  0.00000000e+00,  0.00000000e+00,  0.00000000e+00,
        0.00000000e+00,  0.00000000e+00,  0.00000000e+00,  0.00000000e+00,
        0.00000000e+00,  0.00000000e+00,  0.00000000e+00,  0.00000000e+00,
        0.00000000e+00,  0.00000000e+00,  0.00000000e+00,  0.00000000e+00,
        0.00000000e+00,  0.00000000e+00,  0.00000000e+00,  0.00000000e+00,
        0.00000000e+00,  0.00000000e+00,  0.00000000e+00,  0.00000000e+00,
        0.00000000e+00,  0.00000000e+00,  0.00000000e+00,  0.00000000e+00,
        0.00000000e+00,  0.00000000e+00,  0.00000000e+00,  0.00000000e+00,
       -1.25811011e-04,  2.40866732e-04, -3.57026142e-04,  3.53299066e-04,
        0.00000000e+00,  0.00000000e+00,  0.00000000e+00,  0.00000000e+00,
       -9.28629021e-06,  7.76263045e-05, -6.71524811e-04, -5.69562975e-05,
        0.00000000e+00,  0.00000000e+00,  0.00000000e+00,  0.00000000e+00,
       -1.76364712e-03,  3.13476964e-03, -2.47656929e-03,  5.38480799e-03,
        0.00000000e+00,  0.00000000e+00,  0.00000000e+00,  0.00000000e+00,
       -3.09862833e-03,  1.28643163e-02, -1.60926479e-03,  2.49753901e-02,
        8.00000000e+00,  1.95578089e+00,  2.39578610e-02,  7.95615043e-03,
       -2.17513541e-03,  0.00000000e+00,  0.00000000e+00,  0.00000000e+00,
        0.00000000e+00,  1.70056846e+00, -1.52787216e-03,  3.84473408e-03,
       -1.90240857e-02,  4.56003338e-03,  0.00000000e+00,  0.00000000e+00,
        0.00000000e+00,  0.00000000e+00,  1.27772404e-03, -8.57547938e-05,
        2.69045961e-03, -3.73666906e-03,  1.47398276e-03,  0.00000000e+00,
        0.00000000e+00,  0.00000000e+00,  0.00000000e+00, -1.82746521e-04,
       -3.10653479e-05, -4.14767744e-04,  7.81897092e-04, -2.15496784e-04,
        0.00000000e+00,  0.00000000e+00,  0.00000000e+00,  0.00000000e+00,
       -7.60607856e-05,  5.88827863e-05, -4.08633856e-05, -2.60402339e-04,
        1.53430469e-04,  0.00000000e+00,  0.00000000e+00,  0.00000000e+00,
        0.00000000e+00,  0.00000000e+00,  0.00000000e+00,  0.00000000e+00,
        0.00000000e+00,  0.00000000e+00,  0.00000000e+00,  0.00000000e+00,
        0.00000000e+00,  0.00000000e+00,  0.00000000e+00,  0.00000000e+00,
        0.00000000e+00,  0.00000000e+00,  0.00000000e+00,  0.00000000e+00,
        0.00000000e+00,  0.00000000e+00,  0.00000000e+00,  0.00000000e+00,
        0.00000000e+00,  0.00000000e+00,  0.00000000e+00,  0.00000000e+00,
        0.00000000e+00,  0.00000000e+00,  0.00000000e+00,  0.00000000e+00,
        0.00000000e+00,  0.00000000e+00,  0.00000000e+00,  0.00000000e+00,
        0.00000000e+00,  0.00000000e+00,  0.00000000e+00,  0.00000000e+00,
        0.00000000e+00], dtype=float64),
                   'Te_l': Array([], shape=(0,), dtype=float64),
                   'Ti_l': Array([], shape=(0,), dtype=float64),
                   'Z_lmn': Array([ 3.73454472e-07,  2.39155764e-07, -1.74413247e-07,  6.38839794e-07,
       -2.30066349e-07,  7.12162168e-07, -3.65391809e-07, -6.23094223e-07,
        5.69205212e-07, -9.12407618e-08, -6.40108965e-07,  6.92959427e-07,
        1.60157127e-07,  4.53479581e-08, -3.40316701e-07,  3.07777827e-07,
        8.21513464e-08, -7.20532029e-08, -6.92959427e-07,  0.00000000e+00,
        6.19345717e-09, -6.10935298e-08, -2.28888511e-07, -3.07777827e-07,
        0.00000000e+00, -5.43129714e-07, -1.92977857e-06,  3.96778471e-08,
       -4.02837320e-07,  1.07720807e-06, -2.05961392e-07,  5.40195624e-07,
        5.19695295e-07,  2.81654060e-07,  9.18925806e-07,  2.06847929e-07,
        4.17329477e-07,  8.29222203e-08, -8.26553780e-09, -2.26129487e-07,
        5.17925232e-07, -6.63553024e-08, -8.86537271e-10, -4.17329477e-07,
        0.00000000e+00, -1.19665977e-07, -1.08592437e-07, -5.55245725e-08,
       -5.17925232e-07,  0.00000000e+00,  1.48567526e-06,  6.95663141e-07,
        1.14709888e-07, -7.32980660e-07,  3.59996383e-07,  5.30780522e-06,
       -7.09828037e-07,  1.46951642e-06,  1.46275504e-07, -2.12497079e-06,
       -4.39874089e-06,  3.53274597e-08, -7.20400816e-07, -4.33296884e-07,
        2.15328441e-07,  2.63567237e-07,  1.06931127e-06, -9.09064334e-07,
       -3.53274597e-08,  0.00000000e+00, -1.70156299e-07, -3.03238881e-07,
       -3.61603945e-07, -2.63567237e-07,  0.00000000e+00,  1.75724108e-06,
       -4.70266848e-05, -1.61704199e-05, -3.67437770e-05,  2.96614520e-05,
       -7.88671924e-07,  1.44280695e-05,  4.01903518e-05,  6.02521413e-06,
        1.70384072e-05,  2.30566829e-06, -1.52853407e-06,  2.88056354e-09,
       -3.39076035e-06, -5.97895631e-06,  9.52610991e-07,  3.26825552e-07,
       -1.51699637e-06,  1.52853407e-06,  0.00000000e+00, -1.77711815e-08,
       -5.58144086e-08, -4.62578252e-08, -9.52610991e-07,  0.00000000e+00,
       -2.58328104e-04, -2.22926033e-04, -3.23273033e-05, -1.10289241e-03,
       -4.56968303e-05,  1.76076486e-04,  5.39378870e-04,  7.79753418e-04,
        4.64298824e-06, -7.56673527e-05, -3.82658424e-05, -4.06759933e-06,
       -5.36503411e-06,  8.04165064e-06,  1.77222007e-05, -2.45978145e-08,
        1.93865778e-06,  3.87891558e-06,  4.06759933e-06,  0.00000000e+00,
       -8.70147112e-07, -9.82655855e-07, -2.88559348e-07,  2.45978138e-08,
        0.00000000e+00, -3.44203160e-04, -9.78439194e-04,  7.36735754e-04,
       -6.34859529e-04,  1.04020493e-03, -1.67082137e-04,  1.00162970e-04,
       -9.88627792e-05,  1.58608646e-04,  4.20333682e-05, -6.89806633e-05,
        1.06998063e-06, -2.33213796e-06, -1.92218408e-05, -2.31139411e-05,
       -1.00611415e-06,  7.53879400e-07,  2.75351258e-06, -1.06998063e-06,
        0.00000000e+00,  9.81485820e-08, -1.92879447e-07,  1.04220050e-06,
        1.00611415e-06,  0.00000000e+00,  1.55210247e-02, -4.02899588e-03,
       -1.24484246e-02,  2.54823283e-03, -9.75047982e-04,  3.03040669e-03,
       -2.06871653e-03, -3.05636840e-03, -1.91917976e-03, -4.64062263e-04,
       -2.85922303e-04, -1.92666785e-05,  2.45114719e-05,  3.18740423e-05,
       -3.88588369e-05,  1.91028205e-06, -3.63177797e-06,  1.28472150e-05,
        1.92666785e-05,  0.00000000e+00, -2.60660178e-07, -1.63067663e-06,
       -3.39703089e-06, -1.91028205e-06,  0.00000000e+00,  1.61232224e+00,
       -4.47222285e-02,  7.61591254e-02, -1.01201719e-02,  1.96785789e-02,
        1.15120215e-02,  1.05399855e-02,  1.40230994e-02, -2.48334260e-03,
        4.13243158e-04,  1.67219321e-04,  6.16554703e-06,  4.20137580e-05,
        1.38054412e-05, -6.03548767e-05, -1.28536271e-06,  6.49749045e-06,
        1.42724794e-05, -6.16554703e-06,  0.00000000e+00, -3.78920978e-06,
       -1.66239689e-06,  7.59620108e-06,  1.28536271e-06,  0.00000000e+00,
       -1.96830465e+00, -3.10621241e-02, -4.86215074e-03, -1.60922513e-02,
        1.57136187e-03,  9.55060513e-04,  8.55171448e-06, -1.88691682e-03,
       -1.22875941e-03,  2.48292109e-06, -8.55177267e-05, -9.90883991e-05,
        0.00000000e+00, -8.55171448e-06,  1.28591074e-05,  7.73842180e-06,
        0.00000000e+00, -2.48292109e-06, -2.29315043e-06, -4.93508293e-06,
       -3.40162858e-03,  7.45597562e-03,  1.74383945e-02,  4.14787673e-03,
       -4.49242373e-03, -3.39951867e-03,  3.99589858e-08,  1.82046463e-04,
        1.77763080e-04, -4.36903683e-06,  3.90460528e-05, -1.93310216e-05,
        0.00000000e+00, -3.99589858e-08, -1.48448575e-05, -1.24526702e-05,
        0.00000000e+00,  4.36903683e-06,  6.28505326e-06,  1.06587910e-06,
       -1.54994367e-03, -1.30775455e-03,  3.80748260e-03,  1.36994823e-03,
       -1.64247697e-03,  1.58585750e-04, -1.23657673e-05, -2.04882818e-04,
       -1.73095152e-04,  4.43895879e-06, -4.28679751e-05, -3.93024086e-05,
        0.00000000e+00,  1.23657673e-05, -1.13817349e-05, -1.13055129e-05,
        0.00000000e+00, -4.43895879e-06, -3.26031160e-06, -3.50722196e-06,
        1.12641468e-04,  8.78520951e-04, -1.08051193e-03,  1.35301897e-04,
        2.95184500e-04, -7.35936560e-04, -2.32695773e-06, -1.32799050e-05,
        2.81297486e-05, -2.66946631e-06, -6.92532471e-06,  3.56306110e-05,
        0.00000000e+00,  2.32695773e-06,  1.23023247e-05,  5.72290610e-06,
        0.00000000e+00,  2.66946631e-06,  1.92490018e-06,  3.01936842e-06,
        6.37838033e-06, -1.87525579e-04,  2.20315451e-04, -8.09014208e-05,
       -3.81603711e-06,  3.33558541e-04, -6.49285613e-07, -9.41038943e-05,
       -7.65161355e-05, -1.27297426e-07, -3.72784332e-07, -3.96723842e-06,
        0.00000000e+00,  6.49285613e-07, -1.16781912e-07, -1.47693374e-07,
        0.00000000e+00,  1.27297426e-07,  7.27448670e-08, -1.12625623e-06,
       -2.03370217e-05, -5.70060021e-05, -1.62384230e-05,  9.72952774e-06,
       -1.35080667e-06,  5.66069706e-05, -1.38062424e-06,  1.83741854e-05,
        1.19876232e-05,  4.55036854e-07,  1.11046412e-06, -1.46499140e-07,
        0.00000000e+00,  1.38062424e-06, -2.13576244e-06, -1.38012926e-06,
        0.00000000e+00, -4.55036854e-07,  2.40342549e-07,  5.45530665e-07,
        2.98572662e-06, -1.99669293e-07,  8.55589326e-06,  3.27807025e-07,
        1.72893676e-06,  2.00747022e-06,  6.29089486e-07, -7.64358219e-06,
       -3.13007604e-06,  3.65673292e-08, -1.83090853e-06, -1.79204829e-06,
        0.00000000e+00, -6.29089486e-07, -9.12311076e-07, -1.83457605e-07,
        0.00000000e+00, -3.65673292e-08,  1.01971771e-07, -1.57526346e-08,
       -5.29465817e-08,  2.97956828e-06,  5.39485742e-07,  2.42425641e-07,
       -9.22792253e-08, -2.02959210e-06,  1.41249357e-07, -5.01299685e-07,
       -1.26741131e-07,  3.60573844e-07, -1.79891443e-08, -1.10621879e-06,
        0.00000000e+00, -1.41249357e-07, -3.81860572e-08, -6.27379283e-08,
        0.00000000e+00, -3.60573844e-07,  1.10268370e-07,  1.56242608e-07,
        4.42411571e-07,  8.64491288e-07,  9.30324707e-07, -2.73746270e-07,
        6.65575909e-07, -6.10060985e-07,  5.38585806e-07, -8.12804861e-07,
       -2.28999886e-07,  3.02687330e-07, -4.27627201e-07, -2.39500692e-07,
        0.00000000e+00, -5.38585806e-07, -1.17519845e-07,  6.03345858e-08,
        0.00000000e+00, -3.02687330e-07, -2.37948708e-07, -1.49296119e-08],      dtype=float64),
                   'Za_n': Array([ 2.85122399e-08, -2.45200135e-07,  1.21138186e-06,  3.23350787e-05,
        3.17872957e-04, -9.78345657e-04,  2.58759607e-02,  1.54665730e+00],      dtype=float64),
                   'Zb_lmn': Array([ 0.00000000e+00,  0.00000000e+00,  0.00000000e+00,  0.00000000e+00,
        0.00000000e+00,  0.00000000e+00,  0.00000000e+00,  0.00000000e+00,
        0.00000000e+00,  0.00000000e+00,  0.00000000e+00,  0.00000000e+00,
        0.00000000e+00,  0.00000000e+00,  0.00000000e+00,  0.00000000e+00,
        0.00000000e+00,  0.00000000e+00,  0.00000000e+00,  0.00000000e+00,
        0.00000000e+00,  0.00000000e+00,  0.00000000e+00,  0.00000000e+00,
        0.00000000e+00,  0.00000000e+00,  0.00000000e+00,  0.00000000e+00,
        0.00000000e+00,  0.00000000e+00,  0.00000000e+00,  0.00000000e+00,
        0.00000000e+00,  0.00000000e+00,  0.00000000e+00,  0.00000000e+00,
        2.42488282e-04, -3.42351558e-04, -3.16079994e-04,  1.41689559e-04,
        2.20766296e-05,  0.00000000e+00,  0.00000000e+00,  0.00000000e+00,
        0.00000000e+00,  4.90461575e-04,  1.04552983e-04, -7.53137028e-04,
       -2.33309288e-04,  1.36536905e-04,  0.00000000e+00,  0.00000000e+00,
        0.00000000e+00,  0.00000000e+00,  1.02813440e-03, -5.47173791e-03,
       -4.77892208e-04,  2.75733161e-03, -1.96143563e-03,  0.00000000e+00,
        0.00000000e+00,  0.00000000e+00,  0.00000000e+00,  1.69905958e+00,
       -2.46239090e-02,  3.91507054e-03,  1.16935133e-02, -2.53610127e-03,
        0.00000000e+00,  0.00000000e+00,  0.00000000e+00,  0.00000000e+00,
        0.00000000e+00,  0.00000000e+00,  0.00000000e+00,  0.00000000e+00,
        1.48355099e-03, -6.73620845e-03, -3.02110871e-02, -1.98561792e+00,
        0.00000000e+00,  0.00000000e+00,  0.00000000e+00,  0.00000000e+00,
       -4.44709262e-03,  1.76055961e-02,  4.03819181e-03,  9.11558561e-04,
        0.00000000e+00,  0.00000000e+00,  0.00000000e+00,  0.00000000e+00,
       -1.68860525e-03,  3.59121804e-03, -1.19197843e-03, -3.64396108e-04,
        0.00000000e+00,  0.00000000e+00,  0.00000000e+00,  0.00000000e+00,
        2.90184076e-04, -1.08148951e-03,  1.81234370e-04,  2.81796019e-04,
        0.00000000e+00,  0.00000000e+00,  0.00000000e+00,  0.00000000e+00,
       -4.11607658e-06,  1.26094774e-04,  1.40939467e-04, -1.51186869e-04,
        0.00000000e+00,  0.00000000e+00,  0.00000000e+00,  0.00000000e+00,
        0.00000000e+00,  0.00000000e+00,  0.00000000e+00,  0.00000000e+00,
        0.00000000e+00,  0.00000000e+00,  0.00000000e+00,  0.00000000e+00,
        0.00000000e+00,  0.00000000e+00,  0.00000000e+00,  0.00000000e+00,
        0.00000000e+00,  0.00000000e+00,  0.00000000e+00,  0.00000000e+00,
        0.00000000e+00,  0.00000000e+00,  0.00000000e+00,  0.00000000e+00,
        0.00000000e+00,  0.00000000e+00,  0.00000000e+00,  0.00000000e+00,
        0.00000000e+00,  0.00000000e+00,  0.00000000e+00,  0.00000000e+00],      dtype=float64),
                   'Zeff_l': Array([], shape=(0,), dtype=float64),
                   'a_lmn': Array([], shape=(0,), dtype=float64),
                   'c_l': Array([0., 0., 0., 0., 0.], dtype=float64),
                   'i_l': Array([], shape=(0,), dtype=float64),
                   'ne_l': Array([], shape=(0,), dtype=float64),
                   'ni_l': Array([], shape=(0,), dtype=float64),
                   'p_l': Array([0., 0., 0., 0., 0.], dtype=float64)}],
               [ { 'G': Array([], shape=(0,), dtype=float64),
                   'I': Array([], shape=(0,), dtype=float64),
                   'L_lmn': Array([ 2.68362757e-08, -8.85517488e-07, -7.00127739e-08, -1.02954854e-07,
        1.10764856e-06, -2.26147594e-07, -3.79320418e-08,  5.57140245e-07,
       -7.31421015e-07, -2.65632390e-07,  4.37713660e-08, -2.32096303e-07,
        7.23553323e-08, -3.35592866e-07,  6.89599949e-07,  5.26086361e-08,
       -1.74856790e-08,  1.73374417e-07,  3.15054237e-07,  1.81024514e-09,
       -1.99824165e-08,  7.42775316e-09,  1.48691085e-08,  1.40991954e-08,
       -4.64702724e-09,  6.75766320e-07,  1.12955417e-06, -1.20007930e-07,
        2.67944820e-07, -1.07488258e-06, -2.22362137e-07, -3.89613882e-07,
       -7.98463474e-07, -9.46178837e-07, -3.69853212e-07,  4.12544818e-07,
       -1.25683589e-06, -1.74013128e-08,  1.27546338e-07,  5.63258586e-08,
       -1.65492895e-07,  2.51177885e-07, -1.42666611e-07,  5.24844691e-07,
        9.56872407e-09,  2.38242267e-08,  1.69936290e-08,  2.39994678e-08,
        9.98070343e-09,  1.42550908e-08,  2.69912629e-07,  1.39043215e-07,
        1.61060522e-07, -4.26112708e-06,  6.84801337e-07,  4.14214003e-06,
        6.14847140e-07,  1.61324142e-06,  2.83529517e-06,  1.03403312e-06,
       -5.30603885e-07,  1.07189477e-06, -1.34419498e-06,  8.06851985e-07,
        1.20605180e-06, -2.90706263e-08,  2.50298845e-07,  4.72263527e-07,
        3.12106135e-07, -1.09920792e-07, -2.50269208e-08, -8.69505447e-08,
       -6.91788758e-08, -4.50392574e-08, -4.40570153e-09, -9.41435472e-06,
        6.31833040e-05, -1.46778559e-05, -1.63560197e-05, -3.39275085e-05,
       -2.50923248e-05, -8.32251682e-06, -9.07134135e-07, -7.41515135e-06,
        3.79492316e-06, -2.07394298e-06, -2.38317517e-06, -1.84835774e-07,
       -1.32232111e-07, -1.83899543e-06,  5.17510290e-07, -2.03875397e-07,
       -5.70629406e-08,  8.91397842e-07,  7.82039852e-08,  7.19264015e-08,
        9.72259677e-08, -6.07585173e-08,  1.52220098e-08, -1.95843738e-08,
        2.12286271e-06,  1.32569148e-03, -5.39451044e-05, -5.57228019e-05,
       -1.12488266e-03,  1.28812177e-04,  3.03278292e-05,  8.99788544e-05,
        1.88565183e-05,  1.23278833e-05, -3.03301838e-06, -7.92274633e-09,
       -3.28205106e-06, -1.31025489e-06, -5.92911625e-06, -2.11158196e-06,
        1.64084105e-06,  1.87853840e-06,  4.32612365e-08,  3.02663478e-07,
       -3.06007829e-07, -5.63620308e-07, -1.99785811e-09, -8.35126229e-09,
       -1.17204122e-07,  5.83461258e-04,  1.27791757e-04, -4.38770151e-04,
       -9.22404197e-04, -1.79891371e-05, -1.38014477e-04, -1.03250714e-04,
        3.99662625e-05, -4.28516502e-05,  6.35591284e-06,  1.08345227e-05,
        2.10554272e-05, -2.74194694e-06, -4.70546806e-06,  4.42987238e-06,
       -1.84724914e-06, -8.84540490e-08, -7.42400893e-07, -1.43829567e-06,
       -2.74875195e-07,  3.48671893e-07,  7.23475012e-07, -1.75478663e-07,
        1.39600147e-07,  2.12911864e-08, -5.93156956e-03,  3.05334875e-03,
        8.67557929e-04, -1.18031889e-03,  3.67614701e-03,  2.04433162e-03,
        4.88683461e-04,  5.15030663e-04, -2.88915689e-05, -6.99769083e-05,
       -4.63906141e-05, -3.14686184e-05,  9.14928885e-06, -3.27218392e-06,
        7.75455063e-06,  6.81516848e-06,  1.89078871e-08, -2.71652756e-06,
       -8.19228155e-07,  1.95531487e-07, -1.71610704e-06, -1.82423946e-06,
       -9.18119901e-07, -1.43312230e-07, -5.62552010e-08,  1.78219511e-01,
       -7.01502361e-03, -1.50619108e-02, -1.70355071e-02, -1.84072242e-02,
        3.50095284e-03, -7.28995989e-04, -4.12661307e-04,  2.56581382e-05,
        1.46389875e-04,  1.88433678e-04, -2.51380375e-05, -4.10079243e-05,
       -5.41810548e-05, -1.00143592e-05, -3.80782451e-06,  7.41468002e-06,
        5.90347412e-06, -4.49812637e-06,  2.27394545e-07,  3.81111757e-06,
        6.68898637e-06,  1.45562698e-06, -6.97430071e-08, -1.95005070e-08,
        6.51870152e-02, -3.37636612e-03, -1.21845565e-03,  5.98948950e-03,
       -1.97900617e-04,  1.66846796e-03,  4.18746051e-05,  9.58342211e-05,
        5.12821327e-04, -8.31907091e-06, -1.33381337e-05,  1.28898870e-05,
       -6.95154354e-07,  3.32460893e-06,  3.15876679e-06,  6.65832298e-05,
        1.01008856e-07, -3.50689753e-08, -3.17281369e-06, -1.97250462e-06,
       -4.12297748e-02, -1.90876228e-02,  4.85436748e-03,  2.81802079e-03,
        1.91353334e-04, -3.07179264e-04, -6.51649537e-05, -5.70178873e-05,
        1.40313694e-06,  1.01321609e-05,  2.73286113e-05, -8.68718132e-06,
        1.91168781e-06, -7.05416185e-06, -1.49148885e-05, -3.63803338e-06,
       -1.32376696e-07,  1.64390108e-07,  2.02784762e-06,  2.00022115e-06,
        9.32513132e-03, -2.78949215e-03,  1.80269589e-03, -2.39426643e-05,
       -4.20276733e-05,  4.60406411e-04, -2.48423917e-05,  1.66834539e-05,
        1.15868335e-06,  3.10659258e-06, -5.15469033e-06, -1.32402797e-05,
       -7.49789033e-07,  2.05573199e-06,  1.64282966e-06,  5.72822571e-07,
        1.33374457e-08, -3.39308398e-07, -7.97954683e-07, -2.72051712e-07,
       -1.55704260e-03,  1.42006446e-04, -3.06428068e-04,  8.18484294e-04,
       -5.48204057e-05, -6.81854912e-05,  2.66249929e-05, -1.59717081e-05,
       -5.11668170e-05, -1.90895189e-06,  4.26660992e-06,  2.19132585e-07,
        3.40878481e-09, -3.13893108e-06, -2.53788597e-06, -1.33327833e-06,
        1.23029378e-08,  3.63589319e-07,  2.64654463e-07, -2.68855135e-07,
        4.34606398e-04, -1.70641992e-04,  1.36970807e-04, -4.85840741e-04,
        1.98906554e-05,  1.56703669e-04, -1.18345960e-06,  1.58522287e-05,
        9.01806604e-06, -1.87081712e-06, -2.36744079e-06,  2.48202665e-07,
        1.48879771e-07, -3.87812338e-07,  1.35014648e-06,  5.98339790e-07,
       -1.00193639e-07, -3.27764391e-08, -1.05143412e-07,  2.49855825e-07,
        5.20677655e-05,  3.43282260e-06, -2.03129805e-05, -4.26684055e-05,
       -7.58513038e-06, -1.53001857e-05, -1.75729052e-06, -8.61048475e-06,
        5.43937965e-07,  4.57220808e-07, -1.81462095e-06, -1.54120344e-06,
        1.18270976e-07,  5.10977959e-07, -5.72755847e-07, -4.79112436e-07,
       -2.08956666e-08,  2.47873842e-08, -1.49297793e-07, -1.86289285e-07,
        4.20364850e-06, -7.24335665e-06,  2.08339309e-06, -1.44882574e-06,
        2.09762688e-06,  3.80659711e-06,  1.39487994e-06,  1.98243665e-06,
        2.74893871e-06, -1.99298424e-08,  1.88585407e-06,  9.72520911e-07,
       -1.15913704e-07,  1.23833899e-08,  1.29074092e-07, -1.79029242e-08,
       -5.36394039e-09, -4.19266476e-08, -3.42154547e-09,  1.09001109e-07,
       -3.78188858e-06, -1.25205785e-06,  2.86620955e-07,  1.88135451e-06,
       -6.98904962e-07,  6.22426883e-07, -1.08107049e-06,  2.57986534e-07,
        1.55711573e-06, -1.63940914e-07, -2.28553441e-07,  1.69904953e-07,
        1.59240520e-08,  3.59276346e-07, -3.54947250e-07, -3.48318931e-08,
        1.33720678e-08,  1.04644886e-08, -8.23000677e-09, -1.73788802e-08,
       -1.02102616e-06, -7.57214366e-07, -3.59315012e-07,  9.71345819e-07,
       -5.31177190e-07,  1.04613650e-06, -2.24322663e-07,  1.65552081e-07,
        1.40980722e-07,  5.12995355e-08,  4.97150632e-07, -2.13790948e-07,
        2.24287258e-09,  3.11039329e-07,  1.86562296e-07, -1.14231548e-07,
       -5.16671733e-09,  1.48213397e-08,  1.93844030e-08, -5.36366846e-09],      dtype=float64),
                   'Phi_mn': Array([], shape=(0,), dtype=float64),
                   'Psi': Array([50.], dtype=float64),
                   'R_lmn': Array([-3.40264221e-07,  5.38353667e-07, -7.19080667e-07,  4.83733747e-07,
        4.35788769e-08, -9.07929960e-07,  4.57921085e-07,  2.90624293e-07,
        8.70447422e-08,  2.84557256e-07, -7.23614457e-08,  2.55528516e-07,
        0.00000000e+00, -4.57921085e-07,  4.28456373e-07, -2.30514268e-07,
        0.00000000e+00, -2.84557256e-07,  2.87825688e-08,  1.14047778e-07,
       -3.48594752e-07, -1.70759565e-06,  1.51799915e-07,  3.73282283e-08,
       -3.28342050e-07,  1.51362690e-06,  2.16737780e-07, -1.86236761e-07,
        1.43200874e-07,  5.53009643e-07,  6.67651480e-08,  3.74290928e-07,
        0.00000000e+00, -2.16737780e-07,  3.44368457e-08,  1.68065650e-07,
        0.00000000e+00, -5.53009643e-07,  2.61576902e-07, -1.80322172e-07,
       -6.68791725e-07,  3.65647974e-06, -1.80053757e-06, -2.51593667e-06,
        4.97521635e-07, -2.77667964e-06,  3.77348590e-08,  1.87747280e-06,
        1.49427235e-06,  2.58061378e-07, -2.12496455e-07, -9.23777059e-07,
        0.00000000e+00, -3.77348589e-08, -7.69352226e-08,  1.69045604e-06,
        0.00000000e+00, -2.58061378e-07, -2.85025180e-07,  4.39769559e-08,
       -2.25967390e-05, -4.08536710e-06, -6.02174798e-06,  1.20137306e-05,
        3.55124499e-06,  1.33860664e-05, -1.87608773e-06,  6.45827915e-06,
        1.03776675e-05,  5.97984445e-07, -3.91161568e-06, -9.44511551e-06,
        0.00000000e+00,  1.87608773e-06, -4.36531169e-07,  2.05340962e-07,
        0.00000000e+00, -5.97984445e-07,  3.60370693e-07,  1.44416229e-07,
        1.97588826e-04, -1.22634684e-03,  3.15199562e-04,  1.47987257e-04,
       -1.39342298e-04,  8.64137269e-04, -3.60762332e-06, -7.44864545e-05,
        5.46781011e-06,  9.07338145e-08,  1.40134888e-05,  4.62284146e-06,
        0.00000000e+00,  3.60762332e-06,  1.60229325e-07,  2.26685039e-06,
        0.00000000e+00, -9.07338145e-08, -4.83877364e-07,  5.51115975e-07,
       -4.75650267e-04, -6.16872306e-04,  1.71475340e-04,  2.81097252e-04,
        1.04116658e-05, -3.92936935e-05, -3.34111010e-07, -9.98527516e-05,
        1.35305547e-04, -1.40829410e-07, -1.93312875e-05, -1.50549210e-05,
        0.00000000e+00,  3.34111010e-07,  6.00851608e-06,  2.30164476e-06,
        0.00000000e+00,  1.40829410e-07, -3.68597595e-07, -3.23386565e-07,
        7.93776164e-03, -5.22140807e-04,  3.47225021e-03, -2.21663468e-03,
       -1.76709073e-03, -1.95253953e-03, -1.10831565e-05, -3.47194689e-04,
       -3.29422822e-04,  2.12751846e-06,  3.64748667e-06, -1.22096718e-06,
        0.00000000e+00,  1.10831565e-05,  9.76481988e-06, -6.79903751e-06,
        0.00000000e+00, -2.12751846e-06, -2.19932694e-07, -6.97072993e-07,
        6.54504766e-03, -1.67244197e-02,  1.27352151e-02,  1.76597483e-02,
       -3.01562270e-03,  1.50430360e-02, -1.25514236e-07,  1.16407671e-04,
        7.56728246e-04, -3.77964177e-07, -8.98899895e-05,  6.17607845e-05,
        0.00000000e+00,  1.25514236e-07,  1.28523390e-05,  1.42014088e-05,
        0.00000000e+00,  3.77964177e-07,  6.85453328e-06,  1.02029714e-05,
        7.91535440e+00,  1.95290259e+00,  8.38374575e-02,  2.39948127e-02,
        3.79477683e-03,  6.02099672e-03,  9.19351983e-04, -4.44747106e-06,
       -2.20215281e-03, -8.75214037e-04,  1.93009734e-03, -1.03869790e-05,
       -1.12063386e-04, -3.55933975e-05,  2.91115134e-05, -6.75155026e-07,
       -4.04732367e-05,  5.19307097e-06,  1.03869790e-05,  0.00000000e+00,
        8.56293606e-07,  3.45660418e-06, -2.11937199e-06,  6.75155026e-07,
        0.00000000e+00,  1.63688546e+00, -5.32617493e-03,  6.43296354e-02,
        2.18616079e-03,  3.80923537e-03, -1.86189660e-02, -6.60510689e-04,
        1.58328039e-03,  4.52464240e-03, -2.58474625e-05, -3.95985558e-04,
        6.53551225e-06,  1.32024481e-05,  7.19647258e-05,  3.36917785e-05,
        1.60952316e-06,  1.48856886e-05, -9.38069246e-06, -6.53551225e-06,
        0.00000000e+00,  8.70790756e-07,  3.56582011e-06,  1.74325249e-06,
       -1.60952316e-06,  0.00000000e+00,  1.26730585e-02, -9.75871822e-04,
       -1.13027076e-02,  3.62259018e-03,  8.95692545e-04, -4.09519519e-03,
       -1.45544943e-04, -9.80525931e-04,  1.49127716e-03, -5.11747044e-05,
        3.37243377e-04,  9.64374534e-06,  5.26283885e-05,  4.99222576e-05,
       -1.41061897e-05, -3.21328665e-06,  4.55993183e-05,  2.12593963e-05,
       -9.64374534e-06,  0.00000000e+00,  3.06933658e-07, -1.49603772e-06,
       -3.18712726e-06,  3.21328665e-06,  0.00000000e+00, -7.49788065e-04,
       -1.12639215e-04,  8.38079028e-04, -1.13385009e-03,  1.20053861e-04,
        7.64741325e-04, -2.80662131e-04,  7.52847602e-04, -2.21667172e-04,
       -1.80266427e-05,  3.21046101e-05,  3.07960156e-06,  1.00933702e-05,
       -3.29139319e-05,  5.55137577e-06,  1.32759007e-06, -2.04559528e-05,
       -1.49317837e-05, -3.07960156e-06,  0.00000000e+00, -4.73885612e-07,
       -8.62303093e-07,  6.14937785e-07, -1.32759007e-06,  0.00000000e+00,
       -2.31565237e-04,  1.41702841e-04, -5.25302515e-05,  4.01255645e-04,
       -2.83558915e-05, -3.77379619e-04,  2.10891626e-04, -4.39516586e-04,
        1.49197794e-04, -5.58282426e-05,  1.15707930e-04,  1.31047149e-06,
       -2.84737068e-06, -2.40324786e-06,  4.06859438e-06,  2.94660463e-07,
        1.36596597e-06,  1.26279971e-06, -1.31047149e-06,  0.00000000e+00,
       -9.26498930e-09, -1.96840119e-07,  1.66285601e-07, -2.94660463e-07,
        0.00000000e+00, -8.75447904e-06, -1.29274292e-05, -1.54941058e-05,
        8.60000370e-06,  4.18586073e-06,  1.91939594e-05,  2.09321207e-05,
       -1.89428709e-05,  2.95780700e-06,  4.52878129e-06, -2.03017422e-05,
        1.76314081e-06,  3.18383175e-06,  1.04834717e-05, -2.54195212e-06,
       -2.20620868e-07,  4.21278722e-06,  1.10778276e-06, -1.76314081e-06,
        0.00000000e+00,  1.32632347e-07, -1.40604453e-07, -4.15854887e-07,
        2.20620868e-07,  0.00000000e+00,  4.25558986e-07,  3.69474058e-08,
        7.37209298e-07, -1.81393703e-06,  2.67629553e-06,  4.91758924e-08,
        3.21215517e-07,  9.03963103e-07, -2.62444189e-06, -1.74684707e-06,
        2.74569526e-07, -5.86355294e-07, -1.48524886e-06,  1.06170886e-06,
        2.62574730e-06, -1.85667640e-08, -9.66395868e-07, -3.23745418e-07,
        5.86355294e-07,  0.00000000e+00,  1.26506053e-09, -1.51734931e-07,
       -1.30540363e-09,  1.85667640e-08,  0.00000000e+00,  1.41570605e-06,
        8.48014426e-07,  7.83223614e-07, -2.62620995e-06, -1.59979570e-07,
       -1.12185595e-06, -1.56020052e-06,  1.42008021e-06,  4.34655869e-07,
       -5.78881876e-07,  9.73910447e-07,  5.02736202e-08, -6.46032897e-07,
        1.12775931e-06, -8.86893009e-08, -4.00294401e-07, -1.09152980e-07,
        1.47945499e-07, -5.02736202e-08,  0.00000000e+00,  7.30374789e-09,
        7.83704323e-08, -3.45966568e-07,  4.00294401e-07,  0.00000000e+00,
        4.56263983e-07,  1.00541750e-06, -2.00300037e-08, -6.56567268e-07,
       -7.31525259e-07,  1.46540564e-07, -5.08186584e-07,  8.67090786e-07,
       -1.39796818e-07, -5.01981104e-07,  1.26058678e-07, -2.99734707e-07,
        1.44456859e-08, -4.30595953e-08,  1.60345647e-07, -2.79907144e-07,
        2.28088866e-07, -2.72599243e-07,  2.99734707e-07,  0.00000000e+00,
        5.75069195e-08, -1.67463923e-07, -2.05488293e-08,  2.79907144e-07,
        0.00000000e+00], dtype=float64),
                   'Ra_n': Array([ 7.83254921e+00,  1.57188298e+00,  2.37778997e-02, -1.87909648e-03,
        3.46947461e-05,  2.46205480e-05,  1.49607913e-06, -2.74381434e-07,
        1.11686357e-08], dtype=float64),
                   'Rb_lmn': Array([ 0.00000000e+00,  0.00000000e+00,  0.00000000e+00,  0.00000000e+00,
        0.00000000e+00,  0.00000000e+00,  0.00000000e+00,  0.00000000e+00,
        0.00000000e+00,  0.00000000e+00,  0.00000000e+00,  0.00000000e+00,
        0.00000000e+00,  0.00000000e+00,  0.00000000e+00,  0.00000000e+00,
        0.00000000e+00,  0.00000000e+00,  0.00000000e+00,  0.00000000e+00,
        0.00000000e+00,  0.00000000e+00,  0.00000000e+00,  0.00000000e+00,
        0.00000000e+00,  0.00000000e+00,  0.00000000e+00,  0.00000000e+00,
        0.00000000e+00,  0.00000000e+00,  0.00000000e+00,  0.00000000e+00,
        0.00000000e+00,  0.00000000e+00,  0.00000000e+00,  0.00000000e+00,
       -1.25812687e-04,  2.40873337e-04, -3.57035614e-04,  3.53310743e-04,
        0.00000000e+00,  0.00000000e+00,  0.00000000e+00,  0.00000000e+00,
       -9.28821935e-06,  7.76311043e-05, -6.71544307e-04, -5.69458235e-05,
        0.00000000e+00,  0.00000000e+00,  0.00000000e+00,  0.00000000e+00,
       -1.76366317e-03,  3.13482034e-03, -2.47659838e-03,  5.38490510e-03,
        0.00000000e+00,  0.00000000e+00,  0.00000000e+00,  0.00000000e+00,
       -3.09865815e-03,  1.28644751e-02, -1.60941996e-03,  2.49757256e-02,
        8.00000000e+00,  1.95578168e+00,  2.39582284e-02,  7.95628713e-03,
       -2.17516067e-03,  0.00000000e+00,  0.00000000e+00,  0.00000000e+00,
        0.00000000e+00,  1.70056865e+00, -1.52790134e-03,  3.84497173e-03,
       -1.90243322e-02,  4.56007743e-03,  0.00000000e+00,  0.00000000e+00,
        0.00000000e+00,  0.00000000e+00,  1.27774133e-03, -8.57546633e-05,
        2.69049047e-03, -3.73669242e-03,  1.47398384e-03,  0.00000000e+00,
        0.00000000e+00,  0.00000000e+00,  0.00000000e+00, -1.82751683e-04,
       -3.10679497e-05, -4.14778724e-04,  7.81914152e-04, -2.15500858e-04,
        0.00000000e+00,  0.00000000e+00,  0.00000000e+00,  0.00000000e+00,
       -7.60604982e-05,  5.88846732e-05, -4.08610295e-05, -2.60408889e-04,
        1.53432674e-04,  0.00000000e+00,  0.00000000e+00,  0.00000000e+00,
        0.00000000e+00,  0.00000000e+00,  0.00000000e+00,  0.00000000e+00,
        0.00000000e+00,  0.00000000e+00,  0.00000000e+00,  0.00000000e+00,
        0.00000000e+00,  0.00000000e+00,  0.00000000e+00,  0.00000000e+00,
        0.00000000e+00,  0.00000000e+00,  0.00000000e+00,  0.00000000e+00,
        0.00000000e+00,  0.00000000e+00,  0.00000000e+00,  0.00000000e+00,
        0.00000000e+00,  0.00000000e+00,  0.00000000e+00,  0.00000000e+00,
        0.00000000e+00,  0.00000000e+00,  0.00000000e+00,  0.00000000e+00,
        0.00000000e+00,  0.00000000e+00,  0.00000000e+00,  0.00000000e+00,
        0.00000000e+00,  0.00000000e+00,  0.00000000e+00,  0.00000000e+00,
        0.00000000e+00], dtype=float64),
                   'Te_l': Array([], shape=(0,), dtype=float64),
                   'Ti_l': Array([], shape=(0,), dtype=float64),
                   'Z_lmn': Array([ 3.73216810e-07,  2.38479568e-07, -1.74965871e-07,  6.37857062e-07,
       -2.30010939e-07,  7.12018558e-07, -3.65062706e-07, -6.23055018e-07,
        5.68844739e-07, -9.07710411e-08, -6.39727933e-07,  6.92612078e-07,
        1.60729630e-07,  4.64583909e-08, -3.40215789e-07,  3.07192400e-07,
        8.23024127e-08, -7.22906246e-08, -6.92612078e-07,  0.00000000e+00,
        6.08213723e-09, -6.12604341e-08, -2.28628950e-07, -3.07192400e-07,
        0.00000000e+00, -5.46756613e-07, -1.92852446e-06,  4.40558013e-08,
       -3.99902900e-07,  1.08226090e-06, -1.96788627e-07,  5.43390022e-07,
        5.25056393e-07,  2.88113901e-07,  9.15113279e-07,  2.00298172e-07,
        4.18396157e-07,  7.85281168e-08, -1.73239601e-08, -2.33084710e-07,
        5.17011734e-07, -6.88497258e-08, -3.50954490e-09, -4.18396157e-07,
        0.00000000e+00, -1.19217328e-07, -1.07829533e-07, -5.50291914e-08,
       -5.17011734e-07,  0.00000000e+00,  1.47099218e-06,  6.87298813e-07,
        1.20683339e-07, -7.23633470e-07,  3.67466896e-07,  5.32703646e-06,
       -6.94954856e-07,  1.47896848e-06,  1.81921429e-07, -2.12712908e-06,
       -4.41777439e-06,  3.28324420e-08, -7.26368524e-07, -4.52169592e-07,
        1.79844824e-07,  2.61961381e-07,  1.07236338e-06, -9.09262067e-07,
       -3.28324420e-08,  0.00000000e+00, -1.70352142e-07, -3.03165420e-07,
       -3.61766253e-07, -2.61961381e-07,  0.00000000e+00,  1.72476059e-06,
       -4.70877515e-05, -1.61650611e-05, -3.67969896e-05,  2.97921806e-05,
       -8.53355762e-07,  1.44602023e-05,  4.02901026e-05,  6.05936130e-06,
        1.69615405e-05,  2.37956917e-06, -1.51888536e-06, -2.91048234e-09,
       -3.43961447e-06, -6.01537706e-06,  9.55142510e-07,  3.34030394e-07,
       -1.52621341e-06,  1.51888536e-06,  0.00000000e+00, -1.69913585e-08,
       -5.34985322e-08, -4.39842334e-08, -9.55142510e-07,  0.00000000e+00,
       -2.58524874e-04, -2.20820173e-04, -3.23186454e-05, -1.10312107e-03,
       -4.68791566e-05,  1.76932178e-04,  5.39581050e-04,  7.79933016e-04,
        4.59332996e-06, -7.65974756e-05, -3.91372566e-05, -4.08123064e-06,
       -5.37374424e-06,  8.08184845e-06,  1.77704584e-05, -2.44575303e-08,
        1.93443442e-06,  3.90001448e-06,  4.08123064e-06,  0.00000000e+00,
       -8.69003675e-07, -9.82207239e-07, -2.87836500e-07,  2.44575297e-08,
        0.00000000e+00, -3.39472399e-04, -9.78993326e-04,  7.36800627e-04,
       -6.27946888e-04,  1.04074804e-03, -1.66185455e-04,  9.54504087e-05,
       -1.05841238e-04,  1.58418529e-04,  4.20623414e-05, -6.98945872e-05,
        1.04848268e-06, -2.40137395e-06, -1.91768745e-05, -2.29311357e-05,
       -1.00861831e-06,  7.29168464e-07,  2.77346568e-06, -1.04848268e-06,
        0.00000000e+00,  9.69791127e-08, -1.89763602e-07,  1.04826373e-06,
        1.00861831e-06,  0.00000000e+00,  1.55262423e-02, -4.01990513e-03,
       -1.24484563e-02,  2.55644711e-03, -9.85419059e-04,  3.03006069e-03,
       -2.07390648e-03, -3.06448092e-03, -1.91912070e-03, -4.62959084e-04,
       -2.85457801e-04, -1.92297165e-05,  2.45174365e-05,  3.17660480e-05,
       -3.89344283e-05,  1.90931243e-06, -3.55276052e-06,  1.27772245e-05,
        1.92297165e-05,  0.00000000e+00, -2.51738017e-07, -1.62641858e-06,
       -3.40231020e-06, -1.90931243e-06,  0.00000000e+00,  1.61230806e+00,
       -4.47942216e-02,  7.61590842e-02, -1.01426520e-02,  1.97476735e-02,
        1.15087436e-02,  1.05542966e-02,  1.40453111e-02, -2.48326980e-03,
        4.15883257e-04,  1.70522999e-04,  6.27016065e-06,  4.20358170e-05,
        1.39737123e-05, -6.04489059e-05, -1.27472486e-06,  6.44926099e-06,
        1.43884021e-05, -6.27016065e-06,  0.00000000e+00, -3.79496813e-06,
       -1.66306834e-06,  7.59671407e-06,  1.27472486e-06,  0.00000000e+00,
       -1.96830721e+00, -3.10494485e-02, -4.86498040e-03, -1.60928162e-02,
        1.57120663e-03,  9.41265348e-04,  8.50917082e-06, -1.88428682e-03,
       -1.22663235e-03,  2.48499243e-06, -8.53509811e-05, -9.84040673e-05,
        0.00000000e+00, -8.50917082e-06,  1.29377421e-05,  7.76317296e-06,
        0.00000000e+00, -2.48499243e-06, -2.28955562e-06, -4.91621835e-06,
       -3.40204711e-03,  7.44603880e-03,  1.74374578e-02,  4.14818417e-03,
       -4.49261732e-03, -3.38969405e-03,  1.03776544e-07,  1.83237870e-04,
        1.77879055e-04, -4.34829721e-06,  3.91898659e-05, -1.93760197e-05,
        0.00000000e+00, -1.03776544e-07, -1.48639103e-05, -1.24366052e-05,
        0.00000000e+00,  4.34829721e-06,  6.28997108e-06,  1.06068929e-06,
       -1.54999204e-03, -1.30551258e-03,  3.80906803e-03,  1.37090699e-03,
       -1.64229892e-03,  1.56537428e-04, -1.23818944e-05, -2.06366974e-04,
       -1.73931240e-04,  4.42177556e-06, -4.30417545e-05, -3.95149544e-05,
        0.00000000e+00,  1.23818944e-05, -1.14526327e-05, -1.13843672e-05,
        0.00000000e+00, -4.42177556e-06, -3.27207995e-06, -3.51043584e-06,
        1.13167849e-04,  8.81323540e-04, -1.07992097e-03,  1.34928529e-04,
        2.95310461e-04, -7.38710086e-04, -2.30847630e-06, -1.39174422e-05,
        2.79408805e-05, -2.67126473e-06, -7.05209257e-06,  3.56079138e-05,
        0.00000000e+00,  2.30847630e-06,  1.23302044e-05,  5.76642723e-06,
        0.00000000e+00,  2.67126473e-06,  1.92979511e-06,  3.02002343e-06,
        5.78839659e-06, -1.88624571e-04,  2.19579370e-04, -8.06364685e-05,
       -3.92137919e-06,  3.34683793e-04, -6.49345951e-07, -9.33768422e-05,
       -7.61932634e-05, -1.26916155e-07, -2.69619204e-07, -3.99386046e-06,
        0.00000000e+00,  6.49345951e-07, -1.03419173e-07, -1.50038532e-07,
        0.00000000e+00,  1.26916155e-07,  7.46410783e-08, -1.12634891e-06,
       -2.03962301e-05, -5.70328998e-05, -1.62764763e-05,  9.74868785e-06,
       -1.35904070e-06,  5.66412141e-05, -1.37428356e-06,  1.84216880e-05,
        1.20305183e-05,  4.56986019e-07,  1.11546292e-06, -1.55660658e-07,
        0.00000000e+00,  1.37428356e-06, -2.14521176e-06, -1.38297612e-06,
        0.00000000e+00, -4.56986019e-07,  2.43577779e-07,  5.47346321e-07,
        3.00346911e-06, -1.62424622e-07,  8.57343020e-06,  3.20239203e-07,
        1.76552032e-06,  1.97368029e-06,  6.29892328e-07, -7.66410790e-06,
       -3.14216817e-06,  3.51335962e-08, -1.86443892e-06, -1.79476715e-06,
        0.00000000e+00, -6.29892328e-07, -9.09322303e-07, -1.81540145e-07,
        0.00000000e+00, -3.51335962e-08,  9.89185932e-08, -1.64885170e-08,
       -4.88803408e-08,  2.98203255e-06,  5.48475146e-07,  2.41462255e-07,
       -8.73845572e-08, -2.03082070e-06,  1.42662864e-07, -5.10711524e-07,
       -1.29375219e-07,  3.60181976e-07, -2.32841995e-08, -1.10677917e-06,
        0.00000000e+00, -1.42662864e-07, -3.77636223e-08, -6.32066957e-08,
        0.00000000e+00, -3.60181976e-07,  1.10668757e-07,  1.55567326e-07,
        4.43054181e-07,  8.64891268e-07,  9.30943085e-07, -2.74311232e-07,
        6.65779278e-07, -6.09953589e-07,  5.37982473e-07, -8.13513144e-07,
       -2.29373197e-07,  3.02416078e-07, -4.28169660e-07, -2.39783278e-07,
        0.00000000e+00, -5.37982473e-07, -1.17429942e-07,  6.06302479e-08,
        0.00000000e+00, -3.02416078e-07, -2.37609618e-07, -1.51544005e-08],      dtype=float64),
                   'Za_n': Array([ 2.84724817e-08, -2.45167836e-07,  1.21137037e-06,  3.23359432e-05,
        3.17879562e-04, -9.78324265e-04,  2.58760230e-02,  1.54665744e+00],      dtype=float64),
                   'Zb_lmn': Array([ 0.00000000e+00,  0.00000000e+00,  0.00000000e+00,  0.00000000e+00,
        0.00000000e+00,  0.00000000e+00,  0.00000000e+00,  0.00000000e+00,
        0.00000000e+00,  0.00000000e+00,  0.00000000e+00,  0.00000000e+00,
        0.00000000e+00,  0.00000000e+00,  0.00000000e+00,  0.00000000e+00,
        0.00000000e+00,  0.00000000e+00,  0.00000000e+00,  0.00000000e+00,
        0.00000000e+00,  0.00000000e+00,  0.00000000e+00,  0.00000000e+00,
        0.00000000e+00,  0.00000000e+00,  0.00000000e+00,  0.00000000e+00,
        0.00000000e+00,  0.00000000e+00,  0.00000000e+00,  0.00000000e+00,
        0.00000000e+00,  0.00000000e+00,  0.00000000e+00,  0.00000000e+00,
        2.42494783e-04, -3.42362371e-04, -3.16088416e-04,  1.41694936e-04,
        2.20759518e-05,  0.00000000e+00,  0.00000000e+00,  0.00000000e+00,
        0.00000000e+00,  4.90474242e-04,  1.04546222e-04, -7.53154763e-04,
       -2.33306576e-04,  1.36535657e-04,  0.00000000e+00,  0.00000000e+00,
        0.00000000e+00,  0.00000000e+00,  1.02814519e-03, -5.47183603e-03,
       -4.77894178e-04,  2.75738011e-03, -1.96145744e-03,  0.00000000e+00,
        0.00000000e+00,  0.00000000e+00,  0.00000000e+00,  1.69905968e+00,
       -2.46242155e-02,  3.91496980e-03,  1.16936550e-02, -2.53612199e-03,
        0.00000000e+00,  0.00000000e+00,  0.00000000e+00,  0.00000000e+00,
        0.00000000e+00,  0.00000000e+00,  0.00000000e+00,  0.00000000e+00,
        1.48356609e-03, -6.73632948e-03, -3.02115034e-02, -1.98561889e+00,
        0.00000000e+00,  0.00000000e+00,  0.00000000e+00,  0.00000000e+00,
       -4.44713748e-03,  1.76058318e-02,  4.03802942e-03,  9.11579515e-04,
        0.00000000e+00,  0.00000000e+00,  0.00000000e+00,  0.00000000e+00,
       -1.68861276e-03,  3.59124842e-03, -1.19200054e-03, -3.64400662e-04,
        0.00000000e+00,  0.00000000e+00,  0.00000000e+00,  0.00000000e+00,
        2.90188163e-04, -1.08150821e-03,  1.81241391e-04,  2.81803686e-04,
        0.00000000e+00,  0.00000000e+00,  0.00000000e+00,  0.00000000e+00,
       -4.11635731e-06,  1.26099108e-04,  1.40939012e-04, -1.51191374e-04,
        0.00000000e+00,  0.00000000e+00,  0.00000000e+00,  0.00000000e+00,
        0.00000000e+00,  0.00000000e+00,  0.00000000e+00,  0.00000000e+00,
        0.00000000e+00,  0.00000000e+00,  0.00000000e+00,  0.00000000e+00,
        0.00000000e+00,  0.00000000e+00,  0.00000000e+00,  0.00000000e+00,
        0.00000000e+00,  0.00000000e+00,  0.00000000e+00,  0.00000000e+00,
        0.00000000e+00,  0.00000000e+00,  0.00000000e+00,  0.00000000e+00,
        0.00000000e+00,  0.00000000e+00,  0.00000000e+00,  0.00000000e+00,
        0.00000000e+00,  0.00000000e+00,  0.00000000e+00,  0.00000000e+00],      dtype=float64),
                   'Zeff_l': Array([], shape=(0,), dtype=float64),
                   'a_lmn': Array([], shape=(0,), dtype=float64),
                   'c_l': Array([0., 0., 0., 0., 0.], dtype=float64),
                   'i_l': Array([], shape=(0,), dtype=float64),
                   'ne_l': Array([], shape=(0,), dtype=float64),
                   'ni_l': Array([], shape=(0,), dtype=float64),
                   'p_l': Array([0., 0., 0., 0., 0.], dtype=float64)}],
               [ { 'G': Array([], shape=(0,), dtype=float64),
                   'I': Array([], shape=(0,), dtype=float64),
                   'L_lmn': Array([ 2.73090423e-08, -8.85087360e-07, -6.95891980e-08, -1.02337455e-07,
        1.10878712e-06, -2.25883406e-07, -3.88456146e-08,  5.56130519e-07,
       -7.30960444e-07, -2.67550573e-07,  4.34726877e-08, -2.31395957e-07,
        7.23707888e-08, -3.35172867e-07,  6.89103370e-07,  5.26348756e-08,
       -1.71632526e-08,  1.73424702e-07,  3.14325598e-07,  1.80894039e-09,
       -2.00079392e-08,  7.37379721e-09,  1.48015047e-08,  1.40666642e-08,
       -4.63621630e-09,  6.76775603e-07,  1.13597287e-06, -1.20637467e-07,
        2.60773226e-07, -1.08976198e-06, -2.31563615e-07, -3.90689171e-07,
       -7.95900306e-07, -9.46431957e-07, -3.60484668e-07,  4.22033180e-07,
       -1.25572224e-06, -1.66654577e-08,  1.32137652e-07,  5.64996833e-08,
       -1.65516615e-07,  2.50298402e-07, -1.42910952e-07,  5.23778186e-07,
        9.52232013e-09,  2.38666278e-08,  1.71443024e-08,  2.42733971e-08,
        9.97641376e-09,  1.42542763e-08,  2.85704915e-07,  1.61722673e-07,
        1.56207558e-07, -4.29072959e-06,  6.47873507e-07,  4.10347965e-06,
        6.05853555e-07,  1.64293407e-06,  2.83640785e-06,  1.04864803e-06,
       -4.92480443e-07,  1.07378705e-06, -1.34615312e-06,  8.06543093e-07,
        1.20480732e-06, -2.91433028e-08,  2.49854758e-07,  4.72683192e-07,
        3.10141213e-07, -1.09924447e-07, -2.52883319e-08, -8.68521643e-08,
       -6.92611578e-08, -4.50453860e-08, -4.39717704e-09, -9.35171430e-06,
        6.33229367e-05, -1.48270937e-05, -1.63087946e-05, -3.40864226e-05,
       -2.51401367e-05, -8.23756081e-06, -9.45824546e-07, -7.43123806e-06,
        3.81370411e-06, -2.01805941e-06, -2.38462551e-06, -1.83545073e-07,
       -1.40685505e-07, -1.82225137e-06,  5.17486389e-07, -2.02980180e-07,
       -6.52982127e-08,  8.92817074e-07,  7.81209823e-08,  7.22812924e-08,
        9.73390242e-08, -6.18304762e-08,  1.52994115e-08, -1.95380459e-08,
        1.45668952e-06,  1.32565985e-03, -5.39120198e-05, -5.69137759e-05,
       -1.12483434e-03,  1.28791389e-04,  3.09614510e-05,  9.11841256e-05,
        1.88809770e-05,  1.23101896e-05, -3.01586676e-06, -7.02969411e-09,
       -3.28196137e-06, -1.32396276e-06, -5.95344843e-06, -2.11195966e-06,
        1.64310339e-06,  1.88214749e-06,  4.26957825e-08,  3.02513705e-07,
       -3.06918863e-07, -5.65076677e-07, -2.15633224e-09, -7.97095442e-09,
       -1.17266045e-07,  5.83455682e-04,  1.19040815e-04, -4.38912205e-04,
       -9.23374784e-04, -9.19791903e-06, -1.37736659e-04, -1.03124083e-04,
        4.09281405e-05, -4.28297051e-05,  6.32191906e-06,  1.05674860e-05,
        2.10527331e-05, -2.72194416e-06, -4.69998336e-06,  4.41065026e-06,
       -1.84977223e-06, -9.20260952e-08, -7.51205204e-07, -1.43813220e-06,
       -2.72981552e-07,  3.50546489e-07,  7.20802877e-07, -1.76205789e-07,
        1.39188490e-07,  2.08031103e-08, -5.94085244e-03,  3.04308154e-03,
        8.77274559e-04, -1.17943680e-03,  3.68640938e-03,  2.04440904e-03,
        4.88271314e-04,  5.14094798e-04, -2.89220075e-05, -6.99488176e-05,
       -4.64592686e-05, -3.14688844e-05,  9.12388410e-06, -3.22431784e-06,
        7.78882105e-06,  6.81027877e-06,  2.78207294e-09, -2.72656964e-06,
       -8.10374804e-07,  1.98293629e-07, -1.71318562e-06, -1.82530696e-06,
       -9.16962572e-07, -1.43030365e-07, -5.65109971e-08,  1.78274894e-01,
       -6.98341952e-03, -1.51160371e-02, -1.70309219e-02, -1.84388226e-02,
        3.50080461e-03, -7.30206089e-04, -4.17206731e-04,  2.55614136e-05,
        1.46342663e-04,  1.88778960e-04, -2.51663911e-05, -4.10375640e-05,
       -5.42347388e-05, -9.93182961e-06, -3.81215756e-06,  7.40527159e-06,
        5.86581830e-06, -4.48234630e-06,  2.25768705e-07,  3.79699030e-06,
        6.69647891e-06,  1.46306432e-06, -6.96839606e-08, -1.90519037e-08,
        6.51710580e-02, -3.37344924e-03, -1.21808480e-03,  6.00535514e-03,
       -1.97861115e-04,  1.66577904e-03,  4.18464994e-05,  9.58321354e-05,
        5.12605418e-04, -8.31741271e-06, -1.33872355e-05,  1.27993022e-05,
       -6.96483070e-07,  3.32404656e-06,  3.11604296e-06,  6.65357372e-05,
        1.00902982e-07, -3.53677851e-08, -3.16923742e-06, -1.97019639e-06,
       -4.12162443e-02, -1.90872863e-02,  4.85438975e-03,  2.80461934e-03,
        1.91341201e-04, -3.07511410e-04, -6.51830117e-05, -5.70393227e-05,
        1.33090023e-06,  1.01273784e-05,  2.73325747e-05, -8.71546001e-06,
        1.91053924e-06, -7.02034859e-06, -1.49081802e-05, -3.62994279e-06,
       -1.32215584e-07,  1.63735039e-07,  2.02931972e-06,  2.00543378e-06,
        9.32432579e-03, -2.79141712e-03,  1.80246339e-03, -2.30941210e-05,
       -4.19841703e-05,  4.62338949e-04, -2.48329843e-05,  1.69447342e-05,
        1.11824555e-06,  3.10128864e-06, -5.19152220e-06, -1.32613773e-05,
       -7.46349014e-07,  2.04387104e-06,  1.63644298e-06,  5.75717331e-07,
        1.32062719e-08, -3.38263842e-07, -7.96206278e-07, -2.72176619e-07,
       -1.55932434e-03,  1.42074085e-04, -3.06547204e-04,  8.20586639e-04,
       -5.48641858e-05, -6.82405752e-05,  2.66260030e-05, -1.58433459e-05,
       -5.09935167e-05, -1.91125747e-06,  4.30921962e-06,  2.10983102e-07,
        4.38560906e-09, -3.13843428e-06, -2.54927851e-06, -1.32836055e-06,
        1.20107727e-08,  3.63688413e-07,  2.65940144e-07, -2.67789726e-07,
        4.35809104e-04, -1.69761524e-04,  1.37071143e-04, -4.87105807e-04,
        1.98880323e-05,  1.55804711e-04, -1.18402087e-06,  1.57522689e-05,
        9.08253082e-06, -1.87122800e-06, -2.36465748e-06,  2.65313517e-07,
        1.48722025e-07, -3.87446140e-07,  1.34987684e-06,  5.96608429e-07,
       -1.00277577e-07, -3.26590772e-08, -1.05036484e-07,  2.49248637e-07,
        5.21085551e-05,  3.47812786e-06, -2.02977338e-05, -4.27107372e-05,
       -7.58936249e-06, -1.53450112e-05, -1.75992019e-06, -8.62305703e-06,
        5.44374035e-07,  4.57205438e-07, -1.80967428e-06, -1.54096316e-06,
        1.18246136e-07,  5.13580358e-07, -5.75677996e-07, -4.77877951e-07,
       -2.08538109e-08,  2.48009357e-08, -1.50170918e-07, -1.87172098e-07,
        4.18496498e-06, -7.27164429e-06,  2.03844024e-06, -1.41076750e-06,
        2.09571523e-06,  3.84068518e-06,  1.39675881e-06,  2.02402624e-06,
        2.72956272e-06, -1.99957404e-08,  1.88742031e-06,  9.66534697e-07,
       -1.15935674e-07,  1.04526725e-08,  1.32442883e-07, -1.77910371e-08,
       -5.37143850e-09, -4.19087889e-08, -3.12915623e-09,  1.09118053e-07,
       -3.78027466e-06, -1.25752036e-06,  2.80276042e-07,  1.88179641e-06,
       -6.99896454e-07,  6.27497139e-07, -1.08068616e-06,  2.64441808e-07,
        1.55368554e-06, -1.63965863e-07, -2.27564203e-07,  1.70263396e-07,
        1.58645198e-08,  3.58896428e-07, -3.55078102e-07, -3.34458497e-08,
        1.33695612e-08,  1.04208768e-08, -8.25234823e-09, -1.72590016e-08,
       -1.02165479e-06, -7.58384122e-07, -3.58977053e-07,  9.71037291e-07,
       -5.30466735e-07,  1.04728748e-06, -2.23959321e-07,  1.65271279e-07,
        1.41268861e-07,  5.13239784e-08,  4.96374597e-07, -2.13827589e-07,
        2.22835713e-09,  3.10661344e-07,  1.86445082e-07, -1.13547322e-07,
       -5.15387905e-09,  1.47905715e-08,  1.94373926e-08, -5.36846628e-09],      dtype=float64),
                   'Phi_mn': Array([], shape=(0,), dtype=float64),
                   'Psi': Array([50.], dtype=float64),
                   'R_lmn': Array([-3.41331149e-07,  5.37920830e-07, -7.19751701e-07,  4.83709493e-07,
        4.40343539e-08, -9.08328938e-07,  4.57546555e-07,  2.91805023e-07,
        8.80457637e-08,  2.83866474e-07, -7.26509754e-08,  2.56593206e-07,
        0.00000000e+00, -4.57546555e-07,  4.27946678e-07, -2.30424108e-07,
        0.00000000e+00, -2.83866474e-07,  2.86166215e-08,  1.13814901e-07,
       -3.52631432e-07, -1.71815127e-06,  1.60332056e-07,  3.66283716e-08,
       -3.21515397e-07,  1.52601182e-06,  2.18264140e-07, -1.92731189e-07,
        1.46423112e-07,  5.51998786e-07,  5.98165614e-08,  3.72111419e-07,
        0.00000000e+00, -2.18264140e-07,  3.23991333e-08,  1.69579948e-07,
        0.00000000e+00, -5.51998786e-07,  2.61698836e-07, -1.79971968e-07,
       -7.19053825e-07,  3.62119717e-06, -1.78069325e-06, -2.49443666e-06,
        5.31707333e-07, -2.74495877e-06,  3.69404114e-08,  1.85817406e-06,
        1.52059834e-06,  2.56436449e-07, -2.45818807e-07, -9.20791179e-07,
        0.00000000e+00, -3.69404113e-08, -7.74808106e-08,  1.69289214e-06,
        0.00000000e+00, -2.56436449e-07, -2.85888526e-07,  4.45527854e-08,
       -2.25871619e-05, -4.22580074e-06, -6.08522132e-06,  1.21368957e-05,
        3.58723414e-06,  1.35531088e-05, -1.86558131e-06,  6.51841945e-06,
        1.02529260e-05,  5.99477648e-07, -3.95018057e-06, -9.46590656e-06,
        0.00000000e+00,  1.86558131e-06, -4.33198132e-07,  1.97340227e-07,
        0.00000000e+00, -5.99477648e-07,  3.62946424e-07,  1.38598482e-07,
        1.98142272e-04, -1.22642019e-03,  3.16234334e-04,  1.47750065e-04,
       -1.39370559e-04,  8.64134621e-04, -3.61953214e-06, -7.55231660e-05,
        5.15927737e-06,  8.98773002e-08,  1.40408583e-05,  4.69482389e-06,
        0.00000000e+00,  3.61953214e-06,  1.63820399e-07,  2.26204692e-06,
        0.00000000e+00, -8.98773002e-08, -4.83405285e-07,  5.52759706e-07,
       -4.76189187e-04, -6.10165942e-04,  1.72305785e-04,  2.81411807e-04,
        1.02617794e-05, -4.59251706e-05, -3.53850315e-07, -1.00697139e-04,
        1.35542215e-04, -1.41680130e-07, -1.91885698e-05, -1.51378624e-05,
        0.00000000e+00,  3.53850315e-07,  6.02365806e-06,  2.29195988e-06,
        0.00000000e+00,  1.41680130e-07, -3.61911381e-07, -3.20205769e-07,
        7.95057593e-03, -5.15184286e-04,  3.47149479e-03, -2.22945967e-03,
       -1.76713463e-03, -1.95938119e-03, -1.10728932e-05, -3.46366701e-04,
       -3.29410358e-04,  2.13195694e-06,  3.69220678e-06, -1.34208540e-06,
        0.00000000e+00,  1.10728932e-05,  9.70493212e-06, -6.77652281e-06,
        0.00000000e+00, -2.13195694e-06, -2.24763720e-07, -6.98091865e-07,
        6.47520517e-03, -1.67473757e-02,  1.27315581e-02,  1.77298307e-02,
       -3.01570240e-03,  1.50658666e-02, -3.11607287e-08,  1.20000947e-04,
        7.56492753e-04, -3.62415965e-07, -8.98267385e-05,  6.18474650e-05,
        0.00000000e+00,  3.11607287e-08,  1.29557607e-05,  1.42808948e-05,
        0.00000000e+00,  3.62415965e-07,  6.86352476e-06,  1.02027842e-05,
        7.91536231e+00,  1.95290081e+00,  8.38378128e-02,  2.39821416e-02,
        3.79589344e-03,  6.02331706e-03,  9.11272189e-04,  8.50181899e-06,
       -2.20201255e-03, -8.74205117e-04,  1.92790880e-03, -1.03315006e-05,
       -1.12232886e-04, -3.57597615e-05,  2.89680770e-05, -6.77057615e-07,
       -4.06207320e-05,  5.09543933e-06,  1.03315006e-05,  0.00000000e+00,
        8.39473551e-07,  3.43668528e-06, -2.12252484e-06,  6.77057615e-07,
        0.00000000e+00,  1.63687883e+00, -5.32593298e-03,  6.43294275e-02,
        2.19628144e-03,  3.80892011e-03, -1.86188612e-02, -6.53818997e-04,
        1.57314286e-03,  4.52484522e-03, -2.58242145e-05, -3.96201209e-04,
        6.50368783e-06,  1.33931278e-05,  7.20432618e-05,  3.35134918e-05,
        1.59086413e-06,  1.49284522e-05, -9.33141181e-06, -6.50368783e-06,
        0.00000000e+00,  8.75881654e-07,  3.56358322e-06,  1.72974147e-06,
       -1.59086413e-06,  0.00000000e+00,  1.26734553e-02, -9.74700972e-04,
       -1.13029827e-02,  3.62278883e-03,  8.94691473e-04, -4.09641982e-03,
       -1.45941926e-04, -9.81030028e-04,  1.49112677e-03, -5.15198142e-05,
        3.38374365e-04,  9.66182408e-06,  5.29016684e-05,  5.02190889e-05,
       -1.39652440e-05, -3.20292974e-06,  4.57746829e-05,  2.13471980e-05,
       -9.66182408e-06,  0.00000000e+00,  3.13302716e-07, -1.47971258e-06,
       -3.17741696e-06,  3.20292974e-06,  0.00000000e+00, -7.48683591e-04,
       -1.12958607e-04,  8.38274632e-04, -1.13564041e-03,  1.20424753e-04,
        7.64677304e-04, -2.81766803e-04,  7.54686397e-04, -2.21795546e-04,
       -1.80307157e-05,  3.22129158e-05,  3.05106804e-06,  9.89739639e-06,
       -3.29732934e-05,  5.68216078e-06,  1.32788089e-06, -2.05040304e-05,
       -1.49718031e-05, -3.05106804e-06,  0.00000000e+00, -4.74607928e-07,
       -8.54164883e-07,  6.11509177e-07, -1.32788089e-06,  0.00000000e+00,
       -2.32136336e-04,  1.41118147e-04, -5.24838126e-05,  4.02129339e-04,
       -2.81058721e-05, -3.76778251e-04,  2.11463486e-04, -4.40423103e-04,
        1.49307248e-04, -5.54615978e-05,  1.15113564e-04,  1.31066767e-06,
       -2.89403898e-06, -2.36566027e-06,  3.96116558e-06,  2.93822051e-07,
        1.33446769e-06,  1.25416062e-06, -1.31066767e-06,  0.00000000e+00,
       -9.72453033e-09, -2.01015878e-07,  1.64811506e-07, -2.93822051e-07,
        0.00000000e+00, -8.75216322e-06, -1.29359191e-05, -1.55051508e-05,
        8.65039169e-06,  4.18684946e-06,  1.92417921e-05,  2.09319571e-05,
       -1.90141583e-05,  2.97482492e-06,  4.53393953e-06, -2.03512558e-05,
        1.75750180e-06,  3.19473917e-06,  1.05047588e-05, -2.55509796e-06,
       -2.22499683e-07,  4.21513007e-06,  1.10946372e-06, -1.75750180e-06,
        0.00000000e+00,  1.30617825e-07, -1.40992125e-07, -4.19726959e-07,
        2.22499683e-07,  0.00000000e+00,  4.33885900e-07,  5.61898371e-08,
        7.29074552e-07, -1.79541027e-06,  2.66636638e-06,  3.20538821e-08,
        3.12552736e-07,  9.13721391e-07, -2.66329843e-06, -1.75714881e-06,
        2.96379168e-07, -5.87569523e-07, -1.47714255e-06,  1.03372650e-06,
        2.66091426e-06, -1.73199968e-08, -9.65407402e-07, -3.28433050e-07,
        5.87569523e-07,  0.00000000e+00,  1.62936012e-09, -1.52037621e-07,
        2.38417066e-09,  1.73199968e-08,  0.00000000e+00,  1.41459296e-06,
        8.46312831e-07,  7.82203743e-07, -2.61938747e-06, -1.55902778e-07,
       -1.12824746e-06, -1.55843225e-06,  1.41666633e-06,  4.29831434e-07,
       -5.79050918e-07,  9.81931036e-07,  4.84246495e-08, -6.45033794e-07,
        1.12354174e-06, -8.35587155e-08, -3.99872889e-07, -1.11359135e-07,
        1.46316425e-07, -4.84246495e-08,  0.00000000e+00,  6.66933827e-09,
        7.91794070e-08, -3.46272719e-07,  3.99872889e-07,  0.00000000e+00,
        4.55997180e-07,  1.00637860e-06, -1.96290594e-08, -6.58585027e-07,
       -7.31771625e-07,  1.45706640e-07, -5.07421143e-07,  8.68187280e-07,
       -1.40241180e-07, -5.02576223e-07,  1.26751055e-07, -2.99207382e-07,
        1.40601048e-08, -4.22095511e-08,  1.60893921e-07, -2.79501617e-07,
        2.27969251e-07, -2.72457695e-07,  2.99207382e-07,  0.00000000e+00,
        5.69929182e-08, -1.67392702e-07, -2.06527414e-08,  2.79501617e-07,
        0.00000000e+00], dtype=float64),
                   'Ra_n': Array([ 7.83254884e+00,  1.57188306e+00,  2.37779078e-02, -1.87909703e-03,
        3.46952768e-05,  2.46208233e-05,  1.49613599e-06, -2.74339898e-07,
        1.11379092e-08], dtype=float64),
                   'Rb_lmn': Array([ 0.00000000e+00,  0.00000000e+00,  0.00000000e+00,  0.00000000e+00,
        0.00000000e+00,  0.00000000e+00,  0.00000000e+00,  0.00000000e+00,
        0.00000000e+00,  0.00000000e+00,  0.00000000e+00,  0.00000000e+00,
        0.00000000e+00,  0.00000000e+00,  0.00000000e+00,  0.00000000e+00,
        0.00000000e+00,  0.00000000e+00,  0.00000000e+00,  0.00000000e+00,
        0.00000000e+00,  0.00000000e+00,  0.00000000e+00,  0.00000000e+00,
        0.00000000e+00,  0.00000000e+00,  0.00000000e+00,  0.00000000e+00,
        0.00000000e+00,  0.00000000e+00,  0.00000000e+00,  0.00000000e+00,
        0.00000000e+00,  0.00000000e+00,  0.00000000e+00,  0.00000000e+00,
       -1.25813106e-04,  2.40874989e-04, -3.57037983e-04,  3.53313662e-04,
        0.00000000e+00,  0.00000000e+00,  0.00000000e+00,  0.00000000e+00,
       -9.28870172e-06,  7.76323044e-05, -6.71549180e-04, -5.69432050e-05,
        0.00000000e+00,  0.00000000e+00,  0.00000000e+00,  0.00000000e+00,
       -1.76366718e-03,  3.13483302e-03, -2.47660565e-03,  5.38492938e-03,
        0.00000000e+00,  0.00000000e+00,  0.00000000e+00,  0.00000000e+00,
       -3.09866561e-03,  1.28645148e-02, -1.60945876e-03,  2.49758095e-02,
        8.00000000e+00,  1.95578188e+00,  2.39583203e-02,  7.95632130e-03,
       -2.17516700e-03,  0.00000000e+00,  0.00000000e+00,  0.00000000e+00,
        0.00000000e+00,  1.70056870e+00, -1.52790863e-03,  3.84503114e-03,
       -1.90243939e-02,  4.56008845e-03,  0.00000000e+00,  0.00000000e+00,
        0.00000000e+00,  0.00000000e+00,  1.27774566e-03, -8.57546307e-05,
        2.69049818e-03, -3.73669826e-03,  1.47398411e-03,  0.00000000e+00,
        0.00000000e+00,  0.00000000e+00,  0.00000000e+00, -1.82752974e-04,
       -3.10686002e-05, -4.14781469e-04,  7.81918417e-04, -2.15501876e-04,
        0.00000000e+00,  0.00000000e+00,  0.00000000e+00,  0.00000000e+00,
       -7.60604264e-05,  5.88851449e-05, -4.08604404e-05, -2.60410527e-04,
        1.53433225e-04,  0.00000000e+00,  0.00000000e+00,  0.00000000e+00,
        0.00000000e+00,  0.00000000e+00,  0.00000000e+00,  0.00000000e+00,
        0.00000000e+00,  0.00000000e+00,  0.00000000e+00,  0.00000000e+00,
        0.00000000e+00,  0.00000000e+00,  0.00000000e+00,  0.00000000e+00,
        0.00000000e+00,  0.00000000e+00,  0.00000000e+00,  0.00000000e+00,
        0.00000000e+00,  0.00000000e+00,  0.00000000e+00,  0.00000000e+00,
        0.00000000e+00,  0.00000000e+00,  0.00000000e+00,  0.00000000e+00,
        0.00000000e+00,  0.00000000e+00,  0.00000000e+00,  0.00000000e+00,
        0.00000000e+00,  0.00000000e+00,  0.00000000e+00,  0.00000000e+00,
        0.00000000e+00,  0.00000000e+00,  0.00000000e+00,  0.00000000e+00,
        0.00000000e+00], dtype=float64),
                   'Te_l': Array([], shape=(0,), dtype=float64),
                   'Ti_l': Array([], shape=(0,), dtype=float64),
                   'Z_lmn': Array([ 3.73052356e-07,  2.37236792e-07, -1.75632938e-07,  6.36638811e-07,
       -2.29662408e-07,  7.11292951e-07, -3.64757678e-07, -6.22945562e-07,
        5.68014497e-07, -8.97793124e-08, -6.38678296e-07,  6.92032885e-07,
        1.61418066e-07,  4.78243885e-08, -3.39566356e-07,  3.06503014e-07,
        8.22049290e-08, -7.26146546e-08, -6.92032885e-07,  0.00000000e+00,
        5.92019509e-09, -6.15176371e-08, -2.28448141e-07, -3.06503014e-07,
        0.00000000e+00, -5.49538841e-07, -1.92671403e-06,  4.83871084e-08,
       -3.95085284e-07,  1.08626210e-06, -1.88518719e-07,  5.45756121e-07,
        5.28270640e-07,  2.95108668e-07,  9.12693235e-07,  1.94493576e-07,
        4.19114512e-07,  7.41740665e-08, -2.60327658e-08, -2.40604970e-07,
        5.15925798e-07, -7.22413042e-08, -5.97485673e-09, -4.19114512e-07,
        0.00000000e+00, -1.18778455e-07, -1.07152591e-07, -5.45036975e-08,
       -5.15925798e-07,  0.00000000e+00,  1.45569965e-06,  6.81914140e-07,
        1.26782678e-07, -7.16848491e-07,  3.72654185e-07,  5.34569620e-06,
       -6.79647312e-07,  1.49123979e-06,  2.16293500e-07, -2.12884271e-06,
       -4.43696839e-06,  3.08375926e-08, -7.32455132e-07, -4.71306594e-07,
        1.45669796e-07,  2.60520065e-07,  1.07427439e-06, -9.08727813e-07,
       -3.08375926e-08,  0.00000000e+00, -1.70379882e-07, -3.03084705e-07,
       -3.61963296e-07, -2.60520065e-07,  0.00000000e+00,  1.68975562e-06,
       -4.71370986e-05, -1.61612172e-05, -3.68469399e-05,  2.99202118e-05,
       -9.03044986e-07,  1.44944997e-05,  4.03838715e-05,  6.09569636e-06,
        1.68781004e-05,  2.43517845e-06, -1.50631811e-06, -6.85798694e-09,
       -3.48578622e-06, -6.05406822e-06,  9.57999452e-07,  3.38786376e-07,
       -1.53213346e-06,  1.50631811e-06,  0.00000000e+00, -1.61801265e-08,
       -5.11453582e-08, -4.16281353e-08, -9.57999452e-07,  0.00000000e+00,
       -2.58539281e-04, -2.18673526e-04, -3.23219501e-05, -1.10307925e-03,
       -4.77664196e-05,  1.77843090e-04,  5.39595655e-04,  7.79849089e-04,
        4.57812631e-06, -7.78556494e-05, -4.00686759e-05, -4.09160426e-06,
       -5.37051169e-06,  8.12137636e-06,  1.77853591e-05, -2.45614572e-08,
        1.93052117e-06,  3.92186589e-06,  4.09160426e-06,  0.00000000e+00,
       -8.67504316e-07, -9.81735661e-07, -2.87703151e-07,  2.45614565e-08,
        0.00000000e+00, -3.35033172e-04, -9.78397749e-04,  7.36834386e-04,
       -6.21505334e-04,  1.04066503e-03, -1.65273251e-04,  9.10156852e-05,
       -1.12345520e-04,  1.58266676e-04,  4.15698207e-05, -7.08202663e-05,
        1.02566633e-06, -2.43628748e-06, -1.91221904e-05, -2.27858068e-05,
       -1.01093218e-06,  7.07430925e-07,  2.78761884e-06, -1.02566633e-06,
        0.00000000e+00,  9.67960934e-08, -1.86153353e-07,  1.05447618e-06,
        1.01093218e-06,  0.00000000e+00,  1.55307990e-02, -4.00948975e-03,
       -1.24484578e-02,  2.56365527e-03, -9.97089510e-04,  3.02944206e-03,
       -2.07845934e-03, -3.07162316e-03, -1.91916869e-03, -4.61799910e-04,
       -2.84757090e-04, -1.92019361e-05,  2.45103396e-05,  3.16959657e-05,
       -3.88899243e-05,  1.91146333e-06, -3.48139713e-06,  1.27072764e-05,
        1.92019361e-05,  0.00000000e+00, -2.44290949e-07, -1.62274913e-06,
       -3.40427671e-06, -1.91146333e-06,  0.00000000e+00,  1.61229349e+00,
       -4.48697717e-02,  7.61591095e-02, -1.01656081e-02,  1.98198216e-02,
        1.15046980e-02,  1.05688857e-02,  1.40680871e-02, -2.48330027e-03,
        4.19246834e-04,  1.74494374e-04,  6.36587783e-06,  4.20317773e-05,
        1.41313544e-05, -6.04291077e-05, -1.25933354e-06,  6.41120885e-06,
        1.44979725e-05, -6.36587783e-06,  0.00000000e+00, -3.80338812e-06,
       -1.66572294e-06,  7.60220556e-06,  1.25933354e-06,  0.00000000e+00,
       -1.96830857e+00, -3.10370698e-02, -4.86718745e-03, -1.60935068e-02,
        1.57103378e-03,  9.28100619e-04,  8.45602048e-06, -1.88218991e-03,
       -1.22484168e-03,  2.48754286e-06, -8.51817120e-05, -9.77354063e-05,
        0.00000000e+00, -8.45602048e-06,  1.30176248e-05,  7.78819896e-06,
        0.00000000e+00, -2.48754286e-06, -2.28222138e-06, -4.90297034e-06,
       -3.40183643e-03,  7.43580459e-03,  1.74370985e-02,  4.14822346e-03,
       -4.49275509e-03, -3.37946238e-03,  1.46796397e-07,  1.83670290e-04,
        1.77623861e-04, -4.32836702e-06,  3.93095275e-05, -1.94024809e-05,
        0.00000000e+00, -1.46796397e-07, -1.48781304e-05, -1.24261349e-05,
        0.00000000e+00,  4.32836702e-06,  6.29686900e-06,  1.04909270e-06,
       -1.55028417e-03, -1.30573462e-03,  3.81027653e-03,  1.37199089e-03,
       -1.64211012e-03,  1.57079691e-04, -1.23892635e-05, -2.07493785e-04,
       -1.74651081e-04,  4.40884339e-06, -4.32230998e-05, -3.98325562e-05,
        0.00000000e+00,  1.23892635e-05, -1.15267328e-05, -1.14574339e-05,
        0.00000000e+00, -4.40884339e-06, -3.28141420e-06, -3.51858988e-06,
        1.13320534e-04,  8.83494294e-04, -1.07979543e-03,  1.34682536e-04,
        2.95440831e-04, -7.40825319e-04, -2.28405110e-06, -1.40707271e-05,
        2.79944466e-05, -2.67115136e-06, -7.18629755e-06,  3.55548182e-05,
        0.00000000e+00,  2.28405110e-06,  1.23532700e-05,  5.80808619e-06,
        0.00000000e+00,  2.67115136e-06,  1.93465193e-06,  3.01935355e-06,
        5.24064063e-06, -1.89456488e-04,  2.18887705e-04, -8.03932156e-05,
       -4.02788676e-06,  3.35530301e-04, -6.48988988e-07, -9.26995366e-05,
       -7.58898449e-05, -1.26221690e-07, -1.64732999e-07, -4.00886781e-06,
        0.00000000e+00,  6.48988988e-07, -8.79767435e-08, -1.50080058e-07,
        0.00000000e+00,  1.26221690e-07,  7.61914517e-08, -1.12604750e-06,
       -2.04522797e-05, -5.70846440e-05, -1.63147953e-05,  9.77017325e-06,
       -1.36921786e-06,  5.66955901e-05, -1.36740966e-06,  1.84656135e-05,
        1.20660575e-05,  4.59480634e-07,  1.12262306e-06, -1.59575161e-07,
        0.00000000e+00,  1.36740966e-06, -2.15081822e-06, -1.38395107e-06,
        0.00000000e+00, -4.59480634e-07,  2.46594806e-07,  5.48629082e-07,
        3.02472904e-06, -1.20927214e-07,  8.59431022e-06,  3.10285930e-07,
        1.80349122e-06,  1.93479063e-06,  6.30431268e-07, -7.68951871e-06,
       -3.15623309e-06,  3.41374917e-08, -1.89943006e-06, -1.79586329e-06,
        0.00000000e+00, -6.30431268e-07, -9.04791513e-07, -1.78781879e-07,
        0.00000000e+00, -3.41374917e-08,  9.59388431e-08, -1.80001273e-08,
       -4.37474772e-08,  2.98559361e-06,  5.57604319e-07,  2.39753501e-07,
       -8.17082600e-08, -2.03326619e-06,  1.43520405e-07, -5.20597126e-07,
       -1.32673815e-07,  3.59687670e-07, -2.94071397e-08, -1.10705793e-06,
        0.00000000e+00, -1.43520405e-07, -3.70071925e-08, -6.33322091e-08,
        0.00000000e+00, -3.59687670e-07,  1.11115400e-07,  1.54730507e-07,
        4.43660833e-07,  8.65532398e-07,  9.31474989e-07, -2.74729185e-07,
        6.65638610e-07, -6.09974872e-07,  5.37224782e-07, -8.14124089e-07,
       -2.29736522e-07,  3.02012893e-07, -4.28319511e-07, -2.40166805e-07,
        0.00000000e+00, -5.37224782e-07, -1.17350900e-07,  6.08048744e-08,
        0.00000000e+00, -3.02012893e-07, -2.37319099e-07, -1.53907221e-08],      dtype=float64),
                   'Za_n': Array([ 2.84297453e-08, -2.45122350e-07,  1.21134491e-06,  3.23361504e-05,
        3.17881331e-04, -9.78318789e-04,  2.58760428e-02,  1.54665743e+00],      dtype=float64),
                   'Zb_lmn': Array([ 0.00000000e+00,  0.00000000e+00,  0.00000000e+00,  0.00000000e+00,
        0.00000000e+00,  0.00000000e+00,  0.00000000e+00,  0.00000000e+00,
        0.00000000e+00,  0.00000000e+00,  0.00000000e+00,  0.00000000e+00,
        0.00000000e+00,  0.00000000e+00,  0.00000000e+00,  0.00000000e+00,
        0.00000000e+00,  0.00000000e+00,  0.00000000e+00,  0.00000000e+00,
        0.00000000e+00,  0.00000000e+00,  0.00000000e+00,  0.00000000e+00,
        0.00000000e+00,  0.00000000e+00,  0.00000000e+00,  0.00000000e+00,
        0.00000000e+00,  0.00000000e+00,  0.00000000e+00,  0.00000000e+00,
        0.00000000e+00,  0.00000000e+00,  0.00000000e+00,  0.00000000e+00,
        2.42496408e-04, -3.42365074e-04, -3.16090522e-04,  1.41696280e-04,
        2.20757822e-05,  0.00000000e+00,  0.00000000e+00,  0.00000000e+00,
        0.00000000e+00,  4.90477408e-04,  1.04544531e-04, -7.53159197e-04,
       -2.33305898e-04,  1.36535345e-04,  0.00000000e+00,  0.00000000e+00,
        0.00000000e+00,  0.00000000e+00,  1.02814789e-03, -5.47186057e-03,
       -4.77894671e-04,  2.75739224e-03, -1.96146289e-03,  0.00000000e+00,
        0.00000000e+00,  0.00000000e+00,  0.00000000e+00,  1.69905971e+00,
       -2.46242921e-02,  3.91494461e-03,  1.16936904e-02, -2.53612717e-03,
        0.00000000e+00,  0.00000000e+00,  0.00000000e+00,  0.00000000e+00,
        0.00000000e+00,  0.00000000e+00,  0.00000000e+00,  0.00000000e+00,
        1.48356985e-03, -6.73635974e-03, -3.02116075e-02, -1.98561913e+00,
        0.00000000e+00,  0.00000000e+00,  0.00000000e+00,  0.00000000e+00,
       -4.44714870e-03,  1.76058907e-02,  4.03798882e-03,  9.11584753e-04,
        0.00000000e+00,  0.00000000e+00,  0.00000000e+00,  0.00000000e+00,
       -1.68861463e-03,  3.59125601e-03, -1.19200607e-03, -3.64401800e-04,
        0.00000000e+00,  0.00000000e+00,  0.00000000e+00,  0.00000000e+00,
        2.90189186e-04, -1.08151289e-03,  1.81243147e-04,  2.81805602e-04,
        0.00000000e+00,  0.00000000e+00,  0.00000000e+00,  0.00000000e+00,
       -4.11642831e-06,  1.26100192e-04,  1.40938899e-04, -1.51192500e-04,
        0.00000000e+00,  0.00000000e+00,  0.00000000e+00,  0.00000000e+00,
        0.00000000e+00,  0.00000000e+00,  0.00000000e+00,  0.00000000e+00,
        0.00000000e+00,  0.00000000e+00,  0.00000000e+00,  0.00000000e+00,
        0.00000000e+00,  0.00000000e+00,  0.00000000e+00,  0.00000000e+00,
        0.00000000e+00,  0.00000000e+00,  0.00000000e+00,  0.00000000e+00,
        0.00000000e+00,  0.00000000e+00,  0.00000000e+00,  0.00000000e+00,
        0.00000000e+00,  0.00000000e+00,  0.00000000e+00,  0.00000000e+00,
        0.00000000e+00,  0.00000000e+00,  0.00000000e+00,  0.00000000e+00],      dtype=float64),
                   'Zeff_l': Array([], shape=(0,), dtype=float64),
                   'a_lmn': Array([], shape=(0,), dtype=float64),
                   'c_l': Array([0., 0., 0., 0., 0.], dtype=float64),
                   'i_l': Array([], shape=(0,), dtype=float64),
                   'ne_l': Array([], shape=(0,), dtype=float64),
                   'ni_l': Array([], shape=(0,), dtype=float64),
                   'p_l': Array([0., 0., 0., 0., 0.], dtype=float64)}]],
  'message': 'Optimization terminated successfully.\n'
             '`ftol` condition satisfied. (ftol=1.00e-05)\n'
             '`xtol` condition satisfied. (xtol=1.00e-06)',
  'nfev': 13,
  'nit': 11,
  'njev': 11,
  'optimality': Array(8.12239967, dtype=float64),
  'penalty_param': Array([10.], dtype=float64),
  's': Array([], shape=(0,), dtype=float64),
  'success': True,
  'v': Array([1., 1., 1., 1., 1., 1., 1., 1., 1., 1., 1., 1., 1., 1., 1., 1., 1.,
       1., 1., 1., 1., 1., 1., 1., 1., 1., 1., 1., 1., 1., 1., 1., 1., 1.,
       1., 1., 1., 1., 1., 1., 1., 1., 1., 1., 1., 1., 1., 1., 1., 1., 1.,
       1., 1., 1., 1., 1., 1., 1., 1., 1., 1., 1., 1., 1., 1., 1., 1., 1.,
       1., 1., 1., 1., 1., 1., 1., 1., 1., 1., 1., 1.], dtype=float64),
  'x': Array([-1.25813106e-04,  2.40874989e-04, -3.57037983e-04,  3.53313662e-04,
       -9.28870172e-06,  7.76323044e-05, -6.71549180e-04, -5.69432050e-05,
       -1.76366718e-03,  3.13483302e-03, -2.47660565e-03,  5.38492938e-03,
       -3.09866561e-03,  1.28645148e-02, -1.60945876e-03,  2.49758095e-02,
        1.95578188e+00,  2.39583203e-02,  7.95632130e-03, -2.17516700e-03,
        1.70056870e+00, -1.52790863e-03,  3.84503114e-03, -1.90243939e-02,
        4.56008845e-03,  1.27774566e-03, -8.57546307e-05,  2.69049818e-03,
       -3.73669826e-03,  1.47398411e-03, -1.82752974e-04, -3.10686002e-05,
       -4.14781469e-04,  7.81918417e-04, -2.15501876e-04, -7.60604264e-05,
        5.88851449e-05, -4.08604404e-05, -2.60410527e-04,  1.53433225e-04,
        2.42496408e-04, -3.42365074e-04, -3.16090522e-04,  1.41696280e-04,
        2.20757822e-05,  4.90477408e-04,  1.04544531e-04, -7.53159197e-04,
       -2.33305898e-04,  1.36535345e-04,  1.02814789e-03, -5.47186057e-03,
       -4.77894671e-04,  2.75739224e-03, -1.96146289e-03,  1.69905971e+00,
       -2.46242921e-02,  3.91494461e-03,  1.16936904e-02, -2.53612717e-03,
        1.48356985e-03, -6.73635974e-03, -3.02116075e-02, -1.98561913e+00,
       -4.44714870e-03,  1.76058907e-02,  4.03798882e-03,  9.11584753e-04,
       -1.68861463e-03,  3.59125601e-03, -1.19200607e-03, -3.64401800e-04,
        2.90189186e-04, -1.08151289e-03,  1.81243147e-04,  2.81805602e-04,
       -4.11642831e-06,  1.26100192e-04,  1.40938899e-04, -1.51192500e-04],      dtype=float64),
  'x_scale': 'auto',
  'y': Array([0.], dtype=float64)}
