Pre-optimization QS value:0.00013528299333836206Pre-optimization quadcoil value:33149.74054141191Post-optimization QS value:0.0001969543281668705Post-optimization quadcoil value:33088.5585627238=== Optimization Result ===
{ 'Objective values': { 'Fixed Psi error: ': [ { 'f': Array(0., dtype=float64),
                                                 'f0': Array(0., dtype=float64)}],
                        'Fixed current profile error: ': [ { 'f': Array(0., dtype=float64),
                                                             'f0': Array(0., dtype=float64)}],
                        'Force error: ': [ { 'f0_max': Array(640476.69191547, dtype=float64),
                                             'f0_max_norm': Array(0.00017274, dtype=float64),
                                             'f0_mean': Array(28497.52529422, dtype=float64),
                                             'f0_mean_norm': Array(7.68598752e-06, dtype=float64),
                                             'f0_min': Array(3.60019464, dtype=float64),
                                             'f0_min_norm': Array(9.70998386e-10, dtype=float64),
                                             'f_max': Array(644248.30974708, dtype=float64),
                                             'f_max_norm': Array(0.00017376, dtype=float64),
                                             'f_mean': Array(28478.58197777, dtype=float64),
                                             'f_mean_norm': Array(7.68087837e-06, dtype=float64),
                                             'f_min': Array(1.6512201, dtype=float64),
                                             'f_min_norm': Array(4.45345936e-10, dtype=float64)}],
                        'Plasma volume: ': [ { 'f': Array(581.87249567, dtype=float64),
                                               'f0': Array(581.87246295, dtype=float64),
                                               'f0_norm': Array(3.61547541e-06, dtype=float64),
                                               'f_norm': Array(4.83483905e-06, dtype=float64)}],
                        'Quadcoil boundary error: ': [ { 'f0_max': Array(11.11268051, dtype=float64),
                                                         'f0_max_norm': Array(0.03902833, dtype=float64),
                                                         'f0_mean': Array(1.52861534, dtype=float64),
                                                         'f0_mean_norm': Array(0.00536858, dtype=float64),
                                                         'f0_min': Array(1.64247079e-14, dtype=float64),
                                                         'f0_min_norm': Array(5.76844625e-17, dtype=float64),
                                                         'f_max': Array(11.10526124, dtype=float64),
                                                         'f_max_norm': Array(0.03900228, dtype=float64),
                                                         'f_mean': Array(1.52713628, dtype=float64),
                                                         'f_mean_norm': Array(0.00536339, dtype=float64),
                                                         'f_min': Array(1.1552781e-14, dtype=float64),
                                                         'f_min_norm': Array(4.05739918e-17, dtype=float64)}],
                        'Quasi-symmetry error: ': [ { 'f0_max': Array(0.06247527, dtype=float64),
                                                      'f0_max_norm': Array(0.00046621, dtype=float64),
                                                      'f0_mean': Array(0.00058917, dtype=float64),
                                                      'f0_mean_norm': Array(4.39656816e-06, dtype=float64),
                                                      'f0_min': Array(-0.02601919, dtype=float64),
                                                      'f0_min_norm': Array(-0.00019416, dtype=float64),
                                                      'f_max': Array(0.06252398, dtype=float64),
                                                      'f_max_norm': Array(0.00046658, dtype=float64),
                                                      'f_mean': Array(0.0005875, dtype=float64),
                                                      'f_mean_norm': Array(4.38416335e-06, dtype=float64),
                                                      'f_min': Array(-0.02596315, dtype=float64),
                                                      'f_min_norm': Array(-0.00019375, dtype=float64)}],
                        'R boundary error: ': [ { 'f': Array(1.77635684e-15, dtype=float64),
                                                  'f0': Array(1.77635684e-15, dtype=float64)}],
                        'Rotational transform: ': [ { 'f0_max': Array(0.37683711, dtype=float64),
                                                      'f0_mean': Array(0.37683711, dtype=float64),
                                                      'f0_min': Array(0.37683711, dtype=float64),
                                                      'f_max': Array(0.3767511, dtype=float64),
                                                      'f_mean': Array(0.3767511, dtype=float64),
                                                      'f_min': Array(0.3767511, dtype=float64)},
                                                    { 'f0_max': Array(0.42903094, dtype=float64),
                                                      'f0_mean': Array(0.42903094, dtype=float64),
                                                      'f0_min': Array(0.42903094, dtype=float64),
                                                      'f_max': Array(0.42900283, dtype=float64),
                                                      'f_mean': Array(0.42900283, dtype=float64),
                                                      'f_min': Array(0.42900283, dtype=float64)}],
                        'Total (sum of squares)': { 'f': Array(33088.55955175, dtype=float64),
                                                    'f0': Array(33151.26488255, dtype=float64)},
                        'Z boundary error: ': [ { 'f': Array(4.18569149e-21, dtype=float64),
                                                  'f0': Array(4.1870304e-21, dtype=float64)}]},
  'alltr': [Array(0.08178341, dtype=float64), np.float64(0.3271336535886373)],
  'allx': [ Array([ 0.00000000e+00,  0.00000000e+00,  0.00000000e+00,  0.00000000e+00,
        0.00000000e+00,  5.02041313e+01,  9.44675971e+03, -9.45622045e+03,
       -8.24434120e+00, -9.06724940e+00, -7.67336364e+00,  2.37936023e+20,
        1.07631754e-23,  5.58539569e-24,  5.52262186e-24,  3.65100543e-24,
       -2.38550439e+20,  9.44675591e+03, -9.45623747e+03, -8.28198874e+00,
       -9.13240401e+00, -7.74951979e+00,  1.00054523e+00,  1.82027594e-03,
        3.54465124e-03,  5.54988629e-03,  5.47012722e-03, -7.36358192e-09,
       -2.01436610e-08, -2.40843781e-08, -4.44338448e-10, -1.72757938e-08,
        3.90612572e-08,  1.18035005e-08,  5.02929924e-08,  3.95592910e-08,
       -4.48348087e-07,  2.91773553e-07,  6.02273595e-07, -1.03115983e-07,
        2.50761260e-07,  1.73539979e-07,  2.70248261e-07, -2.62397635e-07,
        1.76295799e-06,  7.67389285e-06,  5.65954421e-07, -1.78126575e-06,
        8.82057087e-06, -4.00622350e-06,  5.08799462e-06,  1.79961820e-07,
        1.41095229e-06,  1.68252170e-06,  5.55303121e-05,  1.26851502e-04,
       -2.87559025e-04, -8.05342640e-05,  8.24275506e-05,  4.11316250e-07,
        6.57429840e-06, -9.47060842e-06,  8.75178546e-04, -1.34694251e-03,
        2.76142985e-05,  5.76023719e-05, -1.10995140e-03,  7.85516721e-07,
        5.83648524e-07, -7.31550418e-05, -3.55533901e-04, -6.31121763e-04,
        3.07837289e-03,  7.27672606e-03, -2.17903100e-02,  3.12576019e-07,
       -4.52644125e-06, -5.66772190e-05,  2.51429045e-03,  5.02840032e-05,
       -1.20050129e-02,  1.38128092e-01, -2.82669536e-01,  5.33933641e-07,
        3.76205481e-06,  5.67798141e-04, -4.36609366e-03, -3.54195737e-03,
        7.50502828e-02,  6.25308376e-02, -1.46575739e+00,  9.89647447e+00,
        1.69180092e+00,  3.27180343e-01, -2.88561143e-02, -2.20686536e-02,
       -4.03845058e-04, -7.53429700e-05, -1.01392829e-05, -1.37361371e-06,
        1.92928382e+00, -7.58860474e-01,  4.83085870e-02,  1.96372666e-02,
       -1.01744432e-02, -2.76078591e-03,  1.43373884e-04, -1.86039886e-05,
       -1.85142547e-06,  9.97897505e-02, -1.50875498e-01,  1.43833811e-01,
       -2.45297167e-02, -3.72795648e-03,  1.17497101e-03,  2.21604141e-04,
       -1.77716764e-05,  1.09196208e-06, -3.43751684e-04, -7.22697076e-03,
        8.65304963e-03, -1.69797022e-03, -7.88564741e-04, -2.99746003e-04,
       -1.75228015e-05, -1.09118017e-06,  1.32472812e-06, -8.46133083e-05,
       -2.99102300e-04,  8.05551043e-04, -7.76074385e-04, -1.44316636e-03,
        8.99101271e-04,  2.53931022e-05,  2.51667473e-06,  1.48360610e-06,
       -4.22346870e-06,  1.12844655e-04,  7.12363303e-06, -3.32937411e-04,
        9.02622969e-05,  5.81694311e-05,  1.91950906e-05,  3.38193793e-06,
       -7.05269840e-07,  1.93109115e-06, -6.14536275e-07, -5.23696042e-06,
       -2.34188412e-06,  5.58461493e-06,  3.65041976e-06,  1.12679333e-05,
       -6.23305555e-08, -3.01173574e-08,  2.06894914e-07, -1.23118783e-08,
        1.42802785e-08, -4.25795169e-08,  2.62939756e-07, -3.66185193e-07,
        4.35464864e-07,  3.97484912e-07, -4.36903764e-07,  1.51994928e-08,
       -1.66853412e-08, -5.32862302e-09,  2.49384079e-08, -1.45868349e-08,
        2.48452998e-08,  5.78710267e-08, -2.31279196e-08, -5.00079178e-08,
       -3.05394012e-08, -6.16440230e-10, -7.49578132e-09,  3.33702675e-08,
       -6.62745854e-09,  9.20473031e-09,  5.00177700e-08, -3.86465617e-08,
        6.67861106e-10,  1.70343581e-07, -4.52145851e-10, -8.54965817e-08,
       -1.12558827e-08, -1.66425389e-07, -1.75986651e-07,  4.10593569e-07,
       -6.28097362e-07,  1.01218931e-07, -1.08628045e-06,  3.12777741e-06,
        4.59345009e-06,  2.05370560e-06, -6.69419757e-07, -5.39479921e-07,
       -3.54043373e-06,  9.77583701e-08, -2.18333742e-07, -1.89945511e-05,
       -1.67055663e-05, -8.68970158e-06,  6.18114492e-05,  1.01264549e-04,
       -4.30010235e-05, -3.73029321e-05,  1.67758755e-06,  1.69259584e-07,
        2.79461260e-04, -3.10598011e-04, -4.81606288e-04,  1.12938152e-03,
        4.36069902e-04, -1.59279579e-04, -6.54114784e-05,  2.80661878e-06,
       -7.97767962e-07, -4.69639856e-04,  1.19200091e-02, -1.89626528e-02,
        9.49891070e-03,  3.00713976e-03, -1.32197501e-03, -5.76823543e-05,
        4.93742710e-07,  5.31329350e-07, -9.38802494e-02,  1.26087084e-01,
       -7.51936708e-02,  3.50876670e-03,  8.67235597e-03,  1.31963654e-03,
       -1.31999196e-04, -8.44289910e-06,  1.61386969e-06, -1.34584749e+00,
        5.07359271e-01, -6.01701961e-02,  9.38821050e-04, -3.05035820e-03,
       -1.08261740e-03, -1.10665301e-04,  4.20413498e-07, -2.93315065e-06,
        2.37015518e-06, -2.44435602e-05,  6.13273427e-04,  1.22493813e-03,
        9.74921199e-03,  2.19584044e-02, -2.85128764e-01, -2.13588870e+00,
       -2.11018435e-07,  8.77350041e-06, -2.97642528e-04,  4.10933430e-03,
        1.33419410e-02,  7.74994964e-02,  1.46548190e-01, -1.24322295e+00,
       -2.78839241e-06,  1.26875131e-05, -1.82905970e-04, -1.71552851e-04,
       -6.56936268e-03,  1.17520969e-02,  7.29500975e-02, -2.35203093e-01,
       -9.65354071e-07, -9.41548526e-07, -2.15571398e-05,  1.20145434e-03,
       -2.97833579e-03, -4.62540942e-03,  1.67974092e-02, -2.77444131e-02,
        3.79900140e-07, -8.96800032e-07,  1.66392241e-05,  1.51715925e-04,
       -3.71905152e-04, -4.96879814e-04,  3.13239485e-05, -7.54252377e-04,
       -2.71825669e-08, -1.04689042e-06,  2.43919015e-05,  3.40113294e-05,
       -8.39317055e-05,  2.71507757e-05, -1.06562383e-04,  3.51926695e-05,
        1.18892031e-07,  7.47708178e-08, -1.73289715e-06, -6.97263737e-07,
       -5.11102313e-06,  4.27718697e-07, -1.72921050e-06, -3.21352352e-06,
        1.87579844e-07, -7.71283820e-07, -9.40963079e-09, -3.55337373e-07,
        2.11102909e-07, -2.01724470e-07, -6.05639149e-08, -8.17418315e-08,
       -1.34574245e-08, -1.20721454e-08,  3.70256651e-08, -9.99218583e-10,
        9.82317966e-09,  1.10056177e-09, -2.08444139e-08,  3.06390232e-09],      dtype=float64),
            Array([ 0.00000000e+00,  0.00000000e+00,  0.00000000e+00,  0.00000000e+00,
        0.00000000e+00,  5.02041313e+01,  9.44564811e+03, -9.45832824e+03,
       -1.09765434e+01, -1.19819208e+01, -1.00670693e+01,  2.37913894e+20,
        1.23443858e-23,  6.32184219e-24,  7.36211370e-24,  4.85785539e-24,
       -2.38653705e+20,  9.44564030e+03, -9.45836364e+03, -1.10548332e+01,
       -1.21163959e+01, -1.02228667e+01,  1.00073216e+00,  2.44821662e-03,
        4.78574452e-03,  7.59266325e-03,  7.63160259e-03, -7.36358192e-09,
       -2.01436610e-08, -2.40843781e-08, -4.44338448e-10, -1.72757938e-08,
        3.90612572e-08,  1.18035005e-08,  5.02929924e-08,  3.95592910e-08,
       -4.48348087e-07,  2.91773553e-07,  6.02273595e-07, -1.03115983e-07,
        2.50761260e-07,  1.73539979e-07,  2.70248261e-07, -2.62397635e-07,
        1.76295799e-06,  7.66989345e-06,  5.65148926e-07, -1.77694350e-06,
        8.80316405e-06, -3.99484843e-06,  5.07323330e-06,  1.79961820e-07,
        1.41095229e-06,  1.67128716e-06,  5.55242316e-05,  1.26851787e-04,
       -2.87600690e-04, -8.05024180e-05,  8.23699859e-05,  4.11316250e-07,
        6.57429840e-06, -9.47262087e-06,  8.75165556e-04, -1.34695244e-03,
        2.75803359e-05,  5.76680880e-05, -1.11010001e-03,  7.85516721e-07,
        5.83648524e-07, -7.31416652e-05, -3.55552346e-04, -6.31142890e-04,
        3.07836788e-03,  7.27682584e-03, -2.17904480e-02,  3.12576019e-07,
       -4.52644125e-06, -5.66382524e-05,  2.51429964e-03,  5.02625241e-05,
       -1.20050057e-02,  1.38128246e-01, -2.82669553e-01,  5.33933641e-07,
        3.76205481e-06,  5.67817883e-04, -4.36608185e-03, -3.54202547e-03,
        7.50502700e-02,  6.25311057e-02, -1.46575714e+00,  9.89647447e+00,
        1.69180083e+00,  3.27180637e-01, -2.88558864e-02, -2.20686888e-02,
       -4.03850783e-04, -7.52719831e-05, -1.01392829e-05, -1.37361371e-06,
        1.92928448e+00, -7.58860520e-01,  4.83085188e-02,  1.96375119e-02,
       -1.01743185e-02, -2.76079342e-03,  1.43431914e-04, -1.86039886e-05,
       -1.85142547e-06,  9.97898354e-02, -1.50875544e-01,  1.43833800e-01,
       -2.45296958e-02, -3.72779542e-03,  1.17504008e-03,  2.21626929e-04,
       -1.77716764e-05,  1.09196208e-06, -3.43708694e-04, -7.22702354e-03,
        8.65301048e-03, -1.69802536e-03, -7.88489661e-04, -2.99728670e-04,
       -1.75290112e-05, -1.09118017e-06,  1.32472812e-06, -8.45627839e-05,
       -2.99129854e-04,  8.05622401e-04, -7.76108470e-04, -1.44312615e-03,
        8.99108006e-04,  2.53959846e-05,  2.51667473e-06,  1.48360610e-06,
       -4.21605664e-06,  1.12834621e-04,  7.16677984e-06, -3.32970852e-04,
        9.02821272e-05,  5.81706670e-05,  1.91882142e-05,  3.38193793e-06,
       -7.05269840e-07,  1.93298043e-06, -6.15913236e-07, -5.21816468e-06,
       -2.35458892e-06,  5.59507885e-06,  3.64828943e-06,  1.12650780e-05,
       -6.23305555e-08, -3.01173574e-08,  2.06894914e-07, -1.23118783e-08,
        1.42802785e-08, -4.25795169e-08,  2.62939756e-07, -3.66185193e-07,
        4.35464864e-07,  3.97484912e-07, -4.36903764e-07,  1.51994928e-08,
       -1.66853412e-08, -5.32862302e-09,  2.49384079e-08, -1.45868349e-08,
        2.48452998e-08,  5.78710267e-08, -2.31279196e-08, -5.00079178e-08,
       -3.05394012e-08, -6.16440230e-10, -7.49578132e-09,  3.33702675e-08,
       -6.62745854e-09,  9.20473031e-09,  5.00177700e-08, -3.86465617e-08,
        6.67861106e-10,  1.70343581e-07, -4.52145851e-10, -8.54965817e-08,
       -1.12558827e-08, -1.66425389e-07, -1.75986651e-07,  4.10593569e-07,
       -6.28097362e-07,  1.01218931e-07, -1.09050690e-06,  3.12885236e-06,
        4.59263868e-06,  2.07748227e-06, -6.81095431e-07, -5.40140766e-07,
       -3.53992642e-06,  9.77583701e-08, -2.18333742e-07, -1.90081805e-05,
       -1.66831616e-05, -8.69906142e-06,  6.18379534e-05,  1.01253898e-04,
       -4.30076512e-05, -3.73075357e-05,  1.67758755e-06,  1.69259584e-07,
        2.79408942e-04, -3.10563959e-04, -4.81571546e-04,  1.12941433e-03,
        4.36057124e-04, -1.59277666e-04, -6.54185637e-05,  2.80661878e-06,
       -7.97767962e-07, -4.69701328e-04,  1.19199943e-02, -1.89625752e-02,
        9.49900570e-03,  3.00711066e-03, -1.32203474e-03, -5.76963496e-05,
        4.93742710e-07,  5.31329350e-07, -9.38803537e-02,  1.26087028e-01,
       -7.51936024e-02,  3.50884876e-03,  8.67244441e-03,  1.31967160e-03,
       -1.32028260e-04, -8.44289910e-06,  1.61386969e-06, -1.34584763e+00,
        5.07359148e-01, -6.01700644e-02,  9.39167266e-04, -3.05023208e-03,
       -1.08268939e-03, -1.10729645e-04,  4.20413498e-07, -2.93315065e-06,
        2.37015518e-06, -2.44435602e-05,  6.13300488e-04,  1.22490615e-03,
        9.74918181e-03,  2.19587248e-02, -2.85128631e-01, -2.13588882e+00,
       -2.11018435e-07,  8.77350041e-06, -2.97553059e-04,  4.10936118e-03,
        1.33417520e-02,  7.74992842e-02,  1.46548266e-01, -1.24322290e+00,
       -2.78839241e-06,  1.26875131e-05, -1.82926434e-04, -1.71655836e-04,
       -6.56942049e-03,  1.17522769e-02,  7.29501521e-02, -2.35203084e-01,
       -9.65354071e-07, -9.41548526e-07, -2.15666064e-05,  1.20146222e-03,
       -2.97833219e-03, -4.62537203e-03,  1.67974915e-02, -2.77443599e-02,
        3.79900140e-07, -8.96800032e-07,  1.66431203e-05,  1.51692789e-04,
       -3.71905383e-04, -4.96868252e-04,  3.13465068e-05, -7.54253162e-04,
       -2.71825669e-08, -1.04689042e-06,  2.43951088e-05,  3.40067722e-05,
       -8.39295768e-05,  2.71435821e-05, -1.06525729e-04,  3.51841870e-05,
        1.18892031e-07,  7.47708178e-08, -1.73070050e-06, -7.03437689e-07,
       -5.10474501e-06,  4.13338304e-07, -1.71262958e-06, -3.21692871e-06,
        1.87579844e-07, -7.71283820e-07, -9.40963079e-09, -3.55337373e-07,
        2.11102909e-07, -2.01724470e-07, -6.05639149e-08, -8.17418315e-08,
       -1.34574245e-08, -1.20721454e-08,  3.70256651e-08, -9.99218583e-10,
        9.82317966e-09,  1.10056177e-09, -2.08444139e-08,  3.06390232e-09],      dtype=float64)],
  'constr_violation': Array(0., dtype=float64),
  'cost': Array(33088.55955175, dtype=float64),
  'f0se': Array([ 3.61547541e-06,  3.16233512e-02, -2.63713606e-02, ...,
        1.39153956e+01,  1.71727225e+01,  1.79499577e+01], dtype=float64),
  'fse': Array([ 4.83483905e-06,  2.90431543e-02, -2.72148371e-02, ...,
        1.38992379e+01,  1.71575186e+01,  1.79345753e+01], dtype=float64),
  'fun': Array([ 4.83483905e-06,  2.90431543e-02, -2.72148371e-02, ...,
        1.38992379e+01,  1.71575186e+01,  1.79345753e+01], dtype=float64),
  'history': [ [ { 'G': Array([], shape=(0,), dtype=float64),
                   'I': Array([], shape=(0,), dtype=float64),
                   'L_lmn': Array([ 5.20140248e-07,  4.09436054e-07,  7.60568484e-07, -1.22906550e-06,
       -1.80656128e-06,  9.52620507e-07, -1.68327467e-06,  2.98497543e-06,
       -4.74540575e-07,  1.57483212e-06, -2.06801731e-06,  1.16104877e-06,
       -3.42811888e-08, -1.43357965e-06,  8.84501513e-07,  5.11773359e-07,
        1.00626573e-06,  3.75542851e-07, -4.07237411e-07, -4.25937083e-07,
        3.24937012e-08,  5.91595096e-07,  6.63268870e-07, -1.82717219e-07,
        1.11483945e-07,  9.81810146e-07, -2.52709449e-07, -7.68313615e-06,
        9.93876890e-06,  8.47163813e-06, -1.18197002e-05,  4.44376089e-06,
       -1.23941124e-05, -2.94083148e-07, -7.06635125e-06,  1.05842034e-05,
        1.50010326e-06,  7.80961448e-07,  4.54020842e-06, -4.93565600e-06,
        2.22599657e-06,  2.07740839e-06, -5.53275754e-06,  1.15895051e-06,
        1.35592560e-06, -2.48141268e-06, -1.32582277e-06,  1.05783157e-06,
       -8.74574452e-07,  8.11338409e-07, -3.63472194e-05,  1.19862019e-05,
        5.88785267e-05, -5.09824190e-05, -3.13676801e-05,  3.56809253e-05,
       -2.01524602e-05,  7.14499897e-05, -1.09210593e-05,  1.59789116e-05,
       -3.93064529e-05, -1.08481221e-05, -6.64107248e-06, -3.39117365e-06,
        1.00888598e-06,  7.07418086e-06, -1.11021427e-05,  1.55469328e-05,
       -2.99935815e-06,  1.58347005e-06,  8.69581059e-06,  5.78308195e-06,
       -5.74066158e-06,  1.30229143e-06, -5.15148398e-06,  1.07789497e-04,
       -4.73263124e-04, -1.94327394e-04,  2.82020146e-04,  5.10141432e-04,
       -1.05574899e-04,  5.58393609e-05, -2.71753214e-04,  3.57186097e-05,
       -1.37586482e-05,  9.38300042e-05,  9.13413395e-06,  5.52054795e-06,
        5.41486607e-06, -1.39856940e-05, -5.88538281e-05,  1.49499576e-05,
       -5.60413048e-06, -1.64207067e-05,  4.61664070e-05, -1.03883369e-05,
       -1.64780480e-05,  2.14738819e-05, -3.96188466e-06, -6.65618566e-06,
        1.24492174e-03,  1.47963146e-03, -1.29542004e-03, -6.25950037e-04,
       -1.46236840e-03,  2.39245432e-04, -2.86244087e-05,  1.00408482e-03,
       -3.75673459e-04, -6.15332345e-05, -1.89889757e-04,  2.44571775e-04,
        6.60320784e-06, -1.37186306e-04,  1.18030013e-04, -8.00349507e-05,
        2.65759948e-05, -3.70001507e-05, -2.92429833e-05, -4.06842307e-05,
        2.23018826e-05,  3.33064937e-05, -2.12452601e-05,  3.42432663e-05,
       -7.43021121e-06, -2.79279550e-03, -1.17088342e-03,  3.25177346e-03,
       -2.98794168e-03,  2.94956394e-03,  5.62143435e-04,  1.48744173e-04,
       -1.49157828e-03,  1.83546588e-03, -6.45758868e-05,  2.08378861e-04,
       -5.79764160e-04,  2.44729865e-06,  3.87372917e-04, -1.28578711e-04,
        5.01396592e-04, -5.56300135e-05, -1.24956146e-04,  1.18582647e-04,
       -1.76976136e-04, -1.20197566e-05, -9.70972331e-05,  1.26295476e-04,
       -4.39331857e-05, -7.11627322e-05,  2.97211784e-02, -3.05330030e-02,
       -1.40854740e-02,  9.23883696e-03,  4.56013539e-03, -1.17918006e-02,
       -1.38859274e-03,  3.40024800e-03, -9.70100985e-04, -7.71205662e-04,
       -9.93055121e-04,  1.88966334e-03,  2.38862211e-04, -4.63294815e-05,
       -9.60256434e-04,  1.29173589e-03,  5.85867580e-05,  2.74207708e-04,
        1.23820635e-04,  1.34589404e-04,  8.24804765e-06,  3.40396264e-04,
       -1.61369748e-04,  8.58265882e-05, -3.45275791e-05,  2.73630618e-02,
       -1.23253086e-02,  2.50785538e-03,  3.50672964e-03,  2.24083797e-03,
        1.94013509e-02,  4.06581442e-03, -4.73144666e-03, -1.24531646e-02,
        5.56688129e-05, -1.21796072e-03, -5.30226140e-03, -8.50629764e-04,
       -9.96259046e-04,  9.68917456e-04, -8.52875851e-05, -8.55704005e-04,
        9.75893709e-04, -2.34977449e-04,  1.15784774e-04, -4.86903686e-04,
       -4.94310772e-04, -1.30153248e-04,  1.27704874e-07, -4.35129141e-06,
       -2.42620701e-02, -1.01855039e-01,  7.60537916e-03,  7.75618167e-03,
        4.46494834e-03,  1.47869809e-02, -2.47595966e-03, -2.44592100e-03,
       -4.00042987e-02, -1.20452830e-03, -3.44042719e-04,  1.21308133e-03,
       -2.38107488e-04, -5.73307712e-05, -9.78306821e-04, -1.02966375e-03,
        2.88351619e-05, -5.30444600e-05, -1.38784023e-04, -9.00673352e-06,
       -2.46429802e-01,  1.31994707e-02, -1.19906735e-02,  2.77824317e-02,
        9.47047780e-03, -8.69595911e-03,  5.85432301e-03,  8.56036334e-04,
        9.27621649e-05, -3.15869920e-04, -1.47506905e-03,  6.06784223e-03,
        4.00118206e-05,  3.23143413e-04, -1.02743497e-03, -1.68216170e-04,
        4.77210879e-05, -4.12027616e-05,  2.48662892e-04,  6.83715215e-06,
        4.26424305e-02, -2.31025504e-02,  1.19992244e-02, -6.91754157e-03,
        3.89279117e-04,  3.88189706e-03, -1.46644373e-03, -1.19478938e-03,
        3.66897040e-04, -1.57721432e-03,  1.55584316e-03, -1.14499835e-03,
       -1.47389805e-04, -1.65720005e-04,  1.10078385e-05,  3.68123038e-04,
        4.78137203e-05, -1.43015354e-04,  5.23153139e-06, -6.16062029e-05,
       -2.35312045e-03,  3.53077542e-03,  1.56499026e-04, -2.92829894e-06,
       -1.73210621e-03, -3.18102316e-04,  4.96883436e-04,  1.31903480e-04,
        4.04869533e-04, -5.05166704e-04,  3.54237906e-05, -2.73789583e-04,
        1.73717057e-04, -1.35460642e-04,  2.17214108e-04, -9.19989820e-05,
        6.94578987e-05,  5.24810623e-05, -7.68590233e-05,  6.27793604e-05,
       -6.79052457e-05, -1.05699963e-05, -2.54094233e-04,  2.03712574e-04,
        3.33439449e-04, -1.57523826e-04, -1.82765926e-04,  7.23526586e-05,
       -1.14627115e-04,  4.90159061e-05, -4.63015389e-05,  9.70096650e-05,
        3.87104737e-05,  1.11533594e-05, -3.39875285e-05, -2.28520972e-05,
        8.53653174e-06, -3.24489857e-05,  5.03936671e-06,  1.26105551e-06,
       -1.11378003e-04, -1.48152412e-04,  1.51569835e-04,  7.49066729e-05,
       -3.74530404e-05,  9.93993974e-05, -1.70842555e-05, -1.45439389e-04,
        1.61825732e-05,  6.43486514e-05,  1.28972556e-05,  1.30963467e-05,
       -4.26744552e-05,  2.22740539e-05,  1.70567826e-05,  2.29420210e-05,
        6.48443784e-06,  3.09210934e-06, -1.46543703e-05, -1.84133601e-06,
       -3.14825555e-06,  9.93006846e-05, -8.07475568e-05, -3.59473072e-05,
        1.90231041e-05, -9.85475780e-05,  1.14854295e-05,  8.70293816e-05,
        3.49006511e-05, -8.86962536e-06, -1.48853035e-05, -8.51078197e-06,
       -2.22330051e-06,  4.19127561e-06, -1.61713961e-05,  2.53202743e-06,
        4.58874950e-06, -7.72048937e-07,  6.52639623e-06, -2.29411774e-06,
        1.31493724e-06, -1.51701374e-05,  1.95613913e-05,  3.90707630e-06,
       -7.27866842e-07,  1.41117016e-05, -2.80363757e-06, -1.97330343e-05,
       -7.64458454e-06, -6.59416783e-07,  5.98611671e-06,  1.63060704e-06,
       -2.28781351e-06, -6.01241971e-07,  4.36950331e-06, -1.94596963e-06,
       -7.61497188e-07,  4.42739219e-07, -1.40304555e-06,  5.05659236e-07,
       -5.56945818e-07,  1.07328867e-06, -1.10968991e-06, -3.08746158e-07,
       -1.90628818e-07, -9.46906712e-07, -1.10437234e-06,  2.11024116e-06,
        6.88645972e-07, -8.57775884e-07, -1.57237856e-06, -1.23538398e-06,
        4.25211721e-07,  2.55133043e-07,  1.69865309e-07,  3.37917316e-08,
       -1.59005080e-07,  1.75736377e-07, -2.27784823e-07, -1.09491659e-07],      dtype=float64),
                   'Phi_mn': Array([], shape=(0,), dtype=float64),
                   'Psi': Array([50.20413129], dtype=float64),
                   'R_lmn': Array([-2.94118789e-06, -1.39340509e-06, -1.11758248e-06,  3.91034549e-06,
        1.37307661e-06,  9.40240725e-08,  3.91724246e-07,  9.02161519e-08,
       -9.20053407e-08, -4.31626782e-07, -2.74250907e-07,  1.11769689e-06,
       -2.01436610e-08, -3.92168584e-07,  1.06642758e-06, -8.26859271e-07,
       -7.36358192e-09,  4.07542404e-07, -1.11610149e-06,  1.93487631e-07,
       -6.86005091e-06, -7.92698738e-06, -1.55375979e-05,  1.17872758e-05,
        8.00840362e-06,  2.20319115e-05,  1.21780372e-06,  1.49984815e-05,
       -4.52231839e-06,  4.06797193e-06, -1.26468834e-05, -1.35050099e-05,
       -4.48348087e-07, -6.15530127e-07,  7.89877629e-07, -1.34658240e-07,
        3.95592910e-08, -3.77619838e-06,  4.53536381e-06, -4.26374178e-07,
        7.46311717e-05, -4.51866079e-05,  5.52803791e-05, -1.10899617e-04,
        1.25926561e-05,  3.55538346e-05, -1.66551647e-05, -4.32041409e-05,
        4.06239679e-05, -6.91346585e-07, -9.77885705e-06,  5.08624801e-06,
        1.76295799e-06,  1.72211191e-05, -3.25566730e-06,  7.32471681e-07,
       -2.62397635e-07,  8.36523944e-06, -4.59506476e-06,  5.40301798e-07,
        1.97867270e-04,  3.39785621e-04, -4.13688340e-04,  1.12047069e-04,
        7.59980219e-05, -4.35920487e-04,  1.05569285e-04,  1.04454953e-04,
       -2.19560095e-04,  1.90877241e-05,  3.45862952e-05,  1.75166147e-05,
        1.41095229e-06, -5.00389726e-05,  2.16743610e-05, -7.92669365e-06,
        1.79961820e-07, -1.74052024e-05,  1.62671852e-05, -1.91601199e-06,
       -4.17300966e-03, -2.18908273e-03,  6.76801719e-04,  2.81176247e-03,
       -1.41354962e-03,  2.45805059e-03,  9.16643585e-04, -5.78685220e-04,
        2.49710429e-04, -3.97875060e-05,  7.01817274e-05, -2.15085533e-04,
        6.57429840e-06, -4.14650392e-05, -7.05022001e-05,  1.58536130e-06,
        4.11316250e-07,  3.03168976e-05, -3.57461814e-06,  3.72003889e-06,
       -1.86302862e-02,  7.83263000e-03,  3.68319283e-03, -2.20273232e-03,
       -2.19628628e-05, -9.80882169e-04, -3.73319694e-04, -7.32450956e-04,
       -1.08483126e-03, -5.90758220e-05, -6.21378314e-04,  4.85075281e-04,
        5.83648524e-07,  1.77857935e-05,  1.27631014e-04,  1.27539719e-04,
        7.85516721e-07, -1.40792199e-05,  1.22194130e-05, -6.00970512e-05,
       -3.12210787e-01,  1.29018772e-01, -8.57488567e-03,  2.52022623e-02,
        1.44118554e-03,  1.01656981e-02,  2.49207965e-03, -3.09086800e-03,
        4.44797032e-03,  1.97487334e-07, -1.52083563e-03, -9.78457117e-04,
       -4.52644125e-06,  2.22108017e-05, -3.39259210e-04, -1.08981322e-04,
        3.12576019e-07, -5.68747064e-05,  1.29934097e-04, -7.79209658e-05,
       -1.44566027e+00,  2.26648099e-02,  6.97995681e-02, -1.19863289e-02,
       -5.10719359e-03,  3.60636582e-02, -4.52186399e-03,  6.06871255e-03,
       -8.50316302e-03,  5.03443858e-04,  1.52038175e-03,  3.64100049e-03,
        3.76205481e-06,  1.55770325e-04, -8.17997839e-04,  3.92376252e-04,
        5.33933641e-07,  6.43542830e-05,  4.48544837e-05,  1.61369017e-04,
        1.01764866e+01,  1.65754569e+00, -3.24636873e-01,  3.70741628e-01,
        3.26754797e-02, -1.79651722e-02,  4.42820747e-02, -4.08848921e-02,
       -2.09525522e-02,  1.49911370e-03, -1.08025711e-02,  7.00651894e-05,
        2.74575740e-04, -2.30391955e-03, -1.20828595e-03, -5.61782248e-05,
        8.06312504e-05, -8.83709773e-05, -4.73910247e-04, -1.01392829e-05,
        6.80698122e-05, -3.72472899e-04,  9.21845898e-05, -1.91647453e-05,
       -1.37361371e-06,  1.87305063e+00, -7.49253506e-01,  8.37806688e-02,
        1.46330501e-02, -1.32303513e-02,  1.93570241e-02, -2.71115794e-02,
        3.38954117e-02, -1.26534606e-02,  3.05095208e-03,  1.37762880e-04,
       -3.04841803e-03, -3.62509906e-04, -2.65951640e-04,  2.46993035e-03,
        9.51818377e-05,  5.72431100e-04,  1.42479673e-04,  2.87632122e-04,
       -1.86039886e-05, -7.33920768e-05,  4.60768172e-05,  9.08709278e-06,
        4.81920467e-05, -1.85142547e-06,  1.41946188e-01, -1.48962051e-01,
       -4.35123058e-02,  1.42923945e-01, -5.48418811e-03, -2.15224915e-02,
        2.42368733e-03,  2.93094053e-04, -2.46978196e-03,  3.36131233e-03,
       -2.73905599e-03,  1.10118321e-03, -1.14077511e-03,  7.20093543e-04,
       -1.29247309e-03,  2.24377563e-04,  2.09428279e-04, -2.68169189e-04,
        7.37878017e-05, -1.77716764e-05,  7.29562221e-05, -1.03321493e-04,
        3.42985664e-05, -2.77342296e-06,  1.09196208e-06,  8.98648645e-03,
       -2.76691149e-03, -1.03637701e-02,  7.86248383e-03, -4.75373585e-03,
       -1.35784274e-03,  9.61163083e-04,  4.68978735e-04, -1.77048979e-04,
        3.86781208e-04, -3.41011013e-04, -3.00801680e-04,  9.14680696e-05,
        3.26811814e-04, -6.87306587e-04,  1.73504469e-06, -9.31046263e-05,
        8.83540762e-07,  1.05567697e-06, -1.09118017e-06, -1.90991364e-05,
       -5.22475051e-06,  7.57908246e-05, -1.92578462e-05,  1.32472812e-06,
        4.47051630e-04, -6.76693338e-04, -1.08432042e-03, -3.74786840e-04,
        2.21304795e-04, -7.02188322e-05,  5.12872518e-04,  1.20147702e-03,
       -1.61032189e-03,  1.46129870e-04, -6.37929762e-04,  8.86783443e-04,
        2.42598237e-05,  6.80799157e-06,  1.93126109e-04, -4.32551993e-07,
        1.01563727e-05, -6.79257911e-05,  1.23178279e-05,  2.51667473e-06,
        1.55231396e-05, -2.79471254e-05, -2.59705778e-05,  2.58256542e-05,
        1.48360610e-06,  1.95226303e-04,  5.07485344e-04, -7.38688320e-05,
        3.24632454e-04, -3.81742927e-04, -6.66999591e-04, -9.79653042e-05,
       -3.17999156e-04,  1.11817705e-04, -4.66163942e-06,  3.02654323e-04,
        1.06242676e-04, -2.60170065e-05, -7.43410356e-06, -3.17276956e-05,
        3.33327094e-05, -8.23612251e-06,  3.14078562e-05, -4.80732451e-05,
        3.38193793e-06, -1.59862891e-06,  7.92443836e-06,  1.01722877e-05,
       -1.41376187e-05, -7.05269840e-07, -4.17007970e-05,  1.40990016e-04,
        4.16279339e-06, -4.32836136e-05, -1.89619074e-04,  6.19733360e-05,
        5.07047231e-05,  1.19604248e-05,  2.49218363e-06,  4.84450251e-05,
       -6.65138338e-05, -1.52036518e-05, -1.10196911e-05,  2.90570216e-05,
        9.97840579e-06,  3.40889775e-06, -4.30503117e-07,  2.19861372e-06,
        1.88540716e-05, -6.23305555e-08, -2.15937283e-07, -2.97079318e-06,
       -6.88597448e-06,  7.85903552e-06, -3.01173574e-08, -1.54288026e-05,
        1.67678906e-05, -8.95368769e-06, -3.16048498e-05, -1.68536896e-06,
       -9.69762745e-06,  1.57649448e-05,  3.88384290e-05,  5.32529393e-06,
       -1.01241491e-05,  1.20254846e-05,  2.92563550e-06,  7.95596701e-06,
       -6.25033759e-06, -1.00819020e-05,  4.06347128e-06, -4.97068443e-06,
       -2.37043670e-06, -3.29182069e-06,  3.97484912e-07,  8.68473397e-07,
       -9.68961393e-07,  5.01954785e-06, -3.62800642e-06, -4.36903764e-07,
       -1.51181367e-06,  1.54073850e-06, -1.56375613e-07, -1.64984255e-06,
       -1.38454834e-07, -4.73219780e-07,  1.82177851e-06,  1.80519040e-07,
        2.20551811e-06, -6.76053923e-07, -7.80396442e-07,  4.50546717e-07,
        1.76577569e-07,  1.13855314e-06, -1.22269976e-06, -4.99307351e-07,
       -7.42915088e-07,  1.27855463e-06, -4.25701417e-07, -2.31279196e-08,
       -3.14967305e-07,  3.25441747e-07, -9.97405191e-07,  5.57178377e-07,
       -5.00079178e-08], dtype=float64),
                   'Ra_n': Array([ 1.05451991e+01,  1.76244750e+00,  1.89095912e-01,  2.02008525e-02,
        2.03550788e-03,  1.95548208e-04,  1.56448865e-05,  2.20233626e-06,
       -2.52044197e-08], dtype=float64),
                   'Rb_lmn': Array([-7.36358192e-09, -2.01436610e-08, -2.40843781e-08, -4.44338448e-10,
       -1.72757938e-08,  3.90612572e-08,  1.18035005e-08,  5.02929924e-08,
        3.95592910e-08, -4.48348087e-07,  2.91773553e-07,  6.02273595e-07,
       -1.03115983e-07,  2.50761260e-07,  1.73539979e-07,  2.70248261e-07,
       -2.62397635e-07,  1.76295799e-06,  7.67389285e-06,  5.65954421e-07,
       -1.78126575e-06,  8.82057087e-06, -4.00622350e-06,  5.08799462e-06,
        1.79961820e-07,  1.41095229e-06,  1.68252170e-06,  5.55303121e-05,
        1.26851502e-04, -2.87559025e-04, -8.05342640e-05,  8.24275506e-05,
        4.11316250e-07,  6.57429840e-06, -9.47060842e-06,  8.75178546e-04,
       -1.34694251e-03,  2.76142985e-05,  5.76023719e-05, -1.10995140e-03,
        7.85516721e-07,  5.83648524e-07, -7.31550418e-05, -3.55533901e-04,
       -6.31121763e-04,  3.07837289e-03,  7.27672606e-03, -2.17903100e-02,
        3.12576019e-07, -4.52644125e-06, -5.66772190e-05,  2.51429045e-03,
        5.02840032e-05, -1.20050129e-02,  1.38128092e-01, -2.82669536e-01,
        5.33933641e-07,  3.76205481e-06,  5.67798141e-04, -4.36609366e-03,
       -3.54195737e-03,  7.50502828e-02,  6.25308376e-02, -1.46575739e+00,
        9.89647447e+00,  1.69180092e+00,  3.27180343e-01, -2.88561143e-02,
       -2.20686536e-02, -4.03845058e-04, -7.53429700e-05, -1.01392829e-05,
       -1.37361371e-06,  1.92928382e+00, -7.58860474e-01,  4.83085870e-02,
        1.96372666e-02, -1.01744432e-02, -2.76078591e-03,  1.43373884e-04,
       -1.86039886e-05, -1.85142547e-06,  9.97897505e-02, -1.50875498e-01,
        1.43833811e-01, -2.45297167e-02, -3.72795648e-03,  1.17497101e-03,
        2.21604141e-04, -1.77716764e-05,  1.09196208e-06, -3.43751684e-04,
       -7.22697076e-03,  8.65304963e-03, -1.69797022e-03, -7.88564741e-04,
       -2.99746003e-04, -1.75228015e-05, -1.09118017e-06,  1.32472812e-06,
       -8.46133083e-05, -2.99102300e-04,  8.05551043e-04, -7.76074385e-04,
       -1.44316636e-03,  8.99101271e-04,  2.53931022e-05,  2.51667473e-06,
        1.48360610e-06, -4.22346870e-06,  1.12844655e-04,  7.12363303e-06,
       -3.32937411e-04,  9.02622969e-05,  5.81694311e-05,  1.91950906e-05,
        3.38193793e-06, -7.05269840e-07,  1.93109115e-06, -6.14536275e-07,
       -5.23696042e-06, -2.34188412e-06,  5.58461493e-06,  3.65041976e-06,
        1.12679333e-05, -6.23305555e-08, -3.01173574e-08,  2.06894914e-07,
       -1.23118783e-08,  1.42802785e-08, -4.25795169e-08,  2.62939756e-07,
       -3.66185193e-07,  4.35464864e-07,  3.97484912e-07, -4.36903764e-07,
        1.51994928e-08, -1.66853412e-08, -5.32862302e-09,  2.49384079e-08,
       -1.45868349e-08,  2.48452998e-08,  5.78710267e-08, -2.31279196e-08,
       -5.00079178e-08], dtype=float64),
                   'Te_l': Array([ 9.44675971e+03, -9.45622045e+03, -8.24434120e+00, -9.06724940e+00,
       -7.67336364e+00], dtype=float64),
                   'Ti_l': Array([ 9.44675591e+03, -9.45623747e+03, -8.28198874e+00, -9.13240401e+00,
       -7.74951979e+00], dtype=float64),
                   'Z_lmn': Array([ 2.04782706e-06, -2.78274157e-06,  9.62139260e-07,  1.69684268e-06,
       -8.51892597e-07,  4.33905611e-07, -2.04128973e-06, -3.48837904e-07,
       -2.12375341e-06,  2.51776959e-06,  1.31947801e-06,  7.96217345e-08,
       -9.93031215e-07, -1.12621308e-06,  2.02064008e-06,  1.12824813e-08,
        1.11624813e-06, -1.72001336e-06, -7.04170042e-08, -3.86465617e-08,
       -6.18477800e-09, -2.29287480e-07,  9.64858741e-08,  3.87352887e-08,
        6.67861106e-10,  1.13614819e-05, -1.62734935e-05,  1.41947880e-06,
        3.04783076e-05,  1.49862340e-05, -1.12055321e-06, -1.11868450e-05,
       -3.47905209e-05, -1.05798511e-06,  6.05383147e-07, -5.17109942e-07,
       -2.50457957e-06, -1.28733045e-06,  1.67497713e-06,  2.94627098e-06,
       -1.13439914e-06,  6.81424161e-07,  1.62640727e-06,  2.32859292e-06,
       -6.28097362e-07, -1.36441691e-07,  2.55173955e-06, -2.05471126e-06,
        1.54499271e-06,  1.01218931e-07,  3.49855890e-05, -5.25858084e-05,
        1.55168451e-05,  2.56906640e-05,  6.76189547e-05,  4.60973873e-05,
       -4.58420436e-05, -2.35651725e-05, -3.90734549e-06, -1.76886971e-05,
       -4.94396234e-05, -9.10815164e-07, -6.06707350e-06,  2.23860462e-06,
        2.73067706e-06, -2.49607667e-06,  5.78332814e-06,  5.39594162e-06,
        3.71335243e-07,  9.77583701e-08,  3.20402574e-07,  2.29354007e-07,
        5.07248676e-07, -1.04435706e-06, -2.18333742e-07,  1.70443047e-05,
       -6.12994236e-04,  6.63799550e-05,  1.84150821e-04,  6.17261468e-04,
        4.74633983e-05, -1.15290262e-04, -1.46052054e-04,  1.27379557e-04,
       -3.05441797e-05,  2.34867266e-05, -3.36280429e-05,  1.76332651e-05,
       -5.40629492e-05, -2.19996943e-05, -3.44018188e-05,  9.57138094e-06,
       -9.13867578e-06, -9.37298064e-06,  1.67758755e-06, -4.76181422e-06,
        7.27448058e-06, -4.11531393e-06, -2.90111326e-06,  1.69259584e-07,
       -8.18496825e-04, -1.53508809e-03,  1.16739152e-03, -1.51208358e-03,
        1.46837642e-03,  1.16789743e-03, -6.51884304e-05,  1.07227579e-03,
        4.04304085e-04, -2.54654980e-04, -1.89499204e-05, -1.84538778e-04,
       -7.94129658e-06, -2.89242899e-05,  1.75215961e-05, -5.68662785e-05,
        1.07686382e-05, -1.95659885e-05,  2.52591991e-05,  2.80661878e-06,
        3.69629406e-06, -1.28742075e-05,  1.42442209e-05, -8.54519987e-06,
       -7.97767962e-07, -8.72712093e-03,  1.10838174e-02,  9.54867755e-03,
       -1.47860929e-02,  1.57454912e-03,  9.08666541e-03, -1.22690802e-03,
       -4.28166934e-03,  3.44724688e-03, -6.91626433e-04,  3.03745939e-04,
       -1.34085612e-03, -3.53624058e-05,  5.64721367e-05, -4.54741364e-04,
        1.24209936e-06, -4.67309691e-05,  1.08499351e-04,  1.88811099e-05,
        4.93742710e-07, -2.89260504e-05,  4.86372954e-05,  1.46342447e-05,
       -5.89244536e-05,  5.31329350e-07, -1.31112845e-01,  1.02224082e-01,
        3.91439906e-02, -7.52855866e-02,  2.69727201e-02,  9.19688979e-04,
       -2.31587668e-03,  1.90718672e-03,  6.98723600e-03, -3.19700729e-03,
        2.55377997e-03,  1.29535271e-03,  3.79219825e-04, -1.93981610e-03,
        1.74649549e-03, -1.53510429e-04,  8.72889618e-05,  3.52977517e-05,
        2.42838274e-05, -8.44289910e-06,  2.52618381e-05,  1.24545144e-04,
       -6.13755232e-05,  2.15112321e-05,  1.61386969e-06, -1.42250644e+00,
        4.87068323e-01,  6.52462108e-02, -4.23424698e-02,  2.69733819e-02,
        5.19719494e-03,  9.31455363e-03, -1.81738930e-02, -4.32554665e-03,
       -6.13112102e-03, -4.55590936e-03, -7.62022047e-04,  2.25011326e-03,
        1.75919461e-04,  1.29851735e-03, -1.25944297e-04, -5.51313473e-04,
        2.97535466e-04, -3.20595351e-04,  4.20413498e-07, -1.51928263e-04,
        1.70247295e-04, -2.33288979e-05,  1.52789959e-05, -2.93315065e-06,
       -2.17522858e+00, -3.46640741e-01,  9.32736796e-03,  5.44035509e-02,
        8.17727782e-03,  5.62887762e-02,  9.91008488e-04,  1.31525010e-02,
       -1.54975587e-02,  5.34469028e-04,  1.56511171e-03,  4.92310557e-03,
       -2.44435602e-05,  2.33929642e-04, -5.21464570e-04,  4.33891230e-04,
        2.37015518e-06,  7.88043990e-05,  6.82245786e-06,  3.00095747e-04,
       -1.25148276e+00,  1.31465943e-01,  7.18148626e-02,  2.55978168e-03,
        1.58274657e-02,  1.34709047e-02,  4.21507225e-03,  5.85607963e-03,
        5.85410428e-03, -2.16876297e-04, -2.48802100e-03,  1.59186544e-03,
        8.77350041e-06, -1.05737947e-04, -1.71445821e-04, -1.54075566e-04,
       -2.11018435e-07, -8.07662306e-05,  2.49626246e-06,  1.94766378e-05,
       -2.46283621e-01,  6.15996910e-02,  1.46013241e-02,  1.14915703e-02,
       -5.36351298e-03,  1.06314059e-02, -6.00539926e-05, -2.87104894e-03,
       -6.50747889e-04, -1.39388885e-04, -1.17512152e-03,  8.67527252e-04,
        1.26875131e-05, -1.11498858e-04,  2.18217019e-05,  2.39705194e-04,
       -2.78839241e-06, -4.35170856e-05, -3.07281898e-05, -1.48526672e-04,
       -3.02848263e-02,  1.56574106e-02, -3.70112492e-03,  2.07467763e-03,
       -3.26243295e-03,  1.42083919e-03,  1.28289061e-03, -9.96328527e-04,
        3.93468879e-04, -9.42522567e-05,  2.95448528e-04, -2.48113162e-04,
       -9.41548526e-07, -8.14362698e-05,  7.20440285e-05,  7.22667304e-05,
       -9.65354071e-07,  7.26951169e-05, -1.13513689e-05, -3.27274251e-05,
       -1.97617144e-03, -4.22317409e-04, -4.56924683e-04,  1.43573350e-03,
       -3.91143154e-04,  5.10051300e-04,  2.29324191e-04, -6.49174682e-06,
       -2.05555235e-04,  1.05836426e-05,  1.31485487e-05, -6.81744991e-05,
       -8.96800032e-07, -7.76082663e-05, -3.34633834e-05, -8.25919789e-06,
        3.79900140e-07,  6.05558152e-06,  6.08945338e-06,  1.17645567e-05,
        5.12691816e-05,  1.50934896e-05,  1.83865970e-04,  2.01891694e-05,
       -1.14632845e-04, -1.50918370e-04,  1.74028631e-05, -1.69823252e-04,
       -4.22223466e-05,  2.22139707e-05,  1.98619587e-05,  4.02830863e-05,
       -1.04689042e-06,  1.66084663e-05,  1.31080576e-05,  5.95666506e-06,
       -2.71825669e-08,  2.17793081e-06,  1.08391804e-05, -1.10205894e-05,
       -1.82889141e-05,  1.70027838e-05, -8.59343242e-05, -3.86912422e-06,
        1.96029584e-05,  2.65937538e-05, -2.74879916e-07,  9.74349261e-05,
        1.58618169e-05, -7.74777253e-07, -2.40683619e-05, -4.78319851e-05,
        7.47708178e-08, -4.22383821e-07, -1.10728831e-05,  3.08269791e-06,
        1.18892031e-07, -9.58119892e-07, -6.45619611e-07,  2.50623701e-06,
       -1.46478627e-06, -2.14537819e-05,  8.78341068e-07,  2.32781842e-06,
        1.33513223e-06,  2.16041518e-05, -5.51956349e-07, -2.77728801e-06,
       -8.33626247e-07,  1.62906775e-06, -3.33291898e-06,  1.29187715e-06,
       -7.71283820e-07,  1.96618976e-07,  1.69722247e-06, -1.11147730e-07,
        1.87579844e-07, -1.63847738e-06,  2.20888966e-06, -1.50281099e-06,
       -2.29769970e-06, -9.93342183e-07, -2.18980142e-06,  2.46300539e-06,
        1.68881353e-06,  1.38833490e-06, -2.92218685e-07,  1.24829108e-06,
        1.16686654e-06,  2.06944656e-07, -1.45135446e-06, -6.17961030e-07,
       -1.20721454e-08,  2.91219466e-07,  9.42610899e-07, -1.32910833e-06,
       -1.34574245e-08, -1.69918991e-07, -2.27635885e-07,  2.02123903e-07],      dtype=float64),
                   'Za_n': Array([ 3.12445082e-08, -9.39531179e-08, -1.99858236e-05, -1.87020991e-04,
       -2.03943918e-03, -1.94962701e-02, -1.72926670e-01, -1.48084014e+00],      dtype=float64),
                   'Zb_lmn': Array([-3.05394012e-08, -6.16440230e-10, -7.49578132e-09,  3.33702675e-08,
       -6.62745854e-09,  9.20473031e-09,  5.00177700e-08, -3.86465617e-08,
        6.67861106e-10,  1.70343581e-07, -4.52145851e-10, -8.54965817e-08,
       -1.12558827e-08, -1.66425389e-07, -1.75986651e-07,  4.10593569e-07,
       -6.28097362e-07,  1.01218931e-07, -1.08628045e-06,  3.12777741e-06,
        4.59345009e-06,  2.05370560e-06, -6.69419757e-07, -5.39479921e-07,
       -3.54043373e-06,  9.77583701e-08, -2.18333742e-07, -1.89945511e-05,
       -1.67055663e-05, -8.68970158e-06,  6.18114492e-05,  1.01264549e-04,
       -4.30010235e-05, -3.73029321e-05,  1.67758755e-06,  1.69259584e-07,
        2.79461260e-04, -3.10598011e-04, -4.81606288e-04,  1.12938152e-03,
        4.36069902e-04, -1.59279579e-04, -6.54114784e-05,  2.80661878e-06,
       -7.97767962e-07, -4.69639856e-04,  1.19200091e-02, -1.89626528e-02,
        9.49891070e-03,  3.00713976e-03, -1.32197501e-03, -5.76823543e-05,
        4.93742710e-07,  5.31329350e-07, -9.38802494e-02,  1.26087084e-01,
       -7.51936708e-02,  3.50876670e-03,  8.67235597e-03,  1.31963654e-03,
       -1.31999196e-04, -8.44289910e-06,  1.61386969e-06, -1.34584749e+00,
        5.07359271e-01, -6.01701961e-02,  9.38821050e-04, -3.05035820e-03,
       -1.08261740e-03, -1.10665301e-04,  4.20413498e-07, -2.93315065e-06,
        2.37015518e-06, -2.44435602e-05,  6.13273427e-04,  1.22493813e-03,
        9.74921199e-03,  2.19584044e-02, -2.85128764e-01, -2.13588870e+00,
       -2.11018435e-07,  8.77350041e-06, -2.97642528e-04,  4.10933430e-03,
        1.33419410e-02,  7.74994964e-02,  1.46548190e-01, -1.24322295e+00,
       -2.78839241e-06,  1.26875131e-05, -1.82905970e-04, -1.71552851e-04,
       -6.56936268e-03,  1.17520969e-02,  7.29500975e-02, -2.35203093e-01,
       -9.65354071e-07, -9.41548526e-07, -2.15571398e-05,  1.20145434e-03,
       -2.97833579e-03, -4.62540942e-03,  1.67974092e-02, -2.77444131e-02,
        3.79900140e-07, -8.96800032e-07,  1.66392241e-05,  1.51715925e-04,
       -3.71905152e-04, -4.96879814e-04,  3.13239485e-05, -7.54252377e-04,
       -2.71825669e-08, -1.04689042e-06,  2.43919015e-05,  3.40113294e-05,
       -8.39317055e-05,  2.71507757e-05, -1.06562383e-04,  3.51926695e-05,
        1.18892031e-07,  7.47708178e-08, -1.73289715e-06, -6.97263737e-07,
       -5.11102313e-06,  4.27718697e-07, -1.72921050e-06, -3.21352352e-06,
        1.87579844e-07, -7.71283820e-07, -9.40963079e-09, -3.55337373e-07,
        2.11102909e-07, -2.01724470e-07, -6.05639149e-08, -8.17418315e-08,
       -1.34574245e-08, -1.20721454e-08,  3.70256651e-08, -9.99218583e-10,
        9.82317966e-09,  1.10056177e-09, -2.08444139e-08,  3.06390232e-09],      dtype=float64),
                   'Zeff_l': Array([1.00054523, 0.00182028, 0.00354465, 0.00554989, 0.00547013],      dtype=float64),
                   'a_lmn': Array([], shape=(0,), dtype=float64),
                   'c_l': Array([0., 0., 0., 0., 0.], dtype=float64),
                   'i_l': Array([], shape=(0,), dtype=float64),
                   'ne_l': Array([ 2.37936023e+20,  1.07631754e-23,  5.58539569e-24,  5.52262186e-24,
        3.65100543e-24, -2.38550439e+20], dtype=float64),
                   'ni_l': Array([], shape=(0,), dtype=float64),
                   'p_l': Array([], shape=(0,), dtype=float64)}],
               [ { 'G': Array([], shape=(0,), dtype=float64),
                   'I': Array([], shape=(0,), dtype=float64),
                   'L_lmn': Array([ 5.20140248e-07,  4.09436054e-07,  7.60568484e-07, -1.22906550e-06,
       -1.80656128e-06,  9.52620507e-07, -1.68327467e-06,  2.98497543e-06,
       -4.74540575e-07,  1.57483212e-06, -2.06801731e-06,  1.16104877e-06,
       -3.42811888e-08, -1.43357965e-06,  8.84501513e-07,  5.11773359e-07,
        1.00626573e-06,  3.75542851e-07, -4.07237411e-07, -4.25937083e-07,
        3.24937012e-08,  5.91595096e-07,  6.63268870e-07, -1.82717219e-07,
        1.11483945e-07,  9.81810146e-07, -2.52709449e-07, -7.68313615e-06,
        9.93876890e-06,  8.47163813e-06, -1.18197002e-05,  4.44376089e-06,
       -1.23941124e-05, -2.94083148e-07, -7.06635125e-06,  1.05842034e-05,
        1.50010326e-06,  7.80961448e-07,  4.54020842e-06, -4.93565600e-06,
        2.22599657e-06,  2.07740839e-06, -5.53275754e-06,  1.15895051e-06,
        1.35592560e-06, -2.48141268e-06, -1.32582277e-06,  1.05783157e-06,
       -8.74574452e-07,  8.11338409e-07, -3.63472194e-05,  1.19862019e-05,
        5.88785267e-05, -5.09824190e-05, -3.13676801e-05,  3.56809253e-05,
       -2.01524602e-05,  7.14499897e-05, -1.09210593e-05,  1.59789116e-05,
       -3.93064529e-05, -1.08481221e-05, -6.64107248e-06, -3.39117365e-06,
        1.00888598e-06,  7.07418086e-06, -1.11021427e-05,  1.55469328e-05,
       -2.99935815e-06,  1.58347005e-06,  8.69581059e-06,  5.78308195e-06,
       -5.74066158e-06,  1.30229143e-06, -5.15148398e-06,  1.07789497e-04,
       -4.73263124e-04, -1.94327394e-04,  2.82020146e-04,  5.10141432e-04,
       -1.05574899e-04,  5.58393609e-05, -2.71753214e-04,  3.57186097e-05,
       -1.37586482e-05,  9.38300042e-05,  9.13413395e-06,  5.52054795e-06,
        5.41486607e-06, -1.39856940e-05, -5.88538281e-05,  1.49499576e-05,
       -5.60413048e-06, -1.64207067e-05,  4.61664070e-05, -1.03883369e-05,
       -1.64780480e-05,  2.14738819e-05, -3.96188466e-06, -6.65618566e-06,
        1.24492174e-03,  1.47963146e-03, -1.29542004e-03, -6.25950037e-04,
       -1.46236840e-03,  2.39245432e-04, -2.86244087e-05,  1.00408482e-03,
       -3.75673459e-04, -6.15332345e-05, -1.89889757e-04,  2.44571775e-04,
        6.60320784e-06, -1.37186306e-04,  1.18030013e-04, -8.00349507e-05,
        2.65759948e-05, -3.70001507e-05, -2.92429833e-05, -4.06842307e-05,
        2.23018826e-05,  3.33064937e-05, -2.12452601e-05,  3.42432663e-05,
       -7.43021121e-06, -2.79279550e-03, -1.17088342e-03,  3.25177346e-03,
       -2.98794168e-03,  2.94956394e-03,  5.62143435e-04,  1.48744173e-04,
       -1.49157828e-03,  1.83546588e-03, -6.45758868e-05,  2.08378861e-04,
       -5.79764160e-04,  2.44729865e-06,  3.87372917e-04, -1.28578711e-04,
        5.01396592e-04, -5.56300135e-05, -1.24956146e-04,  1.18582647e-04,
       -1.76976136e-04, -1.20197566e-05, -9.70972331e-05,  1.26295476e-04,
       -4.39331857e-05, -7.11627322e-05,  2.97211784e-02, -3.05330030e-02,
       -1.40854740e-02,  9.23883696e-03,  4.56013539e-03, -1.17918006e-02,
       -1.38859274e-03,  3.40024800e-03, -9.70100985e-04, -7.71205662e-04,
       -9.93055121e-04,  1.88966334e-03,  2.38862211e-04, -4.63294815e-05,
       -9.60256434e-04,  1.29173589e-03,  5.85867580e-05,  2.74207708e-04,
        1.23820635e-04,  1.34589404e-04,  8.24804765e-06,  3.40396264e-04,
       -1.61369748e-04,  8.58265882e-05, -3.45275791e-05,  2.73630618e-02,
       -1.23253086e-02,  2.50785538e-03,  3.50672964e-03,  2.24083797e-03,
        1.94013509e-02,  4.06581442e-03, -4.73144666e-03, -1.24531646e-02,
        5.56688129e-05, -1.21796072e-03, -5.30226140e-03, -8.50629764e-04,
       -9.96259046e-04,  9.68917456e-04, -8.52875851e-05, -8.55704005e-04,
        9.75893709e-04, -2.34977449e-04,  1.15784774e-04, -4.86903686e-04,
       -4.94310772e-04, -1.30153248e-04,  1.27704874e-07, -4.35129141e-06,
       -2.42620701e-02, -1.01855039e-01,  7.60537916e-03,  7.75618167e-03,
        4.46494834e-03,  1.47869809e-02, -2.47595966e-03, -2.44592100e-03,
       -4.00042987e-02, -1.20452830e-03, -3.44042719e-04,  1.21308133e-03,
       -2.38107488e-04, -5.73307712e-05, -9.78306821e-04, -1.02966375e-03,
        2.88351619e-05, -5.30444600e-05, -1.38784023e-04, -9.00673352e-06,
       -2.46429802e-01,  1.31994707e-02, -1.19906735e-02,  2.77824317e-02,
        9.47047780e-03, -8.69595911e-03,  5.85432301e-03,  8.56036334e-04,
        9.27621649e-05, -3.15869920e-04, -1.47506905e-03,  6.06784223e-03,
        4.00118206e-05,  3.23143413e-04, -1.02743497e-03, -1.68216170e-04,
        4.77210879e-05, -4.12027616e-05,  2.48662892e-04,  6.83715215e-06,
        4.26424305e-02, -2.31025504e-02,  1.19992244e-02, -6.91754157e-03,
        3.89279117e-04,  3.88189706e-03, -1.46644373e-03, -1.19478938e-03,
        3.66897040e-04, -1.57721432e-03,  1.55584316e-03, -1.14499835e-03,
       -1.47389805e-04, -1.65720005e-04,  1.10078385e-05,  3.68123038e-04,
        4.78137203e-05, -1.43015354e-04,  5.23153139e-06, -6.16062029e-05,
       -2.35312045e-03,  3.53077542e-03,  1.56499026e-04, -2.92829894e-06,
       -1.73210621e-03, -3.18102316e-04,  4.96883436e-04,  1.31903480e-04,
        4.04869533e-04, -5.05166704e-04,  3.54237906e-05, -2.73789583e-04,
        1.73717057e-04, -1.35460642e-04,  2.17214108e-04, -9.19989820e-05,
        6.94578987e-05,  5.24810623e-05, -7.68590233e-05,  6.27793604e-05,
       -6.79052457e-05, -1.05699963e-05, -2.54094233e-04,  2.03712574e-04,
        3.33439449e-04, -1.57523826e-04, -1.82765926e-04,  7.23526586e-05,
       -1.14627115e-04,  4.90159061e-05, -4.63015389e-05,  9.70096650e-05,
        3.87104737e-05,  1.11533594e-05, -3.39875285e-05, -2.28520972e-05,
        8.53653174e-06, -3.24489857e-05,  5.03936671e-06,  1.26105551e-06,
       -1.11378003e-04, -1.48152412e-04,  1.51569835e-04,  7.49066729e-05,
       -3.74530404e-05,  9.93993974e-05, -1.70842555e-05, -1.45439389e-04,
        1.61825732e-05,  6.43486514e-05,  1.28972556e-05,  1.30963467e-05,
       -4.26744552e-05,  2.22740539e-05,  1.70567826e-05,  2.29420210e-05,
        6.48443784e-06,  3.09210934e-06, -1.46543703e-05, -1.84133601e-06,
       -3.14825555e-06,  9.93006846e-05, -8.07475568e-05, -3.59473072e-05,
        1.90231041e-05, -9.85475780e-05,  1.14854295e-05,  8.70293816e-05,
        3.49006511e-05, -8.86962536e-06, -1.48853035e-05, -8.51078197e-06,
       -2.22330051e-06,  4.19127561e-06, -1.61713961e-05,  2.53202743e-06,
        4.58874950e-06, -7.72048937e-07,  6.52639623e-06, -2.29411774e-06,
        1.31493724e-06, -1.51701374e-05,  1.95613913e-05,  3.90707630e-06,
       -7.27866842e-07,  1.41117016e-05, -2.80363757e-06, -1.97330343e-05,
       -7.64458454e-06, -6.59416783e-07,  5.98611671e-06,  1.63060704e-06,
       -2.28781351e-06, -6.01241971e-07,  4.36950331e-06, -1.94596963e-06,
       -7.61497188e-07,  4.42739219e-07, -1.40304555e-06,  5.05659236e-07,
       -5.56945818e-07,  1.07328867e-06, -1.10968991e-06, -3.08746158e-07,
       -1.90628818e-07, -9.46906712e-07, -1.10437234e-06,  2.11024116e-06,
        6.88645972e-07, -8.57775884e-07, -1.57237856e-06, -1.23538398e-06,
        4.25211721e-07,  2.55133043e-07,  1.69865309e-07,  3.37917316e-08,
       -1.59005080e-07,  1.75736377e-07, -2.27784823e-07, -1.09491659e-07],      dtype=float64),
                   'Phi_mn': Array([], shape=(0,), dtype=float64),
                   'Psi': Array([50.20413129], dtype=float64),
                   'R_lmn': Array([-2.94118789e-06, -1.39340509e-06, -1.11758248e-06,  3.91034549e-06,
        1.37307661e-06,  9.40240725e-08,  3.91724246e-07,  9.02161519e-08,
       -9.20053407e-08, -4.31626782e-07, -2.74250907e-07,  1.11769689e-06,
       -2.01436610e-08, -3.92168584e-07,  1.06642758e-06, -8.26859271e-07,
       -7.36358192e-09,  4.07542404e-07, -1.11610149e-06,  1.93487631e-07,
       -6.86005091e-06, -7.92698738e-06, -1.55375979e-05,  1.17872758e-05,
        8.00840362e-06,  2.20319115e-05,  1.21780372e-06,  1.49984815e-05,
       -4.52231839e-06,  4.06797193e-06, -1.26468834e-05, -1.35050099e-05,
       -4.48348087e-07, -6.15530127e-07,  7.89877629e-07, -1.34658240e-07,
        3.95592910e-08, -3.77619838e-06,  4.53536381e-06, -4.26374178e-07,
        7.46311717e-05, -4.51866079e-05,  5.52803791e-05, -1.10899617e-04,
        1.25926561e-05,  3.55538346e-05, -1.66551647e-05, -4.32041409e-05,
        4.06239679e-05, -6.91346585e-07, -9.77885705e-06,  5.08624801e-06,
        1.76295799e-06,  1.72211191e-05, -3.25566730e-06,  7.32471681e-07,
       -2.62397635e-07,  8.36523944e-06, -4.59506476e-06,  5.40301798e-07,
        1.97867270e-04,  3.39785621e-04, -4.13688340e-04,  1.12047069e-04,
        7.59980219e-05, -4.35920487e-04,  1.05569285e-04,  1.04454953e-04,
       -2.19560095e-04,  1.90877241e-05,  3.45862952e-05,  1.75166147e-05,
        1.41095229e-06, -5.00389726e-05,  2.16743610e-05, -7.92669365e-06,
        1.79961820e-07, -1.74052024e-05,  1.62671852e-05, -1.91601199e-06,
       -4.17300966e-03, -2.18908273e-03,  6.76801719e-04,  2.81176247e-03,
       -1.41354962e-03,  2.45805059e-03,  9.16643585e-04, -5.78685220e-04,
        2.49710429e-04, -3.97875060e-05,  7.01817274e-05, -2.15085533e-04,
        6.57429840e-06, -4.14650392e-05, -7.05022001e-05,  1.58536130e-06,
        4.11316250e-07,  3.03168976e-05, -3.57461814e-06,  3.72003889e-06,
       -1.86302862e-02,  7.83263000e-03,  3.68319283e-03, -2.20273232e-03,
       -2.19628628e-05, -9.80882169e-04, -3.73319694e-04, -7.32450956e-04,
       -1.08483126e-03, -5.90758220e-05, -6.21378314e-04,  4.85075281e-04,
        5.83648524e-07,  1.77857935e-05,  1.27631014e-04,  1.27539719e-04,
        7.85516721e-07, -1.40792199e-05,  1.22194130e-05, -6.00970512e-05,
       -3.12210787e-01,  1.29018772e-01, -8.57488567e-03,  2.52022623e-02,
        1.44118554e-03,  1.01656981e-02,  2.49207965e-03, -3.09086800e-03,
        4.44797032e-03,  1.97487334e-07, -1.52083563e-03, -9.78457117e-04,
       -4.52644125e-06,  2.22108017e-05, -3.39259210e-04, -1.08981322e-04,
        3.12576019e-07, -5.68747064e-05,  1.29934097e-04, -7.79209658e-05,
       -1.44566027e+00,  2.26648099e-02,  6.97995681e-02, -1.19863289e-02,
       -5.10719359e-03,  3.60636582e-02, -4.52186399e-03,  6.06871255e-03,
       -8.50316302e-03,  5.03443858e-04,  1.52038175e-03,  3.64100049e-03,
        3.76205481e-06,  1.55770325e-04, -8.17997839e-04,  3.92376252e-04,
        5.33933641e-07,  6.43542830e-05,  4.48544837e-05,  1.61369017e-04,
        1.01764866e+01,  1.65754569e+00, -3.24636873e-01,  3.70741628e-01,
        3.26754797e-02, -1.79651722e-02,  4.42820747e-02, -4.08848921e-02,
       -2.09525522e-02,  1.49911370e-03, -1.08025711e-02,  7.00651894e-05,
        2.74575740e-04, -2.30391955e-03, -1.20828595e-03, -5.61782248e-05,
        8.06312504e-05, -8.83709773e-05, -4.73910247e-04, -1.01392829e-05,
        6.80698122e-05, -3.72472899e-04,  9.21845898e-05, -1.91647453e-05,
       -1.37361371e-06,  1.87305063e+00, -7.49253506e-01,  8.37806688e-02,
        1.46330501e-02, -1.32303513e-02,  1.93570241e-02, -2.71115794e-02,
        3.38954117e-02, -1.26534606e-02,  3.05095208e-03,  1.37762880e-04,
       -3.04841803e-03, -3.62509906e-04, -2.65951640e-04,  2.46993035e-03,
        9.51818377e-05,  5.72431100e-04,  1.42479673e-04,  2.87632122e-04,
       -1.86039886e-05, -7.33920768e-05,  4.60768172e-05,  9.08709278e-06,
        4.81920467e-05, -1.85142547e-06,  1.41946188e-01, -1.48962051e-01,
       -4.35123058e-02,  1.42923945e-01, -5.48418811e-03, -2.15224915e-02,
        2.42368733e-03,  2.93094053e-04, -2.46978196e-03,  3.36131233e-03,
       -2.73905599e-03,  1.10118321e-03, -1.14077511e-03,  7.20093543e-04,
       -1.29247309e-03,  2.24377563e-04,  2.09428279e-04, -2.68169189e-04,
        7.37878017e-05, -1.77716764e-05,  7.29562221e-05, -1.03321493e-04,
        3.42985664e-05, -2.77342296e-06,  1.09196208e-06,  8.98648645e-03,
       -2.76691149e-03, -1.03637701e-02,  7.86248383e-03, -4.75373585e-03,
       -1.35784274e-03,  9.61163083e-04,  4.68978735e-04, -1.77048979e-04,
        3.86781208e-04, -3.41011013e-04, -3.00801680e-04,  9.14680696e-05,
        3.26811814e-04, -6.87306587e-04,  1.73504469e-06, -9.31046263e-05,
        8.83540762e-07,  1.05567697e-06, -1.09118017e-06, -1.90991364e-05,
       -5.22475051e-06,  7.57908246e-05, -1.92578462e-05,  1.32472812e-06,
        4.47051630e-04, -6.76693338e-04, -1.08432042e-03, -3.74786840e-04,
        2.21304795e-04, -7.02188322e-05,  5.12872518e-04,  1.20147702e-03,
       -1.61032189e-03,  1.46129870e-04, -6.37929762e-04,  8.86783443e-04,
        2.42598237e-05,  6.80799157e-06,  1.93126109e-04, -4.32551993e-07,
        1.01563727e-05, -6.79257911e-05,  1.23178279e-05,  2.51667473e-06,
        1.55231396e-05, -2.79471254e-05, -2.59705778e-05,  2.58256542e-05,
        1.48360610e-06,  1.95226303e-04,  5.07485344e-04, -7.38688320e-05,
        3.24632454e-04, -3.81742927e-04, -6.66999591e-04, -9.79653042e-05,
       -3.17999156e-04,  1.11817705e-04, -4.66163942e-06,  3.02654323e-04,
        1.06242676e-04, -2.60170065e-05, -7.43410356e-06, -3.17276956e-05,
        3.33327094e-05, -8.23612251e-06,  3.14078562e-05, -4.80732451e-05,
        3.38193793e-06, -1.59862891e-06,  7.92443836e-06,  1.01722877e-05,
       -1.41376187e-05, -7.05269840e-07, -4.17007970e-05,  1.40990016e-04,
        4.16279339e-06, -4.32836136e-05, -1.89619074e-04,  6.19733360e-05,
        5.07047231e-05,  1.19604248e-05,  2.49218363e-06,  4.84450251e-05,
       -6.65138338e-05, -1.52036518e-05, -1.10196911e-05,  2.90570216e-05,
        9.97840579e-06,  3.40889775e-06, -4.30503117e-07,  2.19861372e-06,
        1.88540716e-05, -6.23305555e-08, -2.15937283e-07, -2.97079318e-06,
       -6.88597448e-06,  7.85903552e-06, -3.01173574e-08, -1.54288026e-05,
        1.67678906e-05, -8.95368769e-06, -3.16048498e-05, -1.68536896e-06,
       -9.69762745e-06,  1.57649448e-05,  3.88384290e-05,  5.32529393e-06,
       -1.01241491e-05,  1.20254846e-05,  2.92563550e-06,  7.95596701e-06,
       -6.25033759e-06, -1.00819020e-05,  4.06347128e-06, -4.97068443e-06,
       -2.37043670e-06, -3.29182069e-06,  3.97484912e-07,  8.68473397e-07,
       -9.68961393e-07,  5.01954785e-06, -3.62800642e-06, -4.36903764e-07,
       -1.51181367e-06,  1.54073850e-06, -1.56375613e-07, -1.64984255e-06,
       -1.38454834e-07, -4.73219780e-07,  1.82177851e-06,  1.80519040e-07,
        2.20551811e-06, -6.76053923e-07, -7.80396442e-07,  4.50546717e-07,
        1.76577569e-07,  1.13855314e-06, -1.22269976e-06, -4.99307351e-07,
       -7.42915088e-07,  1.27855463e-06, -4.25701417e-07, -2.31279196e-08,
       -3.14967305e-07,  3.25441747e-07, -9.97405191e-07,  5.57178377e-07,
       -5.00079178e-08], dtype=float64),
                   'Ra_n': Array([ 1.05451991e+01,  1.76244750e+00,  1.89095912e-01,  2.02008525e-02,
        2.03550788e-03,  1.95548208e-04,  1.56448865e-05,  2.20233626e-06,
       -2.52044197e-08], dtype=float64),
                   'Rb_lmn': Array([-7.36358192e-09, -2.01436610e-08, -2.40843781e-08, -4.44338448e-10,
       -1.72757938e-08,  3.90612572e-08,  1.18035005e-08,  5.02929924e-08,
        3.95592910e-08, -4.48348087e-07,  2.91773553e-07,  6.02273595e-07,
       -1.03115983e-07,  2.50761260e-07,  1.73539979e-07,  2.70248261e-07,
       -2.62397635e-07,  1.76295799e-06,  7.67389285e-06,  5.65954421e-07,
       -1.78126575e-06,  8.82057087e-06, -4.00622350e-06,  5.08799462e-06,
        1.79961820e-07,  1.41095229e-06,  1.68252170e-06,  5.55303121e-05,
        1.26851502e-04, -2.87559025e-04, -8.05342640e-05,  8.24275506e-05,
        4.11316250e-07,  6.57429840e-06, -9.47060842e-06,  8.75178546e-04,
       -1.34694251e-03,  2.76142985e-05,  5.76023719e-05, -1.10995140e-03,
        7.85516721e-07,  5.83648524e-07, -7.31550418e-05, -3.55533901e-04,
       -6.31121763e-04,  3.07837289e-03,  7.27672606e-03, -2.17903100e-02,
        3.12576019e-07, -4.52644125e-06, -5.66772190e-05,  2.51429045e-03,
        5.02840032e-05, -1.20050129e-02,  1.38128092e-01, -2.82669536e-01,
        5.33933641e-07,  3.76205481e-06,  5.67798141e-04, -4.36609366e-03,
       -3.54195737e-03,  7.50502828e-02,  6.25308376e-02, -1.46575739e+00,
        9.89647447e+00,  1.69180092e+00,  3.27180343e-01, -2.88561143e-02,
       -2.20686536e-02, -4.03845058e-04, -7.53429700e-05, -1.01392829e-05,
       -1.37361371e-06,  1.92928382e+00, -7.58860474e-01,  4.83085870e-02,
        1.96372666e-02, -1.01744432e-02, -2.76078591e-03,  1.43373884e-04,
       -1.86039886e-05, -1.85142547e-06,  9.97897505e-02, -1.50875498e-01,
        1.43833811e-01, -2.45297167e-02, -3.72795648e-03,  1.17497101e-03,
        2.21604141e-04, -1.77716764e-05,  1.09196208e-06, -3.43751684e-04,
       -7.22697076e-03,  8.65304963e-03, -1.69797022e-03, -7.88564741e-04,
       -2.99746003e-04, -1.75228015e-05, -1.09118017e-06,  1.32472812e-06,
       -8.46133083e-05, -2.99102300e-04,  8.05551043e-04, -7.76074385e-04,
       -1.44316636e-03,  8.99101271e-04,  2.53931022e-05,  2.51667473e-06,
        1.48360610e-06, -4.22346870e-06,  1.12844655e-04,  7.12363303e-06,
       -3.32937411e-04,  9.02622969e-05,  5.81694311e-05,  1.91950906e-05,
        3.38193793e-06, -7.05269840e-07,  1.93109115e-06, -6.14536275e-07,
       -5.23696042e-06, -2.34188412e-06,  5.58461493e-06,  3.65041976e-06,
        1.12679333e-05, -6.23305555e-08, -3.01173574e-08,  2.06894914e-07,
       -1.23118783e-08,  1.42802785e-08, -4.25795169e-08,  2.62939756e-07,
       -3.66185193e-07,  4.35464864e-07,  3.97484912e-07, -4.36903764e-07,
        1.51994928e-08, -1.66853412e-08, -5.32862302e-09,  2.49384079e-08,
       -1.45868349e-08,  2.48452998e-08,  5.78710267e-08, -2.31279196e-08,
       -5.00079178e-08], dtype=float64),
                   'Te_l': Array([ 9.44675971e+03, -9.45622045e+03, -8.24434120e+00, -9.06724940e+00,
       -7.67336364e+00], dtype=float64),
                   'Ti_l': Array([ 9.44675591e+03, -9.45623747e+03, -8.28198874e+00, -9.13240401e+00,
       -7.74951979e+00], dtype=float64),
                   'Z_lmn': Array([ 2.04782706e-06, -2.78274157e-06,  9.62139260e-07,  1.69684268e-06,
       -8.51892597e-07,  4.33905611e-07, -2.04128973e-06, -3.48837904e-07,
       -2.12375341e-06,  2.51776959e-06,  1.31947801e-06,  7.96217345e-08,
       -9.93031215e-07, -1.12621308e-06,  2.02064008e-06,  1.12824813e-08,
        1.11624813e-06, -1.72001336e-06, -7.04170042e-08, -3.86465617e-08,
       -6.18477800e-09, -2.29287480e-07,  9.64858741e-08,  3.87352887e-08,
        6.67861106e-10,  1.13614819e-05, -1.62734935e-05,  1.41947880e-06,
        3.04783076e-05,  1.49862340e-05, -1.12055321e-06, -1.11868450e-05,
       -3.47905209e-05, -1.05798511e-06,  6.05383147e-07, -5.17109942e-07,
       -2.50457957e-06, -1.28733045e-06,  1.67497713e-06,  2.94627098e-06,
       -1.13439914e-06,  6.81424161e-07,  1.62640727e-06,  2.32859292e-06,
       -6.28097362e-07, -1.36441691e-07,  2.55173955e-06, -2.05471126e-06,
        1.54499271e-06,  1.01218931e-07,  3.49855890e-05, -5.25858084e-05,
        1.55168451e-05,  2.56906640e-05,  6.76189547e-05,  4.60973873e-05,
       -4.58420436e-05, -2.35651725e-05, -3.90734549e-06, -1.76886971e-05,
       -4.94396234e-05, -9.10815164e-07, -6.06707350e-06,  2.23860462e-06,
        2.73067706e-06, -2.49607667e-06,  5.78332814e-06,  5.39594162e-06,
        3.71335243e-07,  9.77583701e-08,  3.20402574e-07,  2.29354007e-07,
        5.07248676e-07, -1.04435706e-06, -2.18333742e-07,  1.70443047e-05,
       -6.12994236e-04,  6.63799550e-05,  1.84150821e-04,  6.17261468e-04,
        4.74633983e-05, -1.15290262e-04, -1.46052054e-04,  1.27379557e-04,
       -3.05441797e-05,  2.34867266e-05, -3.36280429e-05,  1.76332651e-05,
       -5.40629492e-05, -2.19996943e-05, -3.44018188e-05,  9.57138094e-06,
       -9.13867578e-06, -9.37298064e-06,  1.67758755e-06, -4.76181422e-06,
        7.27448058e-06, -4.11531393e-06, -2.90111326e-06,  1.69259584e-07,
       -8.18496825e-04, -1.53508809e-03,  1.16739152e-03, -1.51208358e-03,
        1.46837642e-03,  1.16789743e-03, -6.51884304e-05,  1.07227579e-03,
        4.04304085e-04, -2.54654980e-04, -1.89499204e-05, -1.84538778e-04,
       -7.94129658e-06, -2.89242899e-05,  1.75215961e-05, -5.68662785e-05,
        1.07686382e-05, -1.95659885e-05,  2.52591991e-05,  2.80661878e-06,
        3.69629406e-06, -1.28742075e-05,  1.42442209e-05, -8.54519987e-06,
       -7.97767962e-07, -8.72712093e-03,  1.10838174e-02,  9.54867755e-03,
       -1.47860929e-02,  1.57454912e-03,  9.08666541e-03, -1.22690802e-03,
       -4.28166934e-03,  3.44724688e-03, -6.91626433e-04,  3.03745939e-04,
       -1.34085612e-03, -3.53624058e-05,  5.64721367e-05, -4.54741364e-04,
        1.24209936e-06, -4.67309691e-05,  1.08499351e-04,  1.88811099e-05,
        4.93742710e-07, -2.89260504e-05,  4.86372954e-05,  1.46342447e-05,
       -5.89244536e-05,  5.31329350e-07, -1.31112845e-01,  1.02224082e-01,
        3.91439906e-02, -7.52855866e-02,  2.69727201e-02,  9.19688979e-04,
       -2.31587668e-03,  1.90718672e-03,  6.98723600e-03, -3.19700729e-03,
        2.55377997e-03,  1.29535271e-03,  3.79219825e-04, -1.93981610e-03,
        1.74649549e-03, -1.53510429e-04,  8.72889618e-05,  3.52977517e-05,
        2.42838274e-05, -8.44289910e-06,  2.52618381e-05,  1.24545144e-04,
       -6.13755232e-05,  2.15112321e-05,  1.61386969e-06, -1.42250644e+00,
        4.87068323e-01,  6.52462108e-02, -4.23424698e-02,  2.69733819e-02,
        5.19719494e-03,  9.31455363e-03, -1.81738930e-02, -4.32554665e-03,
       -6.13112102e-03, -4.55590936e-03, -7.62022047e-04,  2.25011326e-03,
        1.75919461e-04,  1.29851735e-03, -1.25944297e-04, -5.51313473e-04,
        2.97535466e-04, -3.20595351e-04,  4.20413498e-07, -1.51928263e-04,
        1.70247295e-04, -2.33288979e-05,  1.52789959e-05, -2.93315065e-06,
       -2.17522858e+00, -3.46640741e-01,  9.32736796e-03,  5.44035509e-02,
        8.17727782e-03,  5.62887762e-02,  9.91008488e-04,  1.31525010e-02,
       -1.54975587e-02,  5.34469028e-04,  1.56511171e-03,  4.92310557e-03,
       -2.44435602e-05,  2.33929642e-04, -5.21464570e-04,  4.33891230e-04,
        2.37015518e-06,  7.88043990e-05,  6.82245786e-06,  3.00095747e-04,
       -1.25148276e+00,  1.31465943e-01,  7.18148626e-02,  2.55978168e-03,
        1.58274657e-02,  1.34709047e-02,  4.21507225e-03,  5.85607963e-03,
        5.85410428e-03, -2.16876297e-04, -2.48802100e-03,  1.59186544e-03,
        8.77350041e-06, -1.05737947e-04, -1.71445821e-04, -1.54075566e-04,
       -2.11018435e-07, -8.07662306e-05,  2.49626246e-06,  1.94766378e-05,
       -2.46283621e-01,  6.15996910e-02,  1.46013241e-02,  1.14915703e-02,
       -5.36351298e-03,  1.06314059e-02, -6.00539926e-05, -2.87104894e-03,
       -6.50747889e-04, -1.39388885e-04, -1.17512152e-03,  8.67527252e-04,
        1.26875131e-05, -1.11498858e-04,  2.18217019e-05,  2.39705194e-04,
       -2.78839241e-06, -4.35170856e-05, -3.07281898e-05, -1.48526672e-04,
       -3.02848263e-02,  1.56574106e-02, -3.70112492e-03,  2.07467763e-03,
       -3.26243295e-03,  1.42083919e-03,  1.28289061e-03, -9.96328527e-04,
        3.93468879e-04, -9.42522567e-05,  2.95448528e-04, -2.48113162e-04,
       -9.41548526e-07, -8.14362698e-05,  7.20440285e-05,  7.22667304e-05,
       -9.65354071e-07,  7.26951169e-05, -1.13513689e-05, -3.27274251e-05,
       -1.97617144e-03, -4.22317409e-04, -4.56924683e-04,  1.43573350e-03,
       -3.91143154e-04,  5.10051300e-04,  2.29324191e-04, -6.49174682e-06,
       -2.05555235e-04,  1.05836426e-05,  1.31485487e-05, -6.81744991e-05,
       -8.96800032e-07, -7.76082663e-05, -3.34633834e-05, -8.25919789e-06,
        3.79900140e-07,  6.05558152e-06,  6.08945338e-06,  1.17645567e-05,
        5.12691816e-05,  1.50934896e-05,  1.83865970e-04,  2.01891694e-05,
       -1.14632845e-04, -1.50918370e-04,  1.74028631e-05, -1.69823252e-04,
       -4.22223466e-05,  2.22139707e-05,  1.98619587e-05,  4.02830863e-05,
       -1.04689042e-06,  1.66084663e-05,  1.31080576e-05,  5.95666506e-06,
       -2.71825669e-08,  2.17793081e-06,  1.08391804e-05, -1.10205894e-05,
       -1.82889141e-05,  1.70027838e-05, -8.59343242e-05, -3.86912422e-06,
        1.96029584e-05,  2.65937538e-05, -2.74879916e-07,  9.74349261e-05,
        1.58618169e-05, -7.74777253e-07, -2.40683619e-05, -4.78319851e-05,
        7.47708178e-08, -4.22383821e-07, -1.10728831e-05,  3.08269791e-06,
        1.18892031e-07, -9.58119892e-07, -6.45619611e-07,  2.50623701e-06,
       -1.46478627e-06, -2.14537819e-05,  8.78341068e-07,  2.32781842e-06,
        1.33513223e-06,  2.16041518e-05, -5.51956349e-07, -2.77728801e-06,
       -8.33626247e-07,  1.62906775e-06, -3.33291898e-06,  1.29187715e-06,
       -7.71283820e-07,  1.96618976e-07,  1.69722247e-06, -1.11147730e-07,
        1.87579844e-07, -1.63847738e-06,  2.20888966e-06, -1.50281099e-06,
       -2.29769970e-06, -9.93342183e-07, -2.18980142e-06,  2.46300539e-06,
        1.68881353e-06,  1.38833490e-06, -2.92218685e-07,  1.24829108e-06,
        1.16686654e-06,  2.06944656e-07, -1.45135446e-06, -6.17961030e-07,
       -1.20721454e-08,  2.91219466e-07,  9.42610899e-07, -1.32910833e-06,
       -1.34574245e-08, -1.69918991e-07, -2.27635885e-07,  2.02123903e-07],      dtype=float64),
                   'Za_n': Array([ 3.12445082e-08, -9.39531179e-08, -1.99858236e-05, -1.87020991e-04,
       -2.03943918e-03, -1.94962701e-02, -1.72926670e-01, -1.48084014e+00],      dtype=float64),
                   'Zb_lmn': Array([-3.05394012e-08, -6.16440230e-10, -7.49578132e-09,  3.33702675e-08,
       -6.62745854e-09,  9.20473031e-09,  5.00177700e-08, -3.86465617e-08,
        6.67861106e-10,  1.70343581e-07, -4.52145851e-10, -8.54965817e-08,
       -1.12558827e-08, -1.66425389e-07, -1.75986651e-07,  4.10593569e-07,
       -6.28097362e-07,  1.01218931e-07, -1.08628045e-06,  3.12777741e-06,
        4.59345009e-06,  2.05370560e-06, -6.69419757e-07, -5.39479921e-07,
       -3.54043373e-06,  9.77583701e-08, -2.18333742e-07, -1.89945511e-05,
       -1.67055663e-05, -8.68970158e-06,  6.18114492e-05,  1.01264549e-04,
       -4.30010235e-05, -3.73029321e-05,  1.67758755e-06,  1.69259584e-07,
        2.79461260e-04, -3.10598011e-04, -4.81606288e-04,  1.12938152e-03,
        4.36069902e-04, -1.59279579e-04, -6.54114784e-05,  2.80661878e-06,
       -7.97767962e-07, -4.69639856e-04,  1.19200091e-02, -1.89626528e-02,
        9.49891070e-03,  3.00713976e-03, -1.32197501e-03, -5.76823543e-05,
        4.93742710e-07,  5.31329350e-07, -9.38802494e-02,  1.26087084e-01,
       -7.51936708e-02,  3.50876670e-03,  8.67235597e-03,  1.31963654e-03,
       -1.31999196e-04, -8.44289910e-06,  1.61386969e-06, -1.34584749e+00,
        5.07359271e-01, -6.01701961e-02,  9.38821050e-04, -3.05035820e-03,
       -1.08261740e-03, -1.10665301e-04,  4.20413498e-07, -2.93315065e-06,
        2.37015518e-06, -2.44435602e-05,  6.13273427e-04,  1.22493813e-03,
        9.74921199e-03,  2.19584044e-02, -2.85128764e-01, -2.13588870e+00,
       -2.11018435e-07,  8.77350041e-06, -2.97642528e-04,  4.10933430e-03,
        1.33419410e-02,  7.74994964e-02,  1.46548190e-01, -1.24322295e+00,
       -2.78839241e-06,  1.26875131e-05, -1.82905970e-04, -1.71552851e-04,
       -6.56936268e-03,  1.17520969e-02,  7.29500975e-02, -2.35203093e-01,
       -9.65354071e-07, -9.41548526e-07, -2.15571398e-05,  1.20145434e-03,
       -2.97833579e-03, -4.62540942e-03,  1.67974092e-02, -2.77444131e-02,
        3.79900140e-07, -8.96800032e-07,  1.66392241e-05,  1.51715925e-04,
       -3.71905152e-04, -4.96879814e-04,  3.13239485e-05, -7.54252377e-04,
       -2.71825669e-08, -1.04689042e-06,  2.43919015e-05,  3.40113294e-05,
       -8.39317055e-05,  2.71507757e-05, -1.06562383e-04,  3.51926695e-05,
        1.18892031e-07,  7.47708178e-08, -1.73289715e-06, -6.97263737e-07,
       -5.11102313e-06,  4.27718697e-07, -1.72921050e-06, -3.21352352e-06,
        1.87579844e-07, -7.71283820e-07, -9.40963079e-09, -3.55337373e-07,
        2.11102909e-07, -2.01724470e-07, -6.05639149e-08, -8.17418315e-08,
       -1.34574245e-08, -1.20721454e-08,  3.70256651e-08, -9.99218583e-10,
        9.82317966e-09,  1.10056177e-09, -2.08444139e-08,  3.06390232e-09],      dtype=float64),
                   'Zeff_l': Array([1.00054523, 0.00182028, 0.00354465, 0.00554989, 0.00547013],      dtype=float64),
                   'a_lmn': Array([], shape=(0,), dtype=float64),
                   'c_l': Array([0., 0., 0., 0., 0.], dtype=float64),
                   'i_l': Array([], shape=(0,), dtype=float64),
                   'ne_l': Array([ 2.37936023e+20,  1.07631754e-23,  5.58539569e-24,  5.52262186e-24,
        3.65100543e-24, -2.38550439e+20], dtype=float64),
                   'ni_l': Array([], shape=(0,), dtype=float64),
                   'p_l': Array([], shape=(0,), dtype=float64)}],
               [ { 'G': Array([], shape=(0,), dtype=float64),
                   'I': Array([], shape=(0,), dtype=float64),
                   'L_lmn': Array([ 5.86604387e-07,  3.32824267e-07,  7.39353319e-07, -1.24460717e-06,
       -1.68233069e-06,  1.05323773e-06, -1.74802244e-06,  3.01291167e-06,
       -5.57890530e-07,  1.55197593e-06, -2.26397630e-06,  1.23603220e-06,
       -2.61506688e-08, -1.40732539e-06,  9.96534849e-07,  5.12793754e-07,
        9.58063818e-07,  4.14036989e-07, -4.44589353e-07, -4.88389033e-07,
        3.24536832e-10,  5.59357085e-07,  6.66184567e-07, -1.54624916e-07,
        1.04699750e-07,  7.04569589e-07, -1.35475648e-07, -7.82703965e-06,
        1.03988203e-05,  7.92552869e-06, -1.23477069e-05,  4.99703362e-06,
       -1.27778770e-05,  8.88705795e-08, -6.60239181e-06,  1.12440172e-05,
        1.12683511e-06,  6.98065717e-07,  4.28008827e-06, -5.59194322e-06,
        2.51840079e-06,  2.05818579e-06, -5.50366344e-06,  1.46568179e-06,
        1.27687263e-06, -2.31339627e-06, -1.17144540e-06,  1.09101638e-06,
       -1.04969071e-06,  7.21758401e-07, -3.46505656e-05,  7.84758033e-06,
        5.61838841e-05, -5.05815721e-05, -2.51570458e-05,  3.75831965e-05,
       -1.90483836e-05,  7.04900808e-05, -1.23057705e-05,  1.38622604e-05,
       -4.14274672e-05, -1.09695213e-05, -6.44414482e-06, -2.70748519e-06,
        2.89445302e-06,  6.19042980e-06, -1.09238203e-05,  1.53676813e-05,
       -3.75394212e-06,  1.78219557e-06,  8.32376419e-06,  5.78615905e-06,
       -5.82502159e-06,  1.42530938e-06, -5.09106286e-06,  9.04326107e-05,
       -4.47151288e-04, -1.78029677e-04,  2.76489747e-04,  4.75108930e-04,
       -1.06872375e-04,  5.74358824e-05, -2.64196749e-04,  3.84303760e-05,
       -3.87586611e-06,  9.50266997e-05,  1.22959397e-05,  4.39064956e-06,
        2.33299229e-06, -1.74671173e-05, -6.03944259e-05,  1.46825611e-05,
       -5.03799614e-06, -1.65404300e-05,  4.50071226e-05, -9.89616577e-06,
       -1.48504259e-05,  2.23914961e-05, -4.06903113e-06, -6.51854421e-06,
        1.25903985e-03,  1.55804015e-03, -1.30574128e-03, -6.59676149e-04,
       -1.53982605e-03,  2.47628246e-04, -3.17539642e-05,  1.04294999e-03,
       -3.81656091e-04, -6.28291705e-05, -1.99327453e-04,  2.42484835e-04,
        5.64775522e-06, -1.41828083e-04,  1.20472561e-04, -7.24086237e-05,
        2.59312201e-05, -3.55640441e-05, -3.15955999e-05, -4.19291371e-05,
        2.31618306e-05,  3.31670264e-05, -2.30072303e-05,  3.33186390e-05,
       -7.75659168e-06, -2.77276447e-03, -1.31503194e-03,  3.24571101e-03,
       -2.87036152e-03,  3.08527430e-03,  5.34669199e-04,  1.31364657e-04,
       -1.61260556e-03,  1.85211045e-03, -5.46960200e-05,  2.39416880e-04,
       -6.02543230e-04,  4.61694145e-06,  3.92076441e-04, -1.33418415e-04,
        4.94758723e-04, -5.40210698e-05, -1.28722628e-04,  1.19608203e-04,
       -1.74688663e-04, -1.04283232e-05, -9.61806705e-05,  1.29471175e-04,
       -4.38799740e-05, -7.07793405e-05,  2.91353952e-02, -3.04844542e-02,
       -1.35264344e-02,  9.06586948e-03,  4.53949596e-03, -1.17507296e-02,
       -1.35626242e-03,  3.55380431e-03, -9.69081072e-04, -8.05625663e-04,
       -1.04168866e-03,  1.94280939e-03,  2.27514107e-04, -2.38386104e-05,
       -9.43516693e-04,  1.28842700e-03,  4.43490681e-05,  2.79070863e-04,
        1.22369235e-04,  1.33727806e-04,  8.97524467e-06,  3.34208254e-04,
       -1.63290548e-04,  8.78042358e-05, -3.42607648e-05,  2.82570115e-02,
       -1.26408879e-02,  1.60813342e-03,  3.46014606e-03,  2.47567308e-03,
        1.93935087e-02,  4.05414871e-03, -4.74335694e-03, -1.25866321e-02,
        7.24072165e-05, -1.27570205e-03, -5.32548658e-03, -8.41149301e-04,
       -1.07737330e-03,  9.68479100e-04, -7.96312087e-05, -8.43438605e-04,
        9.98038824e-04, -2.22817466e-04,  1.17310803e-04, -5.26026883e-04,
       -4.72630479e-04, -1.22094993e-04,  1.74881785e-07, -4.81424707e-06,
       -2.39132270e-02, -1.02101457e-01,  7.69750842e-03,  7.49741471e-03,
        4.48853259e-03,  1.50948062e-02, -2.51496656e-03, -2.52938428e-03,
       -3.98314506e-02, -1.21732728e-03, -3.69679422e-04,  1.17894460e-03,
       -2.37661547e-04, -6.66906334e-05, -9.79734858e-04, -9.93493451e-04,
        2.87123601e-05, -5.28507392e-05, -1.44991483e-04, -6.16115679e-06,
       -2.46655656e-01,  1.32876023e-02, -1.19965208e-02,  2.79581583e-02,
        9.60699099e-03, -8.68335282e-03,  5.86398184e-03,  8.99856099e-04,
        2.04495082e-04, -3.13316078e-04, -1.48145152e-03,  6.06743811e-03,
        4.25240674e-05,  3.20460823e-04, -1.04121147e-03, -1.67472291e-04,
        4.79715801e-05, -3.99740608e-05,  2.44357131e-04,  1.18939063e-05,
        4.26366480e-02, -2.30024879e-02,  1.19809284e-02, -6.90551943e-03,
        3.85626021e-04,  3.77354169e-03, -1.52153566e-03, -1.17323712e-03,
        3.73051502e-04, -1.57399651e-03,  1.54297967e-03, -1.13522650e-03,
       -1.45567115e-04, -1.62837388e-04,  8.88493585e-06,  3.67989149e-04,
        4.77164353e-05, -1.45071856e-04,  1.02188522e-05, -6.31125849e-05,
       -2.35008413e-03,  3.42491880e-03,  1.83936075e-04,  1.48576105e-05,
       -1.75224949e-03, -2.09354441e-04,  5.20573064e-04,  1.03628523e-04,
        3.82201568e-04, -4.97775725e-04,  4.32084857e-05, -2.76875385e-04,
        1.71678587e-04, -1.38237599e-04,  2.17549455e-04, -8.97472392e-05,
        6.89676514e-05,  5.25342836e-05, -7.95431783e-05,  6.38716602e-05,
       -7.73969264e-05,  5.01882736e-05, -2.77406936e-04,  2.07167942e-04,
        3.43751648e-04, -2.21688624e-04, -1.80585800e-04,  9.75997133e-05,
       -1.09872673e-04,  4.08500919e-05, -5.29833342e-05,  1.01013726e-04,
        3.96408530e-05,  1.38206875e-05, -3.57426197e-05, -2.04275696e-05,
        8.83630866e-06, -3.12624471e-05,  6.02229965e-06, -1.54406070e-07,
       -1.09734632e-04, -1.58597885e-04,  1.62191541e-04,  7.64741525e-05,
       -4.07864939e-05,  1.07592325e-04, -2.08543641e-05, -1.56174192e-04,
        1.30132037e-05,  6.59270802e-05,  1.75948093e-05,  1.55841645e-05,
       -4.13794478e-05,  2.32756047e-05,  1.63959486e-05,  2.21498812e-05,
        6.37050470e-06,  2.93483173e-06, -1.54547516e-05, -1.83378552e-06,
       -8.62688080e-06,  1.03511513e-04, -8.36066520e-05, -3.01791740e-05,
        1.98070810e-05, -1.02888954e-04,  1.20046918e-05,  9.01902426e-05,
        3.47277895e-05, -8.02272914e-06, -1.62436825e-05, -8.80086605e-06,
       -2.41198813e-06,  4.35218519e-06, -1.58744653e-05,  2.67899664e-06,
        4.53443994e-06, -8.33306785e-07,  6.74011021e-06, -2.76505473e-06,
        1.28795604e-06, -1.64994600e-05,  2.00986589e-05,  3.96788354e-06,
       -1.09413886e-06,  1.56654163e-05, -2.44590414e-06, -2.04567127e-05,
       -7.65850375e-06, -8.96381118e-07,  6.63996559e-06,  1.65457733e-06,
       -2.22255215e-06, -8.44172124e-07,  4.40623927e-06, -2.10415640e-06,
       -6.78395540e-07,  5.92679318e-07, -1.50569040e-06,  6.16532691e-07,
       -5.13342988e-07,  1.30523085e-06, -1.12585506e-06, -2.69676093e-07,
       -1.35492431e-07, -1.21203854e-06, -1.18958626e-06,  2.18914976e-06,
        5.92575491e-07, -8.54788981e-07, -1.66466220e-06, -1.24480307e-06,
        4.81268198e-07,  3.05190484e-07,  1.34130843e-07,  2.75934410e-08,
       -1.52761330e-07,  1.47159873e-07, -2.45792432e-07, -1.28923301e-07],      dtype=float64),
                   'Phi_mn': Array([], shape=(0,), dtype=float64),
                   'Psi': Array([50.20413129], dtype=float64),
                   'R_lmn': Array([-2.69533128e-06, -1.17594073e-06, -9.16858135e-07,  3.59407584e-06,
        1.37960563e-06, -2.08102920e-07,  4.26354943e-07, -1.65581954e-07,
       -4.83792291e-08, -4.97077182e-07, -1.83190144e-07,  1.20958725e-06,
       -2.01436610e-08, -4.26799281e-07,  1.12150135e-06, -8.00072340e-07,
       -7.36358192e-09,  4.72992804e-07, -1.21369128e-06,  1.86259897e-07,
       -8.11854707e-06, -4.89555024e-06, -1.76292030e-05,  1.28089933e-05,
        8.81679295e-06,  1.93210889e-05,  7.29172434e-07,  1.73036805e-05,
       -4.00561409e-06,  4.08396822e-06, -1.36432985e-05, -1.38830381e-05,
       -4.48348087e-07, -1.26898839e-07,  5.76283761e-07, -4.14583916e-07,
        3.95592910e-08, -3.79219467e-06,  4.72338959e-06, -3.68960599e-07,
        7.04172295e-05, -4.01311048e-05,  5.10590239e-05, -1.05257874e-04,
        1.20357050e-05,  2.75722342e-05, -1.61282975e-05, -3.80423972e-05,
        3.90105003e-05, -7.05603114e-07, -9.37336345e-06,  7.90866975e-06,
        1.76295799e-06,  1.66934464e-05, -4.21346267e-06,  9.03377789e-07,
       -2.62397635e-07,  8.37549656e-06, -4.43928507e-06,  6.55352451e-07,
        2.08686445e-04,  3.43109473e-04, -4.21940995e-04,  9.54681961e-05,
        7.62452317e-05, -4.34455637e-04,  1.05775952e-04,  1.13763163e-04,
       -2.13690929e-04,  1.88519671e-05,  3.40726824e-05,  1.31432582e-05,
        1.41095229e-06, -5.02517208e-05,  2.05771427e-05, -8.09372556e-06,
        1.79961820e-07, -1.71806800e-05,  1.65338725e-05, -2.29951271e-06,
       -4.23840072e-03, -2.22902366e-03,  7.06122196e-04,  2.86813067e-03,
       -1.41173247e-03,  2.49473766e-03,  9.13085182e-04, -6.10234240e-04,
        2.62766431e-04, -4.09010240e-05,  6.79450852e-05, -2.12483902e-04,
        6.57429840e-06, -3.79196266e-05, -6.83076195e-05, -2.59638251e-06,
        4.11316250e-07,  3.14284031e-05, -3.16506133e-06,  4.43799000e-06,
       -1.86309309e-02,  7.88124287e-03,  3.62365464e-03, -2.14855337e-03,
       -1.77996808e-05, -1.02453586e-03, -3.71774380e-04, -6.71180461e-04,
       -1.13590578e-03, -5.85447755e-05, -6.27128442e-04,  4.79661854e-04,
        5.83648524e-07,  1.62220344e-05,  1.25893707e-04,  1.24941983e-04,
        7.85516721e-07, -1.45968897e-05,  1.37852333e-05, -5.95430297e-05,
       -3.11517815e-01,  1.29190927e-01, -8.46651587e-03,  2.44100435e-02,
        1.44309776e-03,  9.97808740e-03,  2.48895106e-03, -3.20521201e-03,
        4.53679460e-03,  2.60093460e-07, -1.52243364e-03, -9.64446442e-04,
       -4.52644125e-06,  2.53485780e-05, -3.33277795e-04, -9.85769367e-05,
        3.12576019e-07, -5.68983458e-05,  1.29598397e-04, -7.63225423e-05,
       -1.44657983e+00,  2.23188530e-02,  6.98124256e-02, -1.09885790e-02,
       -5.07075145e-03,  3.64645511e-02, -4.51798413e-03,  6.06873070e-03,
       -8.58541429e-03,  5.03449406e-04,  1.48198464e-03,  3.58870844e-03,
        3.76205481e-06,  1.51902283e-04, -8.30886211e-04,  3.96683489e-04,
        5.33933641e-07,  6.43684773e-05,  4.67413480e-05,  1.58993128e-04,
        1.01764123e+01,  1.65724917e+00, -3.24666777e-01,  3.70961505e-01,
        3.29927861e-02, -1.79030571e-02,  4.43891114e-02, -4.10880624e-02,
       -2.09051503e-02,  1.46725093e-03, -1.08647999e-02,  7.24426329e-05,
        2.68197412e-04, -2.31752435e-03, -1.25484144e-03, -5.38051673e-05,
        9.16237439e-05, -8.80294478e-05, -4.76293416e-04, -1.01392829e-05,
        7.16262671e-05, -3.75281570e-04,  9.13028679e-05, -2.14668158e-05,
       -1.37361371e-06,  1.87319242e+00, -7.49076966e-01,  8.37987686e-02,
        1.44732045e-02, -1.34216091e-02,  1.93207321e-02, -2.72629457e-02,
        3.40116124e-02, -1.26411668e-02,  3.06312017e-03,  1.73963287e-04,
       -3.04167671e-03, -3.70218821e-04, -2.22220457e-04,  2.45440190e-03,
        9.52425428e-05,  5.74934543e-04,  1.42816502e-04,  2.80883285e-04,
       -1.86039886e-05, -7.35430571e-05,  4.59223188e-05,  1.24464213e-05,
        4.81893709e-05, -1.85142547e-06,  1.41910146e-01, -1.48652710e-01,
       -4.35329108e-02,  1.42900018e-01, -5.85295500e-03, -2.14849267e-02,
        2.45746872e-03,  2.98486335e-04, -2.47162433e-03,  3.43195786e-03,
       -2.77410000e-03,  1.10204048e-03, -1.11708326e-03,  7.39157981e-04,
       -1.29030753e-03,  2.22656517e-04,  1.98162742e-04, -2.70669028e-04,
        7.29995970e-05, -1.77716764e-05,  7.22148983e-05, -1.03861942e-04,
        3.41364431e-05, -1.02958854e-06,  1.09196208e-06,  8.97521012e-03,
       -2.94068339e-03, -1.03645610e-02,  7.79587840e-03, -4.58591509e-03,
       -1.46097506e-03,  9.71090506e-04,  5.54757846e-04, -1.66360776e-04,
        3.92195522e-04, -2.30263678e-04, -3.01823363e-04,  9.22065451e-05,
        3.08685414e-04, -6.96893631e-04,  2.48051613e-06, -9.26205805e-05,
       -6.78662136e-06,  2.09469239e-06, -1.09118017e-06, -1.76548941e-05,
       -6.31117563e-06,  7.47647453e-05, -2.00095273e-05,  1.32472812e-06,
        4.08965685e-04, -7.34836750e-04, -1.08084901e-03, -4.01254139e-04,
        2.77939409e-04, -1.02297642e-05,  5.52255975e-04,  1.23292124e-03,
       -1.61170015e-03,  1.49087367e-04, -7.02598675e-04,  8.83777831e-04,
        2.02165566e-05,  1.04372222e-06,  1.92962333e-04, -6.78239002e-07,
        8.68012009e-06, -6.32800309e-05,  1.53301752e-05,  2.51667473e-06,
        1.48480100e-05, -2.70884206e-05, -2.43883282e-05,  2.60742236e-05,
        1.48360610e-06,  2.03776863e-04,  5.20916889e-04, -7.44665355e-05,
        3.38137228e-04, -3.89015681e-04, -6.75270738e-04, -1.06552022e-04,
       -3.34368260e-04,  1.14022815e-04, -1.03235782e-05,  3.11456631e-04,
        1.07991905e-04, -2.52667964e-05, -4.23173789e-06, -3.43228030e-05,
        3.26524607e-05, -8.74300974e-06,  3.08432551e-05, -4.98212376e-05,
        3.38193793e-06, -1.70756552e-06,  7.62955022e-06,  1.05821147e-05,
       -1.34642465e-05, -7.05269840e-07, -3.31420666e-05,  1.31657156e-04,
        2.34467730e-06, -3.53983257e-05, -1.81083772e-04,  5.85539801e-05,
        4.22557550e-05,  3.23528761e-06,  2.77275332e-06,  4.91757590e-05,
       -6.22850101e-05, -1.50155872e-05, -9.19100448e-06,  2.98232477e-05,
        9.50881680e-06,  3.36508298e-06, -3.65056329e-07,  1.37644111e-06,
        1.86638766e-05, -6.23305555e-08, -3.34380829e-07, -2.87837433e-06,
       -6.68649126e-06,  7.89999498e-06, -3.01173574e-08, -1.50790088e-05,
        1.54959550e-05, -8.68199430e-06, -2.92855552e-05, -9.72885141e-07,
       -1.21280353e-05,  1.53791359e-05,  3.67719926e-05,  6.07138103e-06,
       -9.69010593e-06,  1.46296797e-05,  2.30196434e-06,  7.70809198e-06,
       -6.42170030e-06, -1.09304767e-05,  4.13309187e-06, -4.84527583e-06,
       -2.54422393e-06, -2.66814953e-06,  3.97484912e-07,  8.80670098e-07,
       -1.05045684e-06,  5.12203546e-06, -3.69762701e-06, -4.36903764e-07,
       -1.77424011e-06,  1.52176005e-06, -2.43735618e-07, -1.55852450e-06,
       -3.63437992e-07, -2.77325193e-07,  2.11520579e-06,  3.91537788e-08,
        2.35124946e-06, -4.11140385e-07, -1.01761521e-06,  5.05925543e-07,
        2.66519090e-07,  1.16808994e-06, -1.32762628e-06, -5.78816417e-07,
       -7.63867015e-07,  1.31987881e-06, -4.81080244e-07, -2.31279196e-08,
       -3.48549662e-07,  3.45952158e-07, -1.03821001e-06,  6.36687443e-07,
       -5.00079178e-08], dtype=float64),
                   'Ra_n': Array([ 1.05452716e+01,  1.76242738e+00,  1.89089824e-01,  2.02010001e-02,
        2.03670212e-03,  1.95250607e-04,  1.56256348e-05,  2.15469956e-06,
       -3.03674501e-08], dtype=float64),
                   'Rb_lmn': Array([-7.36358192e-09, -2.01436610e-08, -2.40843781e-08, -4.44338448e-10,
       -1.72757938e-08,  3.90612572e-08,  1.18035005e-08,  5.02929924e-08,
        3.95592910e-08, -4.48348087e-07,  2.91773553e-07,  6.02273595e-07,
       -1.03115983e-07,  2.50761260e-07,  1.73539979e-07,  2.70248261e-07,
       -2.62397635e-07,  1.76295799e-06,  7.66989345e-06,  5.65148926e-07,
       -1.77694350e-06,  8.80316405e-06, -3.99484843e-06,  5.07323330e-06,
        1.79961820e-07,  1.41095229e-06,  1.67128716e-06,  5.55242316e-05,
        1.26851787e-04, -2.87600690e-04, -8.05024180e-05,  8.23699859e-05,
        4.11316250e-07,  6.57429840e-06, -9.47262087e-06,  8.75165556e-04,
       -1.34695244e-03,  2.75803359e-05,  5.76680880e-05, -1.11010001e-03,
        7.85516721e-07,  5.83648524e-07, -7.31416652e-05, -3.55552346e-04,
       -6.31142890e-04,  3.07836788e-03,  7.27682584e-03, -2.17904480e-02,
        3.12576019e-07, -4.52644125e-06, -5.66382524e-05,  2.51429964e-03,
        5.02625241e-05, -1.20050057e-02,  1.38128246e-01, -2.82669553e-01,
        5.33933641e-07,  3.76205481e-06,  5.67817883e-04, -4.36608185e-03,
       -3.54202547e-03,  7.50502700e-02,  6.25311057e-02, -1.46575714e+00,
        9.89647447e+00,  1.69180083e+00,  3.27180637e-01, -2.88558864e-02,
       -2.20686888e-02, -4.03850783e-04, -7.52719831e-05, -1.01392829e-05,
       -1.37361371e-06,  1.92928448e+00, -7.58860520e-01,  4.83085188e-02,
        1.96375119e-02, -1.01743185e-02, -2.76079342e-03,  1.43431914e-04,
       -1.86039886e-05, -1.85142547e-06,  9.97898354e-02, -1.50875544e-01,
        1.43833800e-01, -2.45296958e-02, -3.72779542e-03,  1.17504008e-03,
        2.21626929e-04, -1.77716764e-05,  1.09196208e-06, -3.43708694e-04,
       -7.22702354e-03,  8.65301048e-03, -1.69802536e-03, -7.88489661e-04,
       -2.99728670e-04, -1.75290112e-05, -1.09118017e-06,  1.32472812e-06,
       -8.45627839e-05, -2.99129854e-04,  8.05622401e-04, -7.76108470e-04,
       -1.44312615e-03,  8.99108006e-04,  2.53959846e-05,  2.51667473e-06,
        1.48360610e-06, -4.21605664e-06,  1.12834621e-04,  7.16677984e-06,
       -3.32970852e-04,  9.02821272e-05,  5.81706670e-05,  1.91882142e-05,
        3.38193793e-06, -7.05269840e-07,  1.93298043e-06, -6.15913236e-07,
       -5.21816468e-06, -2.35458892e-06,  5.59507885e-06,  3.64828943e-06,
        1.12650780e-05, -6.23305555e-08, -3.01173574e-08,  2.06894914e-07,
       -1.23118783e-08,  1.42802785e-08, -4.25795169e-08,  2.62939756e-07,
       -3.66185193e-07,  4.35464864e-07,  3.97484912e-07, -4.36903764e-07,
        1.51994928e-08, -1.66853412e-08, -5.32862302e-09,  2.49384079e-08,
       -1.45868349e-08,  2.48452998e-08,  5.78710267e-08, -2.31279196e-08,
       -5.00079178e-08], dtype=float64),
                   'Te_l': Array([ 9445.64810671, -9458.32823579,   -10.97654338,   -11.9819208 ,
         -10.0670693 ], dtype=float64),
                   'Ti_l': Array([ 9445.64029706, -9458.36363658,   -11.05483324,   -12.1163959 ,
         -10.22286669], dtype=float64),
                   'Z_lmn': Array([ 2.21573320e-06, -2.70731729e-06,  1.02419700e-06,  1.45344641e-06,
       -7.42702850e-07,  5.65953150e-07, -2.28384617e-06, -1.13205865e-07,
       -2.40996266e-06,  2.33231057e-06,  1.17981150e-06,  1.26388027e-07,
       -1.00805277e-06, -1.08409450e-06,  2.30445023e-06,  2.50330657e-08,
        1.11709314e-06, -1.71239438e-06, -1.17183297e-07, -3.86465617e-08,
        2.14293381e-08, -2.63641830e-07,  9.88849701e-08,  2.49847043e-08,
        6.67861106e-10,  1.10036833e-05, -1.42287717e-05,  1.58690234e-06,
        2.90831633e-05,  1.41289554e-05, -4.90670208e-07, -1.08676312e-05,
       -3.30607438e-05, -1.43469978e-06, -6.18043354e-07, -1.18996892e-06,
       -2.58563135e-06, -1.45121790e-06,  1.24817455e-06,  3.41407969e-06,
       -1.00365638e-06,  7.17407546e-07,  1.66938325e-06,  2.40964470e-06,
       -6.28097362e-07, -1.01393039e-07,  2.64390942e-06, -2.14580529e-06,
        1.41424994e-06,  1.01218931e-07,  3.18363624e-05, -4.76487510e-05,
        1.55245332e-05,  1.91753678e-05,  6.41065277e-05,  5.07895250e-05,
       -4.26109822e-05, -1.70725451e-05, -5.99447487e-06, -1.93937463e-05,
       -5.41968261e-05,  5.16952620e-08, -6.05977021e-06,  2.22674273e-06,
        4.97891136e-06, -2.45672771e-06,  6.06482193e-06,  5.48478332e-06,
       -5.91836028e-07,  9.77583701e-08,  2.19349959e-07,  2.63073251e-07,
        3.34468082e-07, -1.08319871e-06, -2.18333742e-07, -4.45965079e-06,
       -5.99165829e-04,  7.07157852e-05,  1.57036182e-04,  5.98331703e-04,
        5.00101382e-05, -9.40444896e-05, -1.13395526e-04,  1.28925103e-04,
       -2.48658226e-05,  2.01198012e-05, -3.44167608e-05,  1.31075819e-05,
       -5.99461528e-05, -2.29559727e-05, -3.40065036e-05,  9.01678724e-06,
       -8.29198602e-06, -8.59089040e-06,  1.67758755e-06, -4.32740726e-06,
        7.60643542e-06, -4.71523216e-06, -3.30103208e-06,  1.69259584e-07,
       -8.39231802e-04, -1.51156854e-03,  1.16825180e-03, -1.57619703e-03,
        1.43892932e-03,  1.15206262e-03, -4.59215630e-05,  1.13388257e-03,
        4.00479301e-04, -2.51248185e-04, -3.34575157e-06, -1.86606485e-04,
       -8.76109602e-06, -2.57443528e-05,  2.19316610e-05, -5.68355519e-05,
        1.33234547e-05, -1.93025432e-05,  2.73288197e-05,  2.80661878e-06,
        5.07160138e-06, -1.35127351e-05,  1.36461616e-05, -8.58301174e-06,
       -7.97767962e-07, -8.64307095e-03,  1.12089267e-02,  9.54239434e-03,
       -1.46294230e-02,  1.43787524e-03,  9.05890698e-03, -1.30885351e-03,
       -4.43616202e-03,  3.44096073e-03, -6.81309318e-04,  3.32651493e-04,
       -1.33899194e-03, -2.94942448e-05,  5.17566063e-05, -4.47286262e-04,
       -1.97196926e-07, -4.54982576e-05,  1.07447235e-04,  1.69572039e-05,
        4.93742710e-07, -3.06769675e-05,  5.12532630e-05,  1.34361876e-05,
       -5.74991527e-05,  5.31329350e-07, -1.31061057e-01,  1.02907295e-01,
        3.91562376e-02, -7.50143463e-02,  2.63960338e-02,  1.10879909e-03,
       -2.36361517e-03,  1.58332698e-03,  6.97257403e-03, -3.31090523e-03,
        2.35426888e-03,  1.29887751e-03,  3.66217864e-04, -1.88683612e-03,
        1.75867523e-03, -1.53821593e-04,  9.46049434e-05,  4.57807995e-05,
        2.07940893e-05, -8.44289910e-06,  2.18625064e-05,  1.24252987e-04,
       -5.88048626e-05,  2.17933331e-05,  1.61386969e-06, -1.42237395e+00,
        4.86230881e-01,  6.52871716e-02, -4.23364159e-02,  2.79834962e-02,
        5.32885282e-03,  9.18489163e-03, -1.80404860e-02, -4.27538092e-03,
       -6.31942837e-03, -4.69927451e-03, -7.63486590e-04,  2.20245344e-03,
        2.99655637e-05,  1.25154985e-03, -1.23319727e-04, -5.35800185e-04,
        3.09588953e-04, -3.19202798e-04,  4.20413498e-07, -1.48192402e-04,
        1.76871880e-04, -2.64010048e-05,  1.25900821e-05, -2.93315065e-06,
       -2.17515657e+00, -3.46963274e-01,  9.31981850e-03,  5.43601862e-02,
        8.14524329e-03,  5.66319785e-02,  9.86269475e-04,  1.31671587e-02,
       -1.55462710e-02,  5.33692408e-04,  1.59909103e-03,  4.90904883e-03,
       -2.44435602e-05,  2.38636677e-04, -5.28252438e-04,  4.53833755e-04,
        2.37015518e-06,  7.96080800e-05,  4.84750024e-06,  2.93615972e-04,
       -1.25149476e+00,  1.31453617e-01,  7.17173558e-02,  2.44640135e-03,
        1.57855014e-02,  1.34730229e-02,  4.20931094e-03,  5.96422711e-03,
        5.97744480e-03, -2.18170076e-04, -2.44506888e-03,  1.60192536e-03,
        8.77350041e-06, -9.99497571e-05, -1.82298627e-04, -1.51987451e-04,
       -2.11018435e-07, -7.93829839e-05,  1.31948007e-06,  1.97003293e-05,
       -2.46185981e-01,  6.16056560e-02,  1.45334838e-02,  1.13678067e-02,
       -5.33899534e-03,  1.06367831e-02, -6.35720722e-05, -2.79666507e-03,
       -6.23108129e-04, -1.38899029e-04, -1.20144273e-03,  8.52024378e-04,
        1.26875131e-05, -1.08083764e-04,  1.54581408e-05,  2.38198590e-04,
       -2.78839241e-06, -4.40274051e-05, -2.89824253e-05, -1.44311416e-04,
       -3.02928612e-02,  1.56048084e-02, -3.64918600e-03,  2.11893820e-03,
       -3.25439210e-03,  1.46479981e-03,  1.28207228e-03, -1.05040597e-03,
        3.60985327e-04, -9.32148480e-05,  2.84221745e-04, -2.37164537e-04,
       -9.41548526e-07, -8.06100621e-05,  7.42199310e-05,  6.85777452e-05,
       -9.65354071e-07,  7.16482416e-05, -8.16183327e-06, -3.49522332e-05,
       -2.01167864e-03, -3.96195987e-04, -4.78135870e-04,  1.45614278e-03,
       -3.88589836e-04,  4.86536111e-04,  2.29799384e-04,  1.54286369e-05,
       -1.87627077e-04,  1.01857176e-05,  1.09398571e-05, -7.10428976e-05,
       -8.96800032e-07, -7.81065948e-05, -3.41610193e-05, -1.10902302e-05,
        3.79900140e-07,  6.45740266e-06,  5.74459607e-06,  1.20492802e-05,
        5.24071337e-05,  1.75626422e-05,  1.85044007e-04,  2.13872171e-05,
       -1.18947178e-04, -1.57814185e-04,  1.74575579e-05, -1.68777742e-04,
       -4.41621190e-05,  2.20080228e-05,  2.36406394e-05,  4.48177056e-05,
       -1.04689042e-06,  1.65492142e-05,  1.08773165e-05,  5.55195516e-06,
       -2.71825669e-08,  2.38708608e-06,  1.13769618e-05, -1.10918921e-05,
       -2.32613870e-05,  2.54721187e-05, -9.18285811e-05, -2.07905763e-07,
        2.06310987e-05,  1.70470210e-05, -6.92926101e-07,  1.03504409e-04,
        1.75978795e-05, -8.79237610e-07, -2.52021159e-05, -4.68693859e-05,
        7.47708178e-08, -1.05115884e-08, -1.12624894e-05,  2.65448458e-06,
        1.18892031e-07, -8.51462893e-07, -5.33727801e-07,  2.63761659e-06,
       -1.80836619e-06, -1.96174767e-05,  7.95360190e-07,  2.34507390e-06,
        1.78313652e-06,  1.95237241e-05, -4.00023651e-07, -2.69767382e-06,
       -4.02354326e-07,  1.50431795e-06, -3.89939024e-06,  1.57918023e-06,
       -7.71283820e-07,  4.46862781e-08,  1.70058916e-06, -2.16095217e-07,
        1.87579844e-07, -1.51372758e-06,  2.32735662e-06, -1.54599159e-06,
       -2.39156380e-06, -6.65603511e-07, -2.40129469e-06,  2.47776037e-06,
        1.82189053e-06,  1.02795169e-06, -3.62394353e-07,  1.47306847e-06,
        1.25495096e-06,  1.99234804e-07, -1.53461961e-06, -5.80453262e-07,
       -1.20721454e-08,  3.61395134e-07,  9.29326776e-07, -1.33808362e-06,
       -1.34574245e-08, -1.62209139e-07, -2.77447747e-07,  1.97260666e-07],      dtype=float64),
                   'Za_n': Array([-6.28278530e-08, -1.01025296e-07, -2.00200328e-05, -1.86654915e-04,
       -2.03957247e-03, -1.94955015e-02, -1.72925265e-01, -1.48082688e+00],      dtype=float64),
                   'Zb_lmn': Array([-3.05394012e-08, -6.16440230e-10, -7.49578132e-09,  3.33702675e-08,
       -6.62745854e-09,  9.20473031e-09,  5.00177700e-08, -3.86465617e-08,
        6.67861106e-10,  1.70343581e-07, -4.52145851e-10, -8.54965817e-08,
       -1.12558827e-08, -1.66425389e-07, -1.75986651e-07,  4.10593569e-07,
       -6.28097362e-07,  1.01218931e-07, -1.09050690e-06,  3.12885236e-06,
        4.59263868e-06,  2.07748227e-06, -6.81095431e-07, -5.40140766e-07,
       -3.53992642e-06,  9.77583701e-08, -2.18333742e-07, -1.90081805e-05,
       -1.66831616e-05, -8.69906142e-06,  6.18379534e-05,  1.01253898e-04,
       -4.30076512e-05, -3.73075357e-05,  1.67758755e-06,  1.69259584e-07,
        2.79408942e-04, -3.10563959e-04, -4.81571546e-04,  1.12941433e-03,
        4.36057124e-04, -1.59277666e-04, -6.54185637e-05,  2.80661878e-06,
       -7.97767962e-07, -4.69701328e-04,  1.19199943e-02, -1.89625752e-02,
        9.49900570e-03,  3.00711066e-03, -1.32203474e-03, -5.76963496e-05,
        4.93742710e-07,  5.31329350e-07, -9.38803537e-02,  1.26087028e-01,
       -7.51936024e-02,  3.50884876e-03,  8.67244441e-03,  1.31967160e-03,
       -1.32028260e-04, -8.44289910e-06,  1.61386969e-06, -1.34584763e+00,
        5.07359148e-01, -6.01700644e-02,  9.39167266e-04, -3.05023208e-03,
       -1.08268939e-03, -1.10729645e-04,  4.20413498e-07, -2.93315065e-06,
        2.37015518e-06, -2.44435602e-05,  6.13300488e-04,  1.22490615e-03,
        9.74918181e-03,  2.19587248e-02, -2.85128631e-01, -2.13588882e+00,
       -2.11018435e-07,  8.77350041e-06, -2.97553059e-04,  4.10936118e-03,
        1.33417520e-02,  7.74992842e-02,  1.46548266e-01, -1.24322290e+00,
       -2.78839241e-06,  1.26875131e-05, -1.82926434e-04, -1.71655836e-04,
       -6.56942049e-03,  1.17522769e-02,  7.29501521e-02, -2.35203084e-01,
       -9.65354071e-07, -9.41548526e-07, -2.15666064e-05,  1.20146222e-03,
       -2.97833219e-03, -4.62537203e-03,  1.67974915e-02, -2.77443599e-02,
        3.79900140e-07, -8.96800032e-07,  1.66431203e-05,  1.51692789e-04,
       -3.71905383e-04, -4.96868252e-04,  3.13465068e-05, -7.54253162e-04,
       -2.71825669e-08, -1.04689042e-06,  2.43951088e-05,  3.40067722e-05,
       -8.39295768e-05,  2.71435821e-05, -1.06525729e-04,  3.51841870e-05,
        1.18892031e-07,  7.47708178e-08, -1.73070050e-06, -7.03437689e-07,
       -5.10474501e-06,  4.13338304e-07, -1.71262958e-06, -3.21692871e-06,
        1.87579844e-07, -7.71283820e-07, -9.40963079e-09, -3.55337373e-07,
        2.11102909e-07, -2.01724470e-07, -6.05639149e-08, -8.17418315e-08,
       -1.34574245e-08, -1.20721454e-08,  3.70256651e-08, -9.99218583e-10,
        9.82317966e-09,  1.10056177e-09, -2.08444139e-08,  3.06390232e-09],      dtype=float64),
                   'Zeff_l': Array([1.00073216, 0.00244822, 0.00478574, 0.00759266, 0.0076316 ],      dtype=float64),
                   'a_lmn': Array([], shape=(0,), dtype=float64),
                   'c_l': Array([0., 0., 0., 0., 0.], dtype=float64),
                   'i_l': Array([], shape=(0,), dtype=float64),
                   'ne_l': Array([ 2.37913894e+20,  1.23443858e-23,  6.32184219e-24,  7.36211370e-24,
        4.85785539e-24, -2.38653705e+20], dtype=float64),
                   'ni_l': Array([], shape=(0,), dtype=float64),
                   'p_l': Array([], shape=(0,), dtype=float64)}]],
  'message': 'Optimization terminated successfully.\n'
             '`xtol` condition satisfied. (xtol=1.00e-06)',
  'nfev': 2,
  'nit': 1,
  'njev': 1,
  'optimality': Array(244.75789771, dtype=float64),
  'penalty_param': Array([10.], dtype=float64),
  's': Array([], shape=(0,), dtype=float64),
  'success': True,
  'v': Array([1., 1., 1., 1., 1., 1., 1., 1., 1., 1., 1., 1., 1., 1., 1., 1., 1.,
       1., 1., 1., 1., 1., 1., 1., 1., 1., 1., 1., 1., 1., 1., 1., 1., 1.,
       1., 1., 1., 1., 1., 1., 1., 1., 1., 1., 1., 1., 1., 1., 1., 1., 1.,
       1., 1., 1., 1., 1., 1., 1., 1., 1., 1., 1., 1., 1., 1., 1., 1., 1.,
       1., 1., 1., 1., 1., 1., 1., 1., 1., 1., 1., 1., 1., 1., 1., 1., 1.,
       1., 1., 1., 1., 1., 1., 1., 1., 1., 1., 1., 1., 1., 1., 1., 1., 1.,
       1., 1., 1., 1., 1., 1., 1., 1., 1., 1., 1., 1., 1., 1., 1., 1., 1.,
       1., 1., 1., 1., 1., 1., 1., 1., 1., 1., 1., 1., 1., 1., 1., 1., 1.,
       1., 1., 1., 1., 1., 1., 1., 1., 1., 1., 1., 1., 1., 1., 1., 1., 1.,
       1., 1., 1., 1., 1., 1., 1., 1., 1., 1., 1., 1., 1., 1., 1., 1., 1.,
       1., 1., 1., 1., 1., 1., 1., 1., 1., 1., 1., 1., 1., 1., 1., 1., 1.,
       1., 1.], dtype=float64),
  'x': Array([ 9.99882330e-01, -1.00022290e+00, -1.09765434e+01, -1.19819208e+01,
       -1.00670693e+01,  9.99906995e-01,  1.23443858e-23,  6.32184219e-24,
        7.36211370e-24,  4.85785539e-24, -1.00043289e+00,  9.99881905e-01,
       -1.00022484e+00, -1.10548332e+01, -1.21163959e+01, -1.02228667e+01,
        1.00073216e+00,  2.44821662e-03,  4.78574452e-03,  7.59266325e-03,
        7.63160259e-03,  7.66989345e-06,  5.65148926e-07, -1.77694350e-06,
        8.80316405e-06, -3.99484843e-06,  5.07323330e-06,  1.67128716e-06,
        5.55242316e-05,  1.26851787e-04, -2.87600690e-04, -8.05024180e-05,
        8.23699859e-05, -9.47262087e-06,  8.75165556e-04, -1.34695244e-03,
        2.75803359e-05,  5.76680880e-05, -1.11010001e-03, -7.31416652e-05,
       -3.55552346e-04, -6.31142890e-04,  3.07836788e-03,  7.27682584e-03,
       -2.17904480e-02, -5.66382524e-05,  2.51429964e-03,  5.02625241e-05,
       -1.20050057e-02,  1.38128246e-01, -2.82669553e-01,  5.67817883e-04,
       -4.36608185e-03, -3.54202547e-03,  7.50502700e-02,  6.25311057e-02,
       -1.46575714e+00,  1.69180083e+00,  3.27180637e-01, -2.88558864e-02,
       -2.20686888e-02, -4.03850783e-04, -7.52719831e-05,  1.92928448e+00,
       -7.58860520e-01,  4.83085188e-02,  1.96375119e-02, -1.01743185e-02,
       -2.76079342e-03,  1.43431914e-04,  9.97898354e-02, -1.50875544e-01,
        1.43833800e-01, -2.45296958e-02, -3.72779542e-03,  1.17504008e-03,
        2.21626929e-04, -3.43708694e-04, -7.22702354e-03,  8.65301048e-03,
       -1.69802536e-03, -7.88489661e-04, -2.99728670e-04, -1.75290112e-05,
       -8.45627839e-05, -2.99129854e-04,  8.05622401e-04, -7.76108470e-04,
       -1.44312615e-03,  8.99108006e-04,  2.53959846e-05, -4.21605664e-06,
        1.12834621e-04,  7.16677984e-06, -3.32970852e-04,  9.02821272e-05,
        5.81706670e-05,  1.91882142e-05,  1.93298043e-06, -6.15913236e-07,
       -5.21816468e-06, -2.35458892e-06,  5.59507885e-06,  3.64828943e-06,
        1.12650780e-05, -1.09050690e-06,  3.12885236e-06,  4.59263868e-06,
        2.07748227e-06, -6.81095431e-07, -5.40140766e-07, -3.53992642e-06,
       -1.90081805e-05, -1.66831616e-05, -8.69906142e-06,  6.18379534e-05,
        1.01253898e-04, -4.30076512e-05, -3.73075357e-05,  2.79408942e-04,
       -3.10563959e-04, -4.81571546e-04,  1.12941433e-03,  4.36057124e-04,
       -1.59277666e-04, -6.54185637e-05, -4.69701328e-04,  1.19199943e-02,
       -1.89625752e-02,  9.49900570e-03,  3.00711066e-03, -1.32203474e-03,
       -5.76963496e-05, -9.38803537e-02,  1.26087028e-01, -7.51936024e-02,
        3.50884876e-03,  8.67244441e-03,  1.31967160e-03, -1.32028260e-04,
       -1.34584763e+00,  5.07359148e-01, -6.01700644e-02,  9.39167266e-04,
       -3.05023208e-03, -1.08268939e-03, -1.10729645e-04,  6.13300488e-04,
        1.22490615e-03,  9.74918181e-03,  2.19587248e-02, -2.85128631e-01,
       -2.13588882e+00, -2.97553059e-04,  4.10936118e-03,  1.33417520e-02,
        7.74992842e-02,  1.46548266e-01, -1.24322290e+00, -1.82926434e-04,
       -1.71655836e-04, -6.56942049e-03,  1.17522769e-02,  7.29501521e-02,
       -2.35203084e-01, -2.15666064e-05,  1.20146222e-03, -2.97833219e-03,
       -4.62537203e-03,  1.67974915e-02, -2.77443599e-02,  1.66431203e-05,
        1.51692789e-04, -3.71905383e-04, -4.96868252e-04,  3.13465068e-05,
       -7.54253162e-04,  2.43951088e-05,  3.40067722e-05, -8.39295768e-05,
        2.71435821e-05, -1.06525729e-04,  3.51841870e-05, -1.73070050e-06,
       -7.03437689e-07, -5.10474501e-06,  4.13338304e-07, -1.71262958e-06,
       -3.21692871e-06], dtype=float64),
  'x_scale': 'auto',
  'y': Array([0.], dtype=float64)}
