Pre-optimization QS value:0.00032043568041796296Pre-optimization quadcoil value:33027.57463837965Post-optimization QS value:0.00045175101354558893Post-optimization quadcoil value:32964.88441527898=== Optimization Result ===
{ 'Objective values': { 'Fixed Psi error: ': [ { 'f': Array(0., dtype=float64),
                                                 'f0': Array(0., dtype=float64)}],
                        'Fixed current profile error: ': [ { 'f': Array(0., dtype=float64),
                                                             'f0': Array(0., dtype=float64)}],
                        'Force error: ': [ { 'f0_max': Array(647108.26751602, dtype=float64),
                                             'f0_max_norm': Array(0.00017453, dtype=float64),
                                             'f0_mean': Array(28457.43422761, dtype=float64),
                                             'f0_mean_norm': Array(7.67518389e-06, dtype=float64),
                                             'f0_min': Array(6.73773729, dtype=float64),
                                             'f0_min_norm': Array(1.81721839e-09, dtype=float64),
                                             'f_max': Array(649298.43107846, dtype=float64),
                                             'f_max_norm': Array(0.00017512, dtype=float64),
                                             'f_mean': Array(28430.24658985, dtype=float64),
                                             'f_mean_norm': Array(7.66785118e-06, dtype=float64),
                                             'f_min': Array(10.58932576, dtype=float64),
                                             'f_min_norm': Array(2.85602074e-09, dtype=float64)}],
                        'Plasma volume: ': [ { 'f': Array(581.87256212, dtype=float64),
                                               'f0': Array(581.87252875, dtype=float64),
                                               'f0_norm': Array(6.06771821e-06, dtype=float64),
                                               'f_norm': Array(7.31136538e-06, dtype=float64)}],
                        'Quadcoil boundary error: ': [ { 'f0_max': Array(11.09710897, dtype=float64),
                                                         'f0_max_norm': Array(0.03897369, dtype=float64),
                                                         'f0_mean': Array(1.5257577, dtype=float64),
                                                         'f0_mean_norm': Array(0.00535855, dtype=float64),
                                                         'f0_min': Array(3.10404093e-14, dtype=float64),
                                                         'f0_min_norm': Array(1.09015712e-16, dtype=float64),
                                                         'f_max': Array(11.08991502, dtype=float64),
                                                         'f_max_norm': Array(0.03894842, dtype=float64),
                                                         'f_mean': Array(1.52422247, dtype=float64),
                                                         'f_mean_norm': Array(0.00535316, dtype=float64),
                                                         'f_min': Array(2.129658e-14, dtype=float64),
                                                         'f_min_norm': Array(7.47948203e-17, dtype=float64)}],
                        'Quasi-symmetry error: ': [ { 'f0_max': Array(0.0625239, dtype=float64),
                                                      'f0_max_norm': Array(0.00046658, dtype=float64),
                                                      'f0_mean': Array(0.00058595, dtype=float64),
                                                      'f0_mean_norm': Array(4.37256906e-06, dtype=float64),
                                                      'f0_min': Array(-0.02590384, dtype=float64),
                                                      'f0_min_norm': Array(-0.0001933, dtype=float64),
                                                      'f_max': Array(0.0624912, dtype=float64),
                                                      'f_max_norm': Array(0.00046633, dtype=float64),
                                                      'f_mean': Array(0.00058436, dtype=float64),
                                                      'f_mean_norm': Array(4.36068104e-06, dtype=float64),
                                                      'f_min': Array(-0.02583315, dtype=float64),
                                                      'f_min_norm': Array(-0.00019278, dtype=float64)}],
                        'R boundary error: ': [ { 'f': Array(0., dtype=float64),
                                                  'f0': Array(0., dtype=float64)}],
                        'Rotational transform: ': [ { 'f0_max': Array(0.37650419, dtype=float64),
                                                      'f0_mean': Array(0.37650419, dtype=float64),
                                                      'f0_min': Array(0.37650419, dtype=float64),
                                                      'f_max': Array(0.37642483, dtype=float64),
                                                      'f_mean': Array(0.37642483, dtype=float64),
                                                      'f_min': Array(0.37642483, dtype=float64)},
                                                    { 'f0_max': Array(0.42897, dtype=float64),
                                                      'f0_mean': Array(0.42897, dtype=float64),
                                                      'f0_min': Array(0.42897, dtype=float64),
                                                      'f_max': Array(0.42892561, dtype=float64),
                                                      'f_mean': Array(0.42892561, dtype=float64),
                                                      'f_min': Array(0.42892561, dtype=float64)}],
                        'Total (sum of squares)': { 'f': Array(32964.88548846, dtype=float64),
                                                    'f0': Array(33029.60785335, dtype=float64)},
                        'Z boundary error: ': [ { 'f': Array(0., dtype=float64),
                                                  'f0': Array(0., dtype=float64)}]},
  'alltr': [Array(0.08308389, dtype=float64), np.float64(0.3323355520429954)],
  'allx': [ Array([ 0.00000000e+00,  0.00000000e+00,  0.00000000e+00,  0.00000000e+00,
        0.00000000e+00,  5.02041313e+01,  9.44452436e+03, -9.46044952e+03,
       -1.37066202e+01, -1.48710620e+01, -1.24253046e+01,  2.37891429e+20,
        1.39492478e-23,  6.70699900e-24,  9.21778176e-24,  6.05229503e-24,
       -2.38731133e+20,  9.44451104e+03, -9.46051034e+03, -1.38409178e+01,
       -1.51001876e+01, -1.26889969e+01,  1.00092119e+00,  3.08465115e-03,
        6.04472695e-03,  9.68198881e-03,  9.88587742e-03, -7.36358192e-09,
       -2.01436610e-08, -2.40843781e-08, -4.44338448e-10, -1.72757938e-08,
        3.90612572e-08,  1.18035005e-08,  5.02929924e-08,  3.95592910e-08,
       -4.45021015e-07,  2.90630174e-07,  6.04495947e-07, -1.02873689e-07,
        2.42957876e-07,  1.74932032e-07,  2.67213495e-07, -2.62397635e-07,
        1.76393853e-06,  7.66597934e-06,  5.64271932e-07, -1.77256895e-06,
        8.78557059e-06, -3.98334810e-06,  5.05830629e-06,  1.79961820e-07,
        1.40337557e-06,  1.66031263e-06,  5.55179557e-05,  1.26852100e-04,
       -2.87642841e-04, -8.04702194e-05,  8.23117870e-05,  4.11316250e-07,
        6.57596595e-06, -9.47542421e-06,  8.75152369e-04, -1.34696249e-03,
        2.75459922e-05,  5.77345321e-05, -1.11025026e-03,  7.85516721e-07,
        6.33710477e-07, -7.31285947e-05, -3.55571015e-04, -6.31164329e-04,
        3.07836284e-03,  7.27692673e-03, -2.17905876e-02,  3.12576019e-07,
       -4.48073559e-06, -5.65980139e-05,  2.51430929e-03,  5.02408307e-05,
       -1.20049984e-02,  1.38128401e-01, -2.82669571e-01,  5.33933641e-07,
        3.86307169e-06,  5.67838269e-04, -4.36606873e-03, -3.54209457e-03,
        7.50502571e-02,  6.25313768e-02, -1.46575689e+00,  9.89647447e+00,
        1.69180074e+00,  3.27180934e-01, -2.88556561e-02, -2.20687244e-02,
       -4.03858128e-04, -7.51972461e-05, -1.00837083e-05, -1.37361371e-06,
        1.92928514e+00, -7.58860567e-01,  4.83084497e-02,  1.96377598e-02,
       -1.01741922e-02, -2.76080261e-03,  1.43493817e-04, -1.82942384e-05,
       -1.85142547e-06,  9.97899213e-02, -1.50875590e-01,  1.43833789e-01,
       -2.45296746e-02, -3.72763255e-03,  1.17511012e-03,  2.21648734e-04,
       -1.77167835e-05,  1.09196208e-06, -3.43665231e-04, -7.22707691e-03,
        8.65297089e-03, -1.69808115e-03, -7.88413639e-04, -2.99711109e-04,
       -1.75366864e-05, -1.08467540e-06,  1.32472812e-06, -8.45117067e-05,
       -2.99157711e-04,  8.05694547e-04, -7.76142946e-04, -1.44308548e-03,
        8.99114771e-04,  2.53984232e-05,  2.50947768e-06,  1.48360610e-06,
       -4.20856300e-06,  1.12824477e-04,  7.21040458e-06, -3.33004663e-04,
        9.03022060e-05,  5.81718424e-05,  1.91815790e-05,  3.37839568e-06,
       -7.05269840e-07,  1.93489251e-06, -6.17305573e-07, -5.19916180e-06,
       -2.36743398e-06,  5.60569323e-06,  3.64618143e-06,  1.12622680e-05,
       -5.92783996e-08, -3.01173574e-08,  2.09636716e-07, -1.34783078e-08,
        2.28739033e-08, -4.39730564e-08,  2.66424859e-07, -3.68061579e-07,
        4.33022812e-07,  4.02197787e-07, -4.36903764e-07,  1.51994928e-08,
       -1.66853412e-08, -5.32862302e-09,  2.49384079e-08, -1.45868349e-08,
        2.48452998e-08,  5.78710267e-08, -2.31279196e-08, -5.00079178e-08,
       -3.05394012e-08, -6.16440230e-10, -7.49578132e-09,  3.33702675e-08,
       -6.62745854e-09,  9.20473031e-09,  5.00177700e-08, -3.86465617e-08,
        6.67861106e-10,  1.71070527e-07, -3.49005691e-09, -8.56738465e-08,
       -6.83736499e-09, -1.71775330e-07, -1.73469468e-07,  4.09813872e-07,
       -6.27678238e-07,  1.01218931e-07, -1.09478434e-06,  3.12994079e-06,
        4.59182190e-06,  2.10150857e-06, -6.92899000e-07, -5.40781319e-07,
       -3.53941901e-06,  1.01992884e-07, -2.18333742e-07, -1.90219527e-05,
       -1.66605093e-05, -8.70852991e-06,  6.18647530e-05,  1.01243161e-04,
       -4.30143270e-05, -3.73124616e-05,  1.69103483e-06,  1.69259584e-07,
        2.79356035e-04, -3.10529535e-04, -4.81536409e-04,  1.12944752e-03,
        4.36044219e-04, -1.59275885e-04, -6.54250967e-05,  2.80747003e-06,
       -7.97767962e-07, -4.69763466e-04,  1.19199793e-02, -1.89624967e-02,
        9.49910173e-03,  3.00708127e-03, -1.32209509e-03, -5.77102411e-05,
        5.02916574e-07,  5.31329350e-07, -9.38804592e-02,  1.26086972e-01,
       -7.51935332e-02,  3.50893181e-03,  8.67253363e-03,  1.31970735e-03,
       -1.32058227e-04, -8.50555768e-06,  1.61386969e-06, -1.34584776e+00,
        5.07359025e-01, -6.01699314e-02,  9.39517130e-04, -3.05010472e-03,
       -1.08276163e-03, -1.10794943e-04,  4.47869927e-07, -2.93315065e-06,
        2.37015518e-06, -2.45473169e-05,  6.13328876e-04,  1.22487323e-03,
        9.74915139e-03,  2.19590488e-02, -2.85128497e-01, -2.13588895e+00,
       -2.11018435e-07,  8.82503781e-06, -2.97462643e-04,  4.10938819e-03,
        1.33415609e-02,  7.74990699e-02,  1.46548343e-01, -1.24322285e+00,
       -2.78839241e-06,  1.26670567e-05, -1.82947171e-04, -1.71759799e-04,
       -6.56947888e-03,  1.17524590e-02,  7.29502073e-02, -2.35203074e-01,
       -9.65354071e-07, -9.56101680e-07, -2.15761047e-05,  1.20147023e-03,
       -2.97832852e-03, -4.62533426e-03,  1.67975746e-02, -2.77443062e-02,
        3.79900140e-07, -8.70766290e-07,  1.66468117e-05,  1.51669394e-04,
       -3.71905682e-04, -4.96856537e-04,  3.13693130e-05, -7.54253959e-04,
       -2.71825669e-08, -1.05475955e-06,  2.43984170e-05,  3.40021716e-05,
       -8.39274214e-05,  2.71363094e-05, -1.06488671e-04,  3.51756104e-05,
        1.18892031e-07,  7.01096911e-08, -1.72836076e-06, -7.09651488e-07,
       -5.09840629e-06,  3.98786562e-07, -1.69586715e-06, -3.22036907e-06,
        1.87579844e-07, -7.69805613e-07, -7.69728989e-09, -3.57525062e-07,
        2.12131021e-07, -2.07721321e-07, -5.28584616e-08, -8.15174717e-08,
       -1.34574245e-08, -1.20721454e-08,  3.70256651e-08, -9.99218583e-10,
        9.82317966e-09,  1.10056177e-09, -2.08444139e-08,  3.06390232e-09],      dtype=float64),
            Array([ 0.00000000e+00,  0.00000000e+00,  0.00000000e+00,  0.00000000e+00,
        0.00000000e+00,  5.02041313e+01,  9.44339115e+03, -9.46258012e+03,
       -1.64322320e+01, -1.77380791e+01, -1.47571190e+01,  2.37868683e+20,
        1.48405034e-23,  7.15262680e-24,  1.10589296e-23,  7.23513554e-24,
       -2.38789781e+20,  9.44337078e+03, -9.46267359e+03, -1.66381725e+01,
       -1.80873535e+01, -1.51571269e+01,  1.00111191e+00,  3.72820606e-03,
        7.31815623e-03,  1.18085100e-02,  1.22204275e-02, -7.08993937e-09,
       -1.96309212e-08, -2.41845100e-08,  2.16296892e-10, -1.77246985e-08,
        3.60430606e-08,  9.81274944e-09,  5.16476721e-08,  4.10543041e-08,
       -4.41725379e-07,  2.89512422e-07,  6.06684853e-07, -1.02592818e-07,
        2.35098804e-07,  1.76342284e-07,  2.64166078e-07, -2.65066389e-07,
        1.76515572e-06,  7.66211017e-06,  5.63331629e-07, -1.76815280e-06,
        8.76782657e-06, -3.97174691e-06,  5.04324570e-06,  1.75090328e-07,
        1.39582018e-06,  1.64959683e-06,  5.55115365e-05,  1.26852448e-04,
       -2.87685384e-04, -8.04377394e-05,  8.22530807e-05,  3.90754132e-07,
        6.57760519e-06, -9.47879466e-06,  8.75139015e-04, -1.34697262e-03,
        2.75113438e-05,  5.78015573e-05, -1.11040183e-03,  7.28498349e-07,
        6.81751277e-07, -7.31159568e-05, -3.55589884e-04, -6.31186030e-04,
        3.07835778e-03,  7.27702850e-03, -2.17907283e-02,  2.20121505e-07,
       -4.43726889e-06, -5.65562019e-05,  2.51431945e-03,  5.02189476e-05,
       -1.20049910e-02,  1.38128557e-01, -2.82669588e-01,  4.55881230e-07,
        3.96297794e-06,  5.67858472e-04, -4.36605467e-03, -3.54216452e-03,
        7.50502440e-02,  6.25316502e-02, -1.46575664e+00,  9.89647447e+00,
        1.69180065e+00,  3.27181234e-01, -2.88554238e-02, -2.20687603e-02,
       -4.03866966e-04, -7.51187386e-05, -1.00254216e-05, -1.41338723e-06,
        1.92928581e+00, -7.58860614e-01,  4.83083800e-02,  1.96380097e-02,
       -1.01740647e-02, -2.76081317e-03,  1.43559202e-04, -1.79819493e-05,
       -1.84932581e-06,  9.97900078e-02, -1.50875637e-01,  1.43833778e-01,
       -2.45296532e-02, -3.72746818e-03,  1.17518081e-03,  2.21669853e-04,
       -1.76623019e-05,  1.07140360e-06, -3.43621392e-04, -7.22713074e-03,
        8.65293095e-03, -1.69813745e-03, -7.88336858e-04, -2.99693297e-04,
       -1.75455750e-05, -1.07985183e-06,  1.31512316e-06, -8.44601882e-05,
       -2.99185810e-04,  8.05767321e-04, -7.76177735e-04, -1.44304444e-03,
        8.99121555e-04,  2.54007443e-05,  2.50225154e-06,  1.47130980e-06,
       -4.20100439e-06,  1.12814245e-04,  7.25440999e-06, -3.33038772e-04,
        9.03224722e-05,  5.81729742e-05,  1.91751514e-05,  3.37498102e-06,
       -7.07838303e-07,  1.93682282e-06, -6.18710505e-07, -5.17999346e-06,
       -2.38039031e-06,  5.61642612e-06,  3.64408760e-06,  1.12594625e-05,
       -5.60249617e-08, -3.07370119e-08,  2.12397739e-07, -1.46562101e-08,
        3.15324391e-08, -4.53902857e-08,  2.69926947e-07, -3.69938840e-07,
        4.30685394e-07,  4.06834633e-07, -4.34148960e-07,  1.72083836e-08,
       -1.99285576e-08, -3.76944440e-09,  2.69538534e-08, -1.37038396e-08,
        2.48591720e-08,  5.71899645e-08, -2.22371827e-08, -4.92729243e-08,
       -2.87857909e-08, -1.69006892e-09, -9.32945980e-09,  3.39050046e-08,
       -7.28427721e-09,  9.48975175e-09,  5.04532397e-08, -3.90275303e-08,
        1.00370044e-09,  1.71805452e-07, -6.55257144e-09, -8.58551322e-08,
       -2.39337064e-09, -1.77208383e-07, -1.70890284e-07,  4.09051076e-07,
       -6.27429064e-07,  1.01405362e-07, -1.09910285e-06,  3.13103952e-06,
        4.59100083e-06,  2.12573339e-06, -7.04802141e-07, -5.41401597e-07,
       -3.53891643e-06,  1.06132520e-07, -2.11368187e-07, -1.90358388e-05,
       -1.66376593e-05, -8.71808430e-06,  6.18917909e-05,  1.01232342e-04,
       -4.30210515e-05, -3.73176518e-05,  1.70462737e-06,  1.65957518e-07,
        2.79302659e-04, -3.10494813e-04, -4.81500959e-04,  1.12948101e-03,
        4.36031228e-04, -1.59274224e-04, -6.54311633e-05,  2.80936664e-06,
       -7.93915954e-07, -4.69826136e-04,  1.19199642e-02, -1.89624175e-02,
        9.49919857e-03,  3.00705164e-03, -1.32215593e-03, -5.77237553e-05,
        5.12689714e-07,  5.43163343e-07, -9.38805656e-02,  1.26086915e-01,
       -7.51934634e-02,  3.50901563e-03,  8.67262348e-03,  1.31974358e-03,
       -1.32089098e-04, -8.57078786e-06,  1.66298962e-06, -1.34584790e+00,
        5.07358900e-01, -6.01697971e-02,  9.39869850e-04, -3.04997636e-03,
       -1.08283398e-03, -1.10860631e-04,  4.75784937e-07, -2.85727453e-06,
        2.32229203e-06, -2.46504320e-05,  6.13359518e-04,  1.22483968e-03,
        9.74912069e-03,  2.19593756e-02, -2.85128361e-01, -2.13588907e+00,
       -1.51687070e-07,  8.87606561e-06, -2.97372128e-04,  4.10941513e-03,
        1.33413678e-02,  7.74988539e-02,  1.46548421e-01, -1.24322281e+00,
       -2.84117102e-06,  1.26478833e-05, -1.82967996e-04, -1.71864481e-04,
       -6.56953775e-03,  1.17526427e-02,  7.29502630e-02, -2.35203064e-01,
       -9.66555384e-07, -9.71979755e-07, -2.15857259e-05,  1.20147839e-03,
       -2.97832480e-03, -4.62529616e-03,  1.67976585e-02, -2.77442519e-02,
        3.54607501e-07, -8.45031086e-07,  1.66503073e-05,  1.51645776e-04,
       -3.71906040e-04, -4.96844693e-04,  3.13923178e-05, -7.54254763e-04,
       -1.87773937e-08, -1.06256683e-06,  2.44018064e-05,  3.39975548e-05,
       -8.39252500e-05,  2.71289723e-05, -1.06451291e-04,  3.51669589e-05,
        1.11125813e-07,  6.53166166e-08, -1.72593470e-06, -7.15891095e-07,
       -5.09201697e-06,  3.84098297e-07, -1.67896106e-06, -3.22383787e-06,
        1.87639735e-07, -7.68178980e-07, -5.96759686e-09, -3.59716204e-07,
        2.13161038e-07, -2.13781068e-07, -4.50824632e-08, -8.12954126e-08,
       -1.37053375e-08, -1.14126258e-08,  3.67321812e-08, -6.79755840e-10,
        9.39008224e-09, -1.27392376e-09, -1.70856190e-08,  4.43273460e-09],      dtype=float64)],
  'constr_violation': Array(0., dtype=float64),
  'cost': Array(32964.88548846, dtype=float64),
  'f0se': Array([ 6.06771821e-06,  2.16359653e-02, -2.81995150e-02, ...,
        1.38811174e+01,  1.71429170e+01,  1.79201794e+01], dtype=float64),
  'fse': Array([ 7.31136538e-06,  1.92551250e-02, -2.95313039e-02, ...,
        1.38655406e+01,  1.71259192e+01,  1.79028633e+01], dtype=float64),
  'fun': Array([ 7.31136538e-06,  1.92551250e-02, -2.95313039e-02, ...,
        1.38655406e+01,  1.71259192e+01,  1.79028633e+01], dtype=float64),
  'history': [ [ { 'G': Array([], shape=(0,), dtype=float64),
                   'I': Array([], shape=(0,), dtype=float64),
                   'L_lmn': Array([ 4.32385887e-07,  3.42283477e-07,  9.80316506e-07, -1.19672437e-06,
       -1.64419124e-06,  1.13144065e-06, -1.90289998e-06,  2.88823280e-06,
       -5.70792987e-07,  1.50043844e-06, -2.40175704e-06,  1.30567978e-06,
        2.67197890e-08, -1.27187884e-06,  1.08044498e-06,  4.76872944e-07,
        9.20095833e-07,  4.63031374e-07, -4.52909610e-07, -5.28701247e-07,
       -5.36630056e-09,  5.53172527e-07,  6.90303947e-07, -9.83325372e-08,
        1.31152560e-07,  1.72735077e-06, -7.77484762e-07, -9.49071462e-06,
        1.09563473e-05,  8.08724601e-06, -1.24580757e-05,  5.86327220e-06,
       -1.32110420e-05,  2.03011077e-07, -6.04746286e-06,  1.14190274e-05,
        8.22986478e-07,  5.20143489e-07,  3.91701625e-06, -5.83313757e-06,
        2.88770643e-06,  1.78975985e-06, -5.48681050e-06,  1.79423940e-06,
        1.13457044e-06, -2.18754616e-06, -1.06412809e-06,  1.01084319e-06,
       -1.29791479e-06,  5.95825232e-07, -3.57654487e-05,  6.99618442e-06,
        5.36900505e-05, -4.86482210e-05, -2.25035360e-05,  3.68557284e-05,
       -1.52197479e-05,  6.79568904e-05, -1.42229604e-05,  1.16092475e-05,
       -4.03078845e-05, -1.06850058e-05, -6.13294449e-06, -2.23040998e-06,
        4.78679075e-06,  5.72053961e-06, -1.02812216e-05,  1.48445069e-05,
       -4.72448190e-06,  2.24356923e-06,  7.85654034e-06,  5.80448584e-06,
       -5.51067057e-06,  1.79008112e-06, -4.92352199e-06,  6.64590867e-05,
       -4.29683439e-04, -1.48593898e-04,  2.66165793e-04,  4.50132366e-04,
       -1.04841392e-04,  5.13300988e-05, -2.52360917e-04,  4.23627939e-05,
        5.99455450e-06,  9.23694377e-05,  1.32887381e-05,  4.30021222e-06,
       -6.42843526e-07, -2.09203180e-05, -6.18206579e-05,  1.29332069e-05,
       -4.47878257e-06, -1.60871873e-05,  4.46002969e-05, -9.66598273e-06,
       -1.30412511e-05,  2.28524765e-05, -4.06933279e-06, -6.41900035e-06,
        1.20118689e-03,  1.72168521e-03, -1.24084312e-03, -7.07568169e-04,
       -1.71995100e-03,  2.50724670e-04, -3.60686948e-05,  1.10122821e-03,
       -3.86661044e-04, -4.43693010e-05, -2.06031763e-04,  2.43897543e-04,
        1.87432650e-06, -1.51053244e-04,  1.21402188e-04, -6.78897326e-05,
        2.30231524e-05, -3.32432169e-05, -3.32693116e-05, -4.23204313e-05,
        2.43586687e-05,  3.39033791e-05, -2.47230866e-05,  3.25569959e-05,
       -7.96008609e-06, -2.57254988e-03, -1.52870286e-03,  3.06523064e-03,
       -2.78115421e-03,  3.31489340e-03,  5.29486586e-04,  1.04211259e-04,
       -1.70381344e-03,  1.84992648e-03, -7.58820456e-05,  2.60176893e-04,
       -6.24749335e-04,  1.21671994e-05,  4.02136765e-04, -1.34491795e-04,
        4.92713280e-04, -4.64891431e-05, -1.31997644e-04,  1.22343084e-04,
       -1.71392467e-04, -9.05381367e-06, -9.89250482e-05,  1.32387390e-04,
       -4.38781198e-05, -7.04457302e-05,  2.89172426e-02, -3.04613395e-02,
       -1.33810463e-02,  9.03920288e-03,  4.58000104e-03, -1.17305313e-02,
       -1.29269547e-03,  3.54143542e-03, -9.14976556e-04, -8.75722700e-04,
       -1.03141397e-03,  1.97786176e-03,  2.23830651e-04, -6.86402032e-06,
       -9.32571492e-04,  1.27496158e-03,  4.22860900e-05,  2.69537623e-04,
        1.22897681e-04,  1.30509289e-04,  8.73576810e-06,  3.26881533e-04,
       -1.65095634e-04,  8.91870824e-05, -3.39059948e-05,  2.91930043e-02,
       -1.27499684e-02,  6.96659610e-04,  3.31124249e-03,  2.45268111e-03,
        1.93177328e-02,  4.02164268e-03, -4.67355596e-03, -1.26412168e-02,
        1.29376145e-04, -1.37984552e-03, -5.27489332e-03, -8.29554947e-04,
       -1.14101146e-03,  9.78132698e-04, -5.90589724e-05, -8.54804471e-04,
        1.03803258e-03, -2.16223429e-04,  1.14680692e-04, -5.43457173e-04,
       -4.47051526e-04, -1.16241620e-04, -2.62510078e-07, -6.42320116e-06,
       -2.41238671e-02, -1.02408692e-01,  7.79656895e-03,  8.17505151e-03,
        4.45534041e-03,  1.54077237e-02, -2.53498798e-03, -2.65703392e-03,
       -3.98471888e-02, -1.21534929e-03, -3.96057234e-04,  1.12156099e-03,
       -2.34729327e-04, -7.19232212e-05, -9.57762904e-04, -9.76390077e-04,
        2.87935822e-05, -5.31448229e-05, -1.45387778e-04, -1.05823010e-05,
       -2.46643815e-01,  1.33471571e-02, -1.19839720e-02,  2.79472444e-02,
        9.69048915e-03, -8.63828294e-03,  5.81917282e-03,  1.04649259e-03,
        2.97222881e-04, -3.31604945e-04, -1.51395117e-03,  6.03033148e-03,
        4.51581667e-05,  3.23220962e-04, -1.05364019e-03, -1.72894313e-04,
        4.95840968e-05, -3.67720930e-05,  2.45607251e-04,  1.66746504e-05,
        4.24897286e-02, -2.29108026e-02,  1.19657680e-02, -6.73717674e-03,
        3.25409121e-04,  3.68418628e-03, -1.55788820e-03, -1.18699587e-03,
        3.66635133e-04, -1.56209102e-03,  1.53899634e-03, -1.10884042e-03,
       -1.41833202e-04, -1.61703035e-04,  1.49719338e-05,  3.57102090e-04,
        4.78525585e-05, -1.45636169e-04,  1.34016713e-05, -6.82503202e-05,
       -2.33523226e-03,  3.34264103e-03,  1.92084071e-04,  2.25160246e-05,
       -1.75480107e-03, -1.31411305e-04,  5.44971185e-04,  8.34222411e-05,
        3.60120821e-04, -4.94900934e-04,  4.67583963e-05, -2.78377236e-04,
        1.68461470e-04, -1.44104581e-04,  2.15513976e-04, -8.63504423e-05,
        6.85508748e-05,  5.23734675e-05, -8.17931548e-05,  6.49824772e-05,
       -2.74045305e-05,  9.77965913e-05, -2.99315370e-04,  1.46230637e-04,
        3.53327186e-04, -2.69673421e-04, -1.81622570e-04,  1.22687602e-04,
       -1.02361864e-04,  3.55717562e-05, -5.84860623e-05,  9.99905108e-05,
        3.96461397e-05,  1.56274361e-05, -3.65833347e-05, -1.62643018e-05,
        9.01764910e-06, -3.01749254e-05,  7.31382412e-06, -1.00199718e-06,
       -1.17868218e-04, -1.60491139e-04,  1.72486922e-04,  8.55980100e-05,
       -4.51859301e-05,  1.06830830e-04, -2.29519577e-05, -1.66480658e-04,
        1.25757356e-05,  6.73475133e-05,  2.24099989e-05,  1.84324754e-05,
       -4.08344643e-05,  2.41230107e-05,  1.60990223e-05,  2.03554661e-05,
        6.26673723e-06,  2.58656710e-06, -1.58523579e-05, -1.84797190e-06,
       -1.50561779e-05,  1.01582012e-04, -8.37868789e-05, -2.27766017e-05,
        2.09199009e-05, -1.01066469e-04,  1.22823794e-05,  9.03567853e-05,
        3.43582831e-05, -7.68032444e-06, -1.76505831e-05, -9.18623028e-06,
       -2.86538674e-06,  4.53220441e-06, -1.56251513e-05,  2.30536311e-06,
        4.38107115e-06, -1.06700085e-06,  6.88675997e-06, -2.75240659e-06,
        1.18198640e-06, -1.73176363e-05,  2.03051236e-05,  4.30551952e-06,
       -1.28985454e-06,  1.67831052e-05, -2.15507645e-06, -2.08443533e-05,
       -8.04966197e-06, -1.19042607e-06,  6.99031496e-06,  1.65339548e-06,
       -2.09222636e-06, -1.14716699e-06,  4.46270456e-06, -1.97426430e-06,
       -5.65742693e-07,  7.97686324e-07, -1.55222124e-06,  6.95810325e-07,
       -4.03232728e-07,  1.60752228e-06, -1.17888859e-06, -3.25499670e-07,
       -1.44121991e-07, -1.59877146e-06, -1.27693721e-06,  2.32031677e-06,
        5.55009172e-07, -8.15503820e-07, -1.73028289e-06, -1.19342131e-06,
        5.12031687e-07,  3.41331034e-07,  3.15869434e-08, -4.41705805e-09,
       -1.78325532e-07,  9.59096518e-08, -2.72755247e-07, -1.58270102e-07],      dtype=float64),
                   'Phi_mn': Array([], shape=(0,), dtype=float64),
                   'Psi': Array([50.20413129], dtype=float64),
                   'R_lmn': Array([-2.14629388e-06, -6.22190387e-07, -6.31495249e-07,  2.80892285e-06,
        1.17426190e-06, -7.58560663e-07,  3.83322993e-07, -4.87257370e-07,
        2.00383205e-07, -5.02642590e-07,  1.56208058e-07,  1.24190740e-06,
       -2.01436610e-08, -3.83767332e-07,  1.15781388e-06, -8.12719188e-07,
       -7.36358192e-09,  4.78558212e-07, -1.34774575e-06,  1.50647146e-07,
       -1.02387565e-05, -9.53182956e-07, -1.88696593e-05,  1.57503222e-05,
        8.77455115e-06,  1.54046320e-05,  3.39231331e-07,  1.86514819e-05,
       -4.46181468e-06,  4.08473188e-06, -1.37780656e-05, -1.40788108e-05,
       -4.45021015e-07,  2.65264616e-07,  4.61135242e-07, -7.82537466e-07,
        3.95592910e-08, -3.79410171e-06,  4.90064075e-06, -1.97706162e-07,
        6.04857569e-05, -3.31880478e-05,  4.23160077e-05, -9.35158628e-05,
        1.32325812e-05,  1.87412591e-05, -1.43377688e-05, -2.79493814e-05,
        3.70925866e-05, -5.40286072e-07, -1.09509020e-05,  9.65695978e-06,
        1.76393853e-06,  1.49020407e-05, -5.58105568e-06,  9.95825605e-07,
       -2.62397635e-07,  8.20626541e-06, -4.05424819e-06,  8.06480894e-07,
        2.19473685e-04,  3.34468898e-04, -4.25638214e-04,  7.45845896e-05,
        7.74933614e-05, -4.23460232e-04,  1.05256877e-04,  1.18003131e-04,
       -2.05041801e-04,  1.86675358e-05,  3.31757314e-05,  1.17032083e-05,
        1.40337557e-06, -4.97389214e-05,  1.99922416e-05, -6.70468653e-06,
        1.79961820e-07, -1.70072231e-05,  1.61830074e-05, -3.18209334e-06,
       -4.19800827e-03, -2.32344954e-03,  7.25879398e-04,  2.80422064e-03,
       -1.40758400e-03,  2.59110002e-03,  9.10690777e-04, -6.31526052e-04,
        2.90710793e-04, -4.10636006e-05,  6.31433574e-05, -2.15003320e-04,
        6.57596595e-06, -3.55384083e-05, -6.68073543e-05, -7.17342424e-06,
        4.11316250e-07,  3.15881764e-05, -2.52184056e-06,  5.08737283e-06,
       -1.87843055e-02,  7.95286853e-03,  3.59280033e-03, -1.97228164e-03,
       -1.93321455e-05, -1.10015856e-03, -3.69702975e-04, -6.35072705e-04,
       -1.15701986e-03, -5.74906543e-05, -6.26329590e-04,  4.84650995e-04,
        6.33710477e-07,  1.41319602e-05,  1.20635216e-04,  1.23019433e-04,
        7.85516721e-07, -1.56379404e-05,  1.44974057e-05, -6.04342390e-05,
       -3.11014302e-01,  1.29229517e-01, -8.47804941e-03,  2.39119844e-02,
        1.44269524e-03,  9.93715505e-03,  2.48863118e-03, -3.19696943e-03,
        4.51710557e-03,  1.98698631e-06, -1.52157290e-03, -9.63529931e-04,
       -4.48073559e-06,  2.56781130e-05, -3.29979555e-04, -8.43587028e-05,
        3.12576019e-07, -5.85850002e-05,  1.29118486e-04, -7.47410650e-05,
       -1.44755429e+00,  2.19164639e-02,  7.00427228e-02, -1.00349549e-02,
       -5.00411546e-03,  3.69009546e-02, -4.52259654e-03,  5.84764729e-03,
       -8.54701839e-03,  5.03444685e-04,  1.41485784e-03,  3.55913826e-03,
        3.86307169e-06,  1.56527811e-04, -8.40113026e-04,  3.79373651e-04,
        5.33933641e-07,  6.43935841e-05,  4.71630509e-05,  1.54820047e-04,
        1.01765434e+01,  1.65698057e+00, -3.24873907e-01,  3.70952161e-01,
        3.33885149e-02, -1.79440599e-02,  4.44769398e-02, -4.10413100e-02,
       -2.09105353e-02,  1.32480926e-03, -1.08087377e-02,  6.86706812e-05,
        2.54981800e-04, -2.35912063e-03, -1.24457028e-03, -5.27901116e-05,
        1.06844526e-04, -1.02858482e-04, -4.72528810e-04, -1.00837083e-05,
        7.30889484e-05, -3.70796282e-04,  8.63811436e-05, -2.24071346e-05,
       -1.37361371e-06,  1.87313383e+00, -7.49150903e-01,  8.38860547e-02,
        1.45429804e-02, -1.34344916e-02,  1.93723485e-02, -2.72782925e-02,
        3.39064235e-02, -1.26413203e-02,  3.15557097e-03,  1.21210273e-04,
       -3.04014698e-03, -3.81980291e-04, -1.87165990e-04,  2.45071061e-03,
        9.62059211e-05,  5.69256919e-04,  1.44201021e-04,  2.79344375e-04,
       -1.82942384e-05, -7.44676679e-05,  4.62117767e-05,  1.64174316e-05,
        4.72878964e-05, -1.85142547e-06,  1.41980961e-01, -1.48379320e-01,
       -4.35507203e-02,  1.42845022e-01, -6.17582434e-03, -2.14926686e-02,
        2.37298276e-03,  3.37191910e-04, -2.48112491e-03,  3.49022451e-03,
       -2.75879201e-03,  1.10195659e-03, -1.08273133e-03,  7.54864846e-04,
       -1.28103018e-03,  2.22077415e-04,  1.89329868e-04, -2.78213982e-04,
        7.31535318e-05, -1.77167835e-05,  6.94288988e-05, -1.03289465e-04,
        3.45225364e-05, -4.28680703e-07,  1.09196208e-06,  8.95159324e-03,
       -2.88351180e-03, -1.03583191e-02,  7.72994346e-03, -4.65477718e-03,
       -1.51394911e-03,  9.91593821e-04,  6.35864417e-04, -1.61101930e-04,
        4.00034235e-04, -1.69218356e-04, -3.04573305e-04,  8.69718426e-05,
        2.94703033e-04, -6.99027655e-04,  3.59923051e-06, -8.88221704e-05,
       -1.49136803e-05,  4.86219594e-06, -1.08467540e-06, -1.55049886e-05,
       -7.54002346e-06,  7.17159457e-05, -2.11359169e-05,  1.32472812e-06,
        3.38804853e-04, -6.55681800e-04, -1.07281113e-03, -4.10586866e-04,
        1.94385034e-04,  4.81310392e-05,  6.23189653e-04,  1.24749835e-03,
       -1.61679878e-03,  1.52235308e-04, -7.66814634e-04,  8.79650231e-04,
        1.22247434e-05, -4.96853436e-06,  1.96458801e-04,  2.50304020e-07,
        9.90374817e-06, -5.74593512e-05,  1.94645403e-05,  2.50947768e-06,
        1.40801714e-05, -2.62484066e-05, -2.27455048e-05,  2.51481192e-05,
        1.48360610e-06,  2.34787701e-04,  5.16467844e-04, -7.71602683e-05,
        3.46036670e-04, -3.80522566e-04, -6.79445692e-04, -1.37685325e-04,
       -3.48795373e-04,  1.17759956e-04, -1.32409944e-05,  3.16100652e-04,
        1.09634758e-04, -2.22503356e-05,  2.85836631e-06, -3.82443060e-05,
        3.17313927e-05, -9.87980710e-06,  3.03403768e-05, -5.14629152e-05,
        3.37839568e-06, -1.90033448e-06,  7.11074059e-06,  1.07865554e-05,
       -1.25498136e-05, -7.05269840e-07, -2.14735926e-05,  1.13976556e-04,
        2.11471878e-07, -2.49117754e-05, -1.61696112e-04,  4.85131002e-05,
        3.05807210e-05, -7.90336175e-06,  3.82180800e-06,  4.70807216e-05,
       -5.12839215e-05, -1.36586946e-05, -7.08098579e-06,  3.06973997e-05,
        8.19948368e-06,  3.48681124e-06,  2.15287126e-08,  4.03387401e-07,
        1.73048760e-05, -5.92783996e-08, -3.02722047e-07, -3.08142433e-06,
       -6.41559845e-06,  7.77545671e-06, -3.01173574e-08, -1.48112067e-05,
        1.11300608e-05, -8.37766519e-06, -2.56242129e-05,  1.84238023e-06,
       -1.41985671e-05,  1.51582269e-05,  3.31810015e-05,  6.15829456e-06,
       -8.29759702e-06,  1.69184490e-05,  1.71081152e-06,  7.41273424e-06,
       -6.52796155e-06, -1.10742681e-05,  4.19999599e-06, -4.68832229e-06,
       -2.76385497e-06, -2.07887310e-06,  4.02197787e-07,  8.27547513e-07,
       -1.00595309e-06,  5.18239839e-06, -3.76697318e-06, -4.36903764e-07,
       -2.05878461e-06,  1.46393656e-06, -3.04317896e-07, -1.23126748e-06,
       -8.32936314e-07,  4.52052520e-08,  2.43834537e-06, -2.50146319e-07,
        2.31340488e-06,  1.40369741e-07, -1.44420797e-06,  4.71338146e-07,
        3.25181912e-07,  1.16563966e-06, -1.20727841e-06, -6.04941477e-07,
       -7.88055324e-07,  1.42394112e-06, -4.46492846e-07, -2.31279196e-08,
       -3.85225278e-07,  3.10445513e-07, -1.12071331e-06,  6.62812503e-07,
       -5.00079178e-08], dtype=float64),
                   'Ra_n': Array([ 1.05457123e+01,  1.76227699e+00,  1.89056824e-01,  2.01990294e-02,
        2.03666106e-03,  1.94612645e-04,  1.56739203e-05,  2.13949862e-06,
       -2.65285373e-08], dtype=float64),
                   'Rb_lmn': Array([-7.36358192e-09, -2.01436610e-08, -2.40843781e-08, -4.44338448e-10,
       -1.72757938e-08,  3.90612572e-08,  1.18035005e-08,  5.02929924e-08,
        3.95592910e-08, -4.45021015e-07,  2.90630174e-07,  6.04495947e-07,
       -1.02873689e-07,  2.42957876e-07,  1.74932032e-07,  2.67213495e-07,
       -2.62397635e-07,  1.76393853e-06,  7.66597934e-06,  5.64271932e-07,
       -1.77256895e-06,  8.78557059e-06, -3.98334810e-06,  5.05830629e-06,
        1.79961820e-07,  1.40337557e-06,  1.66031263e-06,  5.55179557e-05,
        1.26852100e-04, -2.87642841e-04, -8.04702194e-05,  8.23117870e-05,
        4.11316250e-07,  6.57596595e-06, -9.47542421e-06,  8.75152369e-04,
       -1.34696249e-03,  2.75459922e-05,  5.77345321e-05, -1.11025026e-03,
        7.85516721e-07,  6.33710477e-07, -7.31285947e-05, -3.55571015e-04,
       -6.31164329e-04,  3.07836284e-03,  7.27692673e-03, -2.17905876e-02,
        3.12576019e-07, -4.48073559e-06, -5.65980139e-05,  2.51430929e-03,
        5.02408307e-05, -1.20049984e-02,  1.38128401e-01, -2.82669571e-01,
        5.33933641e-07,  3.86307169e-06,  5.67838269e-04, -4.36606873e-03,
       -3.54209457e-03,  7.50502571e-02,  6.25313768e-02, -1.46575689e+00,
        9.89647447e+00,  1.69180074e+00,  3.27180934e-01, -2.88556561e-02,
       -2.20687244e-02, -4.03858128e-04, -7.51972461e-05, -1.00837083e-05,
       -1.37361371e-06,  1.92928514e+00, -7.58860567e-01,  4.83084497e-02,
        1.96377598e-02, -1.01741922e-02, -2.76080261e-03,  1.43493817e-04,
       -1.82942384e-05, -1.85142547e-06,  9.97899213e-02, -1.50875590e-01,
        1.43833789e-01, -2.45296746e-02, -3.72763255e-03,  1.17511012e-03,
        2.21648734e-04, -1.77167835e-05,  1.09196208e-06, -3.43665231e-04,
       -7.22707691e-03,  8.65297089e-03, -1.69808115e-03, -7.88413639e-04,
       -2.99711109e-04, -1.75366864e-05, -1.08467540e-06,  1.32472812e-06,
       -8.45117067e-05, -2.99157711e-04,  8.05694547e-04, -7.76142946e-04,
       -1.44308548e-03,  8.99114771e-04,  2.53984232e-05,  2.50947768e-06,
        1.48360610e-06, -4.20856300e-06,  1.12824477e-04,  7.21040458e-06,
       -3.33004663e-04,  9.03022060e-05,  5.81718424e-05,  1.91815790e-05,
        3.37839568e-06, -7.05269840e-07,  1.93489251e-06, -6.17305573e-07,
       -5.19916180e-06, -2.36743398e-06,  5.60569323e-06,  3.64618143e-06,
        1.12622680e-05, -5.92783996e-08, -3.01173574e-08,  2.09636716e-07,
       -1.34783078e-08,  2.28739033e-08, -4.39730564e-08,  2.66424859e-07,
       -3.68061579e-07,  4.33022812e-07,  4.02197787e-07, -4.36903764e-07,
        1.51994928e-08, -1.66853412e-08, -5.32862302e-09,  2.49384079e-08,
       -1.45868349e-08,  2.48452998e-08,  5.78710267e-08, -2.31279196e-08,
       -5.00079178e-08], dtype=float64),
                   'Te_l': Array([ 9444.52435583, -9460.44952244,   -13.70662016,   -14.87106205,
         -12.4253046 ], dtype=float64),
                   'Ti_l': Array([ 9444.5110353 , -9460.51033843,   -13.84091776,   -15.10018759,
         -12.68899685], dtype=float64),
                   'Z_lmn': Array([ 2.31814829e-06, -2.40268135e-06,  1.07310877e-06,  9.80089980e-07,
       -6.48099488e-07,  6.10149269e-07, -2.46307727e-06,  3.11849822e-07,
       -2.57684095e-06,  1.99386826e-06,  1.14880698e-06,  1.91913395e-07,
       -1.02712470e-06, -1.02002712e-06,  2.45091411e-06,  3.17223623e-08,
        1.05629614e-06, -1.72558598e-06, -1.82708664e-07, -3.86465617e-08,
        6.84055157e-08, -2.79408462e-07,  1.19299377e-07,  1.82954076e-08,
        6.67861106e-10,  1.09091624e-05, -1.08231507e-05,  1.87994618e-06,
        2.62391323e-05,  1.28902253e-05,  2.83501532e-07, -1.09295473e-05,
       -2.98046358e-05, -1.75069382e-06, -2.97195301e-06, -1.94652290e-06,
       -2.53267098e-06, -1.64885039e-06,  7.44175456e-07,  3.74681758e-06,
       -7.63707994e-07,  9.01388317e-07,  1.65618400e-06,  2.35920151e-06,
       -6.27678238e-07, -3.96403426e-08,  2.73565426e-06, -2.16789910e-06,
        1.17352187e-06,  1.01218931e-07,  2.55666802e-05, -2.89847246e-05,
        1.56834703e-05,  1.20608215e-05,  4.94789357e-05,  5.56760794e-05,
       -3.60736510e-05, -8.67914418e-06, -7.15098685e-06, -2.38043395e-05,
       -5.86567056e-05,  1.38894375e-06, -6.18082536e-06,  5.98620121e-07,
        6.14897686e-06, -2.55370118e-06,  6.44006918e-06,  5.08213477e-06,
       -1.92972507e-06,  1.01992884e-07, -9.04584485e-08,  6.11524481e-07,
        3.09110994e-07, -9.85717832e-07, -2.18333742e-07, -3.38205233e-05,
       -5.65914812e-04,  7.54490678e-05,  1.34223578e-04,  5.54198551e-04,
        5.97492000e-05, -6.51484073e-05, -8.59779598e-05,  1.30931078e-04,
       -1.24101453e-05,  8.33519934e-06, -3.61119034e-05,  8.25954514e-06,
       -6.48692357e-05, -2.42189720e-05, -3.38721761e-05,  7.46589723e-06,
       -6.21964638e-06, -6.90242358e-06,  1.69103483e-06, -3.76163501e-06,
        7.91508719e-06, -5.46894559e-06, -3.44028550e-06,  1.69259584e-07,
       -9.02477126e-04, -1.50279170e-03,  1.17684979e-03, -1.66198895e-03,
        1.41178238e-03,  1.14217028e-03,  1.54810602e-05,  1.22135131e-03,
        4.01771829e-04, -2.33441671e-04,  6.49317579e-06, -1.87136195e-04,
       -1.77445380e-05, -2.71096248e-05,  2.11074997e-05, -5.71509541e-05,
        1.39214602e-05, -1.92159374e-05,  2.78603105e-05,  2.80747003e-06,
        7.24684456e-06, -1.37891414e-05,  1.31648902e-05, -8.27414263e-06,
       -7.97767962e-07, -8.55128508e-03,  1.09232124e-02,  9.52180058e-03,
       -1.45544389e-02,  1.71309789e-03,  9.03532918e-03, -1.39604847e-03,
       -4.51398180e-03,  3.44262340e-03, -6.66184341e-04,  3.57937678e-04,
       -1.33384438e-03, -1.20322442e-05,  5.54572945e-05, -4.50137948e-04,
       -1.60346451e-06, -5.01465983e-05,  1.05834870e-04,  1.17492935e-05,
        5.02916574e-07, -3.21982576e-05,  5.04667441e-05,  1.45958191e-05,
       -5.61067766e-05,  5.31329350e-07, -1.31073892e-01,  1.02843192e-01,
        3.91362749e-02, -7.49041771e-02,  2.65569890e-02,  1.14430520e-03,
       -2.33479986e-03,  1.44602726e-03,  6.96130332e-03, -3.40712275e-03,
        2.31320588e-03,  1.30564086e-03,  3.73807249e-04, -1.85886474e-03,
        1.76757071e-03, -1.53658129e-04,  9.39141350e-05,  5.14207257e-05,
        1.40664865e-05, -8.50555768e-06,  1.81503064e-05,  1.23481329e-04,
       -5.63404012e-05,  2.15999022e-05,  1.61386969e-06, -1.42230558e+00,
        4.85155643e-01,  6.53135626e-02, -4.25482670e-02,  2.92531762e-02,
        5.39726476e-03,  9.13766589e-03, -1.76792223e-02, -4.24126425e-03,
       -6.52644306e-03, -4.77729643e-03, -7.63397298e-04,  2.14846914e-03,
       -1.25813980e-04,  1.22276820e-03, -1.22333512e-04, -5.23351705e-04,
        3.19548798e-04, -3.19364336e-04,  4.47869927e-07, -1.41877220e-04,
        1.83371868e-04, -3.16086718e-05,  1.15385688e-05, -2.93315065e-06,
       -2.17512797e+00, -3.47047247e-01,  9.52579059e-03,  5.43953476e-02,
        8.16041215e-03,  5.67018798e-02,  9.83503378e-04,  1.29493417e-02,
       -1.56142242e-02,  5.34415231e-04,  1.58377284e-03,  4.93026853e-03,
       -2.45473169e-05,  2.41369856e-04, -5.16083479e-04,  4.57897376e-04,
        2.37015518e-06,  7.89136443e-05,  4.96639679e-06,  2.86601524e-04,
       -1.25141921e+00,  1.31471639e-01,  7.16955754e-02,  2.28561491e-03,
        1.58187283e-02,  1.34518275e-02,  4.20900425e-03,  5.98771473e-03,
        6.06299573e-03, -2.18663848e-04, -2.47893519e-03,  1.60411608e-03,
        8.82503781e-06, -9.96160603e-05, -1.84220261e-04, -1.52251749e-04,
       -2.11018435e-07, -7.87987948e-05,  1.76774048e-06,  2.07605338e-05,
       -2.46105725e-01,  6.17242750e-02,  1.45394731e-02,  1.12658094e-02,
       -5.31732014e-03,  1.05134320e-02, -6.65950643e-05, -2.79873269e-03,
       -5.93978327e-04, -1.39273873e-04, -1.22609595e-03,  8.52592090e-04,
        1.26670567e-05, -1.05164735e-04,  1.17185481e-05,  2.30819832e-04,
       -2.78839241e-06, -4.36732982e-05, -2.60627917e-05, -1.40091784e-04,
       -3.02534039e-02,  1.55562678e-02, -3.60470112e-03,  2.10029024e-03,
       -3.25020263e-03,  1.50626898e-03,  1.28117202e-03, -1.09529318e-03,
        3.40594901e-04, -9.21771441e-05,  2.78654083e-04, -2.28301522e-04,
       -9.56101680e-07, -7.97017938e-05,  7.46600391e-05,  6.82126246e-05,
       -9.65354071e-07,  7.06010394e-05, -6.77997045e-06, -3.66606439e-05,
       -1.99667087e-03, -4.33698145e-04, -5.08669595e-04,  1.43049667e-03,
       -3.87727911e-04,  5.34003692e-04,  2.30784565e-04,  4.73878490e-05,
       -1.79681939e-04,  1.05609066e-05,  1.11354847e-05, -8.09254307e-05,
       -8.70766290e-07, -7.91151709e-05, -3.55747911e-05, -8.39782078e-06,
        3.79900140e-07,  6.08590510e-06,  4.68674343e-06,  1.19891961e-05,
        4.42255040e-05,  9.38815180e-06,  1.83137569e-04,  3.00565605e-05,
       -1.24200758e-04, -1.53490229e-04,  1.79485772e-05, -1.64225351e-04,
       -4.43162281e-05,  2.22301110e-05,  2.85188463e-05,  4.83741897e-05,
       -1.05475955e-06,  1.60535944e-05,  8.22409173e-06,  5.20977397e-06,
       -2.71825669e-08,  2.16830599e-06,  1.17544903e-05, -1.07607838e-05,
       -3.08373664e-05,  3.28668972e-05, -9.47171059e-05,  6.81182759e-06,
        2.13936929e-05,  7.80249141e-06, -1.04368709e-06,  1.06547828e-04,
        1.89502586e-05, -8.37798504e-07, -2.61534820e-05, -4.50891320e-05,
        7.01096911e-08,  3.34035599e-07, -1.14319361e-05,  1.85491110e-06,
        1.18892031e-07, -8.90562253e-07, -3.38617199e-07,  2.72387631e-06,
       -2.81524738e-06, -1.62499464e-05,  8.27885189e-07,  3.23997445e-06,
        1.95301767e-06,  1.58409777e-05, -3.85391041e-07, -2.89683819e-06,
       -1.01329144e-07,  1.26293523e-06, -4.11799130e-06,  1.98468678e-06,
       -7.69805613e-07,  2.78659794e-08,  1.86123168e-06, -4.04915394e-07,
        1.87579844e-07, -1.27063252e-06,  2.37710466e-06, -1.62857654e-06,
       -2.35436104e-06, -8.67554083e-08, -2.58306701e-06,  2.34547475e-06,
        1.83675907e-06,  4.11073901e-07, -4.29456824e-07,  1.72469310e-06,
        1.35580021e-06,  2.06549630e-07, -1.50206401e-06, -5.22587220e-07,
       -1.20721454e-08,  4.28457605e-07,  8.59474468e-07, -1.34385002e-06,
       -1.34574245e-08, -1.69523965e-07, -3.24871874e-07,  1.77424313e-07],      dtype=float64),
                   'Za_n': Array([-1.22507528e-07, -2.91121044e-07, -2.01000741e-05, -1.86439179e-04,
       -2.03885448e-03, -1.94893001e-02, -1.72900623e-01, -1.48077183e+00],      dtype=float64),
                   'Zb_lmn': Array([-3.05394012e-08, -6.16440230e-10, -7.49578132e-09,  3.33702675e-08,
       -6.62745854e-09,  9.20473031e-09,  5.00177700e-08, -3.86465617e-08,
        6.67861106e-10,  1.71070527e-07, -3.49005691e-09, -8.56738465e-08,
       -6.83736499e-09, -1.71775330e-07, -1.73469468e-07,  4.09813872e-07,
       -6.27678238e-07,  1.01218931e-07, -1.09478434e-06,  3.12994079e-06,
        4.59182190e-06,  2.10150857e-06, -6.92899000e-07, -5.40781319e-07,
       -3.53941901e-06,  1.01992884e-07, -2.18333742e-07, -1.90219527e-05,
       -1.66605093e-05, -8.70852991e-06,  6.18647530e-05,  1.01243161e-04,
       -4.30143270e-05, -3.73124616e-05,  1.69103483e-06,  1.69259584e-07,
        2.79356035e-04, -3.10529535e-04, -4.81536409e-04,  1.12944752e-03,
        4.36044219e-04, -1.59275885e-04, -6.54250967e-05,  2.80747003e-06,
       -7.97767962e-07, -4.69763466e-04,  1.19199793e-02, -1.89624967e-02,
        9.49910173e-03,  3.00708127e-03, -1.32209509e-03, -5.77102411e-05,
        5.02916574e-07,  5.31329350e-07, -9.38804592e-02,  1.26086972e-01,
       -7.51935332e-02,  3.50893181e-03,  8.67253363e-03,  1.31970735e-03,
       -1.32058227e-04, -8.50555768e-06,  1.61386969e-06, -1.34584776e+00,
        5.07359025e-01, -6.01699314e-02,  9.39517130e-04, -3.05010472e-03,
       -1.08276163e-03, -1.10794943e-04,  4.47869927e-07, -2.93315065e-06,
        2.37015518e-06, -2.45473169e-05,  6.13328876e-04,  1.22487323e-03,
        9.74915139e-03,  2.19590488e-02, -2.85128497e-01, -2.13588895e+00,
       -2.11018435e-07,  8.82503781e-06, -2.97462643e-04,  4.10938819e-03,
        1.33415609e-02,  7.74990699e-02,  1.46548343e-01, -1.24322285e+00,
       -2.78839241e-06,  1.26670567e-05, -1.82947171e-04, -1.71759799e-04,
       -6.56947888e-03,  1.17524590e-02,  7.29502073e-02, -2.35203074e-01,
       -9.65354071e-07, -9.56101680e-07, -2.15761047e-05,  1.20147023e-03,
       -2.97832852e-03, -4.62533426e-03,  1.67975746e-02, -2.77443062e-02,
        3.79900140e-07, -8.70766290e-07,  1.66468117e-05,  1.51669394e-04,
       -3.71905682e-04, -4.96856537e-04,  3.13693130e-05, -7.54253959e-04,
       -2.71825669e-08, -1.05475955e-06,  2.43984170e-05,  3.40021716e-05,
       -8.39274214e-05,  2.71363094e-05, -1.06488671e-04,  3.51756104e-05,
        1.18892031e-07,  7.01096911e-08, -1.72836076e-06, -7.09651488e-07,
       -5.09840629e-06,  3.98786562e-07, -1.69586715e-06, -3.22036907e-06,
        1.87579844e-07, -7.69805613e-07, -7.69728989e-09, -3.57525062e-07,
        2.12131021e-07, -2.07721321e-07, -5.28584616e-08, -8.15174717e-08,
       -1.34574245e-08, -1.20721454e-08,  3.70256651e-08, -9.99218583e-10,
        9.82317966e-09,  1.10056177e-09, -2.08444139e-08,  3.06390232e-09],      dtype=float64),
                   'Zeff_l': Array([1.00092119, 0.00308465, 0.00604473, 0.00968199, 0.00988588],      dtype=float64),
                   'a_lmn': Array([], shape=(0,), dtype=float64),
                   'c_l': Array([0., 0., 0., 0., 0.], dtype=float64),
                   'i_l': Array([], shape=(0,), dtype=float64),
                   'ne_l': Array([ 2.37891429e+20,  1.39492478e-23,  6.70699900e-24,  9.21778176e-24,
        6.05229503e-24, -2.38731133e+20], dtype=float64),
                   'ni_l': Array([], shape=(0,), dtype=float64),
                   'p_l': Array([], shape=(0,), dtype=float64)}],
               [ { 'G': Array([], shape=(0,), dtype=float64),
                   'I': Array([], shape=(0,), dtype=float64),
                   'L_lmn': Array([ 4.32385887e-07,  3.42283477e-07,  9.80316506e-07, -1.19672437e-06,
       -1.64419124e-06,  1.13144065e-06, -1.90289998e-06,  2.88823280e-06,
       -5.70792987e-07,  1.50043844e-06, -2.40175704e-06,  1.30567978e-06,
        2.67197890e-08, -1.27187884e-06,  1.08044498e-06,  4.76872944e-07,
        9.20095833e-07,  4.63031374e-07, -4.52909610e-07, -5.28701247e-07,
       -5.36630056e-09,  5.53172527e-07,  6.90303947e-07, -9.83325372e-08,
        1.31152560e-07,  1.72735077e-06, -7.77484762e-07, -9.49071462e-06,
        1.09563473e-05,  8.08724601e-06, -1.24580757e-05,  5.86327220e-06,
       -1.32110420e-05,  2.03011077e-07, -6.04746286e-06,  1.14190274e-05,
        8.22986478e-07,  5.20143489e-07,  3.91701625e-06, -5.83313757e-06,
        2.88770643e-06,  1.78975985e-06, -5.48681050e-06,  1.79423940e-06,
        1.13457044e-06, -2.18754616e-06, -1.06412809e-06,  1.01084319e-06,
       -1.29791479e-06,  5.95825232e-07, -3.57654487e-05,  6.99618442e-06,
        5.36900505e-05, -4.86482210e-05, -2.25035360e-05,  3.68557284e-05,
       -1.52197479e-05,  6.79568904e-05, -1.42229604e-05,  1.16092475e-05,
       -4.03078845e-05, -1.06850058e-05, -6.13294449e-06, -2.23040998e-06,
        4.78679075e-06,  5.72053961e-06, -1.02812216e-05,  1.48445069e-05,
       -4.72448190e-06,  2.24356923e-06,  7.85654034e-06,  5.80448584e-06,
       -5.51067057e-06,  1.79008112e-06, -4.92352199e-06,  6.64590867e-05,
       -4.29683439e-04, -1.48593898e-04,  2.66165793e-04,  4.50132366e-04,
       -1.04841392e-04,  5.13300988e-05, -2.52360917e-04,  4.23627939e-05,
        5.99455450e-06,  9.23694377e-05,  1.32887381e-05,  4.30021222e-06,
       -6.42843526e-07, -2.09203180e-05, -6.18206579e-05,  1.29332069e-05,
       -4.47878257e-06, -1.60871873e-05,  4.46002969e-05, -9.66598273e-06,
       -1.30412511e-05,  2.28524765e-05, -4.06933279e-06, -6.41900035e-06,
        1.20118689e-03,  1.72168521e-03, -1.24084312e-03, -7.07568169e-04,
       -1.71995100e-03,  2.50724670e-04, -3.60686948e-05,  1.10122821e-03,
       -3.86661044e-04, -4.43693010e-05, -2.06031763e-04,  2.43897543e-04,
        1.87432650e-06, -1.51053244e-04,  1.21402188e-04, -6.78897326e-05,
        2.30231524e-05, -3.32432169e-05, -3.32693116e-05, -4.23204313e-05,
        2.43586687e-05,  3.39033791e-05, -2.47230866e-05,  3.25569959e-05,
       -7.96008609e-06, -2.57254988e-03, -1.52870286e-03,  3.06523064e-03,
       -2.78115421e-03,  3.31489340e-03,  5.29486586e-04,  1.04211259e-04,
       -1.70381344e-03,  1.84992648e-03, -7.58820456e-05,  2.60176893e-04,
       -6.24749335e-04,  1.21671994e-05,  4.02136765e-04, -1.34491795e-04,
        4.92713280e-04, -4.64891431e-05, -1.31997644e-04,  1.22343084e-04,
       -1.71392467e-04, -9.05381367e-06, -9.89250482e-05,  1.32387390e-04,
       -4.38781198e-05, -7.04457302e-05,  2.89172426e-02, -3.04613395e-02,
       -1.33810463e-02,  9.03920288e-03,  4.58000104e-03, -1.17305313e-02,
       -1.29269547e-03,  3.54143542e-03, -9.14976556e-04, -8.75722700e-04,
       -1.03141397e-03,  1.97786176e-03,  2.23830651e-04, -6.86402032e-06,
       -9.32571492e-04,  1.27496158e-03,  4.22860900e-05,  2.69537623e-04,
        1.22897681e-04,  1.30509289e-04,  8.73576810e-06,  3.26881533e-04,
       -1.65095634e-04,  8.91870824e-05, -3.39059948e-05,  2.91930043e-02,
       -1.27499684e-02,  6.96659610e-04,  3.31124249e-03,  2.45268111e-03,
        1.93177328e-02,  4.02164268e-03, -4.67355596e-03, -1.26412168e-02,
        1.29376145e-04, -1.37984552e-03, -5.27489332e-03, -8.29554947e-04,
       -1.14101146e-03,  9.78132698e-04, -5.90589724e-05, -8.54804471e-04,
        1.03803258e-03, -2.16223429e-04,  1.14680692e-04, -5.43457173e-04,
       -4.47051526e-04, -1.16241620e-04, -2.62510078e-07, -6.42320116e-06,
       -2.41238671e-02, -1.02408692e-01,  7.79656895e-03,  8.17505151e-03,
        4.45534041e-03,  1.54077237e-02, -2.53498798e-03, -2.65703392e-03,
       -3.98471888e-02, -1.21534929e-03, -3.96057234e-04,  1.12156099e-03,
       -2.34729327e-04, -7.19232212e-05, -9.57762904e-04, -9.76390077e-04,
        2.87935822e-05, -5.31448229e-05, -1.45387778e-04, -1.05823010e-05,
       -2.46643815e-01,  1.33471571e-02, -1.19839720e-02,  2.79472444e-02,
        9.69048915e-03, -8.63828294e-03,  5.81917282e-03,  1.04649259e-03,
        2.97222881e-04, -3.31604945e-04, -1.51395117e-03,  6.03033148e-03,
        4.51581667e-05,  3.23220962e-04, -1.05364019e-03, -1.72894313e-04,
        4.95840968e-05, -3.67720930e-05,  2.45607251e-04,  1.66746504e-05,
        4.24897286e-02, -2.29108026e-02,  1.19657680e-02, -6.73717674e-03,
        3.25409121e-04,  3.68418628e-03, -1.55788820e-03, -1.18699587e-03,
        3.66635133e-04, -1.56209102e-03,  1.53899634e-03, -1.10884042e-03,
       -1.41833202e-04, -1.61703035e-04,  1.49719338e-05,  3.57102090e-04,
        4.78525585e-05, -1.45636169e-04,  1.34016713e-05, -6.82503202e-05,
       -2.33523226e-03,  3.34264103e-03,  1.92084071e-04,  2.25160246e-05,
       -1.75480107e-03, -1.31411305e-04,  5.44971185e-04,  8.34222411e-05,
        3.60120821e-04, -4.94900934e-04,  4.67583963e-05, -2.78377236e-04,
        1.68461470e-04, -1.44104581e-04,  2.15513976e-04, -8.63504423e-05,
        6.85508748e-05,  5.23734675e-05, -8.17931548e-05,  6.49824772e-05,
       -2.74045305e-05,  9.77965913e-05, -2.99315370e-04,  1.46230637e-04,
        3.53327186e-04, -2.69673421e-04, -1.81622570e-04,  1.22687602e-04,
       -1.02361864e-04,  3.55717562e-05, -5.84860623e-05,  9.99905108e-05,
        3.96461397e-05,  1.56274361e-05, -3.65833347e-05, -1.62643018e-05,
        9.01764910e-06, -3.01749254e-05,  7.31382412e-06, -1.00199718e-06,
       -1.17868218e-04, -1.60491139e-04,  1.72486922e-04,  8.55980100e-05,
       -4.51859301e-05,  1.06830830e-04, -2.29519577e-05, -1.66480658e-04,
        1.25757356e-05,  6.73475133e-05,  2.24099989e-05,  1.84324754e-05,
       -4.08344643e-05,  2.41230107e-05,  1.60990223e-05,  2.03554661e-05,
        6.26673723e-06,  2.58656710e-06, -1.58523579e-05, -1.84797190e-06,
       -1.50561779e-05,  1.01582012e-04, -8.37868789e-05, -2.27766017e-05,
        2.09199009e-05, -1.01066469e-04,  1.22823794e-05,  9.03567853e-05,
        3.43582831e-05, -7.68032444e-06, -1.76505831e-05, -9.18623028e-06,
       -2.86538674e-06,  4.53220441e-06, -1.56251513e-05,  2.30536311e-06,
        4.38107115e-06, -1.06700085e-06,  6.88675997e-06, -2.75240659e-06,
        1.18198640e-06, -1.73176363e-05,  2.03051236e-05,  4.30551952e-06,
       -1.28985454e-06,  1.67831052e-05, -2.15507645e-06, -2.08443533e-05,
       -8.04966197e-06, -1.19042607e-06,  6.99031496e-06,  1.65339548e-06,
       -2.09222636e-06, -1.14716699e-06,  4.46270456e-06, -1.97426430e-06,
       -5.65742693e-07,  7.97686324e-07, -1.55222124e-06,  6.95810325e-07,
       -4.03232728e-07,  1.60752228e-06, -1.17888859e-06, -3.25499670e-07,
       -1.44121991e-07, -1.59877146e-06, -1.27693721e-06,  2.32031677e-06,
        5.55009172e-07, -8.15503820e-07, -1.73028289e-06, -1.19342131e-06,
        5.12031687e-07,  3.41331034e-07,  3.15869434e-08, -4.41705805e-09,
       -1.78325532e-07,  9.59096518e-08, -2.72755247e-07, -1.58270102e-07],      dtype=float64),
                   'Phi_mn': Array([], shape=(0,), dtype=float64),
                   'Psi': Array([50.20413129], dtype=float64),
                   'R_lmn': Array([-2.14629388e-06, -6.22190387e-07, -6.31495249e-07,  2.80892285e-06,
        1.17426190e-06, -7.58560663e-07,  3.83322993e-07, -4.87257370e-07,
        2.00383205e-07, -5.02642590e-07,  1.56208058e-07,  1.24190740e-06,
       -2.01436610e-08, -3.83767332e-07,  1.15781388e-06, -8.12719188e-07,
       -7.36358192e-09,  4.78558212e-07, -1.34774575e-06,  1.50647146e-07,
       -1.02387565e-05, -9.53182956e-07, -1.88696593e-05,  1.57503222e-05,
        8.77455115e-06,  1.54046320e-05,  3.39231331e-07,  1.86514819e-05,
       -4.46181468e-06,  4.08473188e-06, -1.37780656e-05, -1.40788108e-05,
       -4.45021015e-07,  2.65264616e-07,  4.61135242e-07, -7.82537466e-07,
        3.95592910e-08, -3.79410171e-06,  4.90064075e-06, -1.97706162e-07,
        6.04857569e-05, -3.31880478e-05,  4.23160077e-05, -9.35158628e-05,
        1.32325812e-05,  1.87412591e-05, -1.43377688e-05, -2.79493814e-05,
        3.70925866e-05, -5.40286072e-07, -1.09509020e-05,  9.65695978e-06,
        1.76393853e-06,  1.49020407e-05, -5.58105568e-06,  9.95825605e-07,
       -2.62397635e-07,  8.20626541e-06, -4.05424819e-06,  8.06480894e-07,
        2.19473685e-04,  3.34468898e-04, -4.25638214e-04,  7.45845896e-05,
        7.74933614e-05, -4.23460232e-04,  1.05256877e-04,  1.18003131e-04,
       -2.05041801e-04,  1.86675358e-05,  3.31757314e-05,  1.17032083e-05,
        1.40337557e-06, -4.97389214e-05,  1.99922416e-05, -6.70468653e-06,
        1.79961820e-07, -1.70072231e-05,  1.61830074e-05, -3.18209334e-06,
       -4.19800827e-03, -2.32344954e-03,  7.25879398e-04,  2.80422064e-03,
       -1.40758400e-03,  2.59110002e-03,  9.10690777e-04, -6.31526052e-04,
        2.90710793e-04, -4.10636006e-05,  6.31433574e-05, -2.15003320e-04,
        6.57596595e-06, -3.55384083e-05, -6.68073543e-05, -7.17342424e-06,
        4.11316250e-07,  3.15881764e-05, -2.52184056e-06,  5.08737283e-06,
       -1.87843055e-02,  7.95286853e-03,  3.59280033e-03, -1.97228164e-03,
       -1.93321455e-05, -1.10015856e-03, -3.69702975e-04, -6.35072705e-04,
       -1.15701986e-03, -5.74906543e-05, -6.26329590e-04,  4.84650995e-04,
        6.33710477e-07,  1.41319602e-05,  1.20635216e-04,  1.23019433e-04,
        7.85516721e-07, -1.56379404e-05,  1.44974057e-05, -6.04342390e-05,
       -3.11014302e-01,  1.29229517e-01, -8.47804941e-03,  2.39119844e-02,
        1.44269524e-03,  9.93715505e-03,  2.48863118e-03, -3.19696943e-03,
        4.51710557e-03,  1.98698631e-06, -1.52157290e-03, -9.63529931e-04,
       -4.48073559e-06,  2.56781130e-05, -3.29979555e-04, -8.43587028e-05,
        3.12576019e-07, -5.85850002e-05,  1.29118486e-04, -7.47410650e-05,
       -1.44755429e+00,  2.19164639e-02,  7.00427228e-02, -1.00349549e-02,
       -5.00411546e-03,  3.69009546e-02, -4.52259654e-03,  5.84764729e-03,
       -8.54701839e-03,  5.03444685e-04,  1.41485784e-03,  3.55913826e-03,
        3.86307169e-06,  1.56527811e-04, -8.40113026e-04,  3.79373651e-04,
        5.33933641e-07,  6.43935841e-05,  4.71630509e-05,  1.54820047e-04,
        1.01765434e+01,  1.65698057e+00, -3.24873907e-01,  3.70952161e-01,
        3.33885149e-02, -1.79440599e-02,  4.44769398e-02, -4.10413100e-02,
       -2.09105353e-02,  1.32480926e-03, -1.08087377e-02,  6.86706812e-05,
        2.54981800e-04, -2.35912063e-03, -1.24457028e-03, -5.27901116e-05,
        1.06844526e-04, -1.02858482e-04, -4.72528810e-04, -1.00837083e-05,
        7.30889484e-05, -3.70796282e-04,  8.63811436e-05, -2.24071346e-05,
       -1.37361371e-06,  1.87313383e+00, -7.49150903e-01,  8.38860547e-02,
        1.45429804e-02, -1.34344916e-02,  1.93723485e-02, -2.72782925e-02,
        3.39064235e-02, -1.26413203e-02,  3.15557097e-03,  1.21210273e-04,
       -3.04014698e-03, -3.81980291e-04, -1.87165990e-04,  2.45071061e-03,
        9.62059211e-05,  5.69256919e-04,  1.44201021e-04,  2.79344375e-04,
       -1.82942384e-05, -7.44676679e-05,  4.62117767e-05,  1.64174316e-05,
        4.72878964e-05, -1.85142547e-06,  1.41980961e-01, -1.48379320e-01,
       -4.35507203e-02,  1.42845022e-01, -6.17582434e-03, -2.14926686e-02,
        2.37298276e-03,  3.37191910e-04, -2.48112491e-03,  3.49022451e-03,
       -2.75879201e-03,  1.10195659e-03, -1.08273133e-03,  7.54864846e-04,
       -1.28103018e-03,  2.22077415e-04,  1.89329868e-04, -2.78213982e-04,
        7.31535318e-05, -1.77167835e-05,  6.94288988e-05, -1.03289465e-04,
        3.45225364e-05, -4.28680703e-07,  1.09196208e-06,  8.95159324e-03,
       -2.88351180e-03, -1.03583191e-02,  7.72994346e-03, -4.65477718e-03,
       -1.51394911e-03,  9.91593821e-04,  6.35864417e-04, -1.61101930e-04,
        4.00034235e-04, -1.69218356e-04, -3.04573305e-04,  8.69718426e-05,
        2.94703033e-04, -6.99027655e-04,  3.59923051e-06, -8.88221704e-05,
       -1.49136803e-05,  4.86219594e-06, -1.08467540e-06, -1.55049886e-05,
       -7.54002346e-06,  7.17159457e-05, -2.11359169e-05,  1.32472812e-06,
        3.38804853e-04, -6.55681800e-04, -1.07281113e-03, -4.10586866e-04,
        1.94385034e-04,  4.81310392e-05,  6.23189653e-04,  1.24749835e-03,
       -1.61679878e-03,  1.52235308e-04, -7.66814634e-04,  8.79650231e-04,
        1.22247434e-05, -4.96853436e-06,  1.96458801e-04,  2.50304020e-07,
        9.90374817e-06, -5.74593512e-05,  1.94645403e-05,  2.50947768e-06,
        1.40801714e-05, -2.62484066e-05, -2.27455048e-05,  2.51481192e-05,
        1.48360610e-06,  2.34787701e-04,  5.16467844e-04, -7.71602683e-05,
        3.46036670e-04, -3.80522566e-04, -6.79445692e-04, -1.37685325e-04,
       -3.48795373e-04,  1.17759956e-04, -1.32409944e-05,  3.16100652e-04,
        1.09634758e-04, -2.22503356e-05,  2.85836631e-06, -3.82443060e-05,
        3.17313927e-05, -9.87980710e-06,  3.03403768e-05, -5.14629152e-05,
        3.37839568e-06, -1.90033448e-06,  7.11074059e-06,  1.07865554e-05,
       -1.25498136e-05, -7.05269840e-07, -2.14735926e-05,  1.13976556e-04,
        2.11471878e-07, -2.49117754e-05, -1.61696112e-04,  4.85131002e-05,
        3.05807210e-05, -7.90336175e-06,  3.82180800e-06,  4.70807216e-05,
       -5.12839215e-05, -1.36586946e-05, -7.08098579e-06,  3.06973997e-05,
        8.19948368e-06,  3.48681124e-06,  2.15287126e-08,  4.03387401e-07,
        1.73048760e-05, -5.92783996e-08, -3.02722047e-07, -3.08142433e-06,
       -6.41559845e-06,  7.77545671e-06, -3.01173574e-08, -1.48112067e-05,
        1.11300608e-05, -8.37766519e-06, -2.56242129e-05,  1.84238023e-06,
       -1.41985671e-05,  1.51582269e-05,  3.31810015e-05,  6.15829456e-06,
       -8.29759702e-06,  1.69184490e-05,  1.71081152e-06,  7.41273424e-06,
       -6.52796155e-06, -1.10742681e-05,  4.19999599e-06, -4.68832229e-06,
       -2.76385497e-06, -2.07887310e-06,  4.02197787e-07,  8.27547513e-07,
       -1.00595309e-06,  5.18239839e-06, -3.76697318e-06, -4.36903764e-07,
       -2.05878461e-06,  1.46393656e-06, -3.04317896e-07, -1.23126748e-06,
       -8.32936314e-07,  4.52052520e-08,  2.43834537e-06, -2.50146319e-07,
        2.31340488e-06,  1.40369741e-07, -1.44420797e-06,  4.71338146e-07,
        3.25181912e-07,  1.16563966e-06, -1.20727841e-06, -6.04941477e-07,
       -7.88055324e-07,  1.42394112e-06, -4.46492846e-07, -2.31279196e-08,
       -3.85225278e-07,  3.10445513e-07, -1.12071331e-06,  6.62812503e-07,
       -5.00079178e-08], dtype=float64),
                   'Ra_n': Array([ 1.05457123e+01,  1.76227699e+00,  1.89056824e-01,  2.01990294e-02,
        2.03666106e-03,  1.94612645e-04,  1.56739203e-05,  2.13949862e-06,
       -2.65285373e-08], dtype=float64),
                   'Rb_lmn': Array([-7.36358192e-09, -2.01436610e-08, -2.40843781e-08, -4.44338448e-10,
       -1.72757938e-08,  3.90612572e-08,  1.18035005e-08,  5.02929924e-08,
        3.95592910e-08, -4.45021015e-07,  2.90630174e-07,  6.04495947e-07,
       -1.02873689e-07,  2.42957876e-07,  1.74932032e-07,  2.67213495e-07,
       -2.62397635e-07,  1.76393853e-06,  7.66597934e-06,  5.64271932e-07,
       -1.77256895e-06,  8.78557059e-06, -3.98334810e-06,  5.05830629e-06,
        1.79961820e-07,  1.40337557e-06,  1.66031263e-06,  5.55179557e-05,
        1.26852100e-04, -2.87642841e-04, -8.04702194e-05,  8.23117870e-05,
        4.11316250e-07,  6.57596595e-06, -9.47542421e-06,  8.75152369e-04,
       -1.34696249e-03,  2.75459922e-05,  5.77345321e-05, -1.11025026e-03,
        7.85516721e-07,  6.33710477e-07, -7.31285947e-05, -3.55571015e-04,
       -6.31164329e-04,  3.07836284e-03,  7.27692673e-03, -2.17905876e-02,
        3.12576019e-07, -4.48073559e-06, -5.65980139e-05,  2.51430929e-03,
        5.02408307e-05, -1.20049984e-02,  1.38128401e-01, -2.82669571e-01,
        5.33933641e-07,  3.86307169e-06,  5.67838269e-04, -4.36606873e-03,
       -3.54209457e-03,  7.50502571e-02,  6.25313768e-02, -1.46575689e+00,
        9.89647447e+00,  1.69180074e+00,  3.27180934e-01, -2.88556561e-02,
       -2.20687244e-02, -4.03858128e-04, -7.51972461e-05, -1.00837083e-05,
       -1.37361371e-06,  1.92928514e+00, -7.58860567e-01,  4.83084497e-02,
        1.96377598e-02, -1.01741922e-02, -2.76080261e-03,  1.43493817e-04,
       -1.82942384e-05, -1.85142547e-06,  9.97899213e-02, -1.50875590e-01,
        1.43833789e-01, -2.45296746e-02, -3.72763255e-03,  1.17511012e-03,
        2.21648734e-04, -1.77167835e-05,  1.09196208e-06, -3.43665231e-04,
       -7.22707691e-03,  8.65297089e-03, -1.69808115e-03, -7.88413639e-04,
       -2.99711109e-04, -1.75366864e-05, -1.08467540e-06,  1.32472812e-06,
       -8.45117067e-05, -2.99157711e-04,  8.05694547e-04, -7.76142946e-04,
       -1.44308548e-03,  8.99114771e-04,  2.53984232e-05,  2.50947768e-06,
        1.48360610e-06, -4.20856300e-06,  1.12824477e-04,  7.21040458e-06,
       -3.33004663e-04,  9.03022060e-05,  5.81718424e-05,  1.91815790e-05,
        3.37839568e-06, -7.05269840e-07,  1.93489251e-06, -6.17305573e-07,
       -5.19916180e-06, -2.36743398e-06,  5.60569323e-06,  3.64618143e-06,
        1.12622680e-05, -5.92783996e-08, -3.01173574e-08,  2.09636716e-07,
       -1.34783078e-08,  2.28739033e-08, -4.39730564e-08,  2.66424859e-07,
       -3.68061579e-07,  4.33022812e-07,  4.02197787e-07, -4.36903764e-07,
        1.51994928e-08, -1.66853412e-08, -5.32862302e-09,  2.49384079e-08,
       -1.45868349e-08,  2.48452998e-08,  5.78710267e-08, -2.31279196e-08,
       -5.00079178e-08], dtype=float64),
                   'Te_l': Array([ 9444.52435583, -9460.44952244,   -13.70662016,   -14.87106205,
         -12.4253046 ], dtype=float64),
                   'Ti_l': Array([ 9444.5110353 , -9460.51033843,   -13.84091776,   -15.10018759,
         -12.68899685], dtype=float64),
                   'Z_lmn': Array([ 2.31814829e-06, -2.40268135e-06,  1.07310877e-06,  9.80089980e-07,
       -6.48099488e-07,  6.10149269e-07, -2.46307727e-06,  3.11849822e-07,
       -2.57684095e-06,  1.99386826e-06,  1.14880698e-06,  1.91913395e-07,
       -1.02712470e-06, -1.02002712e-06,  2.45091411e-06,  3.17223623e-08,
        1.05629614e-06, -1.72558598e-06, -1.82708664e-07, -3.86465617e-08,
        6.84055157e-08, -2.79408462e-07,  1.19299377e-07,  1.82954076e-08,
        6.67861106e-10,  1.09091624e-05, -1.08231507e-05,  1.87994618e-06,
        2.62391323e-05,  1.28902253e-05,  2.83501532e-07, -1.09295473e-05,
       -2.98046358e-05, -1.75069382e-06, -2.97195301e-06, -1.94652290e-06,
       -2.53267098e-06, -1.64885039e-06,  7.44175456e-07,  3.74681758e-06,
       -7.63707994e-07,  9.01388317e-07,  1.65618400e-06,  2.35920151e-06,
       -6.27678238e-07, -3.96403426e-08,  2.73565426e-06, -2.16789910e-06,
        1.17352187e-06,  1.01218931e-07,  2.55666802e-05, -2.89847246e-05,
        1.56834703e-05,  1.20608215e-05,  4.94789357e-05,  5.56760794e-05,
       -3.60736510e-05, -8.67914418e-06, -7.15098685e-06, -2.38043395e-05,
       -5.86567056e-05,  1.38894375e-06, -6.18082536e-06,  5.98620121e-07,
        6.14897686e-06, -2.55370118e-06,  6.44006918e-06,  5.08213477e-06,
       -1.92972507e-06,  1.01992884e-07, -9.04584485e-08,  6.11524481e-07,
        3.09110994e-07, -9.85717832e-07, -2.18333742e-07, -3.38205233e-05,
       -5.65914812e-04,  7.54490678e-05,  1.34223578e-04,  5.54198551e-04,
        5.97492000e-05, -6.51484073e-05, -8.59779598e-05,  1.30931078e-04,
       -1.24101453e-05,  8.33519934e-06, -3.61119034e-05,  8.25954514e-06,
       -6.48692357e-05, -2.42189720e-05, -3.38721761e-05,  7.46589723e-06,
       -6.21964638e-06, -6.90242358e-06,  1.69103483e-06, -3.76163501e-06,
        7.91508719e-06, -5.46894559e-06, -3.44028550e-06,  1.69259584e-07,
       -9.02477126e-04, -1.50279170e-03,  1.17684979e-03, -1.66198895e-03,
        1.41178238e-03,  1.14217028e-03,  1.54810602e-05,  1.22135131e-03,
        4.01771829e-04, -2.33441671e-04,  6.49317579e-06, -1.87136195e-04,
       -1.77445380e-05, -2.71096248e-05,  2.11074997e-05, -5.71509541e-05,
        1.39214602e-05, -1.92159374e-05,  2.78603105e-05,  2.80747003e-06,
        7.24684456e-06, -1.37891414e-05,  1.31648902e-05, -8.27414263e-06,
       -7.97767962e-07, -8.55128508e-03,  1.09232124e-02,  9.52180058e-03,
       -1.45544389e-02,  1.71309789e-03,  9.03532918e-03, -1.39604847e-03,
       -4.51398180e-03,  3.44262340e-03, -6.66184341e-04,  3.57937678e-04,
       -1.33384438e-03, -1.20322442e-05,  5.54572945e-05, -4.50137948e-04,
       -1.60346451e-06, -5.01465983e-05,  1.05834870e-04,  1.17492935e-05,
        5.02916574e-07, -3.21982576e-05,  5.04667441e-05,  1.45958191e-05,
       -5.61067766e-05,  5.31329350e-07, -1.31073892e-01,  1.02843192e-01,
        3.91362749e-02, -7.49041771e-02,  2.65569890e-02,  1.14430520e-03,
       -2.33479986e-03,  1.44602726e-03,  6.96130332e-03, -3.40712275e-03,
        2.31320588e-03,  1.30564086e-03,  3.73807249e-04, -1.85886474e-03,
        1.76757071e-03, -1.53658129e-04,  9.39141350e-05,  5.14207257e-05,
        1.40664865e-05, -8.50555768e-06,  1.81503064e-05,  1.23481329e-04,
       -5.63404012e-05,  2.15999022e-05,  1.61386969e-06, -1.42230558e+00,
        4.85155643e-01,  6.53135626e-02, -4.25482670e-02,  2.92531762e-02,
        5.39726476e-03,  9.13766589e-03, -1.76792223e-02, -4.24126425e-03,
       -6.52644306e-03, -4.77729643e-03, -7.63397298e-04,  2.14846914e-03,
       -1.25813980e-04,  1.22276820e-03, -1.22333512e-04, -5.23351705e-04,
        3.19548798e-04, -3.19364336e-04,  4.47869927e-07, -1.41877220e-04,
        1.83371868e-04, -3.16086718e-05,  1.15385688e-05, -2.93315065e-06,
       -2.17512797e+00, -3.47047247e-01,  9.52579059e-03,  5.43953476e-02,
        8.16041215e-03,  5.67018798e-02,  9.83503378e-04,  1.29493417e-02,
       -1.56142242e-02,  5.34415231e-04,  1.58377284e-03,  4.93026853e-03,
       -2.45473169e-05,  2.41369856e-04, -5.16083479e-04,  4.57897376e-04,
        2.37015518e-06,  7.89136443e-05,  4.96639679e-06,  2.86601524e-04,
       -1.25141921e+00,  1.31471639e-01,  7.16955754e-02,  2.28561491e-03,
        1.58187283e-02,  1.34518275e-02,  4.20900425e-03,  5.98771473e-03,
        6.06299573e-03, -2.18663848e-04, -2.47893519e-03,  1.60411608e-03,
        8.82503781e-06, -9.96160603e-05, -1.84220261e-04, -1.52251749e-04,
       -2.11018435e-07, -7.87987948e-05,  1.76774048e-06,  2.07605338e-05,
       -2.46105725e-01,  6.17242750e-02,  1.45394731e-02,  1.12658094e-02,
       -5.31732014e-03,  1.05134320e-02, -6.65950643e-05, -2.79873269e-03,
       -5.93978327e-04, -1.39273873e-04, -1.22609595e-03,  8.52592090e-04,
        1.26670567e-05, -1.05164735e-04,  1.17185481e-05,  2.30819832e-04,
       -2.78839241e-06, -4.36732982e-05, -2.60627917e-05, -1.40091784e-04,
       -3.02534039e-02,  1.55562678e-02, -3.60470112e-03,  2.10029024e-03,
       -3.25020263e-03,  1.50626898e-03,  1.28117202e-03, -1.09529318e-03,
        3.40594901e-04, -9.21771441e-05,  2.78654083e-04, -2.28301522e-04,
       -9.56101680e-07, -7.97017938e-05,  7.46600391e-05,  6.82126246e-05,
       -9.65354071e-07,  7.06010394e-05, -6.77997045e-06, -3.66606439e-05,
       -1.99667087e-03, -4.33698145e-04, -5.08669595e-04,  1.43049667e-03,
       -3.87727911e-04,  5.34003692e-04,  2.30784565e-04,  4.73878490e-05,
       -1.79681939e-04,  1.05609066e-05,  1.11354847e-05, -8.09254307e-05,
       -8.70766290e-07, -7.91151709e-05, -3.55747911e-05, -8.39782078e-06,
        3.79900140e-07,  6.08590510e-06,  4.68674343e-06,  1.19891961e-05,
        4.42255040e-05,  9.38815180e-06,  1.83137569e-04,  3.00565605e-05,
       -1.24200758e-04, -1.53490229e-04,  1.79485772e-05, -1.64225351e-04,
       -4.43162281e-05,  2.22301110e-05,  2.85188463e-05,  4.83741897e-05,
       -1.05475955e-06,  1.60535944e-05,  8.22409173e-06,  5.20977397e-06,
       -2.71825669e-08,  2.16830599e-06,  1.17544903e-05, -1.07607838e-05,
       -3.08373664e-05,  3.28668972e-05, -9.47171059e-05,  6.81182759e-06,
        2.13936929e-05,  7.80249141e-06, -1.04368709e-06,  1.06547828e-04,
        1.89502586e-05, -8.37798504e-07, -2.61534820e-05, -4.50891320e-05,
        7.01096911e-08,  3.34035599e-07, -1.14319361e-05,  1.85491110e-06,
        1.18892031e-07, -8.90562253e-07, -3.38617199e-07,  2.72387631e-06,
       -2.81524738e-06, -1.62499464e-05,  8.27885189e-07,  3.23997445e-06,
        1.95301767e-06,  1.58409777e-05, -3.85391041e-07, -2.89683819e-06,
       -1.01329144e-07,  1.26293523e-06, -4.11799130e-06,  1.98468678e-06,
       -7.69805613e-07,  2.78659794e-08,  1.86123168e-06, -4.04915394e-07,
        1.87579844e-07, -1.27063252e-06,  2.37710466e-06, -1.62857654e-06,
       -2.35436104e-06, -8.67554083e-08, -2.58306701e-06,  2.34547475e-06,
        1.83675907e-06,  4.11073901e-07, -4.29456824e-07,  1.72469310e-06,
        1.35580021e-06,  2.06549630e-07, -1.50206401e-06, -5.22587220e-07,
       -1.20721454e-08,  4.28457605e-07,  8.59474468e-07, -1.34385002e-06,
       -1.34574245e-08, -1.69523965e-07, -3.24871874e-07,  1.77424313e-07],      dtype=float64),
                   'Za_n': Array([-1.22507528e-07, -2.91121044e-07, -2.01000741e-05, -1.86439179e-04,
       -2.03885448e-03, -1.94893001e-02, -1.72900623e-01, -1.48077183e+00],      dtype=float64),
                   'Zb_lmn': Array([-3.05394012e-08, -6.16440230e-10, -7.49578132e-09,  3.33702675e-08,
       -6.62745854e-09,  9.20473031e-09,  5.00177700e-08, -3.86465617e-08,
        6.67861106e-10,  1.71070527e-07, -3.49005691e-09, -8.56738465e-08,
       -6.83736499e-09, -1.71775330e-07, -1.73469468e-07,  4.09813872e-07,
       -6.27678238e-07,  1.01218931e-07, -1.09478434e-06,  3.12994079e-06,
        4.59182190e-06,  2.10150857e-06, -6.92899000e-07, -5.40781319e-07,
       -3.53941901e-06,  1.01992884e-07, -2.18333742e-07, -1.90219527e-05,
       -1.66605093e-05, -8.70852991e-06,  6.18647530e-05,  1.01243161e-04,
       -4.30143270e-05, -3.73124616e-05,  1.69103483e-06,  1.69259584e-07,
        2.79356035e-04, -3.10529535e-04, -4.81536409e-04,  1.12944752e-03,
        4.36044219e-04, -1.59275885e-04, -6.54250967e-05,  2.80747003e-06,
       -7.97767962e-07, -4.69763466e-04,  1.19199793e-02, -1.89624967e-02,
        9.49910173e-03,  3.00708127e-03, -1.32209509e-03, -5.77102411e-05,
        5.02916574e-07,  5.31329350e-07, -9.38804592e-02,  1.26086972e-01,
       -7.51935332e-02,  3.50893181e-03,  8.67253363e-03,  1.31970735e-03,
       -1.32058227e-04, -8.50555768e-06,  1.61386969e-06, -1.34584776e+00,
        5.07359025e-01, -6.01699314e-02,  9.39517130e-04, -3.05010472e-03,
       -1.08276163e-03, -1.10794943e-04,  4.47869927e-07, -2.93315065e-06,
        2.37015518e-06, -2.45473169e-05,  6.13328876e-04,  1.22487323e-03,
        9.74915139e-03,  2.19590488e-02, -2.85128497e-01, -2.13588895e+00,
       -2.11018435e-07,  8.82503781e-06, -2.97462643e-04,  4.10938819e-03,
        1.33415609e-02,  7.74990699e-02,  1.46548343e-01, -1.24322285e+00,
       -2.78839241e-06,  1.26670567e-05, -1.82947171e-04, -1.71759799e-04,
       -6.56947888e-03,  1.17524590e-02,  7.29502073e-02, -2.35203074e-01,
       -9.65354071e-07, -9.56101680e-07, -2.15761047e-05,  1.20147023e-03,
       -2.97832852e-03, -4.62533426e-03,  1.67975746e-02, -2.77443062e-02,
        3.79900140e-07, -8.70766290e-07,  1.66468117e-05,  1.51669394e-04,
       -3.71905682e-04, -4.96856537e-04,  3.13693130e-05, -7.54253959e-04,
       -2.71825669e-08, -1.05475955e-06,  2.43984170e-05,  3.40021716e-05,
       -8.39274214e-05,  2.71363094e-05, -1.06488671e-04,  3.51756104e-05,
        1.18892031e-07,  7.01096911e-08, -1.72836076e-06, -7.09651488e-07,
       -5.09840629e-06,  3.98786562e-07, -1.69586715e-06, -3.22036907e-06,
        1.87579844e-07, -7.69805613e-07, -7.69728989e-09, -3.57525062e-07,
        2.12131021e-07, -2.07721321e-07, -5.28584616e-08, -8.15174717e-08,
       -1.34574245e-08, -1.20721454e-08,  3.70256651e-08, -9.99218583e-10,
        9.82317966e-09,  1.10056177e-09, -2.08444139e-08,  3.06390232e-09],      dtype=float64),
                   'Zeff_l': Array([1.00092119, 0.00308465, 0.00604473, 0.00968199, 0.00988588],      dtype=float64),
                   'a_lmn': Array([], shape=(0,), dtype=float64),
                   'c_l': Array([0., 0., 0., 0., 0.], dtype=float64),
                   'i_l': Array([], shape=(0,), dtype=float64),
                   'ne_l': Array([ 2.37891429e+20,  1.39492478e-23,  6.70699900e-24,  9.21778176e-24,
        6.05229503e-24, -2.38731133e+20], dtype=float64),
                   'ni_l': Array([], shape=(0,), dtype=float64),
                   'p_l': Array([], shape=(0,), dtype=float64)}],
               [ { 'G': Array([], shape=(0,), dtype=float64),
                   'I': Array([], shape=(0,), dtype=float64),
                   'L_lmn': Array([ 4.20087270e-07,  2.59214048e-07,  1.01277491e-06, -1.15359232e-06,
       -1.53039246e-06,  1.16109277e-06, -1.93778604e-06,  2.81578285e-06,
       -6.21594017e-07,  1.47308875e-06, -2.47906463e-06,  1.39018298e-06,
        3.12446961e-08, -1.20525961e-06,  1.17870659e-06,  4.32973192e-07,
        8.98370241e-07,  5.11974683e-07, -5.27332620e-07, -5.71064641e-07,
       -6.23002266e-09,  5.33172086e-07,  7.25853757e-07, -4.97112615e-08,
        1.58580061e-07,  1.54763748e-06, -3.22050270e-07, -9.55549659e-06,
        1.11313931e-05,  7.26668173e-06, -1.25277009e-05,  6.20785227e-06,
       -1.33241544e-05,  5.71732102e-07, -5.62383370e-06,  1.14586075e-05,
        5.68855941e-07,  4.37525217e-07,  3.71810550e-06, -6.26087922e-06,
        3.18977282e-06,  1.62838085e-06, -5.37441551e-06,  2.13218822e-06,
        9.33873985e-07, -2.07588381e-06, -9.75643536e-07,  9.64258393e-07,
       -1.48843367e-06,  5.01295450e-07, -3.35182101e-05,  3.69033338e-06,
        5.04872174e-05, -4.75225432e-05, -1.85571446e-05,  3.75068055e-05,
       -1.39047927e-05,  6.61435701e-05, -1.56457568e-05,  1.08464170e-05,
       -4.08353136e-05, -1.07281382e-05, -6.21201153e-06, -1.61052094e-06,
        6.22656067e-06,  5.37674203e-06, -9.88645548e-06,  1.43077150e-05,
       -5.23707633e-06,  2.54538303e-06,  7.65263768e-06,  5.85514628e-06,
       -5.43309111e-06,  1.96655318e-06, -4.87133062e-06,  5.84815712e-05,
       -4.21428381e-04, -1.43915928e-04,  2.59502850e-04,  4.40982670e-04,
       -1.03508590e-04,  5.44320402e-05, -2.44678952e-04,  4.42402121e-05,
        7.06678184e-06,  9.05058583e-05,  1.51964611e-05,  4.28225376e-06,
       -2.00643368e-06, -2.32548243e-05, -6.32494452e-05,  1.33849936e-05,
       -3.57388228e-06, -1.62691697e-05,  4.41190308e-05, -9.63065044e-06,
       -1.20857684e-05,  2.33427550e-05, -4.03734429e-06, -6.32823670e-06,
        1.19787289e-03,  1.78232682e-03, -1.22840496e-03, -7.22827237e-04,
       -1.79116131e-03,  2.52308921e-04, -4.41131818e-05,  1.12230862e-03,
       -3.91218880e-04, -3.21583817e-05, -2.08548378e-04,  2.43603267e-04,
        4.68071189e-08, -1.57030558e-04,  1.22727667e-04, -6.35288563e-05,
        1.99913800e-05, -3.24664939e-05, -3.56110666e-05, -4.35468502e-05,
        2.53626692e-05,  3.50560328e-05, -2.58001730e-05,  3.14834020e-05,
       -8.07786833e-06, -2.59917272e-03, -1.57846942e-03,  3.10028888e-03,
       -2.73873548e-03,  3.36611713e-03,  5.20272642e-04,  9.26830811e-05,
       -1.74558567e-03,  1.85824035e-03, -7.66836129e-05,  2.71440445e-04,
       -6.45018930e-04,  1.33756613e-05,  4.05216404e-04, -1.36637699e-04,
        4.90268400e-04, -4.30943868e-05, -1.32589213e-04,  1.24030282e-04,
       -1.69463105e-04, -7.77878113e-06, -9.88340392e-05,  1.34028633e-04,
       -4.35728921e-05, -7.00155292e-05,  2.84175711e-02, -3.05349129e-02,
       -1.29083810e-02,  9.00205255e-03,  4.67860851e-03, -1.17202816e-02,
       -1.26317141e-03,  3.55297034e-03, -8.96580335e-04, -9.04981154e-04,
       -1.02918765e-03,  2.01056744e-03,  2.18048759e-04,  2.50305839e-05,
       -9.21357528e-04,  1.26713055e-03,  2.56103535e-05,  2.70143451e-04,
        1.21285038e-04,  1.29172716e-04,  1.04368168e-05,  3.17918413e-04,
       -1.64466289e-04,  8.98202967e-05, -3.33968617e-05,  3.02725530e-02,
       -1.28744662e-02, -4.04151495e-04,  3.19402133e-03,  2.52638600e-03,
        1.93456651e-02,  4.03711626e-03, -4.61789730e-03, -1.27215369e-02,
        1.08985434e-04, -1.45761486e-03, -5.24537690e-03, -8.26993413e-04,
       -1.24830729e-03,  9.97805359e-04, -4.71417684e-05, -8.14950376e-04,
        1.04941323e-03, -2.12212433e-04,  1.13150302e-04, -5.68186931e-04,
       -4.23067302e-04, -1.13140763e-04,  1.70617084e-07, -7.84809673e-06,
       -2.39840420e-02, -1.02665997e-01,  7.90392920e-03,  8.07668124e-03,
        4.46117316e-03,  1.56782852e-02, -2.55545361e-03, -2.77244907e-03,
       -3.96556572e-02, -1.21546801e-03, -4.10965789e-04,  1.10951999e-03,
       -2.32903500e-04, -7.92842781e-05, -9.51366590e-04, -9.53741069e-04,
        2.84325440e-05, -5.35031161e-05, -1.50401424e-04, -1.01343893e-05,
       -2.46647848e-01,  1.34688988e-02, -1.20317816e-02,  2.78733997e-02,
        9.77446793e-03, -8.63286695e-03,  5.78275274e-03,  1.12919363e-03,
        4.35269476e-04, -3.41054432e-04, -1.53334193e-03,  6.01657926e-03,
        4.79363521e-05,  3.23250272e-04, -1.06413606e-03, -1.87662645e-04,
        5.06711725e-05, -3.50705532e-05,  2.44518410e-04,  2.13640169e-05,
        4.24446546e-02, -2.28241236e-02,  1.19599983e-02, -6.68586670e-03,
        3.02877031e-04,  3.58482649e-03, -1.59205200e-03, -1.19470334e-03,
        3.74230542e-04, -1.55284633e-03,  1.53091171e-03, -1.09494499e-03,
       -1.39217102e-04, -1.58309169e-04,  1.22615827e-05,  3.56369491e-04,
        4.75822772e-05, -1.46597612e-04,  1.58277313e-05, -6.93797989e-05,
       -2.31090711e-03,  3.24691649e-03,  2.12596256e-04,  1.93721729e-05,
       -1.76594048e-03, -3.61373487e-05,  5.65618149e-04,  6.19896982e-05,
        3.37028389e-04, -4.92143075e-04,  5.07071937e-05, -2.80271230e-04,
        1.66706092e-04, -1.47082671e-04,  2.14628121e-04, -8.28425022e-05,
        6.80665033e-05,  5.19546283e-05, -8.35161929e-05,  6.57007694e-05,
       -4.18204158e-05,  1.53654630e-04, -3.21038484e-04,  1.53184024e-04,
        3.62240600e-04, -3.27609957e-04, -1.81158101e-04,  1.45991550e-04,
       -9.63686039e-05,  3.06412591e-05, -6.40153572e-05,  1.02689456e-04,
        4.06311841e-05,  1.80908611e-05, -3.70320981e-05, -1.39026735e-05,
        9.12055583e-06, -2.87290763e-05,  8.35842776e-06, -2.22544481e-06,
       -1.12250339e-04, -1.71427625e-04,  1.82774445e-04,  8.18072117e-05,
       -4.82785873e-05,  1.15903851e-04, -2.53765686e-05, -1.76613493e-04,
        1.11113626e-05,  6.88698155e-05,  2.65874923e-05,  1.98624930e-05,
       -4.02255811e-05,  2.49937225e-05,  1.52934290e-05,  1.89759697e-05,
        6.19938877e-06,  2.34058472e-06, -1.66530228e-05, -1.75542891e-06,
       -1.97662961e-05,  1.03387888e-04, -8.58984780e-05, -1.77472495e-05,
        2.19343230e-05, -1.02661288e-04,  1.27044298e-05,  9.25969731e-05,
        3.41035265e-05, -7.39053173e-06, -1.88877882e-05, -9.57821182e-06,
       -3.14613772e-06,  4.46618859e-06, -1.52798367e-05,  2.37437288e-06,
        4.33270380e-06, -1.15909849e-06,  7.13768423e-06, -2.96640948e-06,
        8.82240078e-07, -1.81305285e-05,  2.04813128e-05,  4.72737264e-06,
       -1.64309087e-06,  1.77555110e-05, -1.96516740e-06, -2.10941452e-05,
       -8.27076340e-06, -1.42620027e-06,  7.44924218e-06,  1.75022224e-06,
       -1.89748020e-06, -1.36385463e-06,  4.52932690e-06, -1.86205482e-06,
       -4.79215869e-07,  9.52994513e-07, -1.61550271e-06,  6.53677581e-07,
       -3.17082724e-07,  1.75724938e-06, -1.13463303e-06, -3.92185621e-07,
       -1.17654147e-07, -1.75375802e-06, -1.36956171e-06,  2.32388759e-06,
        5.50133450e-07, -7.68033348e-07, -1.80843537e-06, -1.22726765e-06,
        5.51849000e-07,  4.24595376e-07, -4.37352319e-08, -6.10929284e-08,
       -2.06701240e-07,  4.87093855e-08, -3.08575112e-07, -1.46704647e-07],      dtype=float64),
                   'Phi_mn': Array([], shape=(0,), dtype=float64),
                   'Psi': Array([50.20413129], dtype=float64),
                   'R_lmn': Array([-1.75421344e-06, -3.06727138e-07, -3.61379709e-07,  2.41544339e-06,
        1.22205274e-06, -1.15682505e-06,  4.09116702e-07, -8.03556763e-07,
        1.94219325e-07, -5.26546942e-07,  1.97930979e-07,  1.34345832e-06,
       -1.96309212e-08, -4.08900405e-07,  1.20097953e-06, -8.03801600e-07,
       -7.08993937e-09,  5.02362432e-07, -1.43770842e-06,  1.29906610e-07,
       -1.01699659e-05,  6.83720099e-07, -1.96071395e-05,  1.56711179e-05,
        9.07123698e-06,  1.40690323e-05, -2.68606932e-07,  1.94092532e-05,
       -4.27228862e-06,  4.06301537e-06, -1.41067463e-05, -1.44511891e-05,
       -4.41725379e-07,  8.75291785e-07,  4.32985095e-07, -9.64697246e-07,
        4.10543041e-08, -3.77350295e-06,  4.93291647e-06, -1.25221058e-07,
        5.73039694e-05, -3.19670628e-05,  3.89753016e-05, -8.87601381e-05,
        1.30981148e-05,  1.59794729e-05, -1.35093615e-05, -2.36150404e-05,
        3.54077550e-05, -3.86151591e-07, -1.11911127e-05,  1.10080153e-05,
        1.76515572e-06,  1.40726931e-05, -6.59243470e-06,  1.09165933e-06,
       -2.65066389e-07,  8.04826176e-06, -3.67515486e-06,  1.00782767e-06,
        2.16438748e-04,  3.49883720e-04, -4.32874544e-04,  7.36004627e-05,
        7.86457185e-05, -4.36298280e-04,  1.05185450e-04,  1.25487811e-04,
       -2.01512693e-04,  1.82507774e-05,  3.21071033e-05,  9.67432940e-06,
        1.39582018e-06, -4.96739132e-05,  1.97013491e-05, -6.27343765e-06,
        1.75090328e-07, -1.66011806e-05,  1.60996259e-05, -3.69750840e-06,
       -4.23590315e-03, -2.35147221e-03,  7.43665148e-04,  2.83785972e-03,
       -1.40737729e-03,  2.61933573e-03,  9.08518271e-04, -6.51736153e-04,
        2.98965846e-04, -4.18624726e-05,  6.21758687e-05, -2.15945621e-04,
        6.57760519e-06, -3.33792556e-05, -6.44176517e-05, -1.13242513e-05,
        3.90754132e-07,  3.23836780e-05, -1.77119513e-06,  5.88365218e-06,
       -1.87843989e-02,  7.94952406e-03,  3.57868393e-03, -1.95640855e-03,
       -1.96576252e-05, -1.09260325e-03, -3.69462355e-04, -6.18443811e-04,
       -1.16980885e-03, -5.69835774e-05, -6.27191151e-04,  4.80683712e-04,
        6.81751277e-07,  1.38724712e-05,  1.18117661e-04,  1.19887944e-04,
        7.28498349e-07, -1.61323794e-05,  1.56627466e-05, -6.05760265e-05,
       -3.10276974e-01,  1.29434387e-01, -8.45436833e-03,  2.31299494e-02,
        1.44827140e-03,  9.71367682e-03,  2.48941324e-03, -3.22364946e-03,
        4.54871807e-03,  2.63707433e-06, -1.52746020e-03, -9.46718485e-04,
       -4.43726889e-06,  2.49062060e-05, -3.26973242e-04, -7.12822914e-05,
        2.20121505e-07, -5.91932763e-05,  1.29407740e-04, -7.27883342e-05,
       -1.44873440e+00,  2.15319379e-02,  7.01170783e-02, -8.79735274e-03,
       -4.97142342e-03,  3.73504814e-02, -4.52316202e-03,  5.78466818e-03,
       -8.60886126e-03,  5.02413788e-04,  1.38013264e-03,  3.49807970e-03,
        3.96297794e-06,  1.57107352e-04, -8.51502516e-04,  3.83968067e-04,
        4.55881230e-07,  6.54446840e-05,  4.91262594e-05,  1.51151214e-04,
        1.01765358e+01,  1.65664658e+00, -3.24866442e-01,  3.70933502e-01,
        3.37886334e-02, -1.79565393e-02,  4.44708489e-02, -4.09981680e-02,
       -2.08902704e-02,  1.24408437e-03, -1.07924032e-02,  7.03422360e-05,
        2.58144596e-04, -2.38194342e-03, -1.26241897e-03, -5.18484538e-05,
        1.21360335e-04, -1.06481244e-04, -4.74209202e-04, -1.00254216e-05,
        7.61193911e-05, -3.72156380e-04,  8.39290872e-05, -2.32702848e-05,
       -1.41338723e-06,  1.87316107e+00, -7.49105503e-01,  8.38959217e-02,
        1.46332863e-02, -1.35360303e-02,  1.94057433e-02, -2.73028596e-02,
        3.37787437e-02, -1.26225200e-02,  3.21624452e-03,  8.25121660e-05,
       -3.03569080e-03, -3.93027722e-04, -1.49322502e-04,  2.42785345e-03,
        9.63906067e-05,  5.64675023e-04,  1.49754258e-04,  2.74877630e-04,
       -1.79819493e-05, -7.52924314e-05,  4.56724125e-05,  2.06018584e-05,
        4.71685953e-05, -1.84932581e-06,  1.41992868e-01, -1.47924048e-01,
       -4.35736554e-02,  1.42817049e-01, -6.67467433e-03, -2.14742358e-02,
        2.36281200e-03,  3.41805310e-04, -2.47302456e-03,  3.54297795e-03,
       -2.77245190e-03,  1.10174893e-03, -1.06002691e-03,  7.78159289e-04,
       -1.28940012e-03,  2.21232089e-04,  1.80107519e-04, -2.82965568e-04,
        7.34318803e-05, -1.76623019e-05,  6.80100825e-05, -1.03235850e-04,
        3.49564976e-05,  4.37764038e-07,  1.07140360e-06,  8.92581483e-03,
       -2.97929416e-03, -1.03593510e-02,  7.65396626e-03, -4.56201828e-03,
       -1.57768146e-03,  1.01601660e-03,  7.30911116e-04, -1.57093498e-04,
        4.01142153e-04, -9.93637300e-05, -3.05392790e-04,  8.74425532e-05,
        2.77325718e-04, -7.01543796e-04,  4.05329551e-06, -8.69604538e-05,
       -2.10922575e-05,  5.69949328e-06, -1.07985183e-06, -1.35443647e-05,
       -9.27215199e-06,  7.03004354e-05, -2.15988706e-05,  1.31512316e-06,
        3.19620694e-04, -7.34945456e-04, -1.06895859e-03, -4.19310385e-04,
        2.66628100e-04,  9.30692587e-05,  6.43609091e-04,  1.26353832e-03,
       -1.62185226e-03,  1.60368257e-04, -8.16514627e-04,  8.77604765e-04,
        8.03894010e-06, -1.33939888e-05,  1.99556044e-04,  3.46608925e-07,
        8.76328822e-06, -5.27323674e-05,  2.15167898e-05,  2.50225154e-06,
        1.32296734e-05, -2.50666271e-05, -2.07482264e-05,  2.50541354e-05,
        1.47130980e-06,  2.42424690e-04,  5.16297356e-04, -7.84687000e-05,
        3.60805060e-04, -3.73271554e-04, -6.86729483e-04, -1.45326310e-04,
       -3.68887179e-04,  1.20975368e-04, -1.96528597e-05,  3.24051051e-04,
        1.11051178e-04, -2.07757787e-05,  8.77730914e-06, -4.14912094e-05,
        3.08774073e-05, -1.05586976e-05,  2.96396591e-05, -5.28782040e-05,
        3.37498102e-06, -2.05490621e-06,  6.55921956e-06,  1.08383133e-05,
       -1.17022559e-05, -7.07838303e-07, -1.69586765e-05,  1.07770900e-04,
       -7.11377025e-07, -2.11546185e-05, -1.56137440e-04,  4.38947485e-05,
        2.61101542e-05, -1.11191535e-05,  4.28426414e-06,  4.76194226e-05,
       -4.58810986e-05, -1.32428009e-05, -6.19730638e-06,  3.00187643e-05,
        7.44199829e-06,  3.67840695e-06,  1.28407115e-07, -3.94040202e-07,
        1.68868885e-05, -5.60249617e-08, -3.05971488e-07, -2.92498582e-06,
       -6.10983630e-06,  7.58105556e-06, -3.07370119e-08, -1.48029328e-05,
        1.06595399e-05, -8.13278744e-06, -2.47954242e-05,  1.49648545e-06,
       -1.53825284e-05,  1.51525190e-05,  3.26938896e-05,  6.40800175e-06,
       -7.59168746e-06,  1.80798405e-05,  1.01260308e-06,  7.18131269e-06,
       -6.85362809e-06, -1.12694726e-05,  4.20236615e-06, -4.57899405e-06,
       -2.74270235e-06, -1.38254192e-06,  4.06834633e-07,  8.14286284e-07,
       -1.01330482e-06,  5.13139782e-06, -3.77168075e-06, -4.34148960e-07,
       -2.21118875e-06,  1.55193101e-06, -3.80006367e-07, -1.07781982e-06,
       -1.12574212e-06,  2.63332050e-07,  2.60286947e-06, -5.04612674e-07,
        2.47334141e-06,  3.79045562e-07, -1.69657414e-06,  5.21381937e-07,
        4.03965473e-07,  1.27978036e-06, -1.32418880e-06, -6.46923918e-07,
       -8.25163005e-07,  1.46019594e-06, -4.96522765e-07, -2.22371827e-08,
       -3.98431448e-07,  2.98882690e-07, -1.16285645e-06,  7.04113882e-07,
       -4.92729243e-08], dtype=float64),
                   'Ra_n': Array([ 1.05456911e+01,  1.76228003e+00,  1.89057372e-01,  2.02001955e-02,
        2.03737911e-03,  1.94287953e-04,  1.57541896e-05,  2.11534724e-06,
       -3.07098290e-08], dtype=float64),
                   'Rb_lmn': Array([-7.08993937e-09, -1.96309212e-08, -2.41845100e-08,  2.16296892e-10,
       -1.77246985e-08,  3.60430606e-08,  9.81274944e-09,  5.16476721e-08,
        4.10543041e-08, -4.41725379e-07,  2.89512422e-07,  6.06684853e-07,
       -1.02592818e-07,  2.35098804e-07,  1.76342284e-07,  2.64166078e-07,
       -2.65066389e-07,  1.76515572e-06,  7.66211017e-06,  5.63331629e-07,
       -1.76815280e-06,  8.76782657e-06, -3.97174691e-06,  5.04324570e-06,
        1.75090328e-07,  1.39582018e-06,  1.64959683e-06,  5.55115365e-05,
        1.26852448e-04, -2.87685384e-04, -8.04377394e-05,  8.22530807e-05,
        3.90754132e-07,  6.57760519e-06, -9.47879466e-06,  8.75139015e-04,
       -1.34697262e-03,  2.75113438e-05,  5.78015573e-05, -1.11040183e-03,
        7.28498349e-07,  6.81751277e-07, -7.31159568e-05, -3.55589884e-04,
       -6.31186030e-04,  3.07835778e-03,  7.27702850e-03, -2.17907283e-02,
        2.20121505e-07, -4.43726889e-06, -5.65562019e-05,  2.51431945e-03,
        5.02189476e-05, -1.20049910e-02,  1.38128557e-01, -2.82669588e-01,
        4.55881230e-07,  3.96297794e-06,  5.67858472e-04, -4.36605467e-03,
       -3.54216452e-03,  7.50502440e-02,  6.25316502e-02, -1.46575664e+00,
        9.89647447e+00,  1.69180065e+00,  3.27181234e-01, -2.88554238e-02,
       -2.20687603e-02, -4.03866966e-04, -7.51187386e-05, -1.00254216e-05,
       -1.41338723e-06,  1.92928581e+00, -7.58860614e-01,  4.83083800e-02,
        1.96380097e-02, -1.01740647e-02, -2.76081317e-03,  1.43559202e-04,
       -1.79819493e-05, -1.84932581e-06,  9.97900078e-02, -1.50875637e-01,
        1.43833778e-01, -2.45296532e-02, -3.72746818e-03,  1.17518081e-03,
        2.21669853e-04, -1.76623019e-05,  1.07140360e-06, -3.43621392e-04,
       -7.22713074e-03,  8.65293095e-03, -1.69813745e-03, -7.88336858e-04,
       -2.99693297e-04, -1.75455750e-05, -1.07985183e-06,  1.31512316e-06,
       -8.44601882e-05, -2.99185810e-04,  8.05767321e-04, -7.76177735e-04,
       -1.44304444e-03,  8.99121555e-04,  2.54007443e-05,  2.50225154e-06,
        1.47130980e-06, -4.20100439e-06,  1.12814245e-04,  7.25440999e-06,
       -3.33038772e-04,  9.03224722e-05,  5.81729742e-05,  1.91751514e-05,
        3.37498102e-06, -7.07838303e-07,  1.93682282e-06, -6.18710505e-07,
       -5.17999346e-06, -2.38039031e-06,  5.61642612e-06,  3.64408760e-06,
        1.12594625e-05, -5.60249617e-08, -3.07370119e-08,  2.12397739e-07,
       -1.46562101e-08,  3.15324391e-08, -4.53902857e-08,  2.69926947e-07,
       -3.69938840e-07,  4.30685394e-07,  4.06834633e-07, -4.34148960e-07,
        1.72083836e-08, -1.99285576e-08, -3.76944440e-09,  2.69538534e-08,
       -1.37038396e-08,  2.48591720e-08,  5.71899645e-08, -2.22371827e-08,
       -4.92729243e-08], dtype=float64),
                   'Te_l': Array([ 9443.39114572, -9462.58011937,   -16.43223196,   -17.73807908,
         -14.75711901], dtype=float64),
                   'Ti_l': Array([ 9443.37077829, -9462.67358951,   -16.63817249,   -18.08735355,
         -15.15712694], dtype=float64),
                   'Z_lmn': Array([ 2.42076097e-06, -2.42050439e-06,  1.11951019e-06,  8.65072881e-07,
       -4.62729414e-07,  5.78787552e-07, -2.60242891e-06,  4.50839066e-07,
       -2.77703142e-06,  1.83342223e-06,  1.18568213e-06,  2.43911644e-07,
       -1.05029955e-06, -1.03459568e-06,  2.63577045e-06,  1.26723369e-08,
        1.04812151e-06, -1.73056468e-06, -2.34421892e-07, -3.90275303e-08,
        8.36715174e-08, -2.90645724e-07,  1.33976690e-07,  3.77809028e-08,
        1.00370044e-09,  1.07828119e-05, -9.85132957e-06,  2.02599171e-06,
        2.51638726e-05,  1.30089259e-05,  3.93411393e-07, -1.08639814e-05,
       -2.85257970e-05, -2.19412468e-06, -4.05455561e-06, -1.98440832e-06,
       -2.63021179e-06, -1.76050245e-06,  4.79374016e-07,  4.23309499e-06,
       -6.38502773e-07,  8.90406680e-07,  1.58860355e-06,  2.45932151e-06,
       -6.27429064e-07, -1.25143522e-08,  2.79669524e-06, -2.21617870e-06,
        1.04755385e-06,  1.01405362e-07,  2.46567041e-05, -2.59956760e-05,
        1.59751714e-05,  9.34901169e-06,  4.84945165e-05,  5.96817899e-05,
       -3.50416105e-05, -5.88368959e-06, -8.88533963e-06, -2.61993042e-05,
       -6.21760045e-05,  2.40907772e-06, -6.47018436e-06,  4.48951735e-07,
        7.88712888e-06, -2.60332861e-06,  6.83150327e-06,  4.61994804e-06,
       -2.95047932e-06,  1.06132520e-07, -2.19183394e-07,  6.76726994e-07,
        2.93408617e-07, -9.35587817e-07, -2.11368187e-07, -4.43719191e-05,
       -5.48686297e-04,  7.67241366e-05,  1.16839665e-04,  5.36838498e-04,
        6.65607530e-05, -5.46321133e-05, -6.61677695e-05,  1.31408680e-04,
       -1.20255897e-05,  3.18669985e-07, -3.67628407e-05,  6.81455366e-06,
       -6.72595362e-05, -2.42062849e-05, -3.36511389e-05,  7.23572927e-06,
       -4.98763208e-06, -6.25821079e-06,  1.70462737e-06, -3.57049659e-06,
        7.86955615e-06, -5.97005246e-06, -3.66651294e-06,  1.65957518e-07,
       -9.21938194e-04, -1.45258329e-03,  1.18089287e-03, -1.70507054e-03,
        1.35055448e-03,  1.12692798e-03,  3.31882085e-05,  1.26538844e-03,
        4.00195542e-04, -2.24327064e-04,  2.11556100e-05, -1.88691318e-04,
       -2.16361030e-05, -2.83709571e-05,  2.37112778e-05, -5.69310898e-05,
        1.58610592e-05, -1.86025829e-05,  2.94170937e-05,  2.80936664e-06,
        8.79588232e-06, -1.34479083e-05,  1.21244080e-05, -8.50007348e-06,
       -7.93915954e-07, -8.49938963e-03,  1.10888111e-02,  9.51596644e-03,
       -1.44478401e-02,  1.54907898e-03,  9.02812565e-03, -1.44644094e-03,
       -4.62747005e-03,  3.44242639e-03, -6.68312323e-04,  3.65180232e-04,
       -1.33339425e-03, -6.42592003e-06,  6.14250172e-05, -4.49489117e-04,
       -2.94983674e-06, -4.96134907e-05,  1.05892688e-04,  1.12383253e-05,
        5.12689714e-07, -3.35360864e-05,  5.14675812e-05,  1.41143737e-05,
       -5.47739186e-05,  5.43163343e-07, -1.31032950e-01,  1.03258407e-01,
        3.91430543e-02, -7.46159572e-02,  2.62124395e-02,  1.26384692e-03,
       -2.37396746e-03,  1.11147574e-03,  6.96070067e-03, -3.47851600e-03,
        2.18343827e-03,  1.31122666e-03,  3.68841001e-04, -1.81260795e-03,
        1.76634835e-03, -1.53353770e-04,  9.45847555e-05,  6.17304365e-05,
        8.51691792e-06, -8.57078786e-06,  1.44569320e-05,  1.23626038e-04,
       -5.44255407e-05,  2.12646716e-05,  1.66298962e-06, -1.42224695e+00,
        4.83990517e-01,  6.53559089e-02, -4.28589010e-02,  3.05841457e-02,
        5.43105906e-03,  9.07681297e-03, -1.72357478e-02, -4.24136803e-03,
       -6.71164047e-03, -4.81690818e-03, -7.64305892e-04,  2.10282261e-03,
       -2.63169549e-04,  1.22635126e-03, -1.22103788e-04, -5.04122117e-04,
        3.25718973e-04, -3.18528090e-04,  4.75784937e-07, -1.36498236e-04,
        1.88021246e-04, -3.49595915e-05,  1.12431562e-05, -2.85727453e-06,
       -2.17513486e+00, -3.47216935e-01,  9.61557819e-03,  5.44189396e-02,
        8.14033053e-03,  5.68780532e-02,  9.80004370e-04,  1.28597808e-02,
       -1.56424008e-02,  5.34303348e-04,  1.60468426e-03,  4.93078214e-03,
       -2.46504320e-05,  2.44835311e-04, -5.15983333e-04,  4.69251558e-04,
        2.32229203e-06,  7.90561692e-05,  4.10590338e-06,  2.79738618e-04,
       -1.25138705e+00,  1.31471377e-01,  7.16031551e-02,  2.15568864e-03,
        1.58117621e-02,  1.34597413e-02,  4.20579345e-03,  6.08996194e-03,
        6.15296326e-03, -2.19615006e-04, -2.47129111e-03,  1.59481338e-03,
        8.87606561e-06, -9.63783213e-05, -1.94263144e-04, -1.44410775e-04,
       -1.51687070e-07, -7.77571223e-05,  8.96795168e-07,  2.24895520e-05,
       -2.45984696e-01,  6.17340854e-02,  1.44921375e-02,  1.11167038e-02,
       -5.31130979e-03,  1.05132758e-02, -7.15726517e-05, -2.74358614e-03,
       -5.64454727e-04, -1.38990389e-04, -1.23427867e-03,  8.39379701e-04,
        1.26478833e-05, -1.00291830e-04,  4.09133766e-06,  2.29382456e-04,
       -2.84117102e-06, -4.39776069e-05, -2.39492941e-05, -1.36477905e-04,
       -3.02516143e-02,  1.54800614e-02, -3.56202659e-03,  2.12865928e-03,
       -3.24551411e-03,  1.57753059e-03,  1.28140010e-03, -1.13806005e-03,
        3.12718216e-04, -9.11216904e-05,  2.72054527e-04, -2.21281069e-04,
       -9.71979755e-07, -7.99217104e-05,  7.47904775e-05,  6.59848791e-05,
       -9.66555384e-07,  6.95359645e-05, -4.86521366e-06, -3.86524758e-05,
       -2.03504844e-03, -4.05948156e-04, -5.28796747e-04,  1.45434242e-03,
       -3.85393265e-04,  5.10723214e-04,  2.31507514e-04,  6.77311006e-05,
       -1.62936021e-04,  1.00138605e-05,  8.84222806e-06, -8.53294993e-05,
       -8.45031086e-07, -7.98617379e-05, -3.57790472e-05, -1.06127294e-05,
        3.54607501e-07,  6.63644672e-06,  4.64499647e-06,  1.19467592e-05,
        4.19348184e-05,  1.03749677e-05,  1.83347717e-04,  3.46439577e-05,
       -1.28246652e-04, -1.57402983e-04,  1.78499091e-05, -1.62455957e-04,
       -4.62157756e-05,  2.20989773e-05,  3.20447794e-05,  5.12243219e-05,
       -1.06256683e-06,  1.61476457e-05,  6.23721173e-06,  4.80395847e-06,
       -1.87773937e-08,  2.30282910e-06,  1.22766222e-05, -1.06475983e-05,
       -3.35912618e-05,  3.87953089e-05, -9.82814799e-05,  8.76353441e-06,
        2.25597527e-05,  1.17326042e-06, -1.43708614e-06,  1.09867481e-04,
        1.99921616e-05, -8.62789577e-07, -2.74169467e-05, -4.44835035e-05,
        6.53166166e-08,  7.21195044e-07, -1.12019031e-05,  1.61172798e-06,
        1.11125813e-07, -8.63145124e-07, -2.34823010e-07,  2.83597318e-06,
       -2.24451541e-06, -1.46927058e-05,  1.43768645e-06,  2.68569964e-06,
        2.42914777e-06,  1.40923659e-05, -2.80708024e-07, -3.63010090e-06,
       -1.05334200e-07,  1.16926773e-06, -4.65065076e-06,  2.24337118e-06,
       -7.68178980e-07, -7.90081796e-08,  1.97863338e-06, -4.17145435e-07,
        1.87639735e-07, -1.17523533e-06,  2.43466402e-06, -1.68811374e-06,
       -2.24182436e-06,  1.41553547e-07, -2.58024261e-06,  2.22261129e-06,
        1.91533327e-06,  1.61387829e-07, -4.98718053e-07,  1.73403041e-06,
        1.37160348e-06,  2.35191941e-07, -1.53370669e-06, -4.88333685e-07,
       -1.14126258e-08,  4.98038298e-07,  8.44938285e-07, -1.34795767e-06,
       -1.37053375e-08, -1.98459759e-07, -3.72236490e-07,  1.68306691e-07],      dtype=float64),
                   'Za_n': Array([-1.67207066e-07, -3.59173061e-07, -2.01090768e-05, -1.86113219e-04,
       -2.03921087e-03, -1.94889072e-02, -1.72904356e-01, -1.48076537e+00],      dtype=float64),
                   'Zb_lmn': Array([-2.87857909e-08, -1.69006892e-09, -9.32945980e-09,  3.39050046e-08,
       -7.28427721e-09,  9.48975175e-09,  5.04532397e-08, -3.90275303e-08,
        1.00370044e-09,  1.71805452e-07, -6.55257144e-09, -8.58551322e-08,
       -2.39337064e-09, -1.77208383e-07, -1.70890284e-07,  4.09051076e-07,
       -6.27429064e-07,  1.01405362e-07, -1.09910285e-06,  3.13103952e-06,
        4.59100083e-06,  2.12573339e-06, -7.04802141e-07, -5.41401597e-07,
       -3.53891643e-06,  1.06132520e-07, -2.11368187e-07, -1.90358388e-05,
       -1.66376593e-05, -8.71808430e-06,  6.18917909e-05,  1.01232342e-04,
       -4.30210515e-05, -3.73176518e-05,  1.70462737e-06,  1.65957518e-07,
        2.79302659e-04, -3.10494813e-04, -4.81500959e-04,  1.12948101e-03,
        4.36031228e-04, -1.59274224e-04, -6.54311633e-05,  2.80936664e-06,
       -7.93915954e-07, -4.69826136e-04,  1.19199642e-02, -1.89624175e-02,
        9.49919857e-03,  3.00705164e-03, -1.32215593e-03, -5.77237553e-05,
        5.12689714e-07,  5.43163343e-07, -9.38805656e-02,  1.26086915e-01,
       -7.51934634e-02,  3.50901563e-03,  8.67262348e-03,  1.31974358e-03,
       -1.32089098e-04, -8.57078786e-06,  1.66298962e-06, -1.34584790e+00,
        5.07358900e-01, -6.01697971e-02,  9.39869850e-04, -3.04997636e-03,
       -1.08283398e-03, -1.10860631e-04,  4.75784937e-07, -2.85727453e-06,
        2.32229203e-06, -2.46504320e-05,  6.13359518e-04,  1.22483968e-03,
        9.74912069e-03,  2.19593756e-02, -2.85128361e-01, -2.13588907e+00,
       -1.51687070e-07,  8.87606561e-06, -2.97372128e-04,  4.10941513e-03,
        1.33413678e-02,  7.74988539e-02,  1.46548421e-01, -1.24322281e+00,
       -2.84117102e-06,  1.26478833e-05, -1.82967996e-04, -1.71864481e-04,
       -6.56953775e-03,  1.17526427e-02,  7.29502630e-02, -2.35203064e-01,
       -9.66555384e-07, -9.71979755e-07, -2.15857259e-05,  1.20147839e-03,
       -2.97832480e-03, -4.62529616e-03,  1.67976585e-02, -2.77442519e-02,
        3.54607501e-07, -8.45031086e-07,  1.66503073e-05,  1.51645776e-04,
       -3.71906040e-04, -4.96844693e-04,  3.13923178e-05, -7.54254763e-04,
       -1.87773937e-08, -1.06256683e-06,  2.44018064e-05,  3.39975548e-05,
       -8.39252500e-05,  2.71289723e-05, -1.06451291e-04,  3.51669589e-05,
        1.11125813e-07,  6.53166166e-08, -1.72593470e-06, -7.15891095e-07,
       -5.09201697e-06,  3.84098297e-07, -1.67896106e-06, -3.22383787e-06,
        1.87639735e-07, -7.68178980e-07, -5.96759686e-09, -3.59716204e-07,
        2.13161038e-07, -2.13781068e-07, -4.50824632e-08, -8.12954126e-08,
       -1.37053375e-08, -1.14126258e-08,  3.67321812e-08, -6.79755840e-10,
        9.39008224e-09, -1.27392376e-09, -1.70856190e-08,  4.43273460e-09],      dtype=float64),
                   'Zeff_l': Array([1.00111191, 0.00372821, 0.00731816, 0.01180851, 0.01222043],      dtype=float64),
                   'a_lmn': Array([], shape=(0,), dtype=float64),
                   'c_l': Array([0., 0., 0., 0., 0.], dtype=float64),
                   'i_l': Array([], shape=(0,), dtype=float64),
                   'ne_l': Array([ 2.37868683e+20,  1.48405034e-23,  7.15262680e-24,  1.10589296e-23,
        7.23513554e-24, -2.38789781e+20], dtype=float64),
                   'ni_l': Array([], shape=(0,), dtype=float64),
                   'p_l': Array([], shape=(0,), dtype=float64)}]],
  'message': 'Optimization terminated successfully.\n'
             '`xtol` condition satisfied. (xtol=1.00e-06)',
  'nfev': 2,
  'nit': 1,
  'njev': 1,
  'optimality': Array(245.06814529, dtype=float64),
  'penalty_param': Array([10.], dtype=float64),
  's': Array([], shape=(0,), dtype=float64),
  'success': True,
  'v': Array([1., 1., 1., 1., 1., 1., 1., 1., 1., 1., 1., 1., 1., 1., 1., 1., 1.,
       1., 1., 1., 1., 1., 1., 1., 1., 1., 1., 1., 1., 1., 1., 1., 1., 1.,
       1., 1., 1., 1., 1., 1., 1., 1., 1., 1., 1., 1., 1., 1., 1., 1., 1.,
       1., 1., 1., 1., 1., 1., 1., 1., 1., 1., 1., 1., 1., 1., 1., 1., 1.,
       1., 1., 1., 1., 1., 1., 1., 1., 1., 1., 1., 1., 1., 1., 1., 1., 1.,
       1., 1., 1., 1., 1., 1., 1., 1., 1., 1., 1., 1., 1., 1., 1., 1., 1.,
       1., 1., 1., 1., 1., 1., 1., 1., 1., 1., 1., 1., 1., 1., 1., 1., 1.,
       1., 1., 1., 1., 1., 1., 1., 1., 1., 1., 1., 1., 1., 1., 1., 1., 1.,
       1., 1., 1., 1., 1., 1., 1., 1., 1., 1., 1., 1., 1., 1., 1., 1., 1.,
       1., 1., 1., 1., 1., 1., 1., 1., 1., 1., 1., 1., 1., 1., 1., 1., 1.,
       1., 1., 1., 1., 1., 1., 1., 1., 1., 1., 1., 1., 1., 1., 1., 1., 1.,
       1., 1., 1., 1., 1., 1., 1., 1., 1., 1., 1., 1., 1., 1., 1., 1., 1.,
       1., 1., 1., 1., 1., 1., 1., 1., 1., 1., 1., 1., 1., 1., 1., 1., 1.,
       1., 1., 1., 1., 1., 1., 1., 1., 1., 1., 1., 1., 1., 1., 1., 1., 1.,
       1., 1., 1., 1., 1., 1., 1., 1., 1., 1., 1., 1., 1., 1., 1., 1., 1.,
       1., 1., 1., 1., 1., 1., 1., 1., 1., 1., 1., 1., 1., 1., 1., 1., 1.,
       1., 1., 1., 1., 1., 1., 1., 1., 1., 1., 1., 1., 1., 1., 1., 1., 1.,
       1., 1., 1., 1., 1., 1., 1., 1., 1., 1., 1., 1., 1., 1., 1., 1., 1.,
       1., 1., 1.], dtype=float64),
  'x': Array([ 9.99880014e-01, -1.00022521e+00, -1.64322320e+01, -1.77380791e+01,
       -1.47571190e+01,  9.99904384e-01,  1.48405034e-23,  7.15262680e-24,
        1.10589296e-23,  7.23513554e-24, -1.00024567e+00,  9.99879268e-01,
       -1.00022866e+00, -1.66381725e+01, -1.80873535e+01, -1.51571269e+01,
        1.00111191e+00,  3.72820606e-03,  7.31815623e-03,  1.18085100e-02,
        1.22204275e-02, -7.08993937e-09, -1.96309212e-08, -2.41845100e-08,
        2.16296892e-10, -1.77246985e-08,  3.60430606e-08,  9.81274944e-09,
        5.16476721e-08,  4.10543041e-08, -4.41725379e-07,  2.89512422e-07,
        6.06684853e-07, -1.02592818e-07,  2.35098804e-07,  1.76342284e-07,
        2.64166078e-07, -2.65066389e-07,  1.76515572e-06,  7.66211017e-06,
        5.63331629e-07, -1.76815280e-06,  8.76782657e-06, -3.97174691e-06,
        5.04324570e-06,  1.75090328e-07,  1.39582018e-06,  1.64959683e-06,
        5.55115365e-05,  1.26852448e-04, -2.87685384e-04, -8.04377394e-05,
        8.22530807e-05,  3.90754132e-07,  6.57760519e-06, -9.47879466e-06,
        8.75139015e-04, -1.34697262e-03,  2.75113438e-05,  5.78015573e-05,
       -1.11040183e-03,  7.28498349e-07,  6.81751277e-07, -7.31159568e-05,
       -3.55589884e-04, -6.31186030e-04,  3.07835778e-03,  7.27702850e-03,
       -2.17907283e-02,  2.20121505e-07, -4.43726889e-06, -5.65562019e-05,
        2.51431945e-03,  5.02189476e-05, -1.20049910e-02,  1.38128557e-01,
       -2.82669588e-01,  4.55881230e-07,  3.96297794e-06,  5.67858472e-04,
       -4.36605467e-03, -3.54216452e-03,  7.50502440e-02,  6.25316502e-02,
       -1.46575664e+00,  1.69180065e+00,  3.27181234e-01, -2.88554238e-02,
       -2.20687603e-02, -4.03866966e-04, -7.51187386e-05, -1.00254216e-05,
       -1.41338723e-06,  1.92928581e+00, -7.58860614e-01,  4.83083800e-02,
        1.96380097e-02, -1.01740647e-02, -2.76081317e-03,  1.43559202e-04,
       -1.79819493e-05, -1.84932581e-06,  9.97900078e-02, -1.50875637e-01,
        1.43833778e-01, -2.45296532e-02, -3.72746818e-03,  1.17518081e-03,
        2.21669853e-04, -1.76623019e-05,  1.07140360e-06, -3.43621392e-04,
       -7.22713074e-03,  8.65293095e-03, -1.69813745e-03, -7.88336858e-04,
       -2.99693297e-04, -1.75455750e-05, -1.07985183e-06,  1.31512316e-06,
       -8.44601882e-05, -2.99185810e-04,  8.05767321e-04, -7.76177735e-04,
       -1.44304444e-03,  8.99121555e-04,  2.54007443e-05,  2.50225154e-06,
        1.47130980e-06, -4.20100439e-06,  1.12814245e-04,  7.25440999e-06,
       -3.33038772e-04,  9.03224722e-05,  5.81729742e-05,  1.91751514e-05,
        3.37498102e-06, -7.07838303e-07,  1.93682282e-06, -6.18710505e-07,
       -5.17999346e-06, -2.38039031e-06,  5.61642612e-06,  3.64408760e-06,
        1.12594625e-05, -5.60249617e-08, -3.07370119e-08,  2.12397739e-07,
       -1.46562101e-08,  3.15324391e-08, -4.53902857e-08,  2.69926947e-07,
       -3.69938840e-07,  4.30685394e-07,  4.06834633e-07, -4.34148960e-07,
        1.72083836e-08, -1.99285576e-08, -3.76944440e-09,  2.69538534e-08,
       -1.37038396e-08,  2.48591720e-08,  5.71899645e-08, -2.22371827e-08,
       -4.92729243e-08, -2.87857909e-08, -1.69006892e-09, -9.32945980e-09,
        3.39050046e-08, -7.28427721e-09,  9.48975175e-09,  5.04532397e-08,
       -3.90275303e-08,  1.00370044e-09,  1.71805452e-07, -6.55257144e-09,
       -8.58551322e-08, -2.39337064e-09, -1.77208383e-07, -1.70890284e-07,
        4.09051076e-07, -6.27429064e-07,  1.01405362e-07, -1.09910285e-06,
        3.13103952e-06,  4.59100083e-06,  2.12573339e-06, -7.04802141e-07,
       -5.41401597e-07, -3.53891643e-06,  1.06132520e-07, -2.11368187e-07,
       -1.90358388e-05, -1.66376593e-05, -8.71808430e-06,  6.18917909e-05,
        1.01232342e-04, -4.30210515e-05, -3.73176518e-05,  1.70462737e-06,
        1.65957518e-07,  2.79302659e-04, -3.10494813e-04, -4.81500959e-04,
        1.12948101e-03,  4.36031228e-04, -1.59274224e-04, -6.54311633e-05,
        2.80936664e-06, -7.93915954e-07, -4.69826136e-04,  1.19199642e-02,
       -1.89624175e-02,  9.49919857e-03,  3.00705164e-03, -1.32215593e-03,
       -5.77237553e-05,  5.12689714e-07,  5.43163343e-07, -9.38805656e-02,
        1.26086915e-01, -7.51934634e-02,  3.50901563e-03,  8.67262348e-03,
        1.31974358e-03, -1.32089098e-04, -8.57078786e-06,  1.66298962e-06,
       -1.34584790e+00,  5.07358900e-01, -6.01697971e-02,  9.39869850e-04,
       -3.04997636e-03, -1.08283398e-03, -1.10860631e-04,  4.75784937e-07,
       -2.85727453e-06,  2.32229203e-06, -2.46504320e-05,  6.13359518e-04,
        1.22483968e-03,  9.74912069e-03,  2.19593756e-02, -2.85128361e-01,
       -2.13588907e+00, -1.51687070e-07,  8.87606561e-06, -2.97372128e-04,
        4.10941513e-03,  1.33413678e-02,  7.74988539e-02,  1.46548421e-01,
       -1.24322281e+00, -2.84117102e-06,  1.26478833e-05, -1.82967996e-04,
       -1.71864481e-04, -6.56953775e-03,  1.17526427e-02,  7.29502630e-02,
       -2.35203064e-01, -9.66555384e-07, -9.71979755e-07, -2.15857259e-05,
        1.20147839e-03, -2.97832480e-03, -4.62529616e-03,  1.67976585e-02,
       -2.77442519e-02,  3.54607501e-07, -8.45031086e-07,  1.66503073e-05,
        1.51645776e-04, -3.71906040e-04, -4.96844693e-04,  3.13923178e-05,
       -7.54254763e-04, -1.87773937e-08, -1.06256683e-06,  2.44018064e-05,
        3.39975548e-05, -8.39252500e-05,  2.71289723e-05, -1.06451291e-04,
        3.51669589e-05,  1.11125813e-07,  6.53166166e-08, -1.72593470e-06,
       -7.15891095e-07, -5.09201697e-06,  3.84098297e-07, -1.67896106e-06,
       -3.22383787e-06,  1.87639735e-07, -7.68178980e-07, -5.96759686e-09,
       -3.59716204e-07,  2.13161038e-07, -2.13781068e-07, -4.50824632e-08,
       -8.12954126e-08, -1.37053375e-08, -1.14126258e-08,  3.67321812e-08,
       -6.79755840e-10,  9.39008224e-09, -1.27392376e-09, -1.70856190e-08,
        4.43273460e-09], dtype=float64),
  'x_scale': 'auto',
  'y': Array([0.], dtype=float64)}
