Pre-optimization QS value:0.12577308261387232Pre-optimization quadcoil value:0.4889052062810178Post-optimization QS value:0.1250446727712656Post-optimization quadcoil value:0.4856185366868032=== Optimization Result ===
{ 'Objective values': { 'Fixed current profile error: ': [ { 'f': Array(0., dtype=float64),
                                                             'f0': Array(0., dtype=float64)}],
                        'Fixed pressure profile error: ': [ { 'f': Array(0., dtype=float64),
                                                              'f0': Array(0., dtype=float64)}],
                        'Force error: ': [ { 'f0_max': Array(200.6126149, dtype=float64),
                                             'f0_max_norm': Array(0.00032807, dtype=float64),
                                             'f0_mean': Array(0.79921057, dtype=float64),
                                             'f0_mean_norm': Array(1.30699085e-06, dtype=float64),
                                             'f0_min': Array(4.84313278e-06, dtype=float64),
                                             'f0_min_norm': Array(7.92022834e-12, dtype=float64),
                                             'f_max': Array(204.52910512, dtype=float64),
                                             'f_max_norm': Array(0.00033448, dtype=float64),
                                             'f_mean': Array(0.79892054, dtype=float64),
                                             'f_mean_norm': Array(1.30651654e-06, dtype=float64),
                                             'f_min': Array(7.78416423e-06, dtype=float64),
                                             'f_min_norm': Array(1.27298509e-11, dtype=float64)}],
                        'Plasma volume: ': [ { 'f': Array(551.58062348, dtype=float64),
                                               'f0': Array(551.58046563, dtype=float64),
                                               'f0_norm': Array(0.09906186, dtype=float64),
                                               'f_norm': Array(0.09907175, dtype=float64)}],
                        'Quadcoil boundary error: ': [ { 'f0_max': Array(0.01626022, dtype=float64),
                                                         'f0_max_norm': Array(0.02905713, dtype=float64),
                                                         'f0_mean': Array(0.00087306, dtype=float64),
                                                         'f0_mean_norm': Array(0.00156016, dtype=float64),
                                                         'f0_min': Array(6.0771906e-16, dtype=float64),
                                                         'f0_min_norm': Array(1.08599832e-15, dtype=float64),
                                                         'f_max': Array(0.01614204, dtype=float64),
                                                         'f_max_norm': Array(0.02884594, dtype=float64),
                                                         'f_mean': Array(0.00087252, dtype=float64),
                                                         'f_mean_norm': Array(0.0015592, dtype=float64),
                                                         'f_min': Array(5.30277742e-16, dtype=float64),
                                                         'f_min_norm': Array(9.47610124e-16, dtype=float64)}],
                        'Quasi-symmetry (1,0) two-term error: ': [ { 'f0_max': Array(0.00010134, dtype=float64),
                                                                     'f0_max_norm': Array(0.24246418, dtype=float64),
                                                                     'f0_mean': Array(3.24702076e-06, dtype=float64),
                                                                     'f0_mean_norm': Array(0.00776885, dtype=float64),
                                                                     'f0_min': Array(-0.00010253, dtype=float64),
                                                                     'f0_min_norm': Array(-0.24531698, dtype=float64),
                                                                     'f_max': Array(0.00010134, dtype=float64),
                                                                     'f_max_norm': Array(0.24245521, dtype=float64),
                                                                     'f_mean': Array(3.24742786e-06, dtype=float64),
                                                                     'f_mean_norm': Array(0.00776983, dtype=float64),
                                                                     'f_min': Array(-0.00010253, dtype=float64),
                                                                     'f_min_norm': Array(-0.2453033, dtype=float64)}],
                        'R boundary error: ': [ { 'f': Array(0., dtype=float64),
                                                  'f0': Array(0., dtype=float64)}],
                        'Rotational transform: ': [ { 'f0_max': Array(-0.09045707, dtype=float64),
                                                      'f0_mean': Array(-0.09045707, dtype=float64),
                                                      'f0_min': Array(-0.09045707, dtype=float64),
                                                      'f_max': Array(-0.09044106, dtype=float64),
                                                      'f_mean': Array(-0.09044106, dtype=float64),
                                                      'f_min': Array(-0.09044106, dtype=float64)},
                                                    { 'f0_max': Array(-0.04018536, dtype=float64),
                                                      'f0_mean': Array(-0.04018536, dtype=float64),
                                                      'f0_min': Array(-0.04018536, dtype=float64),
                                                      'f_max': Array(-0.03999447, dtype=float64),
                                                      'f_mean': Array(-0.03999447, dtype=float64),
                                                      'f_min': Array(-0.03999447, dtype=float64)}],
                        'Total (sum of squares)': { 'f': Array(25.75538228, dtype=float64),
                                                    'f0': Array(25.78123245, dtype=float64)},
                        'Z boundary error: ': [ { 'f': Array(0., dtype=float64),
                                                  'f0': Array(0., dtype=float64)}]},
  'alltr': [ Array(0.03002387, dtype=float64),
             np.float64(0.00750596810427808),
             np.float64(0.00187649202606952),
             np.float64(0.00046912300651738006),
             np.float64(0.0018764920260695202),
             np.float64(0.0004691230065173801),
             np.float64(0.00011728075162934503),
             np.float64(2.9320187907336257e-05),
             np.float64(0.00011728075162934503)],
  'allx': [ Array([0., 0., 0., ..., 0., 0., 0.], dtype=float64),
            Array([0., 0., 0., ..., 0., 0., 0.], dtype=float64),
            Array([0., 0., 0., ..., 0., 0., 0.], dtype=float64)],
  'constr_violation': Array(0., dtype=float64),
  'cost': Array(25.75538228, dtype=float64),
  'f0se': Array([ 9.90618570e-02, -5.71357591e+00, -4.20455834e+00, ...,
        7.22723887e-03,  4.59215611e-03,  1.95511183e-03], dtype=float64),
  'fse': Array([ 9.90717505e-02, -5.71323176e+00, -4.19983402e+00, ...,
        7.33214579e-03,  4.67337155e-03,  2.04092563e-03], dtype=float64),
  'fun': Array([ 9.90717505e-02, -5.71323176e+00, -4.19983402e+00, ...,
        7.33214579e-03,  4.67337155e-03,  2.04092563e-03], dtype=float64),
  'history': [ [ { 'G': Array([], shape=(0,), dtype=float64),
                   'I': Array([], shape=(0,), dtype=float64),
                   'L_lmn': Array([ 1.72078341e-08,  2.63680124e-07,  1.18328935e-06, ...,
        9.72084970e-08, -9.51954740e-08,  2.76178373e-07], dtype=float64),
                   'Phi_mn': Array([], shape=(0,), dtype=float64),
                   'Psi': Array([0.56954671], dtype=float64),
                   'R_lmn': Array([ 1.64176748e-07, -4.31956174e-07,  1.80723383e-06, ...,
       -1.46445830e-07, -1.71837980e-07,  0.00000000e+00], dtype=float64),
                   'Ra_n': Array([ 8.18937940e+00,  1.57156390e+00,  7.82529111e-02, -3.50182147e-03,
        9.60456617e-04,  4.19080887e-04,  2.93569469e-05, -1.04198097e-05,
       -5.27798037e-06, -1.78881374e-06, -1.12436320e-06, -6.17309512e-07,
       -3.88583552e-07, -3.58602960e-07, -2.47739001e-07, -7.30269999e-08,
       -3.39774628e-08], dtype=float64),
                   'Rb_lmn': Array([ 0.00000000e+00,  0.00000000e+00,  0.00000000e+00,  0.00000000e+00,
        0.00000000e+00,  0.00000000e+00,  0.00000000e+00,  0.00000000e+00,
        0.00000000e+00,  0.00000000e+00,  0.00000000e+00,  0.00000000e+00,
        0.00000000e+00,  0.00000000e+00,  0.00000000e+00,  0.00000000e+00,
        0.00000000e+00,  0.00000000e+00,  0.00000000e+00,  0.00000000e+00,
        0.00000000e+00,  0.00000000e+00,  0.00000000e+00,  0.00000000e+00,
        0.00000000e+00,  0.00000000e+00,  0.00000000e+00,  0.00000000e+00,
        0.00000000e+00,  0.00000000e+00,  0.00000000e+00,  0.00000000e+00,
        0.00000000e+00,  0.00000000e+00,  0.00000000e+00,  0.00000000e+00,
        0.00000000e+00,  0.00000000e+00,  0.00000000e+00,  0.00000000e+00,
        0.00000000e+00,  0.00000000e+00,  0.00000000e+00,  0.00000000e+00,
        0.00000000e+00,  0.00000000e+00,  0.00000000e+00,  0.00000000e+00,
        0.00000000e+00,  0.00000000e+00,  0.00000000e+00,  0.00000000e+00,
        0.00000000e+00,  0.00000000e+00,  0.00000000e+00,  0.00000000e+00,
        0.00000000e+00,  0.00000000e+00,  0.00000000e+00,  0.00000000e+00,
        0.00000000e+00,  0.00000000e+00,  0.00000000e+00,  0.00000000e+00,
        0.00000000e+00,  0.00000000e+00,  0.00000000e+00,  0.00000000e+00,
        0.00000000e+00,  0.00000000e+00,  0.00000000e+00,  0.00000000e+00,
        0.00000000e+00,  0.00000000e+00,  0.00000000e+00,  0.00000000e+00,
        0.00000000e+00,  0.00000000e+00,  0.00000000e+00,  0.00000000e+00,
        0.00000000e+00,  0.00000000e+00,  0.00000000e+00,  0.00000000e+00,
        0.00000000e+00,  0.00000000e+00,  0.00000000e+00,  0.00000000e+00,
        0.00000000e+00,  0.00000000e+00,  0.00000000e+00,  0.00000000e+00,
        0.00000000e+00,  0.00000000e+00,  0.00000000e+00,  0.00000000e+00,
        0.00000000e+00,  0.00000000e+00,  0.00000000e+00,  0.00000000e+00,
        0.00000000e+00,  0.00000000e+00,  0.00000000e+00,  0.00000000e+00,
        0.00000000e+00,  0.00000000e+00,  0.00000000e+00,  0.00000000e+00,
        0.00000000e+00,  0.00000000e+00,  0.00000000e+00,  0.00000000e+00,
        0.00000000e+00,  0.00000000e+00,  0.00000000e+00,  0.00000000e+00,
        0.00000000e+00,  0.00000000e+00,  0.00000000e+00, -6.26968887e-09,
       -6.78471737e-09, -6.89552050e-09, -6.22551184e-09, -4.55840298e-09,
       -6.24589673e-09, -4.60269103e-09, -5.94995429e-09, -1.10005905e-08,
        0.00000000e+00,  0.00000000e+00,  0.00000000e+00,  0.00000000e+00,
        0.00000000e+00,  0.00000000e+00,  0.00000000e+00,  1.34797318e-08,
        1.07829314e-09,  7.49131496e-09,  7.58704127e-09,  9.48887499e-09,
        5.08442513e-09,  8.39015204e-09,  7.90536630e-09,  9.93105761e-09,
        0.00000000e+00,  0.00000000e+00,  0.00000000e+00,  0.00000000e+00,
        0.00000000e+00,  0.00000000e+00,  0.00000000e+00,  2.23539534e-08,
       -9.61072017e-09,  8.23389498e-09, -1.68082383e-08, -1.07706917e-09,
       -3.98189614e-08, -1.84539984e-08, -2.96814954e-08, -4.56239112e-08,
        0.00000000e+00,  0.00000000e+00,  0.00000000e+00,  0.00000000e+00,
        0.00000000e+00,  0.00000000e+00,  0.00000000e+00,  2.59541580e-08,
       -2.65421155e-08, -1.02876111e-08, -3.47068387e-08, -6.89792404e-09,
       -3.72268903e-08,  1.49433536e-08,  5.12453896e-10, -7.48666241e-09,
        0.00000000e+00,  0.00000000e+00,  0.00000000e+00,  0.00000000e+00,
        0.00000000e+00,  0.00000000e+00,  0.00000000e+00,  7.34960940e-08,
       -1.32685124e-08,  8.16528580e-08,  1.69347700e-08,  4.44080884e-05,
        2.15243408e-05,  3.46184547e-05,  2.66723187e-05,  2.32560014e-05,
        0.00000000e+00,  0.00000000e+00,  0.00000000e+00,  0.00000000e+00,
        0.00000000e+00,  0.00000000e+00,  0.00000000e+00,  8.23273580e-08,
       -8.53379481e-08,  1.31484527e-08, -1.31851882e-07, -3.32652976e-05,
       -4.98668216e-05, -3.44978808e-05, -3.80561770e-05, -6.80577699e-05,
        0.00000000e+00,  0.00000000e+00,  0.00000000e+00,  0.00000000e+00,
        0.00000000e+00,  0.00000000e+00,  0.00000000e+00,  1.83624437e-07,
       -8.84833527e-08,  2.99161732e-07,  4.05033521e-10,  8.93636708e-05,
        6.13654107e-05, -1.52840217e-02, -1.71727174e-02,  2.41509122e-02,
        0.00000000e+00,  0.00000000e+00,  0.00000000e+00,  0.00000000e+00,
        0.00000000e+00,  0.00000000e+00,  0.00000000e+00,  1.91937661e-07,
       -1.98029167e-07,  2.39992324e-07, -3.63184684e-07, -7.03451317e-05,
       -7.89030420e-05, -7.11197786e-03, -1.85562481e-03,  1.19820359e-01,
        0.00000000e+00,  0.00000000e+00,  0.00000000e+00,  0.00000000e+00,
        0.00000000e+00,  0.00000000e+00,  0.00000000e+00,  3.49702898e-07,
       -2.05653632e-07,  9.21032603e-07, -1.30429279e-07,  2.38652389e-04,
        3.02324914e-04, -3.79943075e-02, -3.43385231e-02, -5.62054261e-02,
        8.00000000e+00,  1.93752407e+00,  3.05554917e-01,  3.42402942e-03,
       -1.87930336e-04,  8.38259705e-04, -6.08738392e-07,  3.92461529e-08,
        2.98348527e-07, -2.31976921e-07,  0.00000000e+00,  0.00000000e+00,
        0.00000000e+00,  0.00000000e+00,  0.00000000e+00,  0.00000000e+00,
        0.00000000e+00,  1.34454984e+00, -2.55082807e-02,  3.81862198e-01,
        1.58723268e-01, -4.47254319e-04,  2.89379462e-04, -8.12756797e-07,
       -1.07531334e-07,  2.65869429e-07, -2.73869198e-07,  0.00000000e+00,
        0.00000000e+00,  0.00000000e+00,  0.00000000e+00,  0.00000000e+00,
        0.00000000e+00,  0.00000000e+00, -1.28549099e-03, -4.17201407e-02,
        8.19048398e-02, -4.59686021e-02,  4.08447774e-05,  3.14667436e-04,
       -1.08963560e-07,  2.02054347e-07,  2.06171086e-07, -2.46078345e-07,
        0.00000000e+00,  0.00000000e+00,  0.00000000e+00,  0.00000000e+00,
        0.00000000e+00,  0.00000000e+00,  0.00000000e+00, -2.24675036e-02,
        6.64211767e-03,  1.33003015e-02, -3.50272305e-03, -1.05437276e-04,
       -3.15567795e-05, -1.72788499e-07, -7.38776807e-08,  2.16385978e-08,
       -1.58305204e-07,  0.00000000e+00,  0.00000000e+00,  0.00000000e+00,
        0.00000000e+00,  0.00000000e+00,  0.00000000e+00,  0.00000000e+00,
        1.70866744e-05,  1.99889464e-05,  2.85468807e-05,  4.24837603e-05,
        4.35705284e-05,  7.21450148e-05,  4.63162015e-08,  9.11970496e-08,
        3.53088237e-08, -2.17995332e-09,  0.00000000e+00,  0.00000000e+00,
        0.00000000e+00,  0.00000000e+00,  0.00000000e+00,  0.00000000e+00,
        0.00000000e+00, -6.01454071e-06, -4.87317876e-06, -1.06552861e-05,
       -2.05061735e-05, -3.59948277e-05, -2.95785837e-05, -6.13142105e-08,
       -4.13317384e-08, -2.37469746e-08, -2.41691728e-08,  0.00000000e+00,
        0.00000000e+00,  0.00000000e+00,  0.00000000e+00,  0.00000000e+00,
        0.00000000e+00,  0.00000000e+00, -1.02489596e-08, -1.06888667e-08,
       -1.21110606e-08, -8.43678231e-09,  7.35742268e-10,  1.44693284e-08,
        1.76119620e-08,  4.74946990e-08,  1.34599139e-09,  1.75777396e-08,
        0.00000000e+00,  0.00000000e+00,  0.00000000e+00,  0.00000000e+00,
        0.00000000e+00,  0.00000000e+00,  0.00000000e+00,  1.18587187e-08,
        1.30051984e-08,  1.58815533e-08,  1.94904283e-08,  2.66144496e-08,
        2.82092230e-08,  1.85542457e-08,  2.90688213e-08, -6.61747620e-09,
        7.46834663e-09,  0.00000000e+00,  0.00000000e+00,  0.00000000e+00,
        0.00000000e+00,  0.00000000e+00,  0.00000000e+00,  0.00000000e+00,
       -3.62813661e-09, -3.88750550e-09, -4.41724770e-09, -5.59708798e-09,
       -6.47626192e-09, -8.36384177e-09, -9.33998578e-09, -7.24739164e-09,
       -1.18119568e-08,  7.44829526e-09,  0.00000000e+00,  0.00000000e+00,
        0.00000000e+00,  0.00000000e+00,  0.00000000e+00,  0.00000000e+00,
        0.00000000e+00,  2.74338917e-09,  2.89458810e-09,  3.48669263e-09,
        3.86113273e-09,  4.87251065e-09,  5.51867868e-09,  6.28972567e-09,
        7.88328803e-09,  4.96070636e-09,  1.61566125e-08,  0.00000000e+00,
        0.00000000e+00,  0.00000000e+00,  0.00000000e+00,  0.00000000e+00,
        0.00000000e+00,  0.00000000e+00,  0.00000000e+00,  0.00000000e+00,
        0.00000000e+00,  0.00000000e+00,  0.00000000e+00,  0.00000000e+00,
        0.00000000e+00,  0.00000000e+00,  0.00000000e+00,  0.00000000e+00,
        0.00000000e+00,  0.00000000e+00,  0.00000000e+00,  0.00000000e+00,
        0.00000000e+00,  0.00000000e+00,  0.00000000e+00,  0.00000000e+00,
        0.00000000e+00,  0.00000000e+00,  0.00000000e+00,  0.00000000e+00,
        0.00000000e+00,  0.00000000e+00,  0.00000000e+00,  0.00000000e+00,
        0.00000000e+00,  0.00000000e+00,  0.00000000e+00,  0.00000000e+00,
        0.00000000e+00,  0.00000000e+00,  0.00000000e+00,  0.00000000e+00,
        0.00000000e+00,  0.00000000e+00,  0.00000000e+00,  0.00000000e+00,
        0.00000000e+00,  0.00000000e+00,  0.00000000e+00,  0.00000000e+00,
        0.00000000e+00,  0.00000000e+00,  0.00000000e+00,  0.00000000e+00,
        0.00000000e+00,  0.00000000e+00,  0.00000000e+00,  0.00000000e+00,
        0.00000000e+00,  0.00000000e+00,  0.00000000e+00,  0.00000000e+00,
        0.00000000e+00,  0.00000000e+00,  0.00000000e+00,  0.00000000e+00,
        0.00000000e+00,  0.00000000e+00,  0.00000000e+00,  0.00000000e+00,
        0.00000000e+00,  0.00000000e+00,  0.00000000e+00,  0.00000000e+00,
        0.00000000e+00,  0.00000000e+00,  0.00000000e+00,  0.00000000e+00,
        0.00000000e+00,  0.00000000e+00,  0.00000000e+00,  0.00000000e+00,
        0.00000000e+00,  0.00000000e+00,  0.00000000e+00,  0.00000000e+00,
        0.00000000e+00,  0.00000000e+00,  0.00000000e+00,  0.00000000e+00,
        0.00000000e+00,  0.00000000e+00,  0.00000000e+00,  0.00000000e+00,
        0.00000000e+00,  0.00000000e+00,  0.00000000e+00,  0.00000000e+00,
        0.00000000e+00,  0.00000000e+00,  0.00000000e+00,  0.00000000e+00,
        0.00000000e+00,  0.00000000e+00,  0.00000000e+00,  0.00000000e+00,
        0.00000000e+00,  0.00000000e+00,  0.00000000e+00,  0.00000000e+00,
        0.00000000e+00,  0.00000000e+00,  0.00000000e+00,  0.00000000e+00,
        0.00000000e+00,  0.00000000e+00,  0.00000000e+00,  0.00000000e+00,
        0.00000000e+00,  0.00000000e+00,  0.00000000e+00,  0.00000000e+00,
        0.00000000e+00,  0.00000000e+00,  0.00000000e+00,  0.00000000e+00,
        0.00000000e+00], dtype=float64),
                   'Te_l': Array([], shape=(0,), dtype=float64),
                   'Ti_l': Array([], shape=(0,), dtype=float64),
                   'Z_lmn': Array([-2.38726534e-07, -2.53623376e-07, -1.60846945e-07, ...,
       -2.20609345e-08,  8.65992974e-08, -1.43022831e-07], dtype=float64),
                   'Za_n': Array([ 1.97377656e-07,  1.83114812e-07,  3.00247910e-07,  3.76974522e-07,
        5.54906321e-07,  6.19873483e-07,  7.91874663e-07,  9.54003880e-07,
        3.82819622e-07, -6.01131031e-06, -6.66682329e-05, -1.12480076e-05,
        2.08980697e-03,  8.53106665e-03,  1.01024102e-01,  1.44267554e+00],      dtype=float64),
                   'Zb_lmn': Array([ 0.00000000e+00,  0.00000000e+00,  0.00000000e+00,  0.00000000e+00,
        0.00000000e+00,  0.00000000e+00,  0.00000000e+00,  0.00000000e+00,
        0.00000000e+00,  0.00000000e+00,  0.00000000e+00,  0.00000000e+00,
        0.00000000e+00,  0.00000000e+00,  0.00000000e+00,  0.00000000e+00,
        0.00000000e+00,  0.00000000e+00,  0.00000000e+00,  0.00000000e+00,
        0.00000000e+00,  0.00000000e+00,  0.00000000e+00,  0.00000000e+00,
        0.00000000e+00,  0.00000000e+00,  0.00000000e+00,  0.00000000e+00,
        0.00000000e+00,  0.00000000e+00,  0.00000000e+00,  0.00000000e+00,
        0.00000000e+00,  0.00000000e+00,  0.00000000e+00,  0.00000000e+00,
        0.00000000e+00,  0.00000000e+00,  0.00000000e+00,  0.00000000e+00,
        0.00000000e+00,  0.00000000e+00,  0.00000000e+00,  0.00000000e+00,
        0.00000000e+00,  0.00000000e+00,  0.00000000e+00,  0.00000000e+00,
        0.00000000e+00,  0.00000000e+00,  0.00000000e+00,  0.00000000e+00,
        0.00000000e+00,  0.00000000e+00,  0.00000000e+00,  0.00000000e+00,
        0.00000000e+00,  0.00000000e+00,  0.00000000e+00,  0.00000000e+00,
        0.00000000e+00,  0.00000000e+00,  0.00000000e+00,  0.00000000e+00,
        0.00000000e+00,  0.00000000e+00,  0.00000000e+00,  0.00000000e+00,
        0.00000000e+00,  0.00000000e+00,  0.00000000e+00,  0.00000000e+00,
        0.00000000e+00,  0.00000000e+00,  0.00000000e+00,  0.00000000e+00,
        0.00000000e+00,  0.00000000e+00,  0.00000000e+00,  0.00000000e+00,
        0.00000000e+00,  0.00000000e+00,  0.00000000e+00,  0.00000000e+00,
        0.00000000e+00,  0.00000000e+00,  0.00000000e+00,  0.00000000e+00,
        0.00000000e+00,  0.00000000e+00,  0.00000000e+00,  0.00000000e+00,
        0.00000000e+00,  0.00000000e+00,  0.00000000e+00,  0.00000000e+00,
        0.00000000e+00,  0.00000000e+00,  0.00000000e+00,  0.00000000e+00,
        0.00000000e+00,  0.00000000e+00,  0.00000000e+00,  0.00000000e+00,
        0.00000000e+00,  0.00000000e+00,  0.00000000e+00,  0.00000000e+00,
        0.00000000e+00,  0.00000000e+00,  0.00000000e+00,  0.00000000e+00,
        0.00000000e+00,  0.00000000e+00,  0.00000000e+00,  0.00000000e+00,
        0.00000000e+00,  0.00000000e+00,  0.00000000e+00,  3.69343788e-09,
        6.34277478e-09,  1.39911409e-09, -1.51681647e-09, -4.43859879e-09,
       -8.78773862e-09,  2.69361098e-09, -1.20962434e-08, -6.10471683e-09,
       -6.01365865e-09,  0.00000000e+00,  0.00000000e+00,  0.00000000e+00,
        0.00000000e+00,  0.00000000e+00,  0.00000000e+00,  0.00000000e+00,
       -3.15752080e-09, -3.82081329e-09,  2.83877286e-09,  8.24186232e-09,
        9.06022820e-09,  3.78306791e-09,  1.51212979e-08, -5.78325141e-10,
        9.72906760e-09,  1.94459167e-08,  0.00000000e+00,  0.00000000e+00,
        0.00000000e+00,  0.00000000e+00,  0.00000000e+00,  0.00000000e+00,
        0.00000000e+00,  7.03486822e-10, -1.30718926e-08, -2.75565695e-08,
       -2.63694060e-08, -2.47277843e-08, -4.31156222e-08,  5.40953802e-09,
       -5.27420803e-08, -1.12757975e-08, -1.10922614e-08,  0.00000000e+00,
        0.00000000e+00,  0.00000000e+00,  0.00000000e+00,  0.00000000e+00,
        0.00000000e+00,  0.00000000e+00,  1.36100259e-08,  4.24488645e-08,
        2.91055097e-08,  3.42972833e-08,  2.03359232e-08,  1.37268590e-08,
        6.78140621e-08, -2.77149059e-08,  2.19007169e-08, -3.89635465e-08,
        0.00000000e+00,  0.00000000e+00,  0.00000000e+00,  0.00000000e+00,
        0.00000000e+00,  0.00000000e+00,  0.00000000e+00, -2.36641308e-05,
       -5.05837669e-05, -2.44450644e-05, -1.25410764e-05, -2.79809353e-05,
       -4.45732176e-05,  3.02445577e-08, -7.15348168e-08,  5.32911384e-09,
       -7.15383614e-08,  0.00000000e+00,  0.00000000e+00,  0.00000000e+00,
        0.00000000e+00,  0.00000000e+00,  0.00000000e+00,  0.00000000e+00,
        2.67229849e-05,  6.21416909e-05,  1.09372384e-07, -3.39054423e-06,
       -2.28546475e-05, -1.25212266e-05,  1.20672144e-07, -8.91869394e-08,
       -1.15164789e-08, -1.15013631e-08,  0.00000000e+00,  0.00000000e+00,
        0.00000000e+00,  0.00000000e+00,  0.00000000e+00,  0.00000000e+00,
        0.00000000e+00, -1.52255608e-02, -2.13311283e-02, -3.59340471e-04,
       -1.96108408e-02, -4.14476353e-05, -5.25274180e-05,  2.10751707e-07,
       -1.71677978e-07, -2.00789878e-08,  1.61925516e-07,  0.00000000e+00,
        0.00000000e+00,  0.00000000e+00,  0.00000000e+00,  0.00000000e+00,
        0.00000000e+00,  0.00000000e+00,  9.67847208e-02,  1.06962863e-01,
        4.73728088e-02,  4.41562877e-02, -1.41873830e-04, -1.03433530e-04,
        2.08693532e-07, -3.10416790e-07, -4.68821439e-08,  1.77121804e-07,
        0.00000000e+00,  0.00000000e+00,  0.00000000e+00,  0.00000000e+00,
        0.00000000e+00,  0.00000000e+00,  0.00000000e+00,  1.49602512e+00,
        6.80233331e-02,  8.41212518e-03, -1.13639147e-02, -1.65214800e-04,
       -5.79843081e-05,  3.03806138e-07, -2.36141357e-07,  9.50844595e-08,
       -2.78175647e-08,  0.00000000e+00,  0.00000000e+00,  0.00000000e+00,
        0.00000000e+00,  0.00000000e+00,  0.00000000e+00,  0.00000000e+00,
        0.00000000e+00,  0.00000000e+00,  0.00000000e+00,  0.00000000e+00,
        0.00000000e+00,  0.00000000e+00,  0.00000000e+00,  1.79889460e-07,
       -6.57618348e-08,  5.83995572e-07, -3.23621274e-07, -4.71396336e-04,
        4.05920914e-04, -1.62710434e-01, -2.62023858e-01, -1.56434671e+00,
        0.00000000e+00,  0.00000000e+00,  0.00000000e+00,  0.00000000e+00,
        0.00000000e+00,  0.00000000e+00,  0.00000000e+00,  3.47658431e-07,
       -1.43181151e-07,  1.27472136e-06, -1.84483122e-07, -2.91134187e-04,
        5.88577385e-04, -2.51451592e-01, -9.94161491e-02, -8.68536424e-02,
        0.00000000e+00,  0.00000000e+00,  0.00000000e+00,  0.00000000e+00,
        0.00000000e+00,  0.00000000e+00,  0.00000000e+00,  3.14100694e-07,
       -2.50754409e-07,  5.51504733e-07, -1.36371318e-07, -2.02177795e-04,
        2.31230702e-04, -1.39556344e-02, -3.44902338e-03,  2.29160442e-02,
        0.00000000e+00,  0.00000000e+00,  0.00000000e+00,  0.00000000e+00,
        0.00000000e+00,  0.00000000e+00,  0.00000000e+00,  2.52509770e-07,
       -1.64190803e-07,  3.06986477e-07,  4.26136529e-08, -5.84313536e-05,
        6.93083844e-05, -1.70526155e-02,  4.32669508e-03, -5.74945873e-03,
        0.00000000e+00,  0.00000000e+00,  0.00000000e+00,  0.00000000e+00,
        0.00000000e+00,  0.00000000e+00,  0.00000000e+00,  1.61289297e-07,
       -1.26496893e-07,  1.51970816e-07,  1.52100643e-08, -7.68597176e-05,
        1.24360182e-05, -1.17589252e-05, -3.74520146e-05, -1.63319692e-05,
        0.00000000e+00,  0.00000000e+00,  0.00000000e+00,  0.00000000e+00,
        0.00000000e+00,  0.00000000e+00,  0.00000000e+00,  8.07293279e-08,
       -7.31842128e-08,  6.66719807e-08,  4.72459267e-08, -4.26668702e-05,
        2.59664212e-05,  2.03129994e-05, -1.18465532e-05, -7.83743835e-06,
        0.00000000e+00,  0.00000000e+00,  0.00000000e+00,  0.00000000e+00,
        0.00000000e+00,  0.00000000e+00,  0.00000000e+00,  2.31535741e-08,
       -2.49982986e-08,  3.03531988e-08,  6.22844545e-08, -2.47892350e-08,
        1.00806289e-08,  3.10652887e-08,  1.83602034e-08,  1.57071632e-08,
        0.00000000e+00,  0.00000000e+00,  0.00000000e+00,  0.00000000e+00,
        0.00000000e+00,  0.00000000e+00,  0.00000000e+00,  1.50822403e-08,
       -2.15580377e-08, -5.34335726e-08,  1.69034261e-08, -3.83143489e-08,
       -2.63439868e-08, -1.46157193e-08, -2.57026805e-08, -1.78609197e-08,
        0.00000000e+00,  0.00000000e+00,  0.00000000e+00,  0.00000000e+00,
        0.00000000e+00,  0.00000000e+00,  0.00000000e+00,  3.22539642e-08,
       -2.87671349e-09,  5.11323355e-09,  1.96526229e-08,  1.85579686e-09,
        6.26587293e-09,  1.08271604e-08,  6.26638133e-09,  3.64507388e-09,
        0.00000000e+00,  0.00000000e+00,  0.00000000e+00,  0.00000000e+00,
        0.00000000e+00,  0.00000000e+00,  0.00000000e+00,  6.89417681e-09,
       -1.77955952e-08, -6.97507774e-09,  2.85082462e-09, -1.31298388e-08,
       -7.08888474e-09, -3.04659923e-10, -4.12860756e-09, -1.60741051e-09,
        0.00000000e+00,  0.00000000e+00,  0.00000000e+00,  0.00000000e+00,
        0.00000000e+00,  0.00000000e+00,  0.00000000e+00,  0.00000000e+00,
        0.00000000e+00,  0.00000000e+00,  0.00000000e+00,  0.00000000e+00,
        0.00000000e+00,  0.00000000e+00,  0.00000000e+00,  0.00000000e+00,
        0.00000000e+00,  0.00000000e+00,  0.00000000e+00,  0.00000000e+00,
        0.00000000e+00,  0.00000000e+00,  0.00000000e+00,  0.00000000e+00,
        0.00000000e+00,  0.00000000e+00,  0.00000000e+00,  0.00000000e+00,
        0.00000000e+00,  0.00000000e+00,  0.00000000e+00,  0.00000000e+00,
        0.00000000e+00,  0.00000000e+00,  0.00000000e+00,  0.00000000e+00,
        0.00000000e+00,  0.00000000e+00,  0.00000000e+00,  0.00000000e+00,
        0.00000000e+00,  0.00000000e+00,  0.00000000e+00,  0.00000000e+00,
        0.00000000e+00,  0.00000000e+00,  0.00000000e+00,  0.00000000e+00,
        0.00000000e+00,  0.00000000e+00,  0.00000000e+00,  0.00000000e+00,
        0.00000000e+00,  0.00000000e+00,  0.00000000e+00,  0.00000000e+00,
        0.00000000e+00,  0.00000000e+00,  0.00000000e+00,  0.00000000e+00,
        0.00000000e+00,  0.00000000e+00,  0.00000000e+00,  0.00000000e+00,
        0.00000000e+00,  0.00000000e+00,  0.00000000e+00,  0.00000000e+00,
        0.00000000e+00,  0.00000000e+00,  0.00000000e+00,  0.00000000e+00,
        0.00000000e+00,  0.00000000e+00,  0.00000000e+00,  0.00000000e+00,
        0.00000000e+00,  0.00000000e+00,  0.00000000e+00,  0.00000000e+00,
        0.00000000e+00,  0.00000000e+00,  0.00000000e+00,  0.00000000e+00,
        0.00000000e+00,  0.00000000e+00,  0.00000000e+00,  0.00000000e+00,
        0.00000000e+00,  0.00000000e+00,  0.00000000e+00,  0.00000000e+00,
        0.00000000e+00,  0.00000000e+00,  0.00000000e+00,  0.00000000e+00,
        0.00000000e+00,  0.00000000e+00,  0.00000000e+00,  0.00000000e+00,
        0.00000000e+00,  0.00000000e+00,  0.00000000e+00,  0.00000000e+00,
        0.00000000e+00,  0.00000000e+00,  0.00000000e+00,  0.00000000e+00,
        0.00000000e+00,  0.00000000e+00,  0.00000000e+00,  0.00000000e+00],      dtype=float64),
                   'Zeff_l': Array([], shape=(0,), dtype=float64),
                   'a_lmn': Array([], shape=(0,), dtype=float64),
                   'c_l': Array([0., 0., 0., 0., 0., 0., 0., 0., 0.], dtype=float64),
                   'i_l': Array([], shape=(0,), dtype=float64),
                   'ne_l': Array([], shape=(0,), dtype=float64),
                   'ni_l': Array([], shape=(0,), dtype=float64),
                   'p_l': Array([0., 0., 0., 0., 0., 0., 0., 0., 0.], dtype=float64)}],
               [ { 'G': Array([], shape=(0,), dtype=float64),
                   'I': Array([], shape=(0,), dtype=float64),
                   'L_lmn': Array([ 1.72078341e-08,  2.63680124e-07,  1.18328935e-06, ...,
        9.72084970e-08, -9.51954740e-08,  2.76178373e-07], dtype=float64),
                   'Phi_mn': Array([], shape=(0,), dtype=float64),
                   'Psi': Array([0.56954671], dtype=float64),
                   'R_lmn': Array([ 1.64176748e-07, -4.31956174e-07,  1.80723383e-06, ...,
       -1.46445830e-07, -1.71837980e-07,  0.00000000e+00], dtype=float64),
                   'Ra_n': Array([ 8.18937940e+00,  1.57156390e+00,  7.82529111e-02, -3.50182147e-03,
        9.60456617e-04,  4.19080887e-04,  2.93569469e-05, -1.04198097e-05,
       -5.27798037e-06, -1.78881374e-06, -1.12436320e-06, -6.17309512e-07,
       -3.88583552e-07, -3.58602960e-07, -2.47739001e-07, -7.30269999e-08,
       -3.39774628e-08], dtype=float64),
                   'Rb_lmn': Array([ 0.00000000e+00,  0.00000000e+00,  0.00000000e+00,  0.00000000e+00,
        0.00000000e+00,  0.00000000e+00,  0.00000000e+00,  0.00000000e+00,
        0.00000000e+00,  0.00000000e+00,  0.00000000e+00,  0.00000000e+00,
        0.00000000e+00,  0.00000000e+00,  0.00000000e+00,  0.00000000e+00,
        0.00000000e+00,  0.00000000e+00,  0.00000000e+00,  0.00000000e+00,
        0.00000000e+00,  0.00000000e+00,  0.00000000e+00,  0.00000000e+00,
        0.00000000e+00,  0.00000000e+00,  0.00000000e+00,  0.00000000e+00,
        0.00000000e+00,  0.00000000e+00,  0.00000000e+00,  0.00000000e+00,
        0.00000000e+00,  0.00000000e+00,  0.00000000e+00,  0.00000000e+00,
        0.00000000e+00,  0.00000000e+00,  0.00000000e+00,  0.00000000e+00,
        0.00000000e+00,  0.00000000e+00,  0.00000000e+00,  0.00000000e+00,
        0.00000000e+00,  0.00000000e+00,  0.00000000e+00,  0.00000000e+00,
        0.00000000e+00,  0.00000000e+00,  0.00000000e+00,  0.00000000e+00,
        0.00000000e+00,  0.00000000e+00,  0.00000000e+00,  0.00000000e+00,
        0.00000000e+00,  0.00000000e+00,  0.00000000e+00,  0.00000000e+00,
        0.00000000e+00,  0.00000000e+00,  0.00000000e+00,  0.00000000e+00,
        0.00000000e+00,  0.00000000e+00,  0.00000000e+00,  0.00000000e+00,
        0.00000000e+00,  0.00000000e+00,  0.00000000e+00,  0.00000000e+00,
        0.00000000e+00,  0.00000000e+00,  0.00000000e+00,  0.00000000e+00,
        0.00000000e+00,  0.00000000e+00,  0.00000000e+00,  0.00000000e+00,
        0.00000000e+00,  0.00000000e+00,  0.00000000e+00,  0.00000000e+00,
        0.00000000e+00,  0.00000000e+00,  0.00000000e+00,  0.00000000e+00,
        0.00000000e+00,  0.00000000e+00,  0.00000000e+00,  0.00000000e+00,
        0.00000000e+00,  0.00000000e+00,  0.00000000e+00,  0.00000000e+00,
        0.00000000e+00,  0.00000000e+00,  0.00000000e+00,  0.00000000e+00,
        0.00000000e+00,  0.00000000e+00,  0.00000000e+00,  0.00000000e+00,
        0.00000000e+00,  0.00000000e+00,  0.00000000e+00,  0.00000000e+00,
        0.00000000e+00,  0.00000000e+00,  0.00000000e+00,  0.00000000e+00,
        0.00000000e+00,  0.00000000e+00,  0.00000000e+00,  0.00000000e+00,
        0.00000000e+00,  0.00000000e+00,  0.00000000e+00, -6.26968887e-09,
       -6.78471737e-09, -6.89552050e-09, -6.22551184e-09, -4.55840298e-09,
       -6.24589673e-09, -4.60269103e-09, -5.94995429e-09, -1.10005905e-08,
        0.00000000e+00,  0.00000000e+00,  0.00000000e+00,  0.00000000e+00,
        0.00000000e+00,  0.00000000e+00,  0.00000000e+00,  1.34797318e-08,
        1.07829314e-09,  7.49131496e-09,  7.58704127e-09,  9.48887499e-09,
        5.08442513e-09,  8.39015204e-09,  7.90536630e-09,  9.93105761e-09,
        0.00000000e+00,  0.00000000e+00,  0.00000000e+00,  0.00000000e+00,
        0.00000000e+00,  0.00000000e+00,  0.00000000e+00,  2.23539534e-08,
       -9.61072017e-09,  8.23389498e-09, -1.68082383e-08, -1.07706917e-09,
       -3.98189614e-08, -1.84539984e-08, -2.96814954e-08, -4.56239112e-08,
        0.00000000e+00,  0.00000000e+00,  0.00000000e+00,  0.00000000e+00,
        0.00000000e+00,  0.00000000e+00,  0.00000000e+00,  2.59541580e-08,
       -2.65421155e-08, -1.02876111e-08, -3.47068387e-08, -6.89792404e-09,
       -3.72268903e-08,  1.49433536e-08,  5.12453896e-10, -7.48666241e-09,
        0.00000000e+00,  0.00000000e+00,  0.00000000e+00,  0.00000000e+00,
        0.00000000e+00,  0.00000000e+00,  0.00000000e+00,  7.34960940e-08,
       -1.32685124e-08,  8.16528580e-08,  1.69347700e-08,  4.44080884e-05,
        2.15243408e-05,  3.46184547e-05,  2.66723187e-05,  2.32560014e-05,
        0.00000000e+00,  0.00000000e+00,  0.00000000e+00,  0.00000000e+00,
        0.00000000e+00,  0.00000000e+00,  0.00000000e+00,  8.23273580e-08,
       -8.53379481e-08,  1.31484527e-08, -1.31851882e-07, -3.32652976e-05,
       -4.98668216e-05, -3.44978808e-05, -3.80561770e-05, -6.80577699e-05,
        0.00000000e+00,  0.00000000e+00,  0.00000000e+00,  0.00000000e+00,
        0.00000000e+00,  0.00000000e+00,  0.00000000e+00,  1.83624437e-07,
       -8.84833527e-08,  2.99161732e-07,  4.05033521e-10,  8.93636708e-05,
        6.13654107e-05, -1.52840217e-02, -1.71727174e-02,  2.41509122e-02,
        0.00000000e+00,  0.00000000e+00,  0.00000000e+00,  0.00000000e+00,
        0.00000000e+00,  0.00000000e+00,  0.00000000e+00,  1.91937661e-07,
       -1.98029167e-07,  2.39992324e-07, -3.63184684e-07, -7.03451317e-05,
       -7.89030420e-05, -7.11197786e-03, -1.85562481e-03,  1.19820359e-01,
        0.00000000e+00,  0.00000000e+00,  0.00000000e+00,  0.00000000e+00,
        0.00000000e+00,  0.00000000e+00,  0.00000000e+00,  3.49702898e-07,
       -2.05653632e-07,  9.21032603e-07, -1.30429279e-07,  2.38652389e-04,
        3.02324914e-04, -3.79943075e-02, -3.43385231e-02, -5.62054261e-02,
        8.00000000e+00,  1.93752407e+00,  3.05554917e-01,  3.42402942e-03,
       -1.87930336e-04,  8.38259705e-04, -6.08738392e-07,  3.92461529e-08,
        2.98348527e-07, -2.31976921e-07,  0.00000000e+00,  0.00000000e+00,
        0.00000000e+00,  0.00000000e+00,  0.00000000e+00,  0.00000000e+00,
        0.00000000e+00,  1.34454984e+00, -2.55082807e-02,  3.81862198e-01,
        1.58723268e-01, -4.47254319e-04,  2.89379462e-04, -8.12756797e-07,
       -1.07531334e-07,  2.65869429e-07, -2.73869198e-07,  0.00000000e+00,
        0.00000000e+00,  0.00000000e+00,  0.00000000e+00,  0.00000000e+00,
        0.00000000e+00,  0.00000000e+00, -1.28549099e-03, -4.17201407e-02,
        8.19048398e-02, -4.59686021e-02,  4.08447774e-05,  3.14667436e-04,
       -1.08963560e-07,  2.02054347e-07,  2.06171086e-07, -2.46078345e-07,
        0.00000000e+00,  0.00000000e+00,  0.00000000e+00,  0.00000000e+00,
        0.00000000e+00,  0.00000000e+00,  0.00000000e+00, -2.24675036e-02,
        6.64211767e-03,  1.33003015e-02, -3.50272305e-03, -1.05437276e-04,
       -3.15567795e-05, -1.72788499e-07, -7.38776807e-08,  2.16385978e-08,
       -1.58305204e-07,  0.00000000e+00,  0.00000000e+00,  0.00000000e+00,
        0.00000000e+00,  0.00000000e+00,  0.00000000e+00,  0.00000000e+00,
        1.70866744e-05,  1.99889464e-05,  2.85468807e-05,  4.24837603e-05,
        4.35705284e-05,  7.21450148e-05,  4.63162015e-08,  9.11970496e-08,
        3.53088237e-08, -2.17995332e-09,  0.00000000e+00,  0.00000000e+00,
        0.00000000e+00,  0.00000000e+00,  0.00000000e+00,  0.00000000e+00,
        0.00000000e+00, -6.01454071e-06, -4.87317876e-06, -1.06552861e-05,
       -2.05061735e-05, -3.59948277e-05, -2.95785837e-05, -6.13142105e-08,
       -4.13317384e-08, -2.37469746e-08, -2.41691728e-08,  0.00000000e+00,
        0.00000000e+00,  0.00000000e+00,  0.00000000e+00,  0.00000000e+00,
        0.00000000e+00,  0.00000000e+00, -1.02489596e-08, -1.06888667e-08,
       -1.21110606e-08, -8.43678231e-09,  7.35742268e-10,  1.44693284e-08,
        1.76119620e-08,  4.74946990e-08,  1.34599139e-09,  1.75777396e-08,
        0.00000000e+00,  0.00000000e+00,  0.00000000e+00,  0.00000000e+00,
        0.00000000e+00,  0.00000000e+00,  0.00000000e+00,  1.18587187e-08,
        1.30051984e-08,  1.58815533e-08,  1.94904283e-08,  2.66144496e-08,
        2.82092230e-08,  1.85542457e-08,  2.90688213e-08, -6.61747620e-09,
        7.46834663e-09,  0.00000000e+00,  0.00000000e+00,  0.00000000e+00,
        0.00000000e+00,  0.00000000e+00,  0.00000000e+00,  0.00000000e+00,
       -3.62813661e-09, -3.88750550e-09, -4.41724770e-09, -5.59708798e-09,
       -6.47626192e-09, -8.36384177e-09, -9.33998578e-09, -7.24739164e-09,
       -1.18119568e-08,  7.44829526e-09,  0.00000000e+00,  0.00000000e+00,
        0.00000000e+00,  0.00000000e+00,  0.00000000e+00,  0.00000000e+00,
        0.00000000e+00,  2.74338917e-09,  2.89458810e-09,  3.48669263e-09,
        3.86113273e-09,  4.87251065e-09,  5.51867868e-09,  6.28972567e-09,
        7.88328803e-09,  4.96070636e-09,  1.61566125e-08,  0.00000000e+00,
        0.00000000e+00,  0.00000000e+00,  0.00000000e+00,  0.00000000e+00,
        0.00000000e+00,  0.00000000e+00,  0.00000000e+00,  0.00000000e+00,
        0.00000000e+00,  0.00000000e+00,  0.00000000e+00,  0.00000000e+00,
        0.00000000e+00,  0.00000000e+00,  0.00000000e+00,  0.00000000e+00,
        0.00000000e+00,  0.00000000e+00,  0.00000000e+00,  0.00000000e+00,
        0.00000000e+00,  0.00000000e+00,  0.00000000e+00,  0.00000000e+00,
        0.00000000e+00,  0.00000000e+00,  0.00000000e+00,  0.00000000e+00,
        0.00000000e+00,  0.00000000e+00,  0.00000000e+00,  0.00000000e+00,
        0.00000000e+00,  0.00000000e+00,  0.00000000e+00,  0.00000000e+00,
        0.00000000e+00,  0.00000000e+00,  0.00000000e+00,  0.00000000e+00,
        0.00000000e+00,  0.00000000e+00,  0.00000000e+00,  0.00000000e+00,
        0.00000000e+00,  0.00000000e+00,  0.00000000e+00,  0.00000000e+00,
        0.00000000e+00,  0.00000000e+00,  0.00000000e+00,  0.00000000e+00,
        0.00000000e+00,  0.00000000e+00,  0.00000000e+00,  0.00000000e+00,
        0.00000000e+00,  0.00000000e+00,  0.00000000e+00,  0.00000000e+00,
        0.00000000e+00,  0.00000000e+00,  0.00000000e+00,  0.00000000e+00,
        0.00000000e+00,  0.00000000e+00,  0.00000000e+00,  0.00000000e+00,
        0.00000000e+00,  0.00000000e+00,  0.00000000e+00,  0.00000000e+00,
        0.00000000e+00,  0.00000000e+00,  0.00000000e+00,  0.00000000e+00,
        0.00000000e+00,  0.00000000e+00,  0.00000000e+00,  0.00000000e+00,
        0.00000000e+00,  0.00000000e+00,  0.00000000e+00,  0.00000000e+00,
        0.00000000e+00,  0.00000000e+00,  0.00000000e+00,  0.00000000e+00,
        0.00000000e+00,  0.00000000e+00,  0.00000000e+00,  0.00000000e+00,
        0.00000000e+00,  0.00000000e+00,  0.00000000e+00,  0.00000000e+00,
        0.00000000e+00,  0.00000000e+00,  0.00000000e+00,  0.00000000e+00,
        0.00000000e+00,  0.00000000e+00,  0.00000000e+00,  0.00000000e+00,
        0.00000000e+00,  0.00000000e+00,  0.00000000e+00,  0.00000000e+00,
        0.00000000e+00,  0.00000000e+00,  0.00000000e+00,  0.00000000e+00,
        0.00000000e+00,  0.00000000e+00,  0.00000000e+00,  0.00000000e+00,
        0.00000000e+00,  0.00000000e+00,  0.00000000e+00,  0.00000000e+00,
        0.00000000e+00,  0.00000000e+00,  0.00000000e+00,  0.00000000e+00,
        0.00000000e+00], dtype=float64),
                   'Te_l': Array([], shape=(0,), dtype=float64),
                   'Ti_l': Array([], shape=(0,), dtype=float64),
                   'Z_lmn': Array([-2.38726534e-07, -2.53623376e-07, -1.60846945e-07, ...,
       -2.20609345e-08,  8.65992974e-08, -1.43022831e-07], dtype=float64),
                   'Za_n': Array([ 1.97377656e-07,  1.83114812e-07,  3.00247910e-07,  3.76974522e-07,
        5.54906321e-07,  6.19873483e-07,  7.91874663e-07,  9.54003880e-07,
        3.82819622e-07, -6.01131031e-06, -6.66682329e-05, -1.12480076e-05,
        2.08980697e-03,  8.53106665e-03,  1.01024102e-01,  1.44267554e+00],      dtype=float64),
                   'Zb_lmn': Array([ 0.00000000e+00,  0.00000000e+00,  0.00000000e+00,  0.00000000e+00,
        0.00000000e+00,  0.00000000e+00,  0.00000000e+00,  0.00000000e+00,
        0.00000000e+00,  0.00000000e+00,  0.00000000e+00,  0.00000000e+00,
        0.00000000e+00,  0.00000000e+00,  0.00000000e+00,  0.00000000e+00,
        0.00000000e+00,  0.00000000e+00,  0.00000000e+00,  0.00000000e+00,
        0.00000000e+00,  0.00000000e+00,  0.00000000e+00,  0.00000000e+00,
        0.00000000e+00,  0.00000000e+00,  0.00000000e+00,  0.00000000e+00,
        0.00000000e+00,  0.00000000e+00,  0.00000000e+00,  0.00000000e+00,
        0.00000000e+00,  0.00000000e+00,  0.00000000e+00,  0.00000000e+00,
        0.00000000e+00,  0.00000000e+00,  0.00000000e+00,  0.00000000e+00,
        0.00000000e+00,  0.00000000e+00,  0.00000000e+00,  0.00000000e+00,
        0.00000000e+00,  0.00000000e+00,  0.00000000e+00,  0.00000000e+00,
        0.00000000e+00,  0.00000000e+00,  0.00000000e+00,  0.00000000e+00,
        0.00000000e+00,  0.00000000e+00,  0.00000000e+00,  0.00000000e+00,
        0.00000000e+00,  0.00000000e+00,  0.00000000e+00,  0.00000000e+00,
        0.00000000e+00,  0.00000000e+00,  0.00000000e+00,  0.00000000e+00,
        0.00000000e+00,  0.00000000e+00,  0.00000000e+00,  0.00000000e+00,
        0.00000000e+00,  0.00000000e+00,  0.00000000e+00,  0.00000000e+00,
        0.00000000e+00,  0.00000000e+00,  0.00000000e+00,  0.00000000e+00,
        0.00000000e+00,  0.00000000e+00,  0.00000000e+00,  0.00000000e+00,
        0.00000000e+00,  0.00000000e+00,  0.00000000e+00,  0.00000000e+00,
        0.00000000e+00,  0.00000000e+00,  0.00000000e+00,  0.00000000e+00,
        0.00000000e+00,  0.00000000e+00,  0.00000000e+00,  0.00000000e+00,
        0.00000000e+00,  0.00000000e+00,  0.00000000e+00,  0.00000000e+00,
        0.00000000e+00,  0.00000000e+00,  0.00000000e+00,  0.00000000e+00,
        0.00000000e+00,  0.00000000e+00,  0.00000000e+00,  0.00000000e+00,
        0.00000000e+00,  0.00000000e+00,  0.00000000e+00,  0.00000000e+00,
        0.00000000e+00,  0.00000000e+00,  0.00000000e+00,  0.00000000e+00,
        0.00000000e+00,  0.00000000e+00,  0.00000000e+00,  0.00000000e+00,
        0.00000000e+00,  0.00000000e+00,  0.00000000e+00,  3.69343788e-09,
        6.34277478e-09,  1.39911409e-09, -1.51681647e-09, -4.43859879e-09,
       -8.78773862e-09,  2.69361098e-09, -1.20962434e-08, -6.10471683e-09,
       -6.01365865e-09,  0.00000000e+00,  0.00000000e+00,  0.00000000e+00,
        0.00000000e+00,  0.00000000e+00,  0.00000000e+00,  0.00000000e+00,
       -3.15752080e-09, -3.82081329e-09,  2.83877286e-09,  8.24186232e-09,
        9.06022820e-09,  3.78306791e-09,  1.51212979e-08, -5.78325141e-10,
        9.72906760e-09,  1.94459167e-08,  0.00000000e+00,  0.00000000e+00,
        0.00000000e+00,  0.00000000e+00,  0.00000000e+00,  0.00000000e+00,
        0.00000000e+00,  7.03486822e-10, -1.30718926e-08, -2.75565695e-08,
       -2.63694060e-08, -2.47277843e-08, -4.31156222e-08,  5.40953802e-09,
       -5.27420803e-08, -1.12757975e-08, -1.10922614e-08,  0.00000000e+00,
        0.00000000e+00,  0.00000000e+00,  0.00000000e+00,  0.00000000e+00,
        0.00000000e+00,  0.00000000e+00,  1.36100259e-08,  4.24488645e-08,
        2.91055097e-08,  3.42972833e-08,  2.03359232e-08,  1.37268590e-08,
        6.78140621e-08, -2.77149059e-08,  2.19007169e-08, -3.89635465e-08,
        0.00000000e+00,  0.00000000e+00,  0.00000000e+00,  0.00000000e+00,
        0.00000000e+00,  0.00000000e+00,  0.00000000e+00, -2.36641308e-05,
       -5.05837669e-05, -2.44450644e-05, -1.25410764e-05, -2.79809353e-05,
       -4.45732176e-05,  3.02445577e-08, -7.15348168e-08,  5.32911384e-09,
       -7.15383614e-08,  0.00000000e+00,  0.00000000e+00,  0.00000000e+00,
        0.00000000e+00,  0.00000000e+00,  0.00000000e+00,  0.00000000e+00,
        2.67229849e-05,  6.21416909e-05,  1.09372384e-07, -3.39054423e-06,
       -2.28546475e-05, -1.25212266e-05,  1.20672144e-07, -8.91869394e-08,
       -1.15164789e-08, -1.15013631e-08,  0.00000000e+00,  0.00000000e+00,
        0.00000000e+00,  0.00000000e+00,  0.00000000e+00,  0.00000000e+00,
        0.00000000e+00, -1.52255608e-02, -2.13311283e-02, -3.59340471e-04,
       -1.96108408e-02, -4.14476353e-05, -5.25274180e-05,  2.10751707e-07,
       -1.71677978e-07, -2.00789878e-08,  1.61925516e-07,  0.00000000e+00,
        0.00000000e+00,  0.00000000e+00,  0.00000000e+00,  0.00000000e+00,
        0.00000000e+00,  0.00000000e+00,  9.67847208e-02,  1.06962863e-01,
        4.73728088e-02,  4.41562877e-02, -1.41873830e-04, -1.03433530e-04,
        2.08693532e-07, -3.10416790e-07, -4.68821439e-08,  1.77121804e-07,
        0.00000000e+00,  0.00000000e+00,  0.00000000e+00,  0.00000000e+00,
        0.00000000e+00,  0.00000000e+00,  0.00000000e+00,  1.49602512e+00,
        6.80233331e-02,  8.41212518e-03, -1.13639147e-02, -1.65214800e-04,
       -5.79843081e-05,  3.03806138e-07, -2.36141357e-07,  9.50844595e-08,
       -2.78175647e-08,  0.00000000e+00,  0.00000000e+00,  0.00000000e+00,
        0.00000000e+00,  0.00000000e+00,  0.00000000e+00,  0.00000000e+00,
        0.00000000e+00,  0.00000000e+00,  0.00000000e+00,  0.00000000e+00,
        0.00000000e+00,  0.00000000e+00,  0.00000000e+00,  1.79889460e-07,
       -6.57618348e-08,  5.83995572e-07, -3.23621274e-07, -4.71396336e-04,
        4.05920914e-04, -1.62710434e-01, -2.62023858e-01, -1.56434671e+00,
        0.00000000e+00,  0.00000000e+00,  0.00000000e+00,  0.00000000e+00,
        0.00000000e+00,  0.00000000e+00,  0.00000000e+00,  3.47658431e-07,
       -1.43181151e-07,  1.27472136e-06, -1.84483122e-07, -2.91134187e-04,
        5.88577385e-04, -2.51451592e-01, -9.94161491e-02, -8.68536424e-02,
        0.00000000e+00,  0.00000000e+00,  0.00000000e+00,  0.00000000e+00,
        0.00000000e+00,  0.00000000e+00,  0.00000000e+00,  3.14100694e-07,
       -2.50754409e-07,  5.51504733e-07, -1.36371318e-07, -2.02177795e-04,
        2.31230702e-04, -1.39556344e-02, -3.44902338e-03,  2.29160442e-02,
        0.00000000e+00,  0.00000000e+00,  0.00000000e+00,  0.00000000e+00,
        0.00000000e+00,  0.00000000e+00,  0.00000000e+00,  2.52509770e-07,
       -1.64190803e-07,  3.06986477e-07,  4.26136529e-08, -5.84313536e-05,
        6.93083844e-05, -1.70526155e-02,  4.32669508e-03, -5.74945873e-03,
        0.00000000e+00,  0.00000000e+00,  0.00000000e+00,  0.00000000e+00,
        0.00000000e+00,  0.00000000e+00,  0.00000000e+00,  1.61289297e-07,
       -1.26496893e-07,  1.51970816e-07,  1.52100643e-08, -7.68597176e-05,
        1.24360182e-05, -1.17589252e-05, -3.74520146e-05, -1.63319692e-05,
        0.00000000e+00,  0.00000000e+00,  0.00000000e+00,  0.00000000e+00,
        0.00000000e+00,  0.00000000e+00,  0.00000000e+00,  8.07293279e-08,
       -7.31842128e-08,  6.66719807e-08,  4.72459267e-08, -4.26668702e-05,
        2.59664212e-05,  2.03129994e-05, -1.18465532e-05, -7.83743835e-06,
        0.00000000e+00,  0.00000000e+00,  0.00000000e+00,  0.00000000e+00,
        0.00000000e+00,  0.00000000e+00,  0.00000000e+00,  2.31535741e-08,
       -2.49982986e-08,  3.03531988e-08,  6.22844545e-08, -2.47892350e-08,
        1.00806289e-08,  3.10652887e-08,  1.83602034e-08,  1.57071632e-08,
        0.00000000e+00,  0.00000000e+00,  0.00000000e+00,  0.00000000e+00,
        0.00000000e+00,  0.00000000e+00,  0.00000000e+00,  1.50822403e-08,
       -2.15580377e-08, -5.34335726e-08,  1.69034261e-08, -3.83143489e-08,
       -2.63439868e-08, -1.46157193e-08, -2.57026805e-08, -1.78609197e-08,
        0.00000000e+00,  0.00000000e+00,  0.00000000e+00,  0.00000000e+00,
        0.00000000e+00,  0.00000000e+00,  0.00000000e+00,  3.22539642e-08,
       -2.87671349e-09,  5.11323355e-09,  1.96526229e-08,  1.85579686e-09,
        6.26587293e-09,  1.08271604e-08,  6.26638133e-09,  3.64507388e-09,
        0.00000000e+00,  0.00000000e+00,  0.00000000e+00,  0.00000000e+00,
        0.00000000e+00,  0.00000000e+00,  0.00000000e+00,  6.89417681e-09,
       -1.77955952e-08, -6.97507774e-09,  2.85082462e-09, -1.31298388e-08,
       -7.08888474e-09, -3.04659923e-10, -4.12860756e-09, -1.60741051e-09,
        0.00000000e+00,  0.00000000e+00,  0.00000000e+00,  0.00000000e+00,
        0.00000000e+00,  0.00000000e+00,  0.00000000e+00,  0.00000000e+00,
        0.00000000e+00,  0.00000000e+00,  0.00000000e+00,  0.00000000e+00,
        0.00000000e+00,  0.00000000e+00,  0.00000000e+00,  0.00000000e+00,
        0.00000000e+00,  0.00000000e+00,  0.00000000e+00,  0.00000000e+00,
        0.00000000e+00,  0.00000000e+00,  0.00000000e+00,  0.00000000e+00,
        0.00000000e+00,  0.00000000e+00,  0.00000000e+00,  0.00000000e+00,
        0.00000000e+00,  0.00000000e+00,  0.00000000e+00,  0.00000000e+00,
        0.00000000e+00,  0.00000000e+00,  0.00000000e+00,  0.00000000e+00,
        0.00000000e+00,  0.00000000e+00,  0.00000000e+00,  0.00000000e+00,
        0.00000000e+00,  0.00000000e+00,  0.00000000e+00,  0.00000000e+00,
        0.00000000e+00,  0.00000000e+00,  0.00000000e+00,  0.00000000e+00,
        0.00000000e+00,  0.00000000e+00,  0.00000000e+00,  0.00000000e+00,
        0.00000000e+00,  0.00000000e+00,  0.00000000e+00,  0.00000000e+00,
        0.00000000e+00,  0.00000000e+00,  0.00000000e+00,  0.00000000e+00,
        0.00000000e+00,  0.00000000e+00,  0.00000000e+00,  0.00000000e+00,
        0.00000000e+00,  0.00000000e+00,  0.00000000e+00,  0.00000000e+00,
        0.00000000e+00,  0.00000000e+00,  0.00000000e+00,  0.00000000e+00,
        0.00000000e+00,  0.00000000e+00,  0.00000000e+00,  0.00000000e+00,
        0.00000000e+00,  0.00000000e+00,  0.00000000e+00,  0.00000000e+00,
        0.00000000e+00,  0.00000000e+00,  0.00000000e+00,  0.00000000e+00,
        0.00000000e+00,  0.00000000e+00,  0.00000000e+00,  0.00000000e+00,
        0.00000000e+00,  0.00000000e+00,  0.00000000e+00,  0.00000000e+00,
        0.00000000e+00,  0.00000000e+00,  0.00000000e+00,  0.00000000e+00,
        0.00000000e+00,  0.00000000e+00,  0.00000000e+00,  0.00000000e+00,
        0.00000000e+00,  0.00000000e+00,  0.00000000e+00,  0.00000000e+00,
        0.00000000e+00,  0.00000000e+00,  0.00000000e+00,  0.00000000e+00,
        0.00000000e+00,  0.00000000e+00,  0.00000000e+00,  0.00000000e+00],      dtype=float64),
                   'Zeff_l': Array([], shape=(0,), dtype=float64),
                   'a_lmn': Array([], shape=(0,), dtype=float64),
                   'c_l': Array([0., 0., 0., 0., 0., 0., 0., 0., 0.], dtype=float64),
                   'i_l': Array([], shape=(0,), dtype=float64),
                   'ne_l': Array([], shape=(0,), dtype=float64),
                   'ni_l': Array([], shape=(0,), dtype=float64),
                   'p_l': Array([0., 0., 0., 0., 0., 0., 0., 0., 0.], dtype=float64)}],
               [ { 'G': Array([], shape=(0,), dtype=float64),
                   'I': Array([], shape=(0,), dtype=float64),
                   'L_lmn': Array([ 6.46754821e-09,  2.87373281e-07,  1.14346571e-06, ...,
        9.65091962e-08, -8.66042426e-08,  2.67675820e-07], dtype=float64),
                   'Phi_mn': Array([], shape=(0,), dtype=float64),
                   'Psi': Array([0.56954666], dtype=float64),
                   'R_lmn': Array([ 1.83353629e-07, -4.65732676e-07,  1.83038300e-06, ...,
       -1.41945896e-07, -1.74372914e-07,  0.00000000e+00], dtype=float64),
                   'Ra_n': Array([ 8.18992549e+00,  1.57160709e+00,  7.82393670e-02, -3.50063595e-03,
        9.59194728e-04,  4.19099029e-04,  2.92967586e-05, -1.04565339e-05,
       -5.30423857e-06, -1.79399861e-06, -1.12584710e-06, -6.16102497e-07,
       -3.86556838e-07, -3.51941771e-07, -2.41532640e-07, -7.09241205e-08,
       -3.66400080e-08], dtype=float64),
                   'Rb_lmn': Array([ 0.00000000e+00,  0.00000000e+00,  0.00000000e+00,  0.00000000e+00,
        0.00000000e+00,  0.00000000e+00,  0.00000000e+00,  0.00000000e+00,
        0.00000000e+00,  0.00000000e+00,  0.00000000e+00,  0.00000000e+00,
        0.00000000e+00,  0.00000000e+00,  0.00000000e+00,  0.00000000e+00,
        0.00000000e+00,  0.00000000e+00,  0.00000000e+00,  0.00000000e+00,
        0.00000000e+00,  0.00000000e+00,  0.00000000e+00,  0.00000000e+00,
        0.00000000e+00,  0.00000000e+00,  0.00000000e+00,  0.00000000e+00,
        0.00000000e+00,  0.00000000e+00,  0.00000000e+00,  0.00000000e+00,
        0.00000000e+00,  0.00000000e+00,  0.00000000e+00,  0.00000000e+00,
        0.00000000e+00,  0.00000000e+00,  0.00000000e+00,  0.00000000e+00,
        0.00000000e+00,  0.00000000e+00,  0.00000000e+00,  0.00000000e+00,
        0.00000000e+00,  0.00000000e+00,  0.00000000e+00,  0.00000000e+00,
        0.00000000e+00,  0.00000000e+00,  0.00000000e+00,  0.00000000e+00,
        0.00000000e+00,  0.00000000e+00,  0.00000000e+00,  0.00000000e+00,
        0.00000000e+00,  0.00000000e+00,  0.00000000e+00,  0.00000000e+00,
        0.00000000e+00,  0.00000000e+00,  0.00000000e+00,  0.00000000e+00,
        0.00000000e+00,  0.00000000e+00,  0.00000000e+00,  0.00000000e+00,
        0.00000000e+00,  0.00000000e+00,  0.00000000e+00,  0.00000000e+00,
        0.00000000e+00,  0.00000000e+00,  0.00000000e+00,  0.00000000e+00,
        0.00000000e+00,  0.00000000e+00,  0.00000000e+00,  0.00000000e+00,
        0.00000000e+00,  0.00000000e+00,  0.00000000e+00,  0.00000000e+00,
        0.00000000e+00, -7.45142100e-09, -4.47869223e-09, -1.20664533e-08,
       -2.98404840e-09, -6.95946056e-09, -7.16503033e-09, -2.90674702e-09,
       -6.65643708e-09, -4.04859752e-09, -4.76208788e-09, -9.92320665e-09,
        0.00000000e+00,  0.00000000e+00,  0.00000000e+00,  0.00000000e+00,
        0.00000000e+00, -2.25103683e-09,  1.52245019e-08,  6.55958829e-09,
        1.12162978e-08,  7.31567232e-09,  6.60593930e-09,  8.47697222e-09,
        5.08933246e-09,  7.75056038e-09,  8.65880810e-09,  1.09853910e-08,
        0.00000000e+00,  0.00000000e+00,  0.00000000e+00,  0.00000000e+00,
        0.00000000e+00, -3.33387701e-08, -2.06898870e-09, -1.53332240e-08,
       -1.77784039e-08, -1.76884153e-08, -1.59568834e-08, -1.18032872e-08,
       -1.60879327e-08, -1.18315465e-08, -1.53322746e-08, -2.83865425e-08,
        0.00000000e+00,  0.00000000e+00,  0.00000000e+00,  0.00000000e+00,
        0.00000000e+00, -3.57119709e-08,  8.84743530e-09,  3.62150411e-08,
        2.22934142e-09,  1.95810963e-08,  1.94841719e-08,  2.44238291e-08,
        1.31525834e-08,  2.15547383e-08,  2.04033464e-08,  2.55327531e-08,
        0.00000000e+00,  0.00000000e+00,  0.00000000e+00,  0.00000000e+00,
        0.00000000e+00, -3.92201044e-08,  4.19662894e-09,  5.92680866e-08,
       -2.51503572e-08,  1.29140319e-08, -2.59421034e-08, -1.54870153e-09,
       -6.15035975e-08, -2.86493093e-08, -4.57392122e-08, -7.06036041e-08,
        0.00000000e+00,  0.00000000e+00,  0.00000000e+00,  0.00000000e+00,
        0.00000000e+00, -9.25703410e-08, -4.13990432e-08,  6.86143027e-08,
       -6.87624025e-08, -1.61785130e-08, -5.27688935e-08, -1.11975530e-08,
       -5.74500009e-08,  2.32665473e-08,  7.72285167e-10, -1.17514864e-08,
        0.00000000e+00,  0.00000000e+00,  0.00000000e+00,  0.00000000e+00,
        0.00000000e+00, -1.18728137e-07, -2.86974454e-08,  1.90365478e-07,
       -3.41354418e-08,  1.25969192e-07,  2.67037150e-08,  4.44426993e-05,
        2.15389475e-05,  3.46493787e-05,  2.66921791e-05,  2.32746992e-05,
        0.00000000e+00,  0.00000000e+00,  0.00000000e+00,  0.00000000e+00,
        0.00000000e+00, -1.63365830e-07, -1.89572656e-09,  2.12905599e-07,
       -2.20649828e-07,  2.08760558e-08, -2.03254502e-07, -3.32895363e-05,
       -4.99098669e-05, -3.45286509e-05, -3.80914613e-05, -6.81097999e-05,
        0.00000000e+00,  0.00000000e+00,  0.00000000e+00,  0.00000000e+00,
        0.00000000e+00, -1.66302613e-07,  2.25041564e-07,  4.72217936e-07,
       -2.30255218e-07,  4.64606689e-07,  9.03590417e-10,  8.94388110e-05,
        6.14228912e-05, -1.52839634e-02, -1.71726654e-02,  2.41509724e-02,
        0.00000000e+00,  0.00000000e+00,  0.00000000e+00,  0.00000000e+00,
        0.00000000e+00, -2.11937142e-07,  3.70499854e-07,  4.94091415e-07,
       -5.18333718e-07,  3.77746828e-07, -5.60644004e-07, -7.04074809e-05,
       -7.89658841e-05, -7.11207341e-03, -1.85569698e-03,  1.19820188e-01,
        0.00000000e+00,  0.00000000e+00,  0.00000000e+00,  0.00000000e+00,
        0.00000000e+00, -3.73266484e-07,  6.18456406e-07,  9.00858127e-07,
       -5.46765751e-07,  1.43415729e-06, -2.01729994e-07,  2.38838466e-04,
        3.02587803e-04, -3.79941558e-02, -3.43383088e-02, -5.62052918e-02,
        8.00000000e+00,  1.93752414e+00,  3.05555760e-01,  3.42402782e-03,
       -1.88115909e-04,  8.38967473e-04, -9.53952447e-07,  9.66317141e-08,
        7.67526254e-07, -6.00929175e-07,  2.31300804e-07, -2.09354140e-07,
        0.00000000e+00,  0.00000000e+00,  0.00000000e+00,  0.00000000e+00,
        0.00000000e+00,  1.34454963e+00, -2.55082879e-02,  3.81862277e-01,
        1.58723191e-01, -4.47581310e-04,  2.89655458e-04, -1.26652598e-06,
       -1.32281037e-07,  6.81225140e-07, -7.08907351e-07,  2.47962313e-07,
       -2.20721243e-07,  0.00000000e+00,  0.00000000e+00,  0.00000000e+00,
        0.00000000e+00,  0.00000000e+00, -1.28546583e-03, -4.17201140e-02,
        8.19049232e-02, -4.59685586e-02,  4.08572073e-05,  3.14887521e-04,
       -1.71847594e-07,  3.24466162e-07,  5.20819099e-07, -6.34169253e-07,
        3.28329313e-07, -2.74739207e-07,  0.00000000e+00,  0.00000000e+00,
        0.00000000e+00,  0.00000000e+00,  0.00000000e+00, -2.24675314e-02,
        6.64209612e-03,  1.33002721e-02, -3.50276447e-03, -1.05502918e-04,
       -3.15681877e-05, -2.67843129e-07, -1.11639426e-07,  4.96073561e-08,
       -4.03015147e-07,  3.12125418e-07, -3.06171400e-07,  0.00000000e+00,
        0.00000000e+00,  0.00000000e+00,  0.00000000e+00,  0.00000000e+00,
        1.71025659e-05,  2.00071927e-05,  2.85711173e-05,  4.25137547e-05,
        4.35983487e-05,  7.21937199e-05,  7.10811628e-08,  1.42261472e-07,
        8.74626474e-08, -3.12488288e-09,  1.46293630e-07, -1.36893182e-07,
        0.00000000e+00,  0.00000000e+00,  0.00000000e+00,  0.00000000e+00,
        0.00000000e+00, -6.02207171e-06, -4.87981277e-06, -1.06680715e-05,
       -2.05242573e-05, -3.60226649e-05, -2.96000890e-05, -9.50064442e-08,
       -6.28807058e-08, -6.27690706e-08, -6.12111692e-08, -4.61266181e-08,
       -8.55274629e-08,  0.00000000e+00,  0.00000000e+00,  0.00000000e+00,
        0.00000000e+00,  0.00000000e+00, -1.58330189e-08, -1.65127901e-08,
       -1.87151968e-08, -1.30213399e-08,  1.07542192e-09,  2.25151024e-08,
        2.68995749e-08,  7.43453000e-08,  2.55146539e-09,  4.48592147e-08,
       -3.77043534e-08, -1.92102587e-08,  0.00000000e+00,  0.00000000e+00,
        0.00000000e+00,  0.00000000e+00,  0.00000000e+00,  1.83237914e-08,
        2.00916947e-08,  2.45439038e-08,  3.01358391e-08,  4.09943048e-08,
        4.38465054e-08,  2.86593522e-08,  4.46901715e-08, -1.72095357e-08,
        1.94894304e-08, -5.97677703e-08,  1.48790884e-08,  0.00000000e+00,
        0.00000000e+00,  0.00000000e+00,  0.00000000e+00,  0.00000000e+00,
       -9.34555395e-09, -1.00098231e-08, -1.13855945e-08, -1.44240503e-08,
       -1.66309405e-08, -2.16305381e-08, -2.40501983e-08, -1.85450477e-08,
       -3.07915332e-08,  1.95047874e-08, -4.91231315e-08,  4.09188341e-08,
        0.00000000e+00,  0.00000000e+00,  0.00000000e+00,  0.00000000e+00,
        0.00000000e+00,  7.06507740e-09,  7.45936192e-09,  8.97896365e-09,
        9.94350423e-09,  1.25713703e-08,  1.41682543e-08,  1.62402202e-08,
        2.02914674e-08,  1.26224400e-08,  4.20371050e-08, -2.25633134e-08,
        4.42130026e-08,  0.00000000e+00,  0.00000000e+00,  0.00000000e+00,
        0.00000000e+00,  0.00000000e+00, -2.00740607e-09, -2.26310234e-09,
       -2.70074054e-09, -3.98872015e-09, -5.00616955e-09, -5.91707051e-09,
       -7.51136963e-09, -6.79766037e-09, -1.13356788e-08,  1.63242230e-10,
       -2.90373814e-08,  1.72662628e-08,  0.00000000e+00,  0.00000000e+00,
        0.00000000e+00,  0.00000000e+00,  0.00000000e+00, -2.84030486e-11,
        4.92863732e-11,  5.96031152e-10,  1.07184780e-09,  1.96903626e-09,
        4.20518785e-09,  4.21364119e-09,  5.98395614e-09,  5.03949369e-09,
        1.20995073e-08, -5.40350816e-09,  2.30918787e-08,  0.00000000e+00,
        0.00000000e+00,  0.00000000e+00,  0.00000000e+00,  0.00000000e+00,
        0.00000000e+00,  0.00000000e+00,  0.00000000e+00,  0.00000000e+00,
        0.00000000e+00,  0.00000000e+00,  0.00000000e+00,  0.00000000e+00,
        0.00000000e+00,  0.00000000e+00,  0.00000000e+00,  0.00000000e+00,
        0.00000000e+00,  0.00000000e+00,  0.00000000e+00,  0.00000000e+00,
        0.00000000e+00,  0.00000000e+00,  0.00000000e+00,  0.00000000e+00,
        0.00000000e+00,  0.00000000e+00,  0.00000000e+00,  0.00000000e+00,
        0.00000000e+00,  0.00000000e+00,  0.00000000e+00,  0.00000000e+00,
        0.00000000e+00,  0.00000000e+00,  0.00000000e+00,  0.00000000e+00,
        0.00000000e+00,  0.00000000e+00,  0.00000000e+00,  0.00000000e+00,
        0.00000000e+00,  0.00000000e+00,  0.00000000e+00,  0.00000000e+00,
        0.00000000e+00,  0.00000000e+00,  0.00000000e+00,  0.00000000e+00,
        0.00000000e+00,  0.00000000e+00,  0.00000000e+00,  0.00000000e+00,
        0.00000000e+00,  0.00000000e+00,  0.00000000e+00,  0.00000000e+00,
        0.00000000e+00,  0.00000000e+00,  0.00000000e+00,  0.00000000e+00,
        0.00000000e+00,  0.00000000e+00,  0.00000000e+00,  0.00000000e+00,
        0.00000000e+00,  0.00000000e+00,  0.00000000e+00,  0.00000000e+00,
        0.00000000e+00,  0.00000000e+00,  0.00000000e+00,  0.00000000e+00,
        0.00000000e+00,  0.00000000e+00,  0.00000000e+00,  0.00000000e+00,
        0.00000000e+00,  0.00000000e+00,  0.00000000e+00,  0.00000000e+00,
        0.00000000e+00,  0.00000000e+00,  0.00000000e+00,  0.00000000e+00,
        0.00000000e+00,  0.00000000e+00,  0.00000000e+00,  0.00000000e+00,
        0.00000000e+00], dtype=float64),
                   'Te_l': Array([], shape=(0,), dtype=float64),
                   'Ti_l': Array([], shape=(0,), dtype=float64),
                   'Z_lmn': Array([-2.50055453e-07, -1.94188495e-07, -1.96735618e-07, ...,
       -2.78567058e-08,  8.99905939e-08, -1.41519628e-07], dtype=float64),
                   'Za_n': Array([ 1.92790268e-07,  1.86546236e-07,  3.12732708e-07,  3.95081715e-07,
        5.70692218e-07,  6.27613177e-07,  8.01463325e-07,  9.61003276e-07,
        3.92022039e-07, -5.99462636e-06, -6.67028740e-05, -1.14126954e-05,
        2.08897388e-03,  8.53469075e-03,  1.01026014e-01,  1.44276632e+00],      dtype=float64),
                   'Zb_lmn': Array([ 0.00000000e+00,  0.00000000e+00,  0.00000000e+00,  0.00000000e+00,
        0.00000000e+00,  0.00000000e+00,  0.00000000e+00,  0.00000000e+00,
        0.00000000e+00,  0.00000000e+00,  0.00000000e+00,  0.00000000e+00,
        0.00000000e+00,  0.00000000e+00,  0.00000000e+00,  0.00000000e+00,
        0.00000000e+00,  0.00000000e+00,  0.00000000e+00,  0.00000000e+00,
        0.00000000e+00,  0.00000000e+00,  0.00000000e+00,  0.00000000e+00,
        0.00000000e+00,  0.00000000e+00,  0.00000000e+00,  0.00000000e+00,
        0.00000000e+00,  0.00000000e+00,  0.00000000e+00,  0.00000000e+00,
        0.00000000e+00,  0.00000000e+00,  0.00000000e+00,  0.00000000e+00,
        0.00000000e+00,  0.00000000e+00,  0.00000000e+00,  0.00000000e+00,
        0.00000000e+00,  0.00000000e+00,  0.00000000e+00,  0.00000000e+00,
        0.00000000e+00,  0.00000000e+00,  0.00000000e+00,  0.00000000e+00,
        0.00000000e+00,  0.00000000e+00,  0.00000000e+00,  0.00000000e+00,
        0.00000000e+00,  0.00000000e+00,  0.00000000e+00,  0.00000000e+00,
        0.00000000e+00,  0.00000000e+00,  0.00000000e+00,  0.00000000e+00,
        0.00000000e+00,  0.00000000e+00,  0.00000000e+00,  0.00000000e+00,
        0.00000000e+00,  0.00000000e+00,  0.00000000e+00,  0.00000000e+00,
        0.00000000e+00,  0.00000000e+00,  0.00000000e+00,  0.00000000e+00,
        0.00000000e+00,  0.00000000e+00,  0.00000000e+00,  0.00000000e+00,
        0.00000000e+00,  0.00000000e+00,  0.00000000e+00,  0.00000000e+00,
        0.00000000e+00,  0.00000000e+00,  0.00000000e+00,  0.00000000e+00,
        0.00000000e+00,  5.06682819e-09,  9.20202071e-09,  6.04121656e-09,
        9.28980567e-09,  7.60964202e-09,  1.46971742e-09,  1.30300913e-08,
       -5.05209683e-09,  7.42348142e-09, -9.49185975e-09, -4.77487683e-09,
        2.10931933e-08,  0.00000000e+00,  0.00000000e+00,  0.00000000e+00,
        0.00000000e+00,  0.00000000e+00, -6.04650509e-09, -9.67419233e-09,
       -8.90365255e-09, -2.85039964e-09, -4.42099518e-10, -5.69338197e-09,
        1.09087478e-08, -4.07520543e-09,  5.29428157e-09,  3.48235964e-09,
        2.16293593e-08,  2.11802414e-08,  0.00000000e+00,  0.00000000e+00,
        0.00000000e+00,  0.00000000e+00,  0.00000000e+00,  9.50890349e-09,
        1.62999570e-08,  3.66606381e-09, -3.80936883e-09, -1.17764656e-08,
       -2.23425660e-08,  7.13200877e-09, -3.19171149e-08, -1.59068488e-08,
       -1.35579672e-08,  2.43969945e-09, -4.51587416e-09,  0.00000000e+00,
        0.00000000e+00,  0.00000000e+00,  0.00000000e+00,  0.00000000e+00,
       -8.13321484e-09, -9.78817357e-09,  7.19796943e-09,  2.12551036e-08,
        2.36664965e-08,  9.24771953e-09,  3.88398527e-08, -1.08657420e-09,
        2.36608115e-08,  5.39614951e-08,  5.11757624e-08, -3.85447548e-08,
        0.00000000e+00,  0.00000000e+00,  0.00000000e+00,  0.00000000e+00,
        0.00000000e+00,  1.08162195e-09, -2.00007224e-08, -4.27309047e-08,
       -4.09221021e-08, -3.75104547e-08, -6.69035578e-08,  7.37425354e-09,
       -8.00520403e-08, -3.12991869e-08, -2.35290603e-08,  1.05570767e-07,
       -1.80356668e-07,  0.00000000e+00,  0.00000000e+00,  0.00000000e+00,
        0.00000000e+00,  0.00000000e+00,  2.10275849e-08,  6.55620294e-08,
        4.49941550e-08,  5.31070089e-08,  3.10276711e-08,  2.17497219e-08,
        1.04121701e-07, -4.18953509e-08,  5.38907035e-08, -9.49129314e-08,
        2.06639650e-07, -2.39709219e-07,  0.00000000e+00,  0.00000000e+00,
        0.00000000e+00,  0.00000000e+00,  0.00000000e+00, -2.36769164e-05,
       -5.06138168e-05, -2.44572478e-05, -1.25441737e-05, -2.79967717e-05,
       -4.45950773e-05,  4.62296345e-08, -1.07781020e-07,  8.64419593e-09,
       -1.79829007e-07,  2.75605436e-07, -2.92048362e-07,  0.00000000e+00,
        0.00000000e+00,  0.00000000e+00,  0.00000000e+00,  0.00000000e+00,
        2.67393868e-05,  6.21762936e-05,  1.06108813e-07, -3.39296393e-06,
       -2.28670689e-05, -1.25286529e-05,  1.85098836e-07, -1.33732188e-07,
       -3.44038833e-08, -2.60553749e-08,  1.88064628e-07, -2.59542185e-07,
        0.00000000e+00,  0.00000000e+00,  0.00000000e+00,  0.00000000e+00,
        0.00000000e+00, -1.52255838e-02, -2.13311886e-02, -3.59303411e-04,
       -1.96107842e-02, -4.14763536e-05, -5.25552416e-05,  3.23873302e-07,
       -2.62157777e-07, -5.66346895e-08,  4.30131432e-07, -2.38831839e-07,
        3.12956317e-07,  0.00000000e+00,  0.00000000e+00,  0.00000000e+00,
        0.00000000e+00,  0.00000000e+00,  9.67847495e-02,  1.06962772e-01,
        4.73727568e-02,  4.41562834e-02, -1.41951785e-04, -1.03482201e-04,
        3.22294466e-07, -4.79073249e-07, -1.32726615e-07,  4.88277127e-07,
       -4.49103638e-07,  3.61215827e-07,  0.00000000e+00,  0.00000000e+00,
        0.00000000e+00,  0.00000000e+00,  0.00000000e+00,  1.49602495e+00,
        6.80233028e-02,  8.41231280e-03, -1.13636585e-02, -1.65321493e-04,
       -5.80237729e-05,  4.68417287e-07, -3.63698950e-07,  2.37556236e-07,
       -4.20217631e-08, -1.98142650e-08,  3.09683855e-07,  0.00000000e+00,
        0.00000000e+00,  0.00000000e+00,  0.00000000e+00,  0.00000000e+00,
        0.00000000e+00,  0.00000000e+00,  0.00000000e+00,  0.00000000e+00,
        0.00000000e+00,  3.11150301e-07, -3.30999148e-07,  4.90091261e-07,
       -1.71844719e-07,  8.91248519e-07, -4.93985053e-07, -4.71652081e-04,
        4.06166900e-04, -1.62710494e-01, -2.62023927e-01, -1.56434677e+00,
        0.00000000e+00,  0.00000000e+00,  0.00000000e+00,  0.00000000e+00,
        0.00000000e+00, -2.46181137e-07, -7.81399209e-08,  9.34420851e-07,
       -3.88978862e-07,  1.96520314e-06, -2.74644333e-07, -2.91316576e-04,
        5.88900039e-04, -2.51451743e-01, -9.94161791e-02, -8.68536429e-02,
        0.00000000e+00,  0.00000000e+00,  0.00000000e+00,  0.00000000e+00,
        0.00000000e+00, -7.43622348e-07,  1.87065547e-07,  8.28841218e-07,
       -6.59233277e-07,  8.54292928e-07, -2.07222495e-07, -2.02296650e-04,
        2.31359632e-04, -1.39556087e-02, -3.44907095e-03,  2.29160201e-02,
        0.00000000e+00,  0.00000000e+00,  0.00000000e+00,  0.00000000e+00,
        0.00000000e+00, -1.90631917e-07, -7.06949777e-08,  6.59747053e-07,
       -4.30927678e-07,  4.75983932e-07,  6.67256064e-08, -5.84701626e-05,
        6.93408442e-05, -1.70526178e-02,  4.32671694e-03, -5.74944126e-03,
        0.00000000e+00,  0.00000000e+00,  0.00000000e+00,  0.00000000e+00,
        0.00000000e+00,  6.14296590e-08, -1.92047516e-07,  4.21888347e-07,
       -3.30627026e-07,  2.36104135e-07,  2.40256337e-08, -7.68999680e-05,
        1.24418491e-05, -1.17632033e-05, -3.74756489e-05, -1.63417024e-05,
        0.00000000e+00,  0.00000000e+00,  0.00000000e+00,  0.00000000e+00,
        0.00000000e+00,  9.25916374e-09, -8.30194722e-08,  2.13282819e-07,
       -1.89942547e-07,  1.02031743e-07,  7.35258605e-08, -4.26921881e-05,
        2.59754399e-05,  2.03253082e-05, -1.18533439e-05, -7.84143475e-06,
        0.00000000e+00,  0.00000000e+00,  0.00000000e+00,  0.00000000e+00,
        0.00000000e+00, -9.04903561e-08, -1.11120607e-08,  5.99660971e-08,
       -6.36593978e-08,  4.62118288e-08,  9.69819107e-08, -3.85151136e-08,
        1.50849653e-08,  4.84151518e-08,  2.83095744e-08,  2.42299760e-08,
        0.00000000e+00,  0.00000000e+00,  0.00000000e+00,  0.00000000e+00,
        0.00000000e+00,  3.77934364e-08, -7.15026151e-08,  3.97236138e-08,
       -5.49121122e-08, -8.41597889e-08,  2.75801127e-08, -5.96139208e-08,
       -4.13425160e-08, -2.20924192e-08, -3.97864517e-08, -2.76448007e-08,
        0.00000000e+00,  0.00000000e+00,  0.00000000e+00,  0.00000000e+00,
        0.00000000e+00,  1.21137994e-07, -4.37807563e-08,  8.17920003e-08,
       -5.35608025e-09,  1.28340427e-08,  5.00525870e-08,  5.16730979e-09,
        1.60646292e-08,  2.78305041e-08,  1.61784096e-08,  9.38525370e-09,
        0.00000000e+00,  0.00000000e+00,  0.00000000e+00,  0.00000000e+00,
        0.00000000e+00,  8.39460982e-08, -4.56943740e-08,  1.75436609e-08,
       -4.50837080e-08, -1.79065746e-08,  7.16151490e-09, -3.37985024e-08,
       -1.82700259e-08, -7.32573351e-10, -1.06768747e-08, -4.15053440e-09,
        0.00000000e+00,  0.00000000e+00,  0.00000000e+00,  0.00000000e+00,
        0.00000000e+00,  7.24920729e-08, -7.74106495e-09,  2.39429601e-08,
       -1.01977561e-08,  4.16993473e-09,  1.75392638e-08, -7.25076833e-09,
       -3.44435648e-10,  3.58061676e-09, -5.00310692e-09, -2.13333114e-09,
        0.00000000e+00,  0.00000000e+00,  0.00000000e+00,  0.00000000e+00,
        0.00000000e+00,  3.55515341e-08, -1.02145914e-08,  2.26753344e-08,
       -2.16011721e-08,  1.63801020e-09,  2.15628213e-08, -9.50102462e-09,
        3.34786648e-09,  1.13386058e-08,  3.15645947e-09,  3.06713595e-09,
        0.00000000e+00,  0.00000000e+00,  0.00000000e+00,  0.00000000e+00,
        0.00000000e+00,  0.00000000e+00,  0.00000000e+00,  0.00000000e+00,
        0.00000000e+00,  0.00000000e+00,  0.00000000e+00,  0.00000000e+00,
        0.00000000e+00,  0.00000000e+00,  0.00000000e+00,  0.00000000e+00,
        0.00000000e+00,  0.00000000e+00,  0.00000000e+00,  0.00000000e+00,
        0.00000000e+00,  0.00000000e+00,  0.00000000e+00,  0.00000000e+00,
        0.00000000e+00,  0.00000000e+00,  0.00000000e+00,  0.00000000e+00,
        0.00000000e+00,  0.00000000e+00,  0.00000000e+00,  0.00000000e+00,
        0.00000000e+00,  0.00000000e+00,  0.00000000e+00,  0.00000000e+00,
        0.00000000e+00,  0.00000000e+00,  0.00000000e+00,  0.00000000e+00,
        0.00000000e+00,  0.00000000e+00,  0.00000000e+00,  0.00000000e+00,
        0.00000000e+00,  0.00000000e+00,  0.00000000e+00,  0.00000000e+00,
        0.00000000e+00,  0.00000000e+00,  0.00000000e+00,  0.00000000e+00,
        0.00000000e+00,  0.00000000e+00,  0.00000000e+00,  0.00000000e+00,
        0.00000000e+00,  0.00000000e+00,  0.00000000e+00,  0.00000000e+00,
        0.00000000e+00,  0.00000000e+00,  0.00000000e+00,  0.00000000e+00,
        0.00000000e+00,  0.00000000e+00,  0.00000000e+00,  0.00000000e+00,
        0.00000000e+00,  0.00000000e+00,  0.00000000e+00,  0.00000000e+00,
        0.00000000e+00,  0.00000000e+00,  0.00000000e+00,  0.00000000e+00,
        0.00000000e+00,  0.00000000e+00,  0.00000000e+00,  0.00000000e+00],      dtype=float64),
                   'Zeff_l': Array([], shape=(0,), dtype=float64),
                   'a_lmn': Array([], shape=(0,), dtype=float64),
                   'c_l': Array([0., 0., 0., 0., 0., 0., 0., 0., 0.], dtype=float64),
                   'i_l': Array([], shape=(0,), dtype=float64),
                   'ne_l': Array([], shape=(0,), dtype=float64),
                   'ni_l': Array([], shape=(0,), dtype=float64),
                   'p_l': Array([0., 0., 0., 0., 0., 0., 0., 0., 0.], dtype=float64)}],
               [ { 'G': Array([], shape=(0,), dtype=float64),
                   'I': Array([], shape=(0,), dtype=float64),
                   'L_lmn': Array([-3.83685635e-09,  3.05486647e-07,  1.09349983e-06, ...,
        9.79231746e-08, -8.53237924e-08,  2.60212048e-07], dtype=float64),
                   'Phi_mn': Array([], shape=(0,), dtype=float64),
                   'Psi': Array([0.56954665], dtype=float64),
                   'R_lmn': Array([ 2.05590806e-07, -5.07903599e-07,  1.84999259e-06, ...,
       -1.39502172e-07, -1.74908478e-07,  0.00000000e+00], dtype=float64),
                   'Ra_n': Array([ 8.18999044e+00,  1.57161494e+00,  7.82384116e-02, -3.50030426e-03,
        9.59035766e-04,  4.19100499e-04,  2.92941410e-05, -1.04524270e-05,
       -5.31136655e-06, -1.79120064e-06, -1.12537783e-06, -6.15272171e-07,
       -3.83714741e-07, -3.42836389e-07, -2.35108780e-07, -7.05740419e-08,
       -4.06271601e-08], dtype=float64),
                   'Rb_lmn': Array([ 0.00000000e+00,  0.00000000e+00,  0.00000000e+00,  0.00000000e+00,
        0.00000000e+00,  0.00000000e+00,  0.00000000e+00,  0.00000000e+00,
        0.00000000e+00,  0.00000000e+00,  0.00000000e+00,  0.00000000e+00,
        0.00000000e+00,  0.00000000e+00,  0.00000000e+00,  0.00000000e+00,
        0.00000000e+00,  0.00000000e+00,  0.00000000e+00,  0.00000000e+00,
        0.00000000e+00,  0.00000000e+00,  0.00000000e+00,  0.00000000e+00,
        0.00000000e+00,  0.00000000e+00,  0.00000000e+00,  0.00000000e+00,
        0.00000000e+00,  0.00000000e+00,  0.00000000e+00,  0.00000000e+00,
        0.00000000e+00,  0.00000000e+00,  0.00000000e+00,  0.00000000e+00,
        0.00000000e+00,  0.00000000e+00,  0.00000000e+00,  0.00000000e+00,
        0.00000000e+00,  0.00000000e+00,  0.00000000e+00,  0.00000000e+00,
        0.00000000e+00,  0.00000000e+00,  0.00000000e+00,  0.00000000e+00,
        0.00000000e+00,  0.00000000e+00,  0.00000000e+00,  0.00000000e+00,
        0.00000000e+00,  0.00000000e+00,  0.00000000e+00,  0.00000000e+00,
        0.00000000e+00,  0.00000000e+00,  0.00000000e+00,  0.00000000e+00,
        0.00000000e+00,  0.00000000e+00,  0.00000000e+00,  0.00000000e+00,
        0.00000000e+00,  0.00000000e+00,  0.00000000e+00,  0.00000000e+00,
        0.00000000e+00,  0.00000000e+00,  0.00000000e+00,  0.00000000e+00,
        0.00000000e+00,  0.00000000e+00,  0.00000000e+00,  0.00000000e+00,
        0.00000000e+00,  0.00000000e+00,  0.00000000e+00,  0.00000000e+00,
        0.00000000e+00,  0.00000000e+00,  0.00000000e+00,  0.00000000e+00,
        0.00000000e+00, -7.88606065e-09, -4.77669778e-09, -1.28630779e-08,
       -3.17725141e-09, -7.41312485e-09, -7.63400271e-09, -3.10004122e-09,
       -7.09016590e-09, -4.31377484e-09, -5.07449269e-09, -1.05729068e-08,
        0.00000000e+00,  0.00000000e+00,  0.00000000e+00,  0.00000000e+00,
        0.00000000e+00, -2.27385773e-09,  1.61931323e-08,  6.98876245e-09,
        1.19513396e-08,  7.79443900e-09,  7.04212180e-09,  9.02784442e-09,
        5.42361161e-09,  8.25864315e-09,  9.22549721e-09,  1.17019357e-08,
        0.00000000e+00,  0.00000000e+00,  0.00000000e+00,  0.00000000e+00,
        0.00000000e+00, -3.52870131e-08, -2.28138386e-09, -1.59147503e-08,
       -1.84970166e-08, -1.83943189e-08, -1.65890651e-08, -1.22816162e-08,
       -1.67318377e-08, -1.23039494e-08, -1.59470414e-08, -2.95262582e-08,
        0.00000000e+00,  0.00000000e+00,  0.00000000e+00,  0.00000000e+00,
        0.00000000e+00, -3.76315098e-08,  9.26404298e-09,  3.77312199e-08,
        2.31633447e-09,  2.03751963e-08,  2.02664431e-08,  2.53972838e-08,
        1.36845610e-08,  2.24136407e-08,  2.12228746e-08,  2.65556256e-08,
        0.00000000e+00,  0.00000000e+00,  0.00000000e+00,  0.00000000e+00,
        0.00000000e+00, -4.11846727e-08,  4.22866248e-09,  6.17114581e-08,
       -2.61280721e-08,  1.32057396e-08, -2.65308896e-08, -1.58397598e-09,
       -6.29147124e-08, -2.93262863e-08, -4.67849853e-08, -7.22352148e-08,
        0.00000000e+00,  0.00000000e+00,  0.00000000e+00,  0.00000000e+00,
        0.00000000e+00, -9.79505797e-08, -4.43507626e-08,  7.13975723e-08,
       -7.14798276e-08, -1.66057532e-08, -5.39142535e-08, -1.15036434e-08,
       -5.87625732e-08,  2.38000166e-08,  8.02814316e-10, -1.20370474e-08,
        0.00000000e+00,  0.00000000e+00,  0.00000000e+00,  0.00000000e+00,
        0.00000000e+00, -1.25799857e-07, -3.09146996e-08,  1.97901866e-07,
       -3.54012870e-08,  1.28812480e-07,  2.73802799e-08,  4.44449416e-05,
        2.15399166e-05,  3.46513912e-05,  2.66934937e-05,  2.32759137e-05,
        0.00000000e+00,  0.00000000e+00,  0.00000000e+00,  0.00000000e+00,
        0.00000000e+00, -1.73503049e-07, -2.52471823e-09,  2.21161250e-07,
       -2.29294754e-07,  2.12646561e-08, -2.07872845e-07, -3.32911488e-05,
       -4.99126778e-05, -3.45306709e-05, -3.80937658e-05, -6.81132154e-05,
        0.00000000e+00,  0.00000000e+00,  0.00000000e+00,  0.00000000e+00,
        0.00000000e+00, -1.76619832e-07,  2.38976888e-07,  4.90550567e-07,
       -2.39049078e-07,  4.75160880e-07,  1.02790976e-09,  8.94437095e-05,
        6.14266491e-05, -1.52839596e-02, -1.71726620e-02,  2.41509764e-02,
        0.00000000e+00,  0.00000000e+00,  0.00000000e+00,  0.00000000e+00,
        0.00000000e+00, -2.25182211e-07,  3.94058351e-07,  5.13386217e-07,
       -5.38867338e-07,  3.86223452e-07, -5.73346968e-07, -7.04116018e-05,
       -7.89700563e-05, -7.11207961e-03, -1.85570173e-03,  1.19820177e-01,
        0.00000000e+00,  0.00000000e+00,  0.00000000e+00,  0.00000000e+00,
        0.00000000e+00, -3.96533881e-07,  6.57253919e-07,  9.36423775e-07,
       -5.68626753e-07,  1.46664398e-06, -2.05756832e-07,  2.38850557e-04,
        3.02604839e-04, -3.79941458e-02, -3.43382948e-02, -5.62052829e-02,
        8.00000000e+00,  1.93752415e+00,  3.05555815e-01,  3.42402771e-03,
       -1.88128092e-04,  8.39013832e-04, -9.76620369e-07,  1.01632826e-07,
        7.96768268e-07, -6.23754878e-07,  2.45602112e-07, -2.22042071e-07,
        0.00000000e+00,  0.00000000e+00,  0.00000000e+00,  0.00000000e+00,
        0.00000000e+00,  1.34454961e+00, -2.55082884e-02,  3.81862282e-01,
        1.58723186e-01, -4.47602708e-04,  2.89673519e-04, -1.29627522e-06,
       -1.32835616e-07,  7.07019510e-07, -7.35608199e-07,  2.63272882e-07,
       -2.34139011e-07,  0.00000000e+00,  0.00000000e+00,  0.00000000e+00,
        0.00000000e+00,  0.00000000e+00, -1.28546414e-03, -4.17201123e-02,
        8.19049287e-02, -4.59685558e-02,  4.08580531e-05,  3.14901900e-04,
       -1.75985829e-07,  3.32855455e-07,  5.40428016e-07, -6.57780768e-07,
        3.48605273e-07, -2.91470079e-07,  0.00000000e+00,  0.00000000e+00,
        0.00000000e+00,  0.00000000e+00,  0.00000000e+00, -2.24675332e-02,
        6.64209470e-03,  1.33002702e-02, -3.50276721e-03, -1.05507196e-04,
       -3.15689376e-05, -2.74094905e-07, -1.14006492e-07,  5.11507952e-08,
       -4.17814377e-07,  3.31089810e-07, -3.25057016e-07,  0.00000000e+00,
        0.00000000e+00,  0.00000000e+00,  0.00000000e+00,  0.00000000e+00,
        1.71036148e-05,  2.00083789e-05,  2.85727214e-05,  4.25157070e-05,
        4.36001811e-05,  7.21969100e-05,  7.26761172e-08,  1.45665658e-07,
        9.07318109e-08, -2.65392002e-09,  1.55136595e-07, -1.45539575e-07,
        0.00000000e+00,  0.00000000e+00,  0.00000000e+00,  0.00000000e+00,
        0.00000000e+00, -6.02256699e-06, -4.88024730e-06, -1.06689017e-05,
       -2.05254439e-05, -3.60244862e-05, -2.96014916e-05, -9.72346374e-08,
       -6.42556854e-08, -6.53761493e-08, -6.34390995e-08, -4.93535947e-08,
       -9.13270372e-08,  0.00000000e+00,  0.00000000e+00,  0.00000000e+00,
        0.00000000e+00,  0.00000000e+00, -1.62027273e-08, -1.68907263e-08,
       -1.91489468e-08, -1.33172340e-08,  1.08857925e-09,  2.30555924e-08,
        2.74883217e-08,  7.61215496e-08,  2.62449942e-09,  4.66545007e-08,
       -4.01314258e-08, -2.06737410e-08,  0.00000000e+00,  0.00000000e+00,
        0.00000000e+00,  0.00000000e+00,  0.00000000e+00,  1.87458950e-08,
        2.05566456e-08,  2.51100224e-08,  3.08351992e-08,  4.19292318e-08,
        4.48816666e-08,  2.93126436e-08,  4.56989515e-08, -1.78721238e-08,
        2.02491825e-08, -6.36643140e-08,  1.58116153e-08,  0.00000000e+00,
        0.00000000e+00,  0.00000000e+00,  0.00000000e+00,  0.00000000e+00,
       -9.72026899e-09, -1.04102168e-08, -1.18423427e-08, -1.50017586e-08,
       -1.72954832e-08, -2.24987432e-08, -2.50161139e-08, -1.92899071e-08,
       -3.20164962e-08,  2.02536606e-08, -5.23224018e-08,  4.35620747e-08,
        0.00000000e+00,  0.00000000e+00,  0.00000000e+00,  0.00000000e+00,
        0.00000000e+00,  7.34793968e-09,  7.75833934e-09,  9.33852643e-09,
        1.03417195e-08,  1.30755285e-08,  1.47341390e-08,  1.68927782e-08,
        2.10974075e-08,  1.31348462e-08,  4.37108733e-08, -2.40349714e-08,
        4.70921593e-08,  0.00000000e+00,  0.00000000e+00,  0.00000000e+00,
        0.00000000e+00,  0.00000000e+00, -2.13894706e-09, -2.41142114e-09,
       -2.87724307e-09, -4.25004224e-09, -5.33459068e-09, -6.30444475e-09,
       -8.00002280e-09, -7.25183749e-09, -1.20659813e-08,  1.59999691e-10,
       -3.09319792e-08,  1.84000970e-08,  0.00000000e+00,  0.00000000e+00,
        0.00000000e+00,  0.00000000e+00,  0.00000000e+00, -3.03296950e-11,
        5.23955300e-11,  6.35563847e-10,  1.14169679e-09,  2.09745316e-09,
        4.48050559e-09,  4.49146964e-09,  6.37031385e-09,  5.37487223e-09,
        1.28838148e-08, -5.74612493e-09,  2.45973043e-08,  0.00000000e+00,
        0.00000000e+00,  0.00000000e+00,  0.00000000e+00,  0.00000000e+00,
        0.00000000e+00,  0.00000000e+00,  0.00000000e+00,  0.00000000e+00,
        0.00000000e+00,  0.00000000e+00,  0.00000000e+00,  0.00000000e+00,
        0.00000000e+00,  0.00000000e+00,  0.00000000e+00,  0.00000000e+00,
        0.00000000e+00,  0.00000000e+00,  0.00000000e+00,  0.00000000e+00,
        0.00000000e+00,  0.00000000e+00,  0.00000000e+00,  0.00000000e+00,
        0.00000000e+00,  0.00000000e+00,  0.00000000e+00,  0.00000000e+00,
        0.00000000e+00,  0.00000000e+00,  0.00000000e+00,  0.00000000e+00,
        0.00000000e+00,  0.00000000e+00,  0.00000000e+00,  0.00000000e+00,
        0.00000000e+00,  0.00000000e+00,  0.00000000e+00,  0.00000000e+00,
        0.00000000e+00,  0.00000000e+00,  0.00000000e+00,  0.00000000e+00,
        0.00000000e+00,  0.00000000e+00,  0.00000000e+00,  0.00000000e+00,
        0.00000000e+00,  0.00000000e+00,  0.00000000e+00,  0.00000000e+00,
        0.00000000e+00,  0.00000000e+00,  0.00000000e+00,  0.00000000e+00,
        0.00000000e+00,  0.00000000e+00,  0.00000000e+00,  0.00000000e+00,
        0.00000000e+00,  0.00000000e+00,  0.00000000e+00,  0.00000000e+00,
        0.00000000e+00,  0.00000000e+00,  0.00000000e+00,  0.00000000e+00,
        0.00000000e+00,  0.00000000e+00,  0.00000000e+00,  0.00000000e+00,
        0.00000000e+00,  0.00000000e+00,  0.00000000e+00,  0.00000000e+00,
        0.00000000e+00,  0.00000000e+00,  0.00000000e+00,  0.00000000e+00,
        0.00000000e+00,  0.00000000e+00,  0.00000000e+00,  0.00000000e+00,
        0.00000000e+00,  0.00000000e+00,  0.00000000e+00,  0.00000000e+00,
        0.00000000e+00], dtype=float64),
                   'Te_l': Array([], shape=(0,), dtype=float64),
                   'Ti_l': Array([], shape=(0,), dtype=float64),
                   'Z_lmn': Array([-2.60605398e-07, -1.25870011e-07, -2.38135252e-07, ...,
       -3.06354950e-08,  9.16697047e-08, -1.40182478e-07], dtype=float64),
                   'Za_n': Array([ 1.83460300e-07,  1.85110012e-07,  3.16690702e-07,  3.98455803e-07,
        5.71302304e-07,  6.23211348e-07,  7.96980830e-07,  9.56561178e-07,
        3.98149385e-07, -5.97130471e-06, -6.66860135e-05, -1.14190043e-05,
        2.08885934e-03,  8.53519205e-03,  1.01026763e-01,  1.44277853e+00],      dtype=float64),
                   'Zb_lmn': Array([ 0.00000000e+00,  0.00000000e+00,  0.00000000e+00,  0.00000000e+00,
        0.00000000e+00,  0.00000000e+00,  0.00000000e+00,  0.00000000e+00,
        0.00000000e+00,  0.00000000e+00,  0.00000000e+00,  0.00000000e+00,
        0.00000000e+00,  0.00000000e+00,  0.00000000e+00,  0.00000000e+00,
        0.00000000e+00,  0.00000000e+00,  0.00000000e+00,  0.00000000e+00,
        0.00000000e+00,  0.00000000e+00,  0.00000000e+00,  0.00000000e+00,
        0.00000000e+00,  0.00000000e+00,  0.00000000e+00,  0.00000000e+00,
        0.00000000e+00,  0.00000000e+00,  0.00000000e+00,  0.00000000e+00,
        0.00000000e+00,  0.00000000e+00,  0.00000000e+00,  0.00000000e+00,
        0.00000000e+00,  0.00000000e+00,  0.00000000e+00,  0.00000000e+00,
        0.00000000e+00,  0.00000000e+00,  0.00000000e+00,  0.00000000e+00,
        0.00000000e+00,  0.00000000e+00,  0.00000000e+00,  0.00000000e+00,
        0.00000000e+00,  0.00000000e+00,  0.00000000e+00,  0.00000000e+00,
        0.00000000e+00,  0.00000000e+00,  0.00000000e+00,  0.00000000e+00,
        0.00000000e+00,  0.00000000e+00,  0.00000000e+00,  0.00000000e+00,
        0.00000000e+00,  0.00000000e+00,  0.00000000e+00,  0.00000000e+00,
        0.00000000e+00,  0.00000000e+00,  0.00000000e+00,  0.00000000e+00,
        0.00000000e+00,  0.00000000e+00,  0.00000000e+00,  0.00000000e+00,
        0.00000000e+00,  0.00000000e+00,  0.00000000e+00,  0.00000000e+00,
        0.00000000e+00,  0.00000000e+00,  0.00000000e+00,  0.00000000e+00,
        0.00000000e+00,  0.00000000e+00,  0.00000000e+00,  0.00000000e+00,
        0.00000000e+00,  5.39817892e-09,  9.80683062e-09,  6.43058627e-09,
        9.90555661e-09,  8.11227278e-09,  1.53870053e-09,  1.39046114e-08,
       -5.36409757e-09,  7.85739546e-09, -1.00312464e-08, -5.22701357e-09,
        2.25347965e-08,  0.00000000e+00,  0.00000000e+00,  0.00000000e+00,
        0.00000000e+00,  0.00000000e+00, -6.44273044e-09, -1.03080198e-08,
       -9.48528855e-09, -3.03275369e-09, -4.88241162e-10, -6.05464646e-09,
        1.16456286e-08, -4.37726827e-09,  5.60465079e-09,  3.83955188e-09,
        2.28857204e-08,  2.25877369e-08,  0.00000000e+00,  0.00000000e+00,
        0.00000000e+00,  0.00000000e+00,  0.00000000e+00,  9.89023637e-09,
        1.69500313e-08,  3.81621915e-09, -3.95549544e-09, -1.22744759e-08,
       -2.32119115e-08,  7.43353565e-09, -3.32527871e-08, -1.65866381e-08,
       -1.39111081e-08,  2.36773646e-09, -4.65475480e-09,  0.00000000e+00,
        0.00000000e+00,  0.00000000e+00,  0.00000000e+00,  0.00000000e+00,
       -8.45737533e-09, -1.01769629e-08,  7.47535863e-09,  2.21077789e-08,
        2.46364886e-08,  9.59022495e-09,  4.03799189e-08, -1.10648200e-09,
        2.45218378e-08,  5.63528416e-08,  5.41544740e-08, -4.06903807e-08,
        0.00000000e+00,  0.00000000e+00,  0.00000000e+00,  0.00000000e+00,
        0.00000000e+00,  1.10853129e-09, -2.04474587e-08, -4.37341520e-08,
       -4.18800108e-08, -3.83206460e-08, -6.84771985e-08,  7.46641380e-09,
       -8.17980372e-08, -3.26703246e-08, -2.41785130e-08,  1.11914541e-07,
       -1.91531696e-07,  0.00000000e+00,  0.00000000e+00,  0.00000000e+00,
        0.00000000e+00,  0.00000000e+00,  2.15154207e-08,  6.70793562e-08,
        4.60301651e-08,  5.43311519e-08,  3.17267053e-08,  2.23004959e-08,
        1.06474296e-07, -4.28106729e-08,  5.58720674e-08, -9.81249681e-08,
        2.19323766e-07, -2.54514159e-07,  0.00000000e+00,  0.00000000e+00,
        0.00000000e+00,  0.00000000e+00,  0.00000000e+00, -2.36777520e-05,
       -5.06157793e-05, -2.44580499e-05, -1.25443860e-05, -2.79978161e-05,
       -4.45964974e-05,  4.72757587e-08, -1.10055747e-07,  8.48668142e-09,
       -1.86115261e-07,  2.92688547e-07, -3.10090339e-07,  0.00000000e+00,
        0.00000000e+00,  0.00000000e+00,  0.00000000e+00,  0.00000000e+00,
        2.67404644e-05,  6.21785608e-05,  1.05889507e-07, -3.39312546e-06,
       -2.28678941e-05, -1.25291320e-05,  1.89244120e-07, -1.36389086e-07,
       -3.63607164e-08, -2.63240107e-08,  1.99502986e-07, -2.75598403e-07,
        0.00000000e+00,  0.00000000e+00,  0.00000000e+00,  0.00000000e+00,
        0.00000000e+00, -1.52255853e-02, -2.13311926e-02, -3.59300982e-04,
       -1.96107805e-02, -4.14782552e-05, -5.25570448e-05,  3.31073376e-07,
       -2.67652872e-07, -5.92410014e-08,  4.47747649e-07, -2.54179784e-07,
        3.32290000e-07,  0.00000000e+00,  0.00000000e+00,  0.00000000e+00,
        0.00000000e+00,  0.00000000e+00,  9.67847514e-02,  1.06962765e-01,
        4.73727535e-02,  4.41562831e-02, -1.41956932e-04, -1.03485363e-04,
        3.29553977e-07, -4.89773377e-07, -1.38533247e-07,  5.09183494e-07,
       -4.78354002e-07,  3.83180094e-07,  0.00000000e+00,  0.00000000e+00,
        0.00000000e+00,  0.00000000e+00,  0.00000000e+00,  1.49602494e+00,
        6.80233008e-02,  8.41232515e-03, -1.13636416e-02, -1.65328492e-04,
       -5.80262932e-05,  4.79144581e-07, -3.72107714e-07,  2.46573448e-07,
       -4.11676133e-08, -2.39937921e-08,  3.29595586e-07,  0.00000000e+00,
        0.00000000e+00,  0.00000000e+00,  0.00000000e+00,  0.00000000e+00,
        0.00000000e+00,  0.00000000e+00,  0.00000000e+00,  0.00000000e+00,
        0.00000000e+00,  3.30693742e-07, -3.52476167e-07,  5.10393963e-07,
       -1.78581554e-07,  9.11781443e-07, -5.05037505e-07, -4.71668759e-04,
        4.06183077e-04, -1.62710498e-01, -2.62023931e-01, -1.56434677e+00,
        0.00000000e+00,  0.00000000e+00,  0.00000000e+00,  0.00000000e+00,
        0.00000000e+00, -2.60490028e-07, -8.43867972e-08,  9.73377704e-07,
       -4.04747397e-07,  2.01058337e-06, -2.80488404e-07, -2.91328484e-04,
        5.88921298e-04, -2.51451753e-01, -9.94161810e-02, -8.68536429e-02,
        0.00000000e+00,  0.00000000e+00,  0.00000000e+00,  0.00000000e+00,
        0.00000000e+00, -7.85286001e-07,  1.96229099e-07,  8.62506364e-07,
       -6.85323524e-07,  8.73879790e-07, -2.11809961e-07, -2.02304445e-04,
        2.31368157e-04, -1.39556071e-02, -3.44907407e-03,  2.29160185e-02,
        0.00000000e+00,  0.00000000e+00,  0.00000000e+00,  0.00000000e+00,
        0.00000000e+00, -1.98896553e-07, -7.60125555e-08,  6.86174658e-07,
       -4.47905805e-07,  4.86806521e-07,  6.83691960e-08, -5.84727088e-05,
        6.93430200e-05, -1.70526180e-02,  4.32671833e-03, -5.74944011e-03,
        0.00000000e+00,  0.00000000e+00,  0.00000000e+00,  0.00000000e+00,
        0.00000000e+00,  6.59055312e-08, -2.03933993e-07,  4.38507214e-07,
       -3.43660136e-07,  2.41482479e-07,  2.46307224e-08, -7.69026114e-05,
        1.24422525e-05, -1.17634560e-05, -3.74772165e-05, -1.63423515e-05,
        0.00000000e+00,  0.00000000e+00,  0.00000000e+00,  0.00000000e+00,
        0.00000000e+00,  9.60149280e-09, -8.78069913e-08,  2.21550417e-07,
       -1.97328131e-07,  1.04255237e-07,  7.52434260e-08, -4.26938520e-05,
        2.59760392e-05,  2.03261325e-05, -1.18537920e-05, -7.84170999e-06,
        0.00000000e+00,  0.00000000e+00,  0.00000000e+00,  0.00000000e+00,
        0.00000000e+00, -9.61886078e-08, -1.16879500e-08,  6.21182819e-08,
       -6.60332531e-08,  4.72172993e-08,  9.92561203e-08, -3.94310826e-08,
        1.54117653e-08,  4.95668101e-08,  2.89604715e-08,  2.47787336e-08,
        0.00000000e+00,  0.00000000e+00,  0.00000000e+00,  0.00000000e+00,
        0.00000000e+00,  4.05690392e-08, -7.63174668e-08,  4.12608363e-08,
       -5.70210777e-08, -8.62046249e-08,  2.82993297e-08, -6.10241095e-08,
       -4.23303178e-08, -2.25705586e-08, -4.07116312e-08, -2.82889369e-08,
        0.00000000e+00,  0.00000000e+00,  0.00000000e+00,  0.00000000e+00,
        0.00000000e+00,  1.29210280e-07, -4.67331598e-08,  8.49499791e-08,
       -5.44122796e-09,  1.33194875e-08,  5.20307093e-08,  5.39218944e-09,
        1.67031849e-08,  2.89439061e-08,  1.68273633e-08,  9.75929755e-09,
        0.00000000e+00,  0.00000000e+00,  0.00000000e+00,  0.00000000e+00,
        0.00000000e+00,  8.95329522e-08, -4.87591522e-08,  1.82164330e-08,
       -4.68602475e-08, -1.86261222e-08,  7.45161838e-09, -3.51584818e-08,
       -1.90032658e-08, -7.56027090e-10, -1.11088200e-08, -4.31815033e-09,
        0.00000000e+00,  0.00000000e+00,  0.00000000e+00,  0.00000000e+00,
        0.00000000e+00,  7.73104432e-08, -8.35158467e-09,  2.55811305e-08,
       -1.08925056e-08,  4.40859446e-09,  1.87354054e-08, -7.74559282e-09,
       -3.73633090e-10,  3.82792242e-09, -5.33669258e-09, -2.27466819e-09,
        0.00000000e+00,  0.00000000e+00,  0.00000000e+00,  0.00000000e+00,
        0.00000000e+00,  3.79241134e-08, -1.09416015e-08,  2.41763078e-08,
       -2.30052280e-08,  1.70627465e-09,  2.30043998e-08, -1.01264086e-08,
        3.55664362e-09,  1.20910934e-08,  3.35930639e-09,  3.26572948e-09,
        0.00000000e+00,  0.00000000e+00,  0.00000000e+00,  0.00000000e+00,
        0.00000000e+00,  0.00000000e+00,  0.00000000e+00,  0.00000000e+00,
        0.00000000e+00,  0.00000000e+00,  0.00000000e+00,  0.00000000e+00,
        0.00000000e+00,  0.00000000e+00,  0.00000000e+00,  0.00000000e+00,
        0.00000000e+00,  0.00000000e+00,  0.00000000e+00,  0.00000000e+00,
        0.00000000e+00,  0.00000000e+00,  0.00000000e+00,  0.00000000e+00,
        0.00000000e+00,  0.00000000e+00,  0.00000000e+00,  0.00000000e+00,
        0.00000000e+00,  0.00000000e+00,  0.00000000e+00,  0.00000000e+00,
        0.00000000e+00,  0.00000000e+00,  0.00000000e+00,  0.00000000e+00,
        0.00000000e+00,  0.00000000e+00,  0.00000000e+00,  0.00000000e+00,
        0.00000000e+00,  0.00000000e+00,  0.00000000e+00,  0.00000000e+00,
        0.00000000e+00,  0.00000000e+00,  0.00000000e+00,  0.00000000e+00,
        0.00000000e+00,  0.00000000e+00,  0.00000000e+00,  0.00000000e+00,
        0.00000000e+00,  0.00000000e+00,  0.00000000e+00,  0.00000000e+00,
        0.00000000e+00,  0.00000000e+00,  0.00000000e+00,  0.00000000e+00,
        0.00000000e+00,  0.00000000e+00,  0.00000000e+00,  0.00000000e+00,
        0.00000000e+00,  0.00000000e+00,  0.00000000e+00,  0.00000000e+00,
        0.00000000e+00,  0.00000000e+00,  0.00000000e+00,  0.00000000e+00,
        0.00000000e+00,  0.00000000e+00,  0.00000000e+00,  0.00000000e+00,
        0.00000000e+00,  0.00000000e+00,  0.00000000e+00,  0.00000000e+00],      dtype=float64),
                   'Zeff_l': Array([], shape=(0,), dtype=float64),
                   'a_lmn': Array([], shape=(0,), dtype=float64),
                   'c_l': Array([0., 0., 0., 0., 0., 0., 0., 0., 0.], dtype=float64),
                   'i_l': Array([], shape=(0,), dtype=float64),
                   'ne_l': Array([], shape=(0,), dtype=float64),
                   'ni_l': Array([], shape=(0,), dtype=float64),
                   'p_l': Array([0., 0., 0., 0., 0., 0., 0., 0., 0.], dtype=float64)}]],
  'message': 'Optimization terminated successfully.\n'
             '`xtol` condition satisfied. (xtol=1.00e-06)',
  'nfev': 9,
  'nit': 2,
  'njev': 2,
  'optimality': Array(4.02054929, dtype=float64),
  'penalty_param': Array([10.], dtype=float64),
  's': Array([], shape=(0,), dtype=float64),
  'success': True,
  'v': Array([1., 1., 1., 1., 1., 1., 1., 1., 1., 1., 1., 1., 1., 1., 1., 1., 1.,
       1., 1., 1., 1., 1., 1., 1., 1., 1., 1., 1., 1., 1., 1., 1., 1., 1.,
       1., 1., 1., 1., 1., 1., 1., 1., 1., 1., 1., 1., 1., 1., 1., 1., 1.,
       1., 1., 1., 1., 1., 1., 1., 1., 1., 1., 1., 1., 1., 1., 1., 1., 1.,
       1., 1., 1., 1., 1., 1., 1., 1., 1., 1., 1., 1., 1., 1., 1., 1., 1.,
       1., 1., 1., 1., 1., 1., 1., 1., 1., 1., 1., 1., 1., 1., 1., 1., 1.,
       1., 1., 1., 1., 1., 1., 1., 1., 1., 1., 1., 1., 1., 1., 1., 1., 1.,
       1., 1., 1., 1., 1., 1., 1., 1., 1., 1., 1., 1., 1., 1., 1., 1., 1.,
       1., 1., 1., 1., 1., 1., 1., 1., 1., 1., 1., 1., 1., 1., 1., 1., 1.,
       1., 1., 1., 1., 1., 1., 1., 1., 1., 1., 1., 1., 1., 1., 1., 1., 1.,
       1., 1., 1., 1., 1., 1., 1., 1., 1., 1., 1., 1., 1., 1., 1., 1., 1.,
       1., 1., 1., 1., 1., 1., 1., 1., 1., 1., 1., 1., 1., 1., 1., 1., 1.,
       1., 1., 1., 1., 1., 1., 1., 1., 1., 1., 1., 1., 1., 1., 1., 1., 1.,
       1., 1., 1., 1., 1., 1., 1., 1., 1., 1., 1., 1., 1., 1., 1., 1., 1.,
       1., 1., 1., 1., 1., 1., 1., 1., 1., 1., 1., 1., 1., 1., 1., 1., 1.,
       1., 1., 1., 1., 1., 1., 1., 1., 1., 1., 1., 1., 1., 1., 1., 1., 1.,
       1., 1., 1., 1., 1., 1., 1., 1., 1., 1., 1., 1., 1., 1., 1., 1., 1.,
       1., 1., 1., 1., 1., 1., 1., 1., 1., 1., 1., 1., 1., 1., 1., 1., 1.,
       1., 1., 1., 1., 1., 1., 1., 1., 1., 1., 1., 1., 1., 1., 1., 1., 1.,
       1., 1., 1., 1., 1., 1., 1., 1., 1., 1., 1., 1., 1., 1., 1., 1., 1.,
       1., 1., 1., 1., 1., 1., 1., 1., 1., 1., 1., 1., 1., 1., 1., 1., 1.,
       1., 1., 1., 1., 1., 1., 1., 1., 1., 1., 1., 1., 1., 1., 1., 1., 1.,
       1., 1., 1., 1., 1., 1., 1., 1., 1., 1., 1., 1., 1., 1., 1., 1., 1.,
       1., 1., 1., 1., 1., 1., 1., 1., 1., 1., 1., 1., 1., 1., 1., 1., 1.,
       1., 1., 1., 1., 1., 1., 1., 1., 1., 1., 1., 1., 1., 1., 1., 1., 1.,
       1., 1., 1., 1., 1., 1., 1., 1., 1., 1., 1., 1., 1., 1., 1., 1., 1.,
       1., 1., 1., 1., 1., 1., 1., 1., 1., 1., 1., 1., 1., 1., 1., 1., 1.,
       1., 1., 1., 1., 1., 1., 1., 1., 1., 1., 1., 1., 1., 1., 1., 1., 1.,
       1., 1., 1., 1., 1., 1., 1., 1., 1., 1., 1., 1., 1., 1., 1., 1., 1.,
       1., 1., 1., 1., 1., 1., 1., 1., 1., 1., 1., 1., 1., 1., 1., 1., 1.,
       1., 1., 1., 1., 1., 1., 1., 1., 1., 1., 1., 1., 1., 1., 1., 1., 1.,
       1., 1.], dtype=float64),
  'x': Array([ 5.69546654e-01, -7.88606065e-09, -4.77669778e-09, -1.28630779e-08,
       -3.17725141e-09, -7.41312485e-09, -7.63400271e-09, -3.10004122e-09,
       -7.09016590e-09, -4.31377484e-09, -5.07449269e-09, -1.05729068e-08,
       -2.27385773e-09,  1.61931323e-08,  6.98876245e-09,  1.19513396e-08,
        7.79443900e-09,  7.04212180e-09,  9.02784442e-09,  5.42361161e-09,
        8.25864315e-09,  9.22549721e-09,  1.17019357e-08, -3.52870131e-08,
       -2.28138386e-09, -1.59147503e-08, -1.84970166e-08, -1.83943189e-08,
       -1.65890651e-08, -1.22816162e-08, -1.67318377e-08, -1.23039494e-08,
       -1.59470414e-08, -2.95262582e-08, -3.76315098e-08,  9.26404298e-09,
        3.77312199e-08,  2.31633447e-09,  2.03751963e-08,  2.02664431e-08,
        2.53972838e-08,  1.36845610e-08,  2.24136407e-08,  2.12228746e-08,
        2.65556256e-08, -4.11846727e-08,  4.22866248e-09,  6.17114581e-08,
       -2.61280721e-08,  1.32057396e-08, -2.65308896e-08, -1.58397598e-09,
       -6.29147124e-08, -2.93262863e-08, -4.67849853e-08, -7.22352148e-08,
       -9.79505797e-08, -4.43507626e-08,  7.13975723e-08, -7.14798276e-08,
       -1.66057532e-08, -5.39142535e-08, -1.15036434e-08, -5.87625732e-08,
        2.38000166e-08,  8.02814316e-10, -1.20370474e-08, -1.25799857e-07,
       -3.09146996e-08,  1.97901866e-07, -3.54012870e-08,  1.28812480e-07,
        2.73802799e-08,  4.44449416e-05,  2.15399166e-05,  3.46513912e-05,
        2.66934937e-05,  2.32759137e-05, -1.73503049e-07, -2.52471823e-09,
        2.21161250e-07, -2.29294754e-07,  2.12646561e-08, -2.07872845e-07,
       -3.32911488e-05, -4.99126778e-05, -3.45306709e-05, -3.80937658e-05,
       -6.81132154e-05, -1.76619832e-07,  2.38976888e-07,  4.90550567e-07,
       -2.39049078e-07,  4.75160880e-07,  1.02790976e-09,  8.94437095e-05,
        6.14266491e-05, -1.52839596e-02, -1.71726620e-02,  2.41509764e-02,
       -2.25182211e-07,  3.94058351e-07,  5.13386217e-07, -5.38867338e-07,
        3.86223452e-07, -5.73346968e-07, -7.04116018e-05, -7.89700563e-05,
       -7.11207961e-03, -1.85570173e-03,  1.19820177e-01, -3.96533881e-07,
        6.57253919e-07,  9.36423775e-07, -5.68626753e-07,  1.46664398e-06,
       -2.05756832e-07,  2.38850557e-04,  3.02604839e-04, -3.79941458e-02,
       -3.43382948e-02, -5.62052829e-02,  1.93752415e+00,  3.05555815e-01,
        3.42402771e-03, -1.88128092e-04,  8.39013832e-04, -9.76620369e-07,
        1.01632826e-07,  7.96768268e-07, -6.23754878e-07,  2.45602112e-07,
       -2.22042071e-07,  1.34454961e+00, -2.55082884e-02,  3.81862282e-01,
        1.58723186e-01, -4.47602708e-04,  2.89673519e-04, -1.29627522e-06,
       -1.32835616e-07,  7.07019510e-07, -7.35608199e-07,  2.63272882e-07,
       -2.34139011e-07, -1.28546414e-03, -4.17201123e-02,  8.19049287e-02,
       -4.59685558e-02,  4.08580531e-05,  3.14901900e-04, -1.75985829e-07,
        3.32855455e-07,  5.40428016e-07, -6.57780768e-07,  3.48605273e-07,
       -2.91470079e-07, -2.24675332e-02,  6.64209470e-03,  1.33002702e-02,
       -3.50276721e-03, -1.05507196e-04, -3.15689376e-05, -2.74094905e-07,
       -1.14006492e-07,  5.11507952e-08, -4.17814377e-07,  3.31089810e-07,
       -3.25057016e-07,  1.71036148e-05,  2.00083789e-05,  2.85727214e-05,
        4.25157070e-05,  4.36001811e-05,  7.21969100e-05,  7.26761172e-08,
        1.45665658e-07,  9.07318109e-08, -2.65392002e-09,  1.55136595e-07,
       -1.45539575e-07, -6.02256699e-06, -4.88024730e-06, -1.06689017e-05,
       -2.05254439e-05, -3.60244862e-05, -2.96014916e-05, -9.72346374e-08,
       -6.42556854e-08, -6.53761493e-08, -6.34390995e-08, -4.93535947e-08,
       -9.13270372e-08, -1.62027273e-08, -1.68907263e-08, -1.91489468e-08,
       -1.33172340e-08,  1.08857925e-09,  2.30555924e-08,  2.74883217e-08,
        7.61215496e-08,  2.62449942e-09,  4.66545007e-08, -4.01314258e-08,
       -2.06737410e-08,  1.87458950e-08,  2.05566456e-08,  2.51100224e-08,
        3.08351992e-08,  4.19292318e-08,  4.48816666e-08,  2.93126436e-08,
        4.56989515e-08, -1.78721238e-08,  2.02491825e-08, -6.36643140e-08,
        1.58116153e-08, -9.72026899e-09, -1.04102168e-08, -1.18423427e-08,
       -1.50017586e-08, -1.72954832e-08, -2.24987432e-08, -2.50161139e-08,
       -1.92899071e-08, -3.20164962e-08,  2.02536606e-08, -5.23224018e-08,
        4.35620747e-08,  7.34793968e-09,  7.75833934e-09,  9.33852643e-09,
        1.03417195e-08,  1.30755285e-08,  1.47341390e-08,  1.68927782e-08,
        2.10974075e-08,  1.31348462e-08,  4.37108733e-08, -2.40349714e-08,
        4.70921593e-08, -2.13894706e-09, -2.41142114e-09, -2.87724307e-09,
       -4.25004224e-09, -5.33459068e-09, -6.30444475e-09, -8.00002280e-09,
       -7.25183749e-09, -1.20659813e-08,  1.59999691e-10, -3.09319792e-08,
        1.84000970e-08, -3.03296950e-11,  5.23955300e-11,  6.35563847e-10,
        1.14169679e-09,  2.09745316e-09,  4.48050559e-09,  4.49146964e-09,
        6.37031385e-09,  5.37487223e-09,  1.28838148e-08, -5.74612493e-09,
        2.45973043e-08,  5.39817892e-09,  9.80683062e-09,  6.43058627e-09,
        9.90555661e-09,  8.11227278e-09,  1.53870053e-09,  1.39046114e-08,
       -5.36409757e-09,  7.85739546e-09, -1.00312464e-08, -5.22701357e-09,
        2.25347965e-08, -6.44273044e-09, -1.03080198e-08, -9.48528855e-09,
       -3.03275369e-09, -4.88241162e-10, -6.05464646e-09,  1.16456286e-08,
       -4.37726827e-09,  5.60465079e-09,  3.83955188e-09,  2.28857204e-08,
        2.25877369e-08,  9.89023637e-09,  1.69500313e-08,  3.81621915e-09,
       -3.95549544e-09, -1.22744759e-08, -2.32119115e-08,  7.43353565e-09,
       -3.32527871e-08, -1.65866381e-08, -1.39111081e-08,  2.36773646e-09,
       -4.65475480e-09, -8.45737533e-09, -1.01769629e-08,  7.47535863e-09,
        2.21077789e-08,  2.46364886e-08,  9.59022495e-09,  4.03799189e-08,
       -1.10648200e-09,  2.45218378e-08,  5.63528416e-08,  5.41544740e-08,
       -4.06903807e-08,  1.10853129e-09, -2.04474587e-08, -4.37341520e-08,
       -4.18800108e-08, -3.83206460e-08, -6.84771985e-08,  7.46641380e-09,
       -8.17980372e-08, -3.26703246e-08, -2.41785130e-08,  1.11914541e-07,
       -1.91531696e-07,  2.15154207e-08,  6.70793562e-08,  4.60301651e-08,
        5.43311519e-08,  3.17267053e-08,  2.23004959e-08,  1.06474296e-07,
       -4.28106729e-08,  5.58720674e-08, -9.81249681e-08,  2.19323766e-07,
       -2.54514159e-07, -2.36777520e-05, -5.06157793e-05, -2.44580499e-05,
       -1.25443860e-05, -2.79978161e-05, -4.45964974e-05,  4.72757587e-08,
       -1.10055747e-07,  8.48668142e-09, -1.86115261e-07,  2.92688547e-07,
       -3.10090339e-07,  2.67404644e-05,  6.21785608e-05,  1.05889507e-07,
       -3.39312546e-06, -2.28678941e-05, -1.25291320e-05,  1.89244120e-07,
       -1.36389086e-07, -3.63607164e-08, -2.63240107e-08,  1.99502986e-07,
       -2.75598403e-07, -1.52255853e-02, -2.13311926e-02, -3.59300982e-04,
       -1.96107805e-02, -4.14782552e-05, -5.25570448e-05,  3.31073376e-07,
       -2.67652872e-07, -5.92410014e-08,  4.47747649e-07, -2.54179784e-07,
        3.32290000e-07,  9.67847514e-02,  1.06962765e-01,  4.73727535e-02,
        4.41562831e-02, -1.41956932e-04, -1.03485363e-04,  3.29553977e-07,
       -4.89773377e-07, -1.38533247e-07,  5.09183494e-07, -4.78354002e-07,
        3.83180094e-07,  1.49602494e+00,  6.80233008e-02,  8.41232515e-03,
       -1.13636416e-02, -1.65328492e-04, -5.80262932e-05,  4.79144581e-07,
       -3.72107714e-07,  2.46573448e-07, -4.11676133e-08, -2.39937921e-08,
        3.29595586e-07,  3.30693742e-07, -3.52476167e-07,  5.10393963e-07,
       -1.78581554e-07,  9.11781443e-07, -5.05037505e-07, -4.71668759e-04,
        4.06183077e-04, -1.62710498e-01, -2.62023931e-01, -1.56434677e+00,
       -2.60490028e-07, -8.43867972e-08,  9.73377704e-07, -4.04747397e-07,
        2.01058337e-06, -2.80488404e-07, -2.91328484e-04,  5.88921298e-04,
       -2.51451753e-01, -9.94161810e-02, -8.68536429e-02, -7.85286001e-07,
        1.96229099e-07,  8.62506364e-07, -6.85323524e-07,  8.73879790e-07,
       -2.11809961e-07, -2.02304445e-04,  2.31368157e-04, -1.39556071e-02,
       -3.44907407e-03,  2.29160185e-02, -1.98896553e-07, -7.60125555e-08,
        6.86174658e-07, -4.47905805e-07,  4.86806521e-07,  6.83691960e-08,
       -5.84727088e-05,  6.93430200e-05, -1.70526180e-02,  4.32671833e-03,
       -5.74944011e-03,  6.59055312e-08, -2.03933993e-07,  4.38507214e-07,
       -3.43660136e-07,  2.41482479e-07,  2.46307224e-08, -7.69026114e-05,
        1.24422525e-05, -1.17634560e-05, -3.74772165e-05, -1.63423515e-05,
        9.60149280e-09, -8.78069913e-08,  2.21550417e-07, -1.97328131e-07,
        1.04255237e-07,  7.52434260e-08, -4.26938520e-05,  2.59760392e-05,
        2.03261325e-05, -1.18537920e-05, -7.84170999e-06, -9.61886078e-08,
       -1.16879500e-08,  6.21182819e-08, -6.60332531e-08,  4.72172993e-08,
        9.92561203e-08, -3.94310826e-08,  1.54117653e-08,  4.95668101e-08,
        2.89604715e-08,  2.47787336e-08,  4.05690392e-08, -7.63174668e-08,
        4.12608363e-08, -5.70210777e-08, -8.62046249e-08,  2.82993297e-08,
       -6.10241095e-08, -4.23303178e-08, -2.25705586e-08, -4.07116312e-08,
       -2.82889369e-08,  1.29210280e-07, -4.67331598e-08,  8.49499791e-08,
       -5.44122796e-09,  1.33194875e-08,  5.20307093e-08,  5.39218944e-09,
        1.67031849e-08,  2.89439061e-08,  1.68273633e-08,  9.75929755e-09,
        8.95329522e-08, -4.87591522e-08,  1.82164330e-08, -4.68602475e-08,
       -1.86261222e-08,  7.45161838e-09, -3.51584818e-08, -1.90032658e-08,
       -7.56027090e-10, -1.11088200e-08, -4.31815033e-09,  7.73104432e-08,
       -8.35158467e-09,  2.55811305e-08, -1.08925056e-08,  4.40859446e-09,
        1.87354054e-08, -7.74559282e-09, -3.73633090e-10,  3.82792242e-09,
       -5.33669258e-09, -2.27466819e-09,  3.79241134e-08, -1.09416015e-08,
        2.41763078e-08, -2.30052280e-08,  1.70627465e-09,  2.30043998e-08,
       -1.01264086e-08,  3.55664362e-09,  1.20910934e-08,  3.35930639e-09,
        3.26572948e-09], dtype=float64),
  'x_scale': 'auto',
  'y': Array([0.], dtype=float64)}
