Pre-optimization QS value:0.0Pre-optimization quadcoil value:33403.24705148653Post-optimization QS value:0.00023294377862881197Post-optimization quadcoil value:33275.782764948686=== Optimization Result ===
{ 'Objective values': { 'Fixed Psi error: ': [ { 'f': Array(0., dtype=float64),
                                                 'f0': Array(0., dtype=float64)}],
                        'Fixed current profile error: ': [ { 'f': Array(0., dtype=float64),
                                                             'f0': Array(0., dtype=float64)}],
                        'Force error: ': [ { 'f0_max': Array(651796.38159432, dtype=float64),
                                             'f0_max_norm': Array(0.00017579, dtype=float64),
                                             'f0_mean': Array(29908.08077613, dtype=float64),
                                             'f0_mean_norm': Array(8.06641043e-06, dtype=float64),
                                             'f0_min': Array(4.98754425, dtype=float64),
                                             'f0_min_norm': Array(1.34517421e-09, dtype=float64),
                                             'f_max': Array(642865.15186576, dtype=float64),
                                             'f_max_norm': Array(0.00017339, dtype=float64),
                                             'f_mean': Array(28545.02756372, dtype=float64),
                                             'f_mean_norm': Array(7.69878582e-06, dtype=float64),
                                             'f_min': Array(2.08148667, dtype=float64),
                                             'f_min_norm': Array(5.61390946e-10, dtype=float64)}],
                        'Plasma volume: ': [ { 'f': Array(581.87239892, dtype=float64),
                                               'f0': Array(581.87236594, dtype=float64),
                                               'f0_norm': Array(0., dtype=float64),
                                               'f_norm': Array(1.22923364e-06, dtype=float64)}],
                        'Quadcoil boundary error: ': [ { 'f0_max': Array(11.12387968, dtype=float64),
                                                         'f0_max_norm': Array(0.03906761, dtype=float64),
                                                         'f0_mean': Array(1.53483705, dtype=float64),
                                                         'f0_mean_norm': Array(0.00539042, dtype=float64),
                                                         'f0_min': Array(1.64247596e-14, dtype=float64),
                                                         'f0_min_norm': Array(5.76845552e-17, dtype=float64),
                                                         'f_max': Array(11.12192735, dtype=float64),
                                                         'f_max_norm': Array(0.03906075, dtype=float64),
                                                         'f_mean': Array(1.53157091, dtype=float64),
                                                         'f_mean_norm': Array(0.00537895, dtype=float64),
                                                         'f_min': Array(3.10404651e-14, dtype=float64),
                                                         'f_min_norm': Array(1.09015624e-16, dtype=float64)}],
                        'Quasi-symmetry error: ': [ { 'f0_max': Array(0.06180652, dtype=float64),
                                                      'f0_max_norm': Array(0.00046122, dtype=float64),
                                                      'f0_mean': Array(0.00057913, dtype=float64),
                                                      'f0_mean_norm': Array(4.32164666e-06, dtype=float64),
                                                      'f0_min': Array(-0.02684693, dtype=float64),
                                                      'f0_min_norm': Array(-0.00020034, dtype=float64),
                                                      'f_max': Array(0.06242697, dtype=float64),
                                                      'f_max_norm': Array(0.00046585, dtype=float64),
                                                      'f_mean': Array(0.00059266, dtype=float64),
                                                      'f_mean_norm': Array(4.42260231e-06, dtype=float64),
                                                      'f_min': Array(-0.02613592, dtype=float64),
                                                      'f_min_norm': Array(-0.00019503, dtype=float64)}],
                        'R boundary error: ': [ { 'f': Array(6.41461386e-19, dtype=float64),
                                                  'f0': Array(6.50559493e-19, dtype=float64)}],
                        'Rotational transform: ': [ { 'f0_max': Array(0.37554413, dtype=float64),
                                                      'f0_mean': Array(0.37554413, dtype=float64),
                                                      'f0_min': Array(0.37554413, dtype=float64),
                                                      'f_max': Array(0.37706657, dtype=float64),
                                                      'f_mean': Array(0.37706657, dtype=float64),
                                                      'f_min': Array(0.37706657, dtype=float64)},
                                                    { 'f0_max': Array(0.42971255, dtype=float64),
                                                      'f0_mean': Array(0.42971255, dtype=float64),
                                                      'f0_min': Array(0.42971255, dtype=float64),
                                                      'f_max': Array(0.42912794, dtype=float64),
                                                      'f_mean': Array(0.42912794, dtype=float64),
                                                      'f_min': Array(0.42912794, dtype=float64)}],
                        'Total (sum of squares)': { 'f': Array(33275.78401452, dtype=float64),
                                                    'f0': Array(33405.26529837, dtype=float64)},
                        'Z boundary error: ': [ { 'f': Array(3.34191039e-19, dtype=float64),
                                                  'f0': Array(3.35288435e-19, dtype=float64)}]},
  'alltr': [Array(0.0787191, dtype=float64), np.float64(0.31487640178589177)],
  'allx': [ Array([ 0.00000000e+00,  0.00000000e+00,  0.00000000e+00,  0.00000000e+00,
        0.00000000e+00,  5.02041313e+01,  9.45000000e+03, -9.45000000e+03,
        0.00000000e+00,  0.00000000e+00,  0.00000000e+00,  2.38000000e+20,
        0.00000000e+00,  0.00000000e+00,  0.00000000e+00,  0.00000000e+00,
       -2.38000000e+20,  9.45000000e+03, -9.45000000e+03,  0.00000000e+00,
        0.00000000e+00,  0.00000000e+00,  1.00000000e+00,  0.00000000e+00,
        0.00000000e+00,  0.00000000e+00,  0.00000000e+00, -7.36358192e-09,
       -2.01436610e-08, -2.40843781e-08, -4.44338448e-10, -1.72757938e-08,
        3.90612572e-08,  1.18035005e-08,  5.02929924e-08,  3.95592910e-08,
       -4.48348087e-07,  2.91773553e-07,  6.02273595e-07, -1.03115983e-07,
        2.50761260e-07,  1.73539979e-07,  2.70248261e-07, -2.62397635e-07,
        1.76295799e-06,  7.67389285e-06,  5.65954421e-07, -1.78126575e-06,
        8.82057087e-06, -4.00622350e-06,  5.08799462e-06,  1.79961820e-07,
        1.41095229e-06,  1.68252170e-06,  5.55361327e-05,  1.26851242e-04,
       -2.87517740e-04, -8.05656610e-05,  8.24847893e-05,  4.11316250e-07,
        6.57429840e-06, -9.47060842e-06,  8.75191317e-04, -1.34692305e-03,
        2.76807913e-05,  5.74737470e-05, -1.10966002e-03,  7.85516721e-07,
        5.83648524e-07, -7.31550418e-05, -3.55515689e-04, -6.31080681e-04,
        3.07838723e-03,  7.27643537e-03, -2.17899073e-02,  3.12576019e-07,
       -4.52644125e-06, -5.66772190e-05,  2.51428168e-03,  5.03263209e-05,
       -1.20050342e-02,  1.38127646e-01, -2.82669487e-01,  5.33933641e-07,
        3.76205481e-06,  5.67798141e-04, -4.36610384e-03, -3.54182493e-03,
        7.50503195e-02,  6.25300587e-02, -1.46575811e+00,  9.89647447e+00,
        1.69180117e+00,  3.27179486e-01, -2.88567774e-02, -2.20685853e-02,
       -4.03841178e-04, -7.53429700e-05, -1.01392829e-05, -1.37361371e-06,
        1.92928190e+00, -7.58860340e-01,  4.83087844e-02,  1.96365508e-02,
       -1.01746863e-02, -2.76078071e-03,  1.43373884e-04, -1.86039886e-05,
       -1.85142547e-06,  9.97895029e-02, -1.50875365e-01,  1.43833843e-01,
       -2.45297774e-02, -3.72827210e-03,  1.17490333e-03,  2.21604141e-04,
       -1.77716764e-05,  1.09196208e-06, -3.43876865e-04, -7.22681689e-03,
        8.65316426e-03, -1.69780972e-03, -7.88711366e-04, -2.99763149e-04,
       -1.75228015e-05, -1.09118017e-06,  1.32472812e-06, -8.47128945e-05,
       -2.99048334e-04,  8.05411020e-04, -7.76007683e-04, -1.44324520e-03,
        8.99094593e-04,  2.53931022e-05,  2.51667473e-06,  1.48360610e-06,
       -4.23077844e-06,  1.12854552e-04,  7.08099284e-06, -3.32904433e-04,
        9.02427527e-05,  5.81680988e-05,  1.91950906e-05,  3.38193793e-06,
       -7.05269840e-07,  1.93109115e-06, -6.14536275e-07, -5.23696042e-06,
       -2.34188412e-06,  5.58461493e-06,  3.65041976e-06,  1.12679333e-05,
       -6.23305555e-08, -3.01173574e-08,  2.06894914e-07, -1.23118783e-08,
        1.42802785e-08, -4.25795169e-08,  2.62939756e-07, -3.66185193e-07,
        4.35464864e-07,  3.97484912e-07, -4.36903764e-07,  1.51994928e-08,
       -1.66853412e-08, -5.32862302e-09,  2.49384079e-08, -1.45868349e-08,
        2.48452998e-08,  5.78710267e-08, -2.31279196e-08, -5.00079178e-08,
       -3.05394012e-08, -6.16440230e-10, -7.49578132e-09,  3.33702675e-08,
       -6.62745854e-09,  9.20473031e-09,  5.00177700e-08, -3.86465617e-08,
        6.67861106e-10,  1.70343581e-07, -4.52145851e-10, -8.54965817e-08,
       -1.12558827e-08, -1.66425389e-07, -1.75986651e-07,  4.10593569e-07,
       -6.28097362e-07,  1.01218931e-07, -1.08628045e-06,  3.12777741e-06,
        4.59345009e-06,  2.05370560e-06, -6.69419757e-07, -5.39479921e-07,
       -3.54043373e-06,  9.77583701e-08, -2.18333742e-07, -1.89804855e-05,
       -1.67276607e-05, -8.68004134e-06,  6.17852482e-05,  1.01276114e-04,
       -4.29943967e-05, -3.73029321e-05,  1.67758755e-06,  1.69259584e-07,
        2.79565454e-04, -3.10664720e-04, -4.81675360e-04,  1.12931697e-03,
        4.36095816e-04, -1.59281683e-04, -6.54114784e-05,  2.80661878e-06,
       -7.97767962e-07, -4.69459798e-04,  1.19200523e-02, -1.89628805e-02,
        9.49863172e-03,  3.00719713e-03, -1.32191518e-03, -5.76823543e-05,
        4.93742710e-07,  5.31329350e-07, -9.38799462e-02,  1.26087245e-01,
       -7.51938692e-02,  3.50852733e-03,  8.67218184e-03,  1.31960210e-03,
       -1.31999196e-04, -8.44289910e-06,  1.61386969e-06, -1.34584709e+00,
        5.07359626e-01, -6.01705789e-02,  9.37809645e-04, -3.05060595e-03,
       -1.08254563e-03, -1.10665301e-04,  4.20413498e-07, -2.93315065e-06,
        2.37015518e-06, -2.44435602e-05,  6.13273427e-04,  1.22496877e-03,
        9.74927197e-03,  2.19574744e-02, -2.85129153e-01, -2.13588834e+00,
       -2.11018435e-07,  8.77350041e-06, -2.97642528e-04,  4.10930774e-03,
        1.33423099e-02,  7.75001163e-02,  1.46547968e-01, -1.24322309e+00,
       -2.78839241e-06,  1.26875131e-05, -1.82905970e-04, -1.71450619e-04,
       -6.56924917e-03,  1.17515707e-02,  7.29499381e-02, -2.35203121e-01,
       -9.65354071e-07, -9.41548526e-07, -2.15571398e-05,  1.20144648e-03,
       -2.97834275e-03, -4.62551945e-03,  1.67971694e-02, -2.77445685e-02,
        3.79900140e-07, -8.96800032e-07,  1.66392241e-05,  1.51738938e-04,
       -3.71904936e-04, -4.96902460e-04,  3.12797628e-05, -7.54250841e-04,
       -2.71825669e-08, -1.04689042e-06,  2.43919015e-05,  3.40158142e-05,
       -8.39338770e-05,  2.71578688e-05, -1.06598578e-04,  3.52010439e-05,
        1.18892031e-07,  7.47708178e-08, -1.73289715e-06, -6.97263737e-07,
       -5.11102313e-06,  4.27718697e-07, -1.72921050e-06, -3.21352352e-06,
        1.87579844e-07, -7.71283820e-07, -9.40963079e-09, -3.55337373e-07,
        2.11102909e-07, -2.01724470e-07, -6.05639149e-08, -8.17418315e-08,
       -1.34574245e-08, -1.20721454e-08,  3.70256651e-08, -9.99218583e-10,
        9.82317966e-09,  1.10056177e-09, -2.08444139e-08,  3.06390232e-09],      dtype=float64),
            Array([ 0.00000000e+00,  0.00000000e+00,  0.00000000e+00,  0.00000000e+00,
        0.00000000e+00,  5.02041313e+01,  9.44893420e+03, -9.45206343e+03,
       -2.78119753e+00, -3.13672040e+00, -2.72148897e+00,  2.37979043e+20,
        5.95561824e-24,  3.25057722e-24,  1.86810323e-24,  1.22767454e-24,
       -2.38231593e+20,  9.44893420e+03, -9.45206343e+03, -2.78119753e+00,
       -3.13672040e+00, -2.72148897e+00,  1.00017950e+00,  5.95986948e-04,
        1.13414666e-03,  1.66539760e-03,  1.52079695e-03, -7.36358192e-09,
       -2.01436610e-08, -2.40843781e-08, -4.44338448e-10, -1.72757938e-08,
        3.90612572e-08,  1.18035005e-08,  5.02929924e-08,  3.95592910e-08,
       -4.48348087e-07,  2.91773553e-07,  6.02273595e-07, -1.03115983e-07,
        2.50761260e-07,  1.73539979e-07,  2.70248261e-07, -2.62397635e-07,
        1.76295799e-06,  7.67389285e-06,  5.65954421e-07, -1.78126575e-06,
        8.82057087e-06, -4.00622350e-06,  5.08799462e-06,  1.79961820e-07,
        1.41095229e-06,  1.68252170e-06,  5.55361327e-05,  1.26851242e-04,
       -2.87517740e-04, -8.05656610e-05,  8.24847893e-05,  4.11316250e-07,
        6.57429840e-06, -9.47060842e-06,  8.75191317e-04, -1.34692305e-03,
        2.76807913e-05,  5.74737470e-05, -1.10966002e-03,  7.85516721e-07,
        5.83648524e-07, -7.31550418e-05, -3.55515689e-04, -6.31080681e-04,
        3.07838276e-03,  7.27653079e-03, -2.17900396e-02,  3.12576019e-07,
       -4.52644125e-06, -5.66772190e-05,  2.51428168e-03,  5.03263209e-05,
       -1.20050271e-02,  1.38127792e-01, -2.82669503e-01,  5.33933641e-07,
        3.76205481e-06,  5.67798141e-04, -4.36610384e-03, -3.54182493e-03,
        7.50503078e-02,  6.25303133e-02, -1.46575787e+00,  9.89647447e+00,
        1.69180109e+00,  3.27179767e-01, -2.88565597e-02, -2.20685853e-02,
       -4.03841178e-04, -7.53429700e-05, -1.01392829e-05, -1.37361371e-06,
        1.92928253e+00, -7.58860384e-01,  4.83087200e-02,  1.96367863e-02,
       -1.01746863e-02, -2.76078071e-03,  1.43373884e-04, -1.86039886e-05,
       -1.85142547e-06,  9.97895842e-02, -1.50875409e-01,  1.43833832e-01,
       -2.45297576e-02, -3.72827210e-03,  1.17490333e-03,  2.21604141e-04,
       -1.77716764e-05,  1.09196208e-06, -3.43835796e-04, -7.22686745e-03,
        8.65312643e-03, -1.69786249e-03, -7.88711366e-04, -2.99763149e-04,
       -1.75228015e-05, -1.09118017e-06,  1.32472812e-06, -8.47128945e-05,
       -2.99048334e-04,  8.05411020e-04, -7.76007683e-04, -1.44324520e-03,
        8.99094593e-04,  2.53931022e-05,  2.51667473e-06,  1.48360610e-06,
       -4.23077844e-06,  1.12854552e-04,  7.08099284e-06, -3.32904433e-04,
        9.02427527e-05,  5.81680988e-05,  1.91950906e-05,  3.38193793e-06,
       -7.05269840e-07,  1.93109115e-06, -6.14536275e-07, -5.23696042e-06,
       -2.34188412e-06,  5.58461493e-06,  3.65041976e-06,  1.12679333e-05,
       -6.23305555e-08, -3.01173574e-08,  2.06894914e-07, -1.23118783e-08,
        1.42802785e-08, -4.25795169e-08,  2.62939756e-07, -3.66185193e-07,
        4.35464864e-07,  3.97484912e-07, -4.36903764e-07,  1.51994928e-08,
       -1.66853412e-08, -5.32862302e-09,  2.49384079e-08, -1.45868349e-08,
        2.48452998e-08,  5.78710267e-08, -2.31279196e-08, -5.00079178e-08,
       -3.05394012e-08, -6.16440230e-10, -7.49578132e-09,  3.33702675e-08,
       -6.62745854e-09,  9.20473031e-09,  5.00177700e-08, -3.86465617e-08,
        6.67861106e-10,  1.70343581e-07, -4.52145851e-10, -8.54965817e-08,
       -1.12558827e-08, -1.66425389e-07, -1.75986651e-07,  4.10593569e-07,
       -6.28097362e-07,  1.01218931e-07, -1.08628045e-06,  3.12777741e-06,
        4.59345009e-06,  2.05370560e-06, -6.69419757e-07, -5.39479921e-07,
       -3.54043373e-06,  9.77583701e-08, -2.18333742e-07, -1.89804855e-05,
       -1.67276607e-05, -8.68004134e-06,  6.17852482e-05,  1.01276114e-04,
       -4.29943967e-05, -3.73029321e-05,  1.67758755e-06,  1.69259584e-07,
        2.79565454e-04, -3.10664720e-04, -4.81675360e-04,  1.12931697e-03,
        4.36095816e-04, -1.59281683e-04, -6.54114784e-05,  2.80661878e-06,
       -7.97767962e-07, -4.69518919e-04,  1.19200381e-02, -1.89628055e-02,
        9.49872333e-03,  3.00719713e-03, -1.32191518e-03, -5.76823543e-05,
        4.93742710e-07,  5.31329350e-07, -9.38800453e-02,  1.26087192e-01,
       -7.51938044e-02,  3.50860568e-03,  8.67218184e-03,  1.31960210e-03,
       -1.31999196e-04, -8.44289910e-06,  1.61386969e-06, -1.34584722e+00,
        5.07359510e-01, -6.01704535e-02,  9.38142127e-04, -3.05060595e-03,
       -1.08254563e-03, -1.10665301e-04,  4.20413498e-07, -2.93315065e-06,
        2.37015518e-06, -2.44435602e-05,  6.13273427e-04,  1.22496877e-03,
        9.74927197e-03,  2.19577782e-02, -2.85129025e-01, -2.13588846e+00,
       -2.11018435e-07,  8.77350041e-06, -2.97642528e-04,  4.10930774e-03,
        1.33423099e-02,  7.74999123e-02,  1.46548040e-01, -1.24322305e+00,
       -2.78839241e-06,  1.26875131e-05, -1.82905970e-04, -1.71450619e-04,
       -6.56924917e-03,  1.17517435e-02,  7.29499904e-02, -2.35203112e-01,
       -9.65354071e-07, -9.41548526e-07, -2.15571398e-05,  1.20144648e-03,
       -2.97834275e-03, -4.62548314e-03,  1.67972482e-02, -2.77445174e-02,
        3.79900140e-07, -8.96800032e-07,  1.66392241e-05,  1.51738938e-04,
       -3.71904936e-04, -4.96902460e-04,  3.12797628e-05, -7.54250841e-04,
       -2.71825669e-08, -1.04689042e-06,  2.43919015e-05,  3.40158142e-05,
       -8.39338770e-05,  2.71578688e-05, -1.06598578e-04,  3.52010439e-05,
        1.18892031e-07,  7.47708178e-08, -1.73289715e-06, -6.97263737e-07,
       -5.11102313e-06,  4.27718697e-07, -1.72921050e-06, -3.21352352e-06,
        1.87579844e-07, -7.71283820e-07, -9.40963079e-09, -3.55337373e-07,
        2.11102909e-07, -2.01724470e-07, -6.05639149e-08, -8.17418315e-08,
       -1.34574245e-08, -1.20721454e-08,  3.70256651e-08, -9.99218583e-10,
        9.82317966e-09,  1.10056177e-09, -2.08444139e-08,  3.06390232e-09],      dtype=float64)],
  'constr_violation': Array(0., dtype=float64),
  'cost': Array(33275.78401452, dtype=float64),
  'f0se': Array([ 0.00000000e+00, -7.16584517e-03, -5.92309923e-03, ...,
        1.40414768e+01,  1.72293419e+01,  1.80127973e+01], dtype=float64),
  'fse': Array([ 1.22923364e-06,  3.85071340e-02, -2.34615953e-02, ...,
        1.39575416e+01,  1.72023301e+01,  1.79804927e+01], dtype=float64),
  'fun': Array([ 1.22923364e-06,  3.85071340e-02, -2.34615953e-02, ...,
        1.39575416e+01,  1.72023301e+01,  1.79804927e+01], dtype=float64),
  'history': [ [ { 'G': Array([], shape=(0,), dtype=float64),
                   'I': Array([], shape=(0,), dtype=float64),
                   'L_lmn': Array([ 2.38717929e-06, -2.85333247e-06, -1.41386903e-06, -6.61396811e-07,
        2.47188923e-06,  1.33577349e-06, -1.30585705e-06,  2.01164896e-06,
        1.50441414e-07,  6.86285464e-07, -1.96997179e-06,  1.27277683e-06,
        3.82523918e-07, -1.42588658e-06,  8.61210548e-07, -6.34581462e-07,
        1.41042715e-06,  1.71869819e-07, -1.04372551e-06,  1.23343465e-06,
       -3.69285590e-07,  6.95564797e-07,  2.24006228e-07, -7.26007993e-07,
        2.75897585e-07, -1.08992387e-05,  1.95389342e-05,  8.68431226e-06,
       -1.17560543e-06, -1.93121998e-05, -1.13839922e-05, -1.30587790e-06,
       -2.62611005e-09,  3.66988996e-07,  3.63295271e-06,  9.64751426e-06,
        3.80242034e-06,  2.46372803e-06,  9.91386543e-07, -4.83986732e-06,
        6.17798109e-07, -3.96096208e-06, -2.15784767e-06,  3.02871511e-06,
        6.42886298e-08, -2.45872757e-06,  1.94858339e-06,  4.42571778e-08,
       -5.08224785e-07,  2.38410141e-06, -6.21178363e-06, -1.29875671e-05,
        4.31265244e-05, -2.11161281e-05, -1.90025116e-05,  2.91974867e-05,
       -3.06264465e-05,  4.60274424e-05, -9.21006293e-06,  2.43125165e-05,
       -3.49330036e-05, -6.51738739e-06, -1.09648592e-05, -7.72199122e-06,
       -1.04673408e-06,  2.00253579e-05, -4.83111693e-06,  1.27043184e-05,
       -1.79411669e-06, -5.68966386e-07,  5.24076620e-06,  2.83269828e-06,
       -1.01244017e-05,  3.71352844e-06, -4.22180970e-06,  2.29283128e-04,
       -5.70875751e-04, -3.43653599e-04,  2.54197051e-04,  7.14082926e-04,
       -5.83898980e-05,  7.23486194e-05, -2.82542795e-04,  2.64122294e-05,
       -1.14119381e-04,  6.39504293e-05, -3.76245551e-05,  1.43372097e-05,
        4.42679161e-05, -7.93168912e-06, -4.64869893e-05,  1.17676398e-05,
       -6.97361610e-06,  3.31057941e-06,  6.00559962e-05, -8.77761047e-06,
       -2.61922878e-05,  1.54810421e-05, -1.29528190e-06, -1.06863888e-05,
        2.23439391e-03,  2.11315824e-03, -2.54099552e-03, -7.92511530e-04,
       -1.98021882e-03,  2.28483984e-04,  2.40718228e-04,  1.16360591e-03,
       -3.23263841e-04, -2.29213145e-04, -2.28516479e-04,  3.12241178e-04,
       -4.87772458e-06, -1.08512813e-04,  1.61618441e-04, -1.96334139e-04,
        8.36612561e-05, -5.93686301e-05, -3.96708002e-05, -4.65827665e-05,
        6.29457510e-06,  1.61395717e-05, -1.54349035e-05,  5.17389440e-05,
       -3.15211973e-06, -2.13191266e-03, -4.04814594e-03,  3.55515012e-03,
       -1.85755509e-03,  5.12393453e-03,  2.24178461e-04, -8.01401899e-04,
       -2.49632448e-03,  1.56516473e-03,  6.97801485e-04,  5.90220332e-04,
       -2.36365510e-04, -9.43299529e-06,  2.52953410e-04, -2.17439128e-04,
        6.95981257e-04, -1.50334494e-04, -1.54640450e-04,  1.17249572e-04,
       -2.08755276e-04,  1.81372453e-05, -1.93388581e-05,  1.38728376e-04,
       -7.14216793e-05, -7.79574479e-05,  1.77219988e-02, -1.47170617e-02,
       -3.30385047e-03,  7.20846061e-03, -1.13649159e-02, -1.07293282e-02,
        6.71149479e-05,  5.21305724e-03, -1.01888516e-03, -2.34013519e-04,
       -1.49438472e-03,  9.74744660e-04, -1.98156790e-04, -1.53931638e-04,
       -9.71511973e-04,  1.22195732e-03,  2.32745435e-04,  3.05282787e-04,
        8.43109817e-05,  1.45758413e-04,  1.99980462e-04,  2.99766571e-04,
       -2.79172269e-04,  7.33176338e-05, -3.20242002e-05,  2.66959316e-02,
       -2.51730435e-02,  6.33427630e-03,  8.57471526e-03,  1.50415749e-02,
        1.73062575e-02,  6.93808439e-04, -9.77320874e-03, -9.83082790e-03,
        3.62553400e-05,  7.89073149e-04, -4.70321863e-03, -1.86565413e-04,
        5.05861397e-04,  7.48146769e-04, -1.44111197e-04, -1.02600133e-03,
        7.20283076e-04, -4.24999131e-04,  6.81774043e-05, -3.80353081e-04,
       -5.78100735e-04, -1.44914227e-04, -2.86763517e-05, -3.82796705e-06,
       -3.44661005e-02, -9.66398546e-02,  6.31532672e-03,  2.07826114e-02,
        3.89869281e-03,  7.76139043e-03, -1.71165975e-03, -1.99486773e-03,
       -3.93291378e-02, -9.62873114e-04,  1.69256636e-04,  2.19274572e-03,
       -2.64118329e-04, -5.63785046e-07, -1.04602828e-03, -1.18787699e-03,
        2.09327906e-05, -6.00055984e-05, -7.41838487e-05, -1.19884878e-04,
       -2.33844903e-01,  9.90354091e-03, -1.05569879e-02,  1.53624360e-02,
        7.00667930e-03, -6.56150199e-03,  5.39973910e-03,  2.27383556e-04,
        2.54162988e-04, -4.00994953e-04, -1.32361234e-03,  4.90876150e-03,
        3.42167056e-05,  4.03555875e-04, -1.05975231e-03, -3.00783055e-04,
        5.28133865e-05, -4.76270839e-05,  3.17453419e-04,  9.28872973e-05,
        4.05334539e-02, -2.28732020e-02,  1.15640551e-02, -5.00431258e-03,
        2.41263025e-04,  3.85904872e-03, -5.21166929e-04, -1.25494491e-03,
        2.69311370e-04, -1.52588536e-03,  1.67146244e-03, -9.48151710e-04,
       -1.62143182e-04, -1.21521647e-04, -7.94267623e-05,  2.22812308e-04,
        4.74726461e-05, -1.34548603e-04,  1.57138106e-05, -1.12645837e-04,
       -3.15406421e-03,  4.26958195e-03,  5.22068237e-05,  9.09449064e-04,
       -1.29849469e-03, -1.15770329e-03,  1.50920961e-04,  1.46868882e-04,
        3.16447797e-04, -7.06479747e-04, -1.81059812e-05, -1.85524598e-04,
        1.98898593e-04, -1.17115655e-04,  2.86656866e-04, -6.14120759e-05,
        7.66289858e-05,  7.47950938e-05, -8.08192972e-05,  3.15353924e-05,
        3.39609208e-04, -5.48339548e-04, -8.35400919e-05, -2.19247537e-04,
        2.30903714e-04,  3.99598011e-04, -2.33251526e-04, -3.61477386e-05,
       -7.16353759e-05,  1.67804833e-04, -5.29676320e-05,  2.56038306e-05,
        4.58687916e-05,  4.40801364e-06, -8.01783324e-06, -5.15757725e-05,
        5.19340164e-06, -4.97989266e-05, -1.25129999e-05,  2.00237980e-05,
        1.43814827e-04, -1.13767748e-04,  1.33497870e-04, -2.14844864e-04,
       -3.57228914e-05,  8.22744525e-05,  2.88515169e-05, -1.43033601e-04,
        4.52016264e-05,  4.99168460e-05,  1.57447501e-05,  7.13396333e-06,
       -5.70926410e-05,  9.27869478e-07,  1.19168787e-05,  1.55461266e-05,
        1.01330705e-05, -1.79475284e-06, -6.21814952e-06,  1.30552170e-05,
       -2.88715434e-05,  8.51757214e-05, -1.01628914e-04,  9.92457297e-07,
        2.50310706e-05, -8.39929476e-05,  5.79669058e-06,  1.08276098e-04,
        2.47342429e-05, -2.22452079e-05, -1.85320756e-05, -8.37049304e-06,
       -6.52220961e-07,  2.97259675e-06, -1.03364473e-05,  4.55696383e-06,
        3.75230994e-06, -3.26841705e-06,  9.81102709e-06, -5.11063696e-06,
       -1.04565825e-05, -2.21298002e-05,  2.01476598e-05,  2.20624536e-05,
       -1.78876643e-06,  2.33161390e-05, -5.93610396e-06, -1.98024576e-05,
       -1.42611855e-05,  1.17322858e-06,  5.15148348e-06, -2.19484984e-06,
       -8.09157687e-07, -1.90395333e-06,  2.16903246e-06, -2.23027949e-06,
       -2.25062233e-06, -1.36129755e-07, -1.47374592e-07, -4.15911785e-07,
        6.45624518e-07,  8.77825406e-07, -5.31563357e-07, -2.59301424e-06,
       -4.65843645e-07,  5.18625733e-07, -1.05128223e-06,  1.54357250e-06,
        9.49083411e-07,  2.75028777e-07, -1.57515836e-06, -2.11036261e-06,
       -1.25249156e-06,  7.07869328e-07,  6.18073844e-07,  3.96969136e-07,
       -3.67109951e-07,  7.48457439e-07,  2.53737651e-07,  1.04448049e-06],      dtype=float64),
                   'Phi_mn': Array([], shape=(0,), dtype=float64),
                   'Psi': Array([50.20413129], dtype=float64),
                   'R_lmn': Array([ 1.26680418e-06,  1.06188096e-06,  4.37673470e-06,  1.05443239e-06,
        1.04411819e-06, -4.25952179e-06,  4.89569164e-07, -6.61249998e-06,
       -2.77364360e-06, -3.23462371e-07, -3.70388590e-07,  3.38202199e-06,
       -2.01436610e-08, -4.90013503e-07,  2.27482653e-06,  5.02700036e-07,
       -7.36358192e-09,  2.99377993e-07, -6.91005393e-07, -1.72577667e-07,
        2.19996798e-06, -3.31751746e-05, -2.78353504e-06, -1.15379399e-05,
        1.47222600e-05,  5.40122811e-05,  8.98476496e-07,  2.68926489e-06,
        1.01904984e-05,  5.08090641e-06, -1.68002979e-05, -2.13659414e-05,
       -4.48348087e-07, -2.96202901e-07,  3.45031409e-07, -5.82278208e-07,
        3.95592910e-08, -4.78913286e-06,  1.97492198e-06,  7.02374877e-07,
        1.25414415e-04, -1.74489198e-04,  5.32071362e-05, -1.76635884e-04,
        7.75707052e-06,  1.77601722e-04, -1.99343191e-05, -4.04851481e-05,
        4.88793587e-05,  3.84499997e-06, -4.36106847e-06, -1.03101936e-05,
        1.76295799e-06,  2.05002736e-05, -3.90141718e-06,  7.43010422e-06,
       -2.62397635e-07,  3.82889289e-06, -5.17726780e-06,  3.19144560e-06,
        4.97551647e-04,  1.88068009e-04, -3.33805586e-04, -8.28545138e-05,
        2.30937554e-05, -3.91786454e-04,  1.02747346e-04,  3.63467643e-05,
       -3.24768458e-04,  2.02593539e-05,  9.84116443e-05,  1.26957363e-04,
        1.41095229e-06, -4.72112131e-05,  9.94108184e-06, -7.44388525e-06,
        1.79961820e-07, -1.85768322e-05,  5.34584269e-06, -3.80457925e-06,
       -6.27922805e-03, -1.66405204e-03, -3.51409694e-05,  4.79655050e-03,
       -1.38669534e-03,  2.04574345e-03,  9.52038299e-04,  1.30624576e-04,
        3.89627780e-04, -2.76139174e-05,  6.56188499e-05, -3.40875821e-04,
        6.57429840e-06, -7.68469823e-05, -6.78028153e-05, -1.66102463e-05,
        4.11316250e-07,  1.81433090e-05, -2.58465587e-05,  1.66581643e-05,
       -2.13858112e-02,  1.07613144e-02,  3.98456655e-03,  1.87981751e-04,
       -1.10137965e-04, -4.00057666e-03, -3.66992113e-04, -1.03203952e-03,
       -7.13165586e-04, -7.89851101e-05, -5.35670123e-04,  6.05496967e-04,
        5.83648524e-07,  1.14764244e-05,  1.25860200e-04,  1.21087736e-04,
        7.85516721e-07,  5.83006830e-06,  1.47274063e-05, -8.97993219e-05,
       -3.01946805e-01,  1.20311727e-01, -9.17682948e-03,  1.51668259e-02,
        9.84684442e-04,  1.89380503e-02,  2.49899900e-03, -2.48350536e-03,
        4.29353672e-03, -1.52560541e-05, -1.02723827e-03, -1.10214635e-03,
       -4.52644125e-06,  1.52826844e-05, -3.44699393e-04, -1.83044189e-04,
        3.12576019e-07, -4.14211650e-05,  9.28801508e-05, -1.99848424e-05,
       -1.44743613e+00,  3.57527453e-02,  7.00391493e-02, -1.18340508e-02,
       -5.51077097e-03,  2.26729325e-02, -4.61309314e-03,  5.46112315e-03,
       -6.73751443e-03,  4.60253913e-04,  1.94708918e-03,  3.98394424e-03,
        3.76205481e-06,  2.46989298e-04, -4.49952910e-04,  2.49591543e-04,
        5.33933641e-07,  1.07544228e-04,  2.18568529e-05,  1.20436648e-04,
        1.01827568e+01,  1.65618993e+00, -3.25767817e-01,  3.67959139e-01,
        3.26844857e-02, -1.88139792e-02,  3.87046983e-02, -3.79483239e-02,
       -2.14702078e-02,  2.96730831e-03, -9.99517274e-03,  2.53793750e-05,
        7.22863737e-04, -2.49410672e-03, -6.79391844e-04, -6.63965796e-05,
       -4.05546981e-05, -4.76254739e-05, -4.29220554e-04, -1.01392829e-05,
        5.79442707e-05, -3.37222287e-04,  8.10143635e-05, -8.94639046e-06,
       -1.37361371e-06,  1.86459996e+00, -7.42677814e-01,  8.45275289e-02,
        1.94579845e-02, -1.96337273e-02,  2.11497489e-02, -1.90331173e-02,
        2.88543397e-02, -1.27711795e-02,  3.02623518e-03, -1.78919188e-03,
       -3.14854347e-03, -7.57048327e-04,  1.69351286e-07,  2.63610313e-03,
        5.66996415e-05,  4.24965594e-04,  2.75993745e-04,  3.87762754e-04,
       -1.86039886e-05, -5.54230455e-05, -3.70922905e-06, -3.96099388e-05,
        8.66742428e-05, -1.85142547e-06,  1.41297035e-01, -1.47909883e-01,
       -4.33718516e-02,  1.38501413e-01, -4.95960860e-03, -2.13942449e-02,
        3.07058220e-03,  5.06568583e-03, -2.49548595e-03,  1.66197526e-03,
       -3.03427061e-03,  1.11219800e-03, -1.23992560e-03,  3.67249330e-04,
       -1.26360941e-03,  2.08956083e-04,  3.32151231e-04, -1.01261885e-04,
        6.27053301e-05, -1.77716764e-05,  3.36629900e-05, -1.00505122e-04,
        3.08232541e-05,  1.26480576e-05,  1.09196208e-06,  1.15326945e-02,
       -9.94208785e-03, -1.03480979e-02,  1.04656733e-02,  1.81416278e-03,
       -3.45421865e-04, -1.59596566e-03, -1.97978805e-03, -1.57846256e-04,
        1.04061467e-03, -1.41362526e-03, -2.49351381e-04,  8.29234290e-05,
        1.68933754e-04, -7.55592352e-04, -1.67046167e-05, -1.39506491e-04,
        6.12374039e-05, -5.04117678e-05, -1.09118017e-06, -1.54312044e-05,
       -1.65477887e-06,  1.24727242e-04, -8.18184818e-07,  1.32472812e-06,
        1.98647749e-04, -1.07521205e-03, -1.17655666e-03,  3.82858128e-04,
        1.17940243e-03, -5.19211652e-04,  7.54871974e-04,  3.08961521e-04,
       -1.65227539e-03, -4.48133623e-04, -1.80926371e-04,  9.22545677e-04,
        1.27078682e-04,  1.41426614e-04,  2.56347625e-04,  9.38787617e-06,
        4.48949064e-05, -7.58696597e-05, -2.34510843e-05,  2.51667473e-06,
        1.12453574e-05, -2.78352428e-05, -4.73174341e-05,  1.60052260e-05,
        1.48360610e-06,  1.47862198e-04,  8.64266032e-04, -7.54522573e-05,
        5.51012749e-04, -7.59510503e-04, -6.25348692e-04, -5.79268790e-05,
       -6.10126909e-04,  1.21847848e-04,  5.10609502e-05,  2.64104588e-04,
        9.66925318e-05, -2.16951682e-05,  4.49978714e-05, -3.44481467e-05,
        3.34903521e-05, -4.29619271e-05,  2.83396708e-05, -3.85244330e-05,
        3.38193793e-06,  2.98132830e-06,  2.11972812e-05,  2.84305139e-06,
       -1.42952615e-05, -7.05269840e-07,  2.13454448e-05,  2.76943309e-04,
        1.80283284e-05, -9.73776438e-05, -3.75991541e-04,  7.17070653e-05,
       -9.73743997e-06,  1.02817475e-04, -1.77855277e-05,  7.85415069e-05,
       -8.92808117e-05, -2.09735784e-05, -2.63254701e-05, -6.14128657e-06,
        3.30107980e-05,  8.08623141e-06,  1.98921891e-05,  1.52318622e-05,
        2.46239982e-05, -6.23305555e-08, -1.37977189e-06, -4.53550549e-06,
       -9.64065528e-06,  3.18170187e-06, -3.01173574e-08, -8.00026341e-06,
        4.98960896e-05, -9.03447286e-06, -5.35715362e-05, -3.22653853e-05,
       -3.39572968e-06,  6.91447012e-06,  6.49233524e-05,  4.72288379e-06,
       -1.13857299e-05,  1.17501977e-05,  1.72110303e-06,  8.59451581e-06,
       -1.19676164e-05, -8.23266280e-06,  4.75504751e-06, -6.25728632e-06,
       -8.39704755e-06, -2.08728822e-06,  3.97484912e-07,  1.73264525e-06,
        6.30080544e-07,  3.77271877e-06, -4.31958264e-06, -4.36903764e-07,
       -2.22662442e-07,  4.17577733e-06, -1.00771195e-06,  3.30053468e-08,
       -2.72551501e-06,  2.37705165e-06,  1.22373666e-06, -5.29635528e-06,
        1.09383663e-06, -1.04322936e-06, -4.40507070e-06,  7.93016466e-07,
        6.72872333e-07,  5.13239252e-06, -4.86334127e-07, -2.51492383e-07,
       -4.23718304e-07,  2.05295746e-06, -7.68171167e-07, -2.31279196e-08,
       -6.51035112e-07,  1.25628787e-07, -6.22089338e-07,  3.09363409e-07,
       -5.00079178e-08], dtype=float64),
                   'Ra_n': Array([1.05465644e+01, 1.76174094e+00, 1.89013057e-01, 2.01864721e-02,
       2.01424306e-03, 1.90064072e-04, 1.85253747e-05, 1.08680903e-06,
       6.84878725e-07], dtype=float64),
                   'Rb_lmn': Array([-7.36358192e-09, -2.01436610e-08, -2.40843781e-08, -4.44338448e-10,
       -1.72757938e-08,  3.90612572e-08,  1.18035005e-08,  5.02929924e-08,
        3.95592910e-08, -4.48348087e-07,  2.91773553e-07,  6.02273595e-07,
       -1.03115983e-07,  2.50761260e-07,  1.73539979e-07,  2.70248261e-07,
       -2.62397635e-07,  1.76295799e-06,  7.67389285e-06,  5.65954421e-07,
       -1.78126575e-06,  8.82057087e-06, -4.00622350e-06,  5.08799462e-06,
        1.79961820e-07,  1.41095229e-06,  1.68252170e-06,  5.55361327e-05,
        1.26851242e-04, -2.87517740e-04, -8.05656610e-05,  8.24847893e-05,
        4.11316250e-07,  6.57429840e-06, -9.47060842e-06,  8.75191317e-04,
       -1.34692305e-03,  2.76807913e-05,  5.74737470e-05, -1.10966002e-03,
        7.85516721e-07,  5.83648524e-07, -7.31550418e-05, -3.55515689e-04,
       -6.31080681e-04,  3.07838723e-03,  7.27643537e-03, -2.17899073e-02,
        3.12576019e-07, -4.52644125e-06, -5.66772190e-05,  2.51428168e-03,
        5.03263209e-05, -1.20050342e-02,  1.38127646e-01, -2.82669487e-01,
        5.33933641e-07,  3.76205481e-06,  5.67798141e-04, -4.36610384e-03,
       -3.54182493e-03,  7.50503195e-02,  6.25300587e-02, -1.46575811e+00,
        9.89647447e+00,  1.69180117e+00,  3.27179486e-01, -2.88567774e-02,
       -2.20685853e-02, -4.03841178e-04, -7.53429700e-05, -1.01392829e-05,
       -1.37361371e-06,  1.92928190e+00, -7.58860340e-01,  4.83087844e-02,
        1.96365508e-02, -1.01746863e-02, -2.76078071e-03,  1.43373884e-04,
       -1.86039886e-05, -1.85142547e-06,  9.97895029e-02, -1.50875365e-01,
        1.43833843e-01, -2.45297774e-02, -3.72827210e-03,  1.17490333e-03,
        2.21604141e-04, -1.77716764e-05,  1.09196208e-06, -3.43876865e-04,
       -7.22681689e-03,  8.65316426e-03, -1.69780972e-03, -7.88711366e-04,
       -2.99763149e-04, -1.75228015e-05, -1.09118017e-06,  1.32472812e-06,
       -8.47128945e-05, -2.99048334e-04,  8.05411020e-04, -7.76007683e-04,
       -1.44324520e-03,  8.99094593e-04,  2.53931022e-05,  2.51667473e-06,
        1.48360610e-06, -4.23077844e-06,  1.12854552e-04,  7.08099284e-06,
       -3.32904433e-04,  9.02427527e-05,  5.81680988e-05,  1.91950906e-05,
        3.38193793e-06, -7.05269840e-07,  1.93109115e-06, -6.14536275e-07,
       -5.23696042e-06, -2.34188412e-06,  5.58461493e-06,  3.65041976e-06,
        1.12679333e-05, -6.23305555e-08, -3.01173574e-08,  2.06894914e-07,
       -1.23118783e-08,  1.42802785e-08, -4.25795169e-08,  2.62939756e-07,
       -3.66185193e-07,  4.35464864e-07,  3.97484912e-07, -4.36903764e-07,
        1.51994928e-08, -1.66853412e-08, -5.32862302e-09,  2.49384079e-08,
       -1.45868349e-08,  2.48452998e-08,  5.78710267e-08, -2.31279196e-08,
       -5.00079178e-08], dtype=float64),
                   'Te_l': Array([ 9450., -9450.,     0.,     0.,     0.], dtype=float64),
                   'Ti_l': Array([ 9450., -9450.,     0.,     0.,     0.], dtype=float64),
                   'Z_lmn': Array([ 2.32893610e-06, -6.31238905e-06,  1.27644644e-06,  2.57826493e-06,
        2.62792754e-06, -2.10939706e-06, -2.42907087e-06, -2.24239414e-07,
       -1.29471172e-06,  2.60053023e-06,  3.63759916e-06, -3.13524299e-07,
       -1.30856701e-06, -1.95246957e-06,  1.76475106e-06, -9.56261936e-07,
        1.08331484e-06, -1.49483182e-06,  3.22729029e-07, -3.86465617e-08,
        1.01715942e-07, -4.09051728e-07, -4.76666801e-07,  1.00627971e-06,
        6.67861106e-10, -5.54596079e-07, -2.71666433e-05,  3.13894636e-06,
        3.69021091e-05,  2.78484468e-05, -1.16546040e-05, -9.59355805e-07,
       -3.99630529e-05, -4.42740134e-07,  7.66307534e-07,  1.06218403e-05,
       -3.10531640e-06, -2.04317562e-06, -6.86879069e-07,  2.86633882e-06,
       -2.12818235e-06, -1.44856314e-06,  1.02150781e-06,  2.92932975e-06,
       -6.28097362e-07,  5.88524726e-07,  3.66232626e-06, -2.59002407e-06,
        2.53877592e-06,  1.01218931e-07,  1.89146438e-06, -2.35284847e-04,
        5.45046048e-06,  6.56877708e-05,  2.47163170e-04,  2.38721374e-05,
       -1.13235929e-05, -6.75168480e-05, -2.30740470e-06, -1.22329391e-05,
       -2.86160185e-05, -5.52783634e-06,  3.60910148e-06,  7.98763698e-06,
        6.30199206e-07, -7.77704296e-06,  3.48239327e-06,  6.79758666e-06,
        4.98835642e-06,  9.77583701e-08, -7.13713870e-07, -1.56510977e-06,
        1.00778574e-06,  4.23660923e-06, -2.18333742e-07, -2.27573482e-05,
       -1.17618520e-03,  4.12113821e-05,  3.82916558e-07,  1.18687996e-03,
        1.23807430e-04, -7.46801584e-05,  9.51455260e-06,  1.27281844e-04,
       -4.55011937e-05, -4.11121206e-05, -1.97716997e-05,  4.29347355e-05,
       -1.17263593e-05, -3.07422312e-05, -3.36259120e-05,  1.80787705e-05,
       -2.09100616e-05, -2.32226970e-05,  1.67758755e-06, -5.68909661e-06,
       -6.85115118e-06,  4.73650145e-06, -3.67702005e-06,  1.69259584e-07,
       -1.13921003e-03, -2.27841460e-03,  1.20311416e-03, -2.93212004e-03,
        2.28351377e-03,  1.18419865e-03,  2.65987073e-04,  2.56369118e-03,
        3.89633222e-04, -3.37523390e-04,  3.63077940e-05, -1.24160571e-04,
       -5.22121084e-05, -8.95726418e-05,  1.69640517e-05, -5.10060123e-05,
        2.17595057e-05, -9.11894780e-05, -3.51211117e-05,  2.80661878e-06,
        1.88635966e-06, -2.36738586e-05,  2.94985416e-05, -1.44054661e-05,
       -7.97767962e-07, -8.92962687e-03,  1.35562072e-02,  9.67285054e-03,
       -1.53594920e-02, -2.14263603e-03,  8.45610818e-03, -1.02363707e-03,
       -3.40691801e-03,  3.49604209e-03,  5.93864004e-04,  8.97313101e-04,
       -1.42938462e-03, -1.72805546e-04, -2.45863185e-04, -4.85426032e-04,
        2.85644063e-05, -8.73828442e-05,  1.45210438e-04,  1.07469439e-04,
        4.93742710e-07, -1.62408519e-05,  4.93926634e-05, -3.41892175e-06,
       -8.62467606e-05,  5.31329350e-07, -1.37422611e-01,  1.17794133e-01,
        3.93155219e-02, -8.04293028e-02,  1.00017869e-02, -1.15768905e-03,
        4.02480732e-03,  6.43779390e-03,  6.70004790e-03, -1.85652640e-03,
        4.87192600e-03,  1.16699060e-03,  1.22168590e-04, -1.31550814e-03,
        2.07993964e-03, -1.71487490e-04,  1.47851703e-04, -2.05709617e-04,
        1.52611499e-04, -8.44289910e-06,  8.01673077e-05,  1.13147842e-04,
       -1.07805693e-04,  3.94882937e-05,  1.61386969e-06, -1.41715350e+00,
        4.89848481e-01,  6.44350105e-02, -3.57017446e-02,  2.02742955e-02,
        3.13981654e-03,  4.17496768e-03, -2.63252892e-02, -4.73376228e-03,
       -2.01763022e-03, -2.32061044e-03, -8.24931543e-04,  2.86433758e-03,
        1.72696385e-03,  1.68091194e-03, -1.60558889e-04, -7.45519711e-04,
        1.18603549e-04, -2.57614082e-04,  4.20413498e-07, -1.67901080e-04,
        1.29491077e-04,  2.24439769e-06,  4.98935876e-05, -2.93315065e-06,
       -2.17919697e+00, -3.41030434e-01,  9.17602833e-03,  5.75489106e-02,
        8.33760685e-03,  5.06919392e-02,  1.08239524e-03,  1.31410963e-02,
       -1.43458004e-02,  5.39529828e-04,  1.37909901e-03,  4.85011698e-03,
       -2.44435602e-05,  1.42573529e-04, -3.59650245e-04,  1.05514061e-04,
        2.37015518e-06,  7.37435995e-05,  3.25661184e-05,  3.59224239e-04,
       -1.24708298e+00,  1.24272715e-01,  7.23535071e-02,  1.81053136e-04,
        1.61781745e-02,  2.16849745e-02,  4.34932996e-03,  5.30352513e-03,
        3.60450930e-03, -1.91697219e-04, -2.86867082e-03,  5.30716139e-04,
        8.77350041e-06, -2.40022215e-04, -1.56915960e-04,  7.43249263e-05,
       -2.11018435e-07, -1.05945308e-04,  3.28063083e-05,  5.95616333e-05,
       -2.47310685e-01,  6.07098992e-02,  1.52895663e-02,  1.26225822e-02,
       -5.64499253e-03,  1.15739726e-02,  1.70553723e-06, -3.65262377e-03,
       -6.86456707e-04, -1.23351279e-04, -8.77773914e-04,  8.41361760e-04,
        1.26875131e-05, -1.73156156e-04,  1.14628253e-04,  1.71438397e-04,
       -2.78839241e-06, -5.95546907e-05, -4.64827281e-05, -1.75295436e-04,
       -3.27096305e-02,  1.72978037e-02, -3.93120649e-03,  4.21491699e-03,
       -3.31607803e-03, -2.96958497e-04,  1.32230212e-03, -7.77906786e-04,
        7.05758004e-04, -1.19134003e-04,  3.72009871e-04, -1.72516998e-04,
       -9.41548526e-07, -1.20855648e-04,  8.35938231e-05,  4.43869455e-05,
       -9.65354071e-07,  9.75768630e-05, -3.42745892e-05, -3.11588413e-05,
       -2.28932849e-03, -1.25280234e-04, -4.75269034e-04,  1.75552394e-03,
       -4.39183168e-04,  1.96698332e-04,  1.86742044e-04, -1.01647753e-06,
       -2.07478704e-04,  5.55581127e-06,  7.53614910e-05, -5.22473432e-05,
       -8.96800032e-07, -3.50031061e-05, -2.06169493e-05, -1.29675860e-05,
        3.79900140e-07,  1.10834128e-05, -8.08325864e-06,  1.21090075e-05,
        3.04681276e-04, -1.13557597e-04,  1.22831433e-04, -1.78679409e-04,
       -1.46652132e-04, -3.96624935e-05,  5.69027221e-06, -1.12795804e-04,
       -1.06719133e-04,  2.24643202e-05,  6.54936346e-05,  4.67122607e-05,
       -1.04689042e-06,  2.83255420e-05,  1.71222396e-05,  1.59183102e-05,
       -2.71825669e-08,  1.92758131e-06, -2.77538002e-06, -9.07476534e-08,
        5.46026322e-05, -7.04733027e-05, -6.86695120e-05, -7.58946612e-05,
        3.90696144e-05,  1.16896017e-04,  7.07647801e-06,  8.39344083e-05,
        1.58402640e-05,  5.88476546e-06, -4.19269442e-05, -5.45748516e-05,
        7.47708178e-08, -7.77374175e-06, -1.48371776e-05,  2.23824155e-06,
        1.18892031e-07, -7.61766261e-06, -2.25369326e-06,  6.42292676e-06,
        1.43421311e-05, -3.05991444e-05,  2.55852776e-05, -2.04703265e-05,
        8.35085230e-06,  2.84798782e-05,  5.47519240e-07, -3.22577549e-05,
        4.42773638e-06,  2.93830735e-06, -1.07410335e-05,  4.50354453e-06,
       -7.71283820e-07, -9.02856612e-07,  6.47075287e-06,  1.61871722e-06,
        1.87579844e-07, -2.94771698e-06,  2.60128410e-06, -2.44484223e-06,
       -7.65611301e-07, -1.79271350e-06,  1.85133122e-06,  7.96892612e-07,
        1.07947977e-06,  3.13951726e-06, -1.93435149e-07, -3.14938577e-06,
        3.24144272e-07,  9.86373706e-07, -1.11645963e-06, -1.34135697e-06,
       -1.20721454e-08,  1.92435931e-07,  1.29915511e-06, -3.52361680e-07,
       -1.34574245e-08, -9.49348041e-07,  4.68030427e-08, -2.62912064e-08],      dtype=float64),
                   'Za_n': Array([ 3.37017391e-08, -2.02119790e-06, -1.92054044e-05, -1.87272721e-04,
       -2.02223864e-03, -1.94695498e-02, -1.72755327e-01, -1.48044579e+00],      dtype=float64),
                   'Zb_lmn': Array([-3.05394012e-08, -6.16440230e-10, -7.49578132e-09,  3.33702675e-08,
       -6.62745854e-09,  9.20473031e-09,  5.00177700e-08, -3.86465617e-08,
        6.67861106e-10,  1.70343581e-07, -4.52145851e-10, -8.54965817e-08,
       -1.12558827e-08, -1.66425389e-07, -1.75986651e-07,  4.10593569e-07,
       -6.28097362e-07,  1.01218931e-07, -1.08628045e-06,  3.12777741e-06,
        4.59345009e-06,  2.05370560e-06, -6.69419757e-07, -5.39479921e-07,
       -3.54043373e-06,  9.77583701e-08, -2.18333742e-07, -1.89804855e-05,
       -1.67276607e-05, -8.68004134e-06,  6.17852482e-05,  1.01276114e-04,
       -4.29943967e-05, -3.73029321e-05,  1.67758755e-06,  1.69259584e-07,
        2.79565454e-04, -3.10664720e-04, -4.81675360e-04,  1.12931697e-03,
        4.36095816e-04, -1.59281683e-04, -6.54114784e-05,  2.80661878e-06,
       -7.97767962e-07, -4.69459798e-04,  1.19200523e-02, -1.89628805e-02,
        9.49863172e-03,  3.00719713e-03, -1.32191518e-03, -5.76823543e-05,
        4.93742710e-07,  5.31329350e-07, -9.38799462e-02,  1.26087245e-01,
       -7.51938692e-02,  3.50852733e-03,  8.67218184e-03,  1.31960210e-03,
       -1.31999196e-04, -8.44289910e-06,  1.61386969e-06, -1.34584709e+00,
        5.07359626e-01, -6.01705789e-02,  9.37809645e-04, -3.05060595e-03,
       -1.08254563e-03, -1.10665301e-04,  4.20413498e-07, -2.93315065e-06,
        2.37015518e-06, -2.44435602e-05,  6.13273427e-04,  1.22496877e-03,
        9.74927197e-03,  2.19574744e-02, -2.85129153e-01, -2.13588834e+00,
       -2.11018435e-07,  8.77350041e-06, -2.97642528e-04,  4.10930774e-03,
        1.33423099e-02,  7.75001163e-02,  1.46547968e-01, -1.24322309e+00,
       -2.78839241e-06,  1.26875131e-05, -1.82905970e-04, -1.71450619e-04,
       -6.56924917e-03,  1.17515707e-02,  7.29499381e-02, -2.35203121e-01,
       -9.65354071e-07, -9.41548526e-07, -2.15571398e-05,  1.20144648e-03,
       -2.97834275e-03, -4.62551945e-03,  1.67971694e-02, -2.77445685e-02,
        3.79900140e-07, -8.96800032e-07,  1.66392241e-05,  1.51738938e-04,
       -3.71904936e-04, -4.96902460e-04,  3.12797628e-05, -7.54250841e-04,
       -2.71825669e-08, -1.04689042e-06,  2.43919015e-05,  3.40158142e-05,
       -8.39338770e-05,  2.71578688e-05, -1.06598578e-04,  3.52010439e-05,
        1.18892031e-07,  7.47708178e-08, -1.73289715e-06, -6.97263737e-07,
       -5.11102313e-06,  4.27718697e-07, -1.72921050e-06, -3.21352352e-06,
        1.87579844e-07, -7.71283820e-07, -9.40963079e-09, -3.55337373e-07,
        2.11102909e-07, -2.01724470e-07, -6.05639149e-08, -8.17418315e-08,
       -1.34574245e-08, -1.20721454e-08,  3.70256651e-08, -9.99218583e-10,
        9.82317966e-09,  1.10056177e-09, -2.08444139e-08,  3.06390232e-09],      dtype=float64),
                   'Zeff_l': Array([1., 0., 0., 0., 0.], dtype=float64),
                   'a_lmn': Array([], shape=(0,), dtype=float64),
                   'c_l': Array([0., 0., 0., 0., 0.], dtype=float64),
                   'i_l': Array([], shape=(0,), dtype=float64),
                   'ne_l': Array([ 2.38e+20,  0.00e+00,  0.00e+00,  0.00e+00,  0.00e+00, -2.38e+20],      dtype=float64),
                   'ni_l': Array([], shape=(0,), dtype=float64),
                   'p_l': Array([], shape=(0,), dtype=float64)}],
               [ { 'G': Array([], shape=(0,), dtype=float64),
                   'I': Array([], shape=(0,), dtype=float64),
                   'L_lmn': Array([ 2.38717929e-06, -2.85333247e-06, -1.41386903e-06, -6.61396811e-07,
        2.47188923e-06,  1.33577349e-06, -1.30585705e-06,  2.01164896e-06,
        1.50441414e-07,  6.86285464e-07, -1.96997179e-06,  1.27277683e-06,
        3.82523918e-07, -1.42588658e-06,  8.61210548e-07, -6.34581462e-07,
        1.41042715e-06,  1.71869819e-07, -1.04372551e-06,  1.23343465e-06,
       -3.69285590e-07,  6.95564797e-07,  2.24006228e-07, -7.26007993e-07,
        2.75897585e-07, -1.08992387e-05,  1.95389342e-05,  8.68431226e-06,
       -1.17560543e-06, -1.93121998e-05, -1.13839922e-05, -1.30587790e-06,
       -2.62611005e-09,  3.66988996e-07,  3.63295271e-06,  9.64751426e-06,
        3.80242034e-06,  2.46372803e-06,  9.91386543e-07, -4.83986732e-06,
        6.17798109e-07, -3.96096208e-06, -2.15784767e-06,  3.02871511e-06,
        6.42886298e-08, -2.45872757e-06,  1.94858339e-06,  4.42571778e-08,
       -5.08224785e-07,  2.38410141e-06, -6.21178363e-06, -1.29875671e-05,
        4.31265244e-05, -2.11161281e-05, -1.90025116e-05,  2.91974867e-05,
       -3.06264465e-05,  4.60274424e-05, -9.21006293e-06,  2.43125165e-05,
       -3.49330036e-05, -6.51738739e-06, -1.09648592e-05, -7.72199122e-06,
       -1.04673408e-06,  2.00253579e-05, -4.83111693e-06,  1.27043184e-05,
       -1.79411669e-06, -5.68966386e-07,  5.24076620e-06,  2.83269828e-06,
       -1.01244017e-05,  3.71352844e-06, -4.22180970e-06,  2.29283128e-04,
       -5.70875751e-04, -3.43653599e-04,  2.54197051e-04,  7.14082926e-04,
       -5.83898980e-05,  7.23486194e-05, -2.82542795e-04,  2.64122294e-05,
       -1.14119381e-04,  6.39504293e-05, -3.76245551e-05,  1.43372097e-05,
        4.42679161e-05, -7.93168912e-06, -4.64869893e-05,  1.17676398e-05,
       -6.97361610e-06,  3.31057941e-06,  6.00559962e-05, -8.77761047e-06,
       -2.61922878e-05,  1.54810421e-05, -1.29528190e-06, -1.06863888e-05,
        2.23439391e-03,  2.11315824e-03, -2.54099552e-03, -7.92511530e-04,
       -1.98021882e-03,  2.28483984e-04,  2.40718228e-04,  1.16360591e-03,
       -3.23263841e-04, -2.29213145e-04, -2.28516479e-04,  3.12241178e-04,
       -4.87772458e-06, -1.08512813e-04,  1.61618441e-04, -1.96334139e-04,
        8.36612561e-05, -5.93686301e-05, -3.96708002e-05, -4.65827665e-05,
        6.29457510e-06,  1.61395717e-05, -1.54349035e-05,  5.17389440e-05,
       -3.15211973e-06, -2.13191266e-03, -4.04814594e-03,  3.55515012e-03,
       -1.85755509e-03,  5.12393453e-03,  2.24178461e-04, -8.01401899e-04,
       -2.49632448e-03,  1.56516473e-03,  6.97801485e-04,  5.90220332e-04,
       -2.36365510e-04, -9.43299529e-06,  2.52953410e-04, -2.17439128e-04,
        6.95981257e-04, -1.50334494e-04, -1.54640450e-04,  1.17249572e-04,
       -2.08755276e-04,  1.81372453e-05, -1.93388581e-05,  1.38728376e-04,
       -7.14216793e-05, -7.79574479e-05,  1.77219988e-02, -1.47170617e-02,
       -3.30385047e-03,  7.20846061e-03, -1.13649159e-02, -1.07293282e-02,
        6.71149479e-05,  5.21305724e-03, -1.01888516e-03, -2.34013519e-04,
       -1.49438472e-03,  9.74744660e-04, -1.98156790e-04, -1.53931638e-04,
       -9.71511973e-04,  1.22195732e-03,  2.32745435e-04,  3.05282787e-04,
        8.43109817e-05,  1.45758413e-04,  1.99980462e-04,  2.99766571e-04,
       -2.79172269e-04,  7.33176338e-05, -3.20242002e-05,  2.66959316e-02,
       -2.51730435e-02,  6.33427630e-03,  8.57471526e-03,  1.50415749e-02,
        1.73062575e-02,  6.93808439e-04, -9.77320874e-03, -9.83082790e-03,
        3.62553400e-05,  7.89073149e-04, -4.70321863e-03, -1.86565413e-04,
        5.05861397e-04,  7.48146769e-04, -1.44111197e-04, -1.02600133e-03,
        7.20283076e-04, -4.24999131e-04,  6.81774043e-05, -3.80353081e-04,
       -5.78100735e-04, -1.44914227e-04, -2.86763517e-05, -3.82796705e-06,
       -3.44661005e-02, -9.66398546e-02,  6.31532672e-03,  2.07826114e-02,
        3.89869281e-03,  7.76139043e-03, -1.71165975e-03, -1.99486773e-03,
       -3.93291378e-02, -9.62873114e-04,  1.69256636e-04,  2.19274572e-03,
       -2.64118329e-04, -5.63785046e-07, -1.04602828e-03, -1.18787699e-03,
        2.09327906e-05, -6.00055984e-05, -7.41838487e-05, -1.19884878e-04,
       -2.33844903e-01,  9.90354091e-03, -1.05569879e-02,  1.53624360e-02,
        7.00667930e-03, -6.56150199e-03,  5.39973910e-03,  2.27383556e-04,
        2.54162988e-04, -4.00994953e-04, -1.32361234e-03,  4.90876150e-03,
        3.42167056e-05,  4.03555875e-04, -1.05975231e-03, -3.00783055e-04,
        5.28133865e-05, -4.76270839e-05,  3.17453419e-04,  9.28872973e-05,
        4.05334539e-02, -2.28732020e-02,  1.15640551e-02, -5.00431258e-03,
        2.41263025e-04,  3.85904872e-03, -5.21166929e-04, -1.25494491e-03,
        2.69311370e-04, -1.52588536e-03,  1.67146244e-03, -9.48151710e-04,
       -1.62143182e-04, -1.21521647e-04, -7.94267623e-05,  2.22812308e-04,
        4.74726461e-05, -1.34548603e-04,  1.57138106e-05, -1.12645837e-04,
       -3.15406421e-03,  4.26958195e-03,  5.22068237e-05,  9.09449064e-04,
       -1.29849469e-03, -1.15770329e-03,  1.50920961e-04,  1.46868882e-04,
        3.16447797e-04, -7.06479747e-04, -1.81059812e-05, -1.85524598e-04,
        1.98898593e-04, -1.17115655e-04,  2.86656866e-04, -6.14120759e-05,
        7.66289858e-05,  7.47950938e-05, -8.08192972e-05,  3.15353924e-05,
        3.39609208e-04, -5.48339548e-04, -8.35400919e-05, -2.19247537e-04,
        2.30903714e-04,  3.99598011e-04, -2.33251526e-04, -3.61477386e-05,
       -7.16353759e-05,  1.67804833e-04, -5.29676320e-05,  2.56038306e-05,
        4.58687916e-05,  4.40801364e-06, -8.01783324e-06, -5.15757725e-05,
        5.19340164e-06, -4.97989266e-05, -1.25129999e-05,  2.00237980e-05,
        1.43814827e-04, -1.13767748e-04,  1.33497870e-04, -2.14844864e-04,
       -3.57228914e-05,  8.22744525e-05,  2.88515169e-05, -1.43033601e-04,
        4.52016264e-05,  4.99168460e-05,  1.57447501e-05,  7.13396333e-06,
       -5.70926410e-05,  9.27869478e-07,  1.19168787e-05,  1.55461266e-05,
        1.01330705e-05, -1.79475284e-06, -6.21814952e-06,  1.30552170e-05,
       -2.88715434e-05,  8.51757214e-05, -1.01628914e-04,  9.92457297e-07,
        2.50310706e-05, -8.39929476e-05,  5.79669058e-06,  1.08276098e-04,
        2.47342429e-05, -2.22452079e-05, -1.85320756e-05, -8.37049304e-06,
       -6.52220961e-07,  2.97259675e-06, -1.03364473e-05,  4.55696383e-06,
        3.75230994e-06, -3.26841705e-06,  9.81102709e-06, -5.11063696e-06,
       -1.04565825e-05, -2.21298002e-05,  2.01476598e-05,  2.20624536e-05,
       -1.78876643e-06,  2.33161390e-05, -5.93610396e-06, -1.98024576e-05,
       -1.42611855e-05,  1.17322858e-06,  5.15148348e-06, -2.19484984e-06,
       -8.09157687e-07, -1.90395333e-06,  2.16903246e-06, -2.23027949e-06,
       -2.25062233e-06, -1.36129755e-07, -1.47374592e-07, -4.15911785e-07,
        6.45624518e-07,  8.77825406e-07, -5.31563357e-07, -2.59301424e-06,
       -4.65843645e-07,  5.18625733e-07, -1.05128223e-06,  1.54357250e-06,
        9.49083411e-07,  2.75028777e-07, -1.57515836e-06, -2.11036261e-06,
       -1.25249156e-06,  7.07869328e-07,  6.18073844e-07,  3.96969136e-07,
       -3.67109951e-07,  7.48457439e-07,  2.53737651e-07,  1.04448049e-06],      dtype=float64),
                   'Phi_mn': Array([], shape=(0,), dtype=float64),
                   'Psi': Array([50.20413129], dtype=float64),
                   'R_lmn': Array([ 1.26680418e-06,  1.06188096e-06,  4.37673470e-06,  1.05443239e-06,
        1.04411819e-06, -4.25952179e-06,  4.89569164e-07, -6.61249998e-06,
       -2.77364360e-06, -3.23462371e-07, -3.70388590e-07,  3.38202199e-06,
       -2.01436610e-08, -4.90013503e-07,  2.27482653e-06,  5.02700036e-07,
       -7.36358192e-09,  2.99377993e-07, -6.91005393e-07, -1.72577667e-07,
        2.19996798e-06, -3.31751746e-05, -2.78353504e-06, -1.15379399e-05,
        1.47222600e-05,  5.40122811e-05,  8.98476496e-07,  2.68926489e-06,
        1.01904984e-05,  5.08090641e-06, -1.68002979e-05, -2.13659414e-05,
       -4.48348087e-07, -2.96202901e-07,  3.45031409e-07, -5.82278208e-07,
        3.95592910e-08, -4.78913286e-06,  1.97492198e-06,  7.02374877e-07,
        1.25414415e-04, -1.74489198e-04,  5.32071362e-05, -1.76635884e-04,
        7.75707052e-06,  1.77601722e-04, -1.99343191e-05, -4.04851481e-05,
        4.88793587e-05,  3.84499997e-06, -4.36106847e-06, -1.03101936e-05,
        1.76295799e-06,  2.05002736e-05, -3.90141718e-06,  7.43010422e-06,
       -2.62397635e-07,  3.82889289e-06, -5.17726780e-06,  3.19144560e-06,
        4.97551647e-04,  1.88068009e-04, -3.33805586e-04, -8.28545138e-05,
        2.30937554e-05, -3.91786454e-04,  1.02747346e-04,  3.63467643e-05,
       -3.24768458e-04,  2.02593539e-05,  9.84116443e-05,  1.26957363e-04,
        1.41095229e-06, -4.72112131e-05,  9.94108184e-06, -7.44388525e-06,
        1.79961820e-07, -1.85768322e-05,  5.34584269e-06, -3.80457925e-06,
       -6.27922805e-03, -1.66405204e-03, -3.51409694e-05,  4.79655050e-03,
       -1.38669534e-03,  2.04574345e-03,  9.52038299e-04,  1.30624576e-04,
        3.89627780e-04, -2.76139174e-05,  6.56188499e-05, -3.40875821e-04,
        6.57429840e-06, -7.68469823e-05, -6.78028153e-05, -1.66102463e-05,
        4.11316250e-07,  1.81433090e-05, -2.58465587e-05,  1.66581643e-05,
       -2.13858112e-02,  1.07613144e-02,  3.98456655e-03,  1.87981751e-04,
       -1.10137965e-04, -4.00057666e-03, -3.66992113e-04, -1.03203952e-03,
       -7.13165586e-04, -7.89851101e-05, -5.35670123e-04,  6.05496967e-04,
        5.83648524e-07,  1.14764244e-05,  1.25860200e-04,  1.21087736e-04,
        7.85516721e-07,  5.83006830e-06,  1.47274063e-05, -8.97993219e-05,
       -3.01946805e-01,  1.20311727e-01, -9.17682948e-03,  1.51668259e-02,
        9.84684442e-04,  1.89380503e-02,  2.49899900e-03, -2.48350536e-03,
        4.29353672e-03, -1.52560541e-05, -1.02723827e-03, -1.10214635e-03,
       -4.52644125e-06,  1.52826844e-05, -3.44699393e-04, -1.83044189e-04,
        3.12576019e-07, -4.14211650e-05,  9.28801508e-05, -1.99848424e-05,
       -1.44743613e+00,  3.57527453e-02,  7.00391493e-02, -1.18340508e-02,
       -5.51077097e-03,  2.26729325e-02, -4.61309314e-03,  5.46112315e-03,
       -6.73751443e-03,  4.60253913e-04,  1.94708918e-03,  3.98394424e-03,
        3.76205481e-06,  2.46989298e-04, -4.49952910e-04,  2.49591543e-04,
        5.33933641e-07,  1.07544228e-04,  2.18568529e-05,  1.20436648e-04,
        1.01827568e+01,  1.65618993e+00, -3.25767817e-01,  3.67959139e-01,
        3.26844857e-02, -1.88139792e-02,  3.87046983e-02, -3.79483239e-02,
       -2.14702078e-02,  2.96730831e-03, -9.99517274e-03,  2.53793750e-05,
        7.22863737e-04, -2.49410672e-03, -6.79391844e-04, -6.63965796e-05,
       -4.05546981e-05, -4.76254739e-05, -4.29220554e-04, -1.01392829e-05,
        5.79442707e-05, -3.37222287e-04,  8.10143635e-05, -8.94639046e-06,
       -1.37361371e-06,  1.86459996e+00, -7.42677814e-01,  8.45275289e-02,
        1.94579845e-02, -1.96337273e-02,  2.11497489e-02, -1.90331173e-02,
        2.88543397e-02, -1.27711795e-02,  3.02623518e-03, -1.78919188e-03,
       -3.14854347e-03, -7.57048327e-04,  1.69351286e-07,  2.63610313e-03,
        5.66996415e-05,  4.24965594e-04,  2.75993745e-04,  3.87762754e-04,
       -1.86039886e-05, -5.54230455e-05, -3.70922905e-06, -3.96099388e-05,
        8.66742428e-05, -1.85142547e-06,  1.41297035e-01, -1.47909883e-01,
       -4.33718516e-02,  1.38501413e-01, -4.95960860e-03, -2.13942449e-02,
        3.07058220e-03,  5.06568583e-03, -2.49548595e-03,  1.66197526e-03,
       -3.03427061e-03,  1.11219800e-03, -1.23992560e-03,  3.67249330e-04,
       -1.26360941e-03,  2.08956083e-04,  3.32151231e-04, -1.01261885e-04,
        6.27053301e-05, -1.77716764e-05,  3.36629900e-05, -1.00505122e-04,
        3.08232541e-05,  1.26480576e-05,  1.09196208e-06,  1.15326945e-02,
       -9.94208785e-03, -1.03480979e-02,  1.04656733e-02,  1.81416278e-03,
       -3.45421865e-04, -1.59596566e-03, -1.97978805e-03, -1.57846256e-04,
        1.04061467e-03, -1.41362526e-03, -2.49351381e-04,  8.29234290e-05,
        1.68933754e-04, -7.55592352e-04, -1.67046167e-05, -1.39506491e-04,
        6.12374039e-05, -5.04117678e-05, -1.09118017e-06, -1.54312044e-05,
       -1.65477887e-06,  1.24727242e-04, -8.18184818e-07,  1.32472812e-06,
        1.98647749e-04, -1.07521205e-03, -1.17655666e-03,  3.82858128e-04,
        1.17940243e-03, -5.19211652e-04,  7.54871974e-04,  3.08961521e-04,
       -1.65227539e-03, -4.48133623e-04, -1.80926371e-04,  9.22545677e-04,
        1.27078682e-04,  1.41426614e-04,  2.56347625e-04,  9.38787617e-06,
        4.48949064e-05, -7.58696597e-05, -2.34510843e-05,  2.51667473e-06,
        1.12453574e-05, -2.78352428e-05, -4.73174341e-05,  1.60052260e-05,
        1.48360610e-06,  1.47862198e-04,  8.64266032e-04, -7.54522573e-05,
        5.51012749e-04, -7.59510503e-04, -6.25348692e-04, -5.79268790e-05,
       -6.10126909e-04,  1.21847848e-04,  5.10609502e-05,  2.64104588e-04,
        9.66925318e-05, -2.16951682e-05,  4.49978714e-05, -3.44481467e-05,
        3.34903521e-05, -4.29619271e-05,  2.83396708e-05, -3.85244330e-05,
        3.38193793e-06,  2.98132830e-06,  2.11972812e-05,  2.84305139e-06,
       -1.42952615e-05, -7.05269840e-07,  2.13454448e-05,  2.76943309e-04,
        1.80283284e-05, -9.73776438e-05, -3.75991541e-04,  7.17070653e-05,
       -9.73743997e-06,  1.02817475e-04, -1.77855277e-05,  7.85415069e-05,
       -8.92808117e-05, -2.09735784e-05, -2.63254701e-05, -6.14128657e-06,
        3.30107980e-05,  8.08623141e-06,  1.98921891e-05,  1.52318622e-05,
        2.46239982e-05, -6.23305555e-08, -1.37977189e-06, -4.53550549e-06,
       -9.64065528e-06,  3.18170187e-06, -3.01173574e-08, -8.00026341e-06,
        4.98960896e-05, -9.03447286e-06, -5.35715362e-05, -3.22653853e-05,
       -3.39572968e-06,  6.91447012e-06,  6.49233524e-05,  4.72288379e-06,
       -1.13857299e-05,  1.17501977e-05,  1.72110303e-06,  8.59451581e-06,
       -1.19676164e-05, -8.23266280e-06,  4.75504751e-06, -6.25728632e-06,
       -8.39704755e-06, -2.08728822e-06,  3.97484912e-07,  1.73264525e-06,
        6.30080544e-07,  3.77271877e-06, -4.31958264e-06, -4.36903764e-07,
       -2.22662442e-07,  4.17577733e-06, -1.00771195e-06,  3.30053468e-08,
       -2.72551501e-06,  2.37705165e-06,  1.22373666e-06, -5.29635528e-06,
        1.09383663e-06, -1.04322936e-06, -4.40507070e-06,  7.93016466e-07,
        6.72872333e-07,  5.13239252e-06, -4.86334127e-07, -2.51492383e-07,
       -4.23718304e-07,  2.05295746e-06, -7.68171167e-07, -2.31279196e-08,
       -6.51035112e-07,  1.25628787e-07, -6.22089338e-07,  3.09363409e-07,
       -5.00079178e-08], dtype=float64),
                   'Ra_n': Array([1.05465644e+01, 1.76174094e+00, 1.89013057e-01, 2.01864721e-02,
       2.01424306e-03, 1.90064072e-04, 1.85253747e-05, 1.08680903e-06,
       6.84878725e-07], dtype=float64),
                   'Rb_lmn': Array([-7.36358192e-09, -2.01436610e-08, -2.40843781e-08, -4.44338448e-10,
       -1.72757938e-08,  3.90612572e-08,  1.18035005e-08,  5.02929924e-08,
        3.95592910e-08, -4.48348087e-07,  2.91773553e-07,  6.02273595e-07,
       -1.03115983e-07,  2.50761260e-07,  1.73539979e-07,  2.70248261e-07,
       -2.62397635e-07,  1.76295799e-06,  7.67389285e-06,  5.65954421e-07,
       -1.78126575e-06,  8.82057087e-06, -4.00622350e-06,  5.08799462e-06,
        1.79961820e-07,  1.41095229e-06,  1.68252170e-06,  5.55361327e-05,
        1.26851242e-04, -2.87517740e-04, -8.05656610e-05,  8.24847893e-05,
        4.11316250e-07,  6.57429840e-06, -9.47060842e-06,  8.75191317e-04,
       -1.34692305e-03,  2.76807913e-05,  5.74737470e-05, -1.10966002e-03,
        7.85516721e-07,  5.83648524e-07, -7.31550418e-05, -3.55515689e-04,
       -6.31080681e-04,  3.07838723e-03,  7.27643537e-03, -2.17899073e-02,
        3.12576019e-07, -4.52644125e-06, -5.66772190e-05,  2.51428168e-03,
        5.03263209e-05, -1.20050342e-02,  1.38127646e-01, -2.82669487e-01,
        5.33933641e-07,  3.76205481e-06,  5.67798141e-04, -4.36610384e-03,
       -3.54182493e-03,  7.50503195e-02,  6.25300587e-02, -1.46575811e+00,
        9.89647447e+00,  1.69180117e+00,  3.27179486e-01, -2.88567774e-02,
       -2.20685853e-02, -4.03841178e-04, -7.53429700e-05, -1.01392829e-05,
       -1.37361371e-06,  1.92928190e+00, -7.58860340e-01,  4.83087844e-02,
        1.96365508e-02, -1.01746863e-02, -2.76078071e-03,  1.43373884e-04,
       -1.86039886e-05, -1.85142547e-06,  9.97895029e-02, -1.50875365e-01,
        1.43833843e-01, -2.45297774e-02, -3.72827210e-03,  1.17490333e-03,
        2.21604141e-04, -1.77716764e-05,  1.09196208e-06, -3.43876865e-04,
       -7.22681689e-03,  8.65316426e-03, -1.69780972e-03, -7.88711366e-04,
       -2.99763149e-04, -1.75228015e-05, -1.09118017e-06,  1.32472812e-06,
       -8.47128945e-05, -2.99048334e-04,  8.05411020e-04, -7.76007683e-04,
       -1.44324520e-03,  8.99094593e-04,  2.53931022e-05,  2.51667473e-06,
        1.48360610e-06, -4.23077844e-06,  1.12854552e-04,  7.08099284e-06,
       -3.32904433e-04,  9.02427527e-05,  5.81680988e-05,  1.91950906e-05,
        3.38193793e-06, -7.05269840e-07,  1.93109115e-06, -6.14536275e-07,
       -5.23696042e-06, -2.34188412e-06,  5.58461493e-06,  3.65041976e-06,
        1.12679333e-05, -6.23305555e-08, -3.01173574e-08,  2.06894914e-07,
       -1.23118783e-08,  1.42802785e-08, -4.25795169e-08,  2.62939756e-07,
       -3.66185193e-07,  4.35464864e-07,  3.97484912e-07, -4.36903764e-07,
        1.51994928e-08, -1.66853412e-08, -5.32862302e-09,  2.49384079e-08,
       -1.45868349e-08,  2.48452998e-08,  5.78710267e-08, -2.31279196e-08,
       -5.00079178e-08], dtype=float64),
                   'Te_l': Array([ 9450., -9450.,     0.,     0.,     0.], dtype=float64),
                   'Ti_l': Array([ 9450., -9450.,     0.,     0.,     0.], dtype=float64),
                   'Z_lmn': Array([ 2.32893610e-06, -6.31238905e-06,  1.27644644e-06,  2.57826493e-06,
        2.62792754e-06, -2.10939706e-06, -2.42907087e-06, -2.24239414e-07,
       -1.29471172e-06,  2.60053023e-06,  3.63759916e-06, -3.13524299e-07,
       -1.30856701e-06, -1.95246957e-06,  1.76475106e-06, -9.56261936e-07,
        1.08331484e-06, -1.49483182e-06,  3.22729029e-07, -3.86465617e-08,
        1.01715942e-07, -4.09051728e-07, -4.76666801e-07,  1.00627971e-06,
        6.67861106e-10, -5.54596079e-07, -2.71666433e-05,  3.13894636e-06,
        3.69021091e-05,  2.78484468e-05, -1.16546040e-05, -9.59355805e-07,
       -3.99630529e-05, -4.42740134e-07,  7.66307534e-07,  1.06218403e-05,
       -3.10531640e-06, -2.04317562e-06, -6.86879069e-07,  2.86633882e-06,
       -2.12818235e-06, -1.44856314e-06,  1.02150781e-06,  2.92932975e-06,
       -6.28097362e-07,  5.88524726e-07,  3.66232626e-06, -2.59002407e-06,
        2.53877592e-06,  1.01218931e-07,  1.89146438e-06, -2.35284847e-04,
        5.45046048e-06,  6.56877708e-05,  2.47163170e-04,  2.38721374e-05,
       -1.13235929e-05, -6.75168480e-05, -2.30740470e-06, -1.22329391e-05,
       -2.86160185e-05, -5.52783634e-06,  3.60910148e-06,  7.98763698e-06,
        6.30199206e-07, -7.77704296e-06,  3.48239327e-06,  6.79758666e-06,
        4.98835642e-06,  9.77583701e-08, -7.13713870e-07, -1.56510977e-06,
        1.00778574e-06,  4.23660923e-06, -2.18333742e-07, -2.27573482e-05,
       -1.17618520e-03,  4.12113821e-05,  3.82916558e-07,  1.18687996e-03,
        1.23807430e-04, -7.46801584e-05,  9.51455260e-06,  1.27281844e-04,
       -4.55011937e-05, -4.11121206e-05, -1.97716997e-05,  4.29347355e-05,
       -1.17263593e-05, -3.07422312e-05, -3.36259120e-05,  1.80787705e-05,
       -2.09100616e-05, -2.32226970e-05,  1.67758755e-06, -5.68909661e-06,
       -6.85115118e-06,  4.73650145e-06, -3.67702005e-06,  1.69259584e-07,
       -1.13921003e-03, -2.27841460e-03,  1.20311416e-03, -2.93212004e-03,
        2.28351377e-03,  1.18419865e-03,  2.65987073e-04,  2.56369118e-03,
        3.89633222e-04, -3.37523390e-04,  3.63077940e-05, -1.24160571e-04,
       -5.22121084e-05, -8.95726418e-05,  1.69640517e-05, -5.10060123e-05,
        2.17595057e-05, -9.11894780e-05, -3.51211117e-05,  2.80661878e-06,
        1.88635966e-06, -2.36738586e-05,  2.94985416e-05, -1.44054661e-05,
       -7.97767962e-07, -8.92962687e-03,  1.35562072e-02,  9.67285054e-03,
       -1.53594920e-02, -2.14263603e-03,  8.45610818e-03, -1.02363707e-03,
       -3.40691801e-03,  3.49604209e-03,  5.93864004e-04,  8.97313101e-04,
       -1.42938462e-03, -1.72805546e-04, -2.45863185e-04, -4.85426032e-04,
        2.85644063e-05, -8.73828442e-05,  1.45210438e-04,  1.07469439e-04,
        4.93742710e-07, -1.62408519e-05,  4.93926634e-05, -3.41892175e-06,
       -8.62467606e-05,  5.31329350e-07, -1.37422611e-01,  1.17794133e-01,
        3.93155219e-02, -8.04293028e-02,  1.00017869e-02, -1.15768905e-03,
        4.02480732e-03,  6.43779390e-03,  6.70004790e-03, -1.85652640e-03,
        4.87192600e-03,  1.16699060e-03,  1.22168590e-04, -1.31550814e-03,
        2.07993964e-03, -1.71487490e-04,  1.47851703e-04, -2.05709617e-04,
        1.52611499e-04, -8.44289910e-06,  8.01673077e-05,  1.13147842e-04,
       -1.07805693e-04,  3.94882937e-05,  1.61386969e-06, -1.41715350e+00,
        4.89848481e-01,  6.44350105e-02, -3.57017446e-02,  2.02742955e-02,
        3.13981654e-03,  4.17496768e-03, -2.63252892e-02, -4.73376228e-03,
       -2.01763022e-03, -2.32061044e-03, -8.24931543e-04,  2.86433758e-03,
        1.72696385e-03,  1.68091194e-03, -1.60558889e-04, -7.45519711e-04,
        1.18603549e-04, -2.57614082e-04,  4.20413498e-07, -1.67901080e-04,
        1.29491077e-04,  2.24439769e-06,  4.98935876e-05, -2.93315065e-06,
       -2.17919697e+00, -3.41030434e-01,  9.17602833e-03,  5.75489106e-02,
        8.33760685e-03,  5.06919392e-02,  1.08239524e-03,  1.31410963e-02,
       -1.43458004e-02,  5.39529828e-04,  1.37909901e-03,  4.85011698e-03,
       -2.44435602e-05,  1.42573529e-04, -3.59650245e-04,  1.05514061e-04,
        2.37015518e-06,  7.37435995e-05,  3.25661184e-05,  3.59224239e-04,
       -1.24708298e+00,  1.24272715e-01,  7.23535071e-02,  1.81053136e-04,
        1.61781745e-02,  2.16849745e-02,  4.34932996e-03,  5.30352513e-03,
        3.60450930e-03, -1.91697219e-04, -2.86867082e-03,  5.30716139e-04,
        8.77350041e-06, -2.40022215e-04, -1.56915960e-04,  7.43249263e-05,
       -2.11018435e-07, -1.05945308e-04,  3.28063083e-05,  5.95616333e-05,
       -2.47310685e-01,  6.07098992e-02,  1.52895663e-02,  1.26225822e-02,
       -5.64499253e-03,  1.15739726e-02,  1.70553723e-06, -3.65262377e-03,
       -6.86456707e-04, -1.23351279e-04, -8.77773914e-04,  8.41361760e-04,
        1.26875131e-05, -1.73156156e-04,  1.14628253e-04,  1.71438397e-04,
       -2.78839241e-06, -5.95546907e-05, -4.64827281e-05, -1.75295436e-04,
       -3.27096305e-02,  1.72978037e-02, -3.93120649e-03,  4.21491699e-03,
       -3.31607803e-03, -2.96958497e-04,  1.32230212e-03, -7.77906786e-04,
        7.05758004e-04, -1.19134003e-04,  3.72009871e-04, -1.72516998e-04,
       -9.41548526e-07, -1.20855648e-04,  8.35938231e-05,  4.43869455e-05,
       -9.65354071e-07,  9.75768630e-05, -3.42745892e-05, -3.11588413e-05,
       -2.28932849e-03, -1.25280234e-04, -4.75269034e-04,  1.75552394e-03,
       -4.39183168e-04,  1.96698332e-04,  1.86742044e-04, -1.01647753e-06,
       -2.07478704e-04,  5.55581127e-06,  7.53614910e-05, -5.22473432e-05,
       -8.96800032e-07, -3.50031061e-05, -2.06169493e-05, -1.29675860e-05,
        3.79900140e-07,  1.10834128e-05, -8.08325864e-06,  1.21090075e-05,
        3.04681276e-04, -1.13557597e-04,  1.22831433e-04, -1.78679409e-04,
       -1.46652132e-04, -3.96624935e-05,  5.69027221e-06, -1.12795804e-04,
       -1.06719133e-04,  2.24643202e-05,  6.54936346e-05,  4.67122607e-05,
       -1.04689042e-06,  2.83255420e-05,  1.71222396e-05,  1.59183102e-05,
       -2.71825669e-08,  1.92758131e-06, -2.77538002e-06, -9.07476534e-08,
        5.46026322e-05, -7.04733027e-05, -6.86695120e-05, -7.58946612e-05,
        3.90696144e-05,  1.16896017e-04,  7.07647801e-06,  8.39344083e-05,
        1.58402640e-05,  5.88476546e-06, -4.19269442e-05, -5.45748516e-05,
        7.47708178e-08, -7.77374175e-06, -1.48371776e-05,  2.23824155e-06,
        1.18892031e-07, -7.61766261e-06, -2.25369326e-06,  6.42292676e-06,
        1.43421311e-05, -3.05991444e-05,  2.55852776e-05, -2.04703265e-05,
        8.35085230e-06,  2.84798782e-05,  5.47519240e-07, -3.22577549e-05,
        4.42773638e-06,  2.93830735e-06, -1.07410335e-05,  4.50354453e-06,
       -7.71283820e-07, -9.02856612e-07,  6.47075287e-06,  1.61871722e-06,
        1.87579844e-07, -2.94771698e-06,  2.60128410e-06, -2.44484223e-06,
       -7.65611301e-07, -1.79271350e-06,  1.85133122e-06,  7.96892612e-07,
        1.07947977e-06,  3.13951726e-06, -1.93435149e-07, -3.14938577e-06,
        3.24144272e-07,  9.86373706e-07, -1.11645963e-06, -1.34135697e-06,
       -1.20721454e-08,  1.92435931e-07,  1.29915511e-06, -3.52361680e-07,
       -1.34574245e-08, -9.49348041e-07,  4.68030427e-08, -2.62912064e-08],      dtype=float64),
                   'Za_n': Array([ 3.37017391e-08, -2.02119790e-06, -1.92054044e-05, -1.87272721e-04,
       -2.02223864e-03, -1.94695498e-02, -1.72755327e-01, -1.48044579e+00],      dtype=float64),
                   'Zb_lmn': Array([-3.05394012e-08, -6.16440230e-10, -7.49578132e-09,  3.33702675e-08,
       -6.62745854e-09,  9.20473031e-09,  5.00177700e-08, -3.86465617e-08,
        6.67861106e-10,  1.70343581e-07, -4.52145851e-10, -8.54965817e-08,
       -1.12558827e-08, -1.66425389e-07, -1.75986651e-07,  4.10593569e-07,
       -6.28097362e-07,  1.01218931e-07, -1.08628045e-06,  3.12777741e-06,
        4.59345009e-06,  2.05370560e-06, -6.69419757e-07, -5.39479921e-07,
       -3.54043373e-06,  9.77583701e-08, -2.18333742e-07, -1.89804855e-05,
       -1.67276607e-05, -8.68004134e-06,  6.17852482e-05,  1.01276114e-04,
       -4.29943967e-05, -3.73029321e-05,  1.67758755e-06,  1.69259584e-07,
        2.79565454e-04, -3.10664720e-04, -4.81675360e-04,  1.12931697e-03,
        4.36095816e-04, -1.59281683e-04, -6.54114784e-05,  2.80661878e-06,
       -7.97767962e-07, -4.69459798e-04,  1.19200523e-02, -1.89628805e-02,
        9.49863172e-03,  3.00719713e-03, -1.32191518e-03, -5.76823543e-05,
        4.93742710e-07,  5.31329350e-07, -9.38799462e-02,  1.26087245e-01,
       -7.51938692e-02,  3.50852733e-03,  8.67218184e-03,  1.31960210e-03,
       -1.31999196e-04, -8.44289910e-06,  1.61386969e-06, -1.34584709e+00,
        5.07359626e-01, -6.01705789e-02,  9.37809645e-04, -3.05060595e-03,
       -1.08254563e-03, -1.10665301e-04,  4.20413498e-07, -2.93315065e-06,
        2.37015518e-06, -2.44435602e-05,  6.13273427e-04,  1.22496877e-03,
        9.74927197e-03,  2.19574744e-02, -2.85129153e-01, -2.13588834e+00,
       -2.11018435e-07,  8.77350041e-06, -2.97642528e-04,  4.10930774e-03,
        1.33423099e-02,  7.75001163e-02,  1.46547968e-01, -1.24322309e+00,
       -2.78839241e-06,  1.26875131e-05, -1.82905970e-04, -1.71450619e-04,
       -6.56924917e-03,  1.17515707e-02,  7.29499381e-02, -2.35203121e-01,
       -9.65354071e-07, -9.41548526e-07, -2.15571398e-05,  1.20144648e-03,
       -2.97834275e-03, -4.62551945e-03,  1.67971694e-02, -2.77445685e-02,
        3.79900140e-07, -8.96800032e-07,  1.66392241e-05,  1.51738938e-04,
       -3.71904936e-04, -4.96902460e-04,  3.12797628e-05, -7.54250841e-04,
       -2.71825669e-08, -1.04689042e-06,  2.43919015e-05,  3.40158142e-05,
       -8.39338770e-05,  2.71578688e-05, -1.06598578e-04,  3.52010439e-05,
        1.18892031e-07,  7.47708178e-08, -1.73289715e-06, -6.97263737e-07,
       -5.11102313e-06,  4.27718697e-07, -1.72921050e-06, -3.21352352e-06,
        1.87579844e-07, -7.71283820e-07, -9.40963079e-09, -3.55337373e-07,
        2.11102909e-07, -2.01724470e-07, -6.05639149e-08, -8.17418315e-08,
       -1.34574245e-08, -1.20721454e-08,  3.70256651e-08, -9.99218583e-10,
        9.82317966e-09,  1.10056177e-09, -2.08444139e-08,  3.06390232e-09],      dtype=float64),
                   'Zeff_l': Array([1., 0., 0., 0., 0.], dtype=float64),
                   'a_lmn': Array([], shape=(0,), dtype=float64),
                   'c_l': Array([0., 0., 0., 0., 0.], dtype=float64),
                   'i_l': Array([], shape=(0,), dtype=float64),
                   'ne_l': Array([ 2.38e+20,  0.00e+00,  0.00e+00,  0.00e+00,  0.00e+00, -2.38e+20],      dtype=float64),
                   'ni_l': Array([], shape=(0,), dtype=float64),
                   'p_l': Array([], shape=(0,), dtype=float64)}],
               [ { 'G': Array([], shape=(0,), dtype=float64),
                   'I': Array([], shape=(0,), dtype=float64),
                   'L_lmn': Array([ 2.86063595e-07,  2.17160535e-07,  7.51813333e-07, -1.01558247e-06,
       -1.91978291e-06,  4.93851450e-07, -1.32344612e-06,  2.66888247e-06,
       -1.14844234e-07,  1.82197855e-06, -1.14512381e-06,  9.19516560e-07,
       -1.19351755e-07, -1.63507524e-06,  3.47730331e-07,  4.19213320e-07,
        1.11464148e-06,  1.77687178e-07, -3.80576822e-07, -1.54096842e-07,
        2.49006615e-07,  7.74110500e-07,  7.17643208e-07, -3.02325643e-07,
        1.52000243e-07,  9.77833652e-07,  2.51636492e-06, -6.28751142e-06,
        6.96980107e-06,  7.76360817e-06, -8.99808948e-06,  2.38921964e-06,
       -9.54422589e-06, -1.46145974e-06, -9.52697612e-06,  6.84612743e-06,
        3.09546286e-06,  1.30618936e-06,  5.59606378e-06, -2.34700036e-06,
        1.15426581e-06,  2.14301266e-06, -5.12570357e-06,  1.64206046e-07,
        1.54813186e-06, -3.14165709e-06, -2.06545867e-06,  8.44789414e-07,
       -2.96938517e-07,  1.22949950e-06, -3.44214933e-05,  2.44902332e-05,
        6.91718385e-05, -4.85066204e-05, -5.88861051e-05,  2.68262852e-05,
       -3.19134491e-05,  7.13995319e-05, -5.86005802e-06,  3.21302790e-05,
       -2.95723730e-05, -1.05053801e-05, -8.87099228e-06, -7.04147207e-06,
       -6.47889796e-06,  1.11669442e-05, -1.21900415e-05,  1.54800201e-05,
       -7.43627974e-08,  5.34620916e-07,  1.06047713e-05,  6.28687030e-06,
       -5.42649969e-06,  8.03568961e-07, -5.52150413e-06,  1.87573829e-04,
       -5.74764622e-04, -2.98163811e-04,  2.75893487e-04,  6.72986394e-04,
       -9.66703447e-05,  7.57956267e-05, -2.73703899e-04,  2.46363731e-05,
       -8.30159088e-05,  8.53819019e-05, -5.26936020e-06,  1.35719149e-05,
        1.91936920e-05, -9.27908310e-07, -5.29472821e-05,  2.02492001e-05,
       -6.06950426e-06, -1.51541337e-05,  5.20488401e-05, -1.35775654e-05,
       -2.43179678e-05,  1.76519304e-05, -3.43855915e-06, -7.36070920e-06,
        1.21974066e-03,  9.79631970e-04, -1.25294097e-03, -4.17296795e-04,
       -9.81351512e-04,  2.03289866e-04, -4.85856228e-05,  7.69496697e-04,
       -3.53209511e-04, -3.61629131e-05, -1.52187130e-04,  2.55968341e-04,
        1.00857187e-05, -1.13547263e-04,  1.11853559e-04, -1.16485977e-04,
        2.22916952e-05, -4.22260406e-05, -2.43913500e-05, -3.64285127e-05,
        1.90383462e-05,  3.54871259e-05, -1.41979346e-05,  3.72435705e-05,
       -5.41792115e-06, -2.78883777e-03, -3.37035452e-04,  3.13198977e-03,
       -3.53791506e-03,  2.17452479e-03,  6.70201507e-04,  2.76569117e-04,
       -9.11653200e-04,  1.77015494e-03, -1.33272451e-04,  8.20862920e-05,
       -4.91643174e-04, -6.52001538e-06,  3.52276817e-04, -1.15507511e-04,
        5.34298731e-04, -5.21893927e-05, -1.10876672e-04,  1.18253079e-04,
       -1.89252612e-04, -1.92207441e-05, -9.88521343e-05,  1.13919493e-04,
       -4.46161623e-05, -7.27150906e-05,  3.14963568e-02, -3.07056686e-02,
       -1.57272724e-02,  1.00070027e-02,  4.58712416e-03, -1.19706886e-02,
       -1.52816387e-03,  2.69777918e-03, -9.59081684e-04, -5.88616222e-04,
       -7.44077954e-04,  1.65087678e-03,  2.71698279e-04, -9.84527879e-05,
       -1.01820686e-03,  1.29798292e-03,  9.73520851e-05,  2.55451713e-04,
        1.23644831e-04,  1.39689193e-04,  1.86621399e-05,  3.58138755e-04,
       -1.54024260e-04,  7.46821565e-05, -3.50747617e-05,  2.49073538e-02,
       -1.14163306e-02,  4.98562365e-03,  3.72539404e-03,  1.74053140e-03,
        1.95790886e-02,  4.10022146e-03, -4.72256011e-03, -1.18757908e-02,
       -1.96920455e-04, -1.05613820e-03, -5.10223117e-03, -8.78718257e-04,
       -7.74034328e-04,  1.02926918e-03, -1.02044071e-04, -8.12913568e-04,
        8.58015658e-04, -2.97431523e-04,  1.03044332e-04, -3.38899157e-04,
       -5.61954693e-04, -1.64319603e-04,  8.72799279e-07, -5.09598035e-06,
       -2.68225945e-02, -1.00682787e-01,  7.28541339e-03,  9.65650241e-03,
        4.36563041e-03,  1.33418423e-02, -2.30443530e-03, -2.22327852e-03,
       -4.02642331e-02, -1.13311055e-03, -2.34505792e-04,  1.47573084e-03,
       -2.39201026e-04, -2.70599444e-05, -9.78633328e-04, -1.16710648e-03,
        2.76457135e-05, -5.43334760e-05, -1.15291571e-04, -2.72450091e-05,
       -2.44287644e-01,  1.24869973e-02, -1.19857723e-02,  2.56849848e-02,
        8.84580717e-03, -8.27063780e-03,  5.70114641e-03,  6.09608929e-04,
       -9.34385864e-05, -3.34364779e-04, -1.43613458e-03,  5.97333725e-03,
        3.80796930e-05,  3.38701215e-04, -9.65584206e-04, -2.30722589e-04,
        4.91453278e-05, -4.47650089e-05,  2.60611133e-04, -1.22862514e-06,
        4.21687480e-02, -2.32593965e-02,  1.20499395e-02, -6.49278943e-03,
        3.87804146e-04,  4.03516499e-03, -1.21750304e-03, -1.29187041e-03,
        3.70819206e-04, -1.57476367e-03,  1.58965895e-03, -1.16319892e-03,
       -1.56407288e-04, -1.71689494e-04,  1.06623322e-05,  3.52548897e-04,
        4.63451731e-05, -1.34944492e-04, -1.10042846e-05, -5.79189461e-05,
       -2.09292162e-03,  3.83806991e-03,  7.21093624e-05, -3.20068036e-04,
       -1.64800666e-03, -6.40453929e-04,  4.01976771e-04,  2.18925887e-04,
        4.61340129e-04, -5.42809787e-04,  9.61379319e-06, -2.56191712e-04,
        1.85040816e-04, -1.22902994e-04,  2.17303877e-04, -9.13109633e-05,
        7.16337205e-05,  5.27793012e-05, -6.97639502e-05,  5.88992709e-05,
       -1.60089876e-04, -1.74229749e-04, -1.82112585e-04,  3.12462139e-04,
        2.95655308e-04,  1.56668235e-05, -1.94825757e-04, -2.69510489e-06,
       -1.24340552e-04,  8.80696563e-05, -2.51254918e-05,  8.44434437e-05,
        3.58007849e-05,  4.40649922e-06, -2.82689660e-05, -3.13010886e-05,
        6.54637096e-06, -3.68338986e-05,  2.63243481e-06,  4.25689833e-06,
       -8.07358019e-05, -1.37568519e-04,  1.18677225e-04,  3.14382328e-05,
       -2.66930954e-05,  9.94704222e-05,  6.56516941e-07, -1.13494064e-04,
        2.87252172e-05,  5.80472320e-05, -2.39461030e-06,  5.91119168e-07,
       -4.91593227e-05,  1.65627531e-05,  1.91631619e-05,  2.49818607e-05,
        7.16916998e-06,  3.87243955e-06, -1.24069980e-05, -9.20883038e-07,
        1.57051694e-05,  8.50797301e-05, -7.22227534e-05, -5.68860023e-05,
        1.73734055e-05, -8.27378995e-05,  9.24574088e-06,  7.74583950e-05,
        3.61153699e-05, -1.27357985e-05, -1.04740906e-05, -7.79277180e-06,
       -1.23667280e-06,  3.58995234e-06, -1.69200706e-05,  2.25391934e-06,
        4.88562654e-06, -6.09558821e-07,  6.14688606e-06, -5.91680977e-07,
        3.67428879e-07, -1.09565774e-05,  1.71575174e-05,  4.34221423e-06,
        4.26138254e-07,  9.10094049e-06, -4.52871334e-06, -1.64707969e-05,
       -7.35991240e-06,  2.11380154e-07,  3.39571203e-06,  1.30641388e-06,
       -2.40445778e-06,  4.47124796e-07,  4.37813214e-06, -9.30179705e-07,
       -1.13639766e-06, -1.64754851e-08, -1.01621414e-06, -1.60848987e-07,
       -5.77741995e-07,  5.53335415e-08, -8.67683102e-07, -6.94972630e-07,
       -4.07471087e-07,  2.98100441e-07, -8.01103273e-07,  1.60628287e-06,
        1.15831150e-06, -7.84979703e-07, -1.13422803e-06, -1.26820661e-06,
        1.96824246e-07,  1.18427265e-07,  2.07079786e-07, -1.23911837e-07,
       -2.03865226e-07,  2.86177773e-07, -2.08163156e-07,  4.71129985e-08],      dtype=float64),
                   'Phi_mn': Array([], shape=(0,), dtype=float64),
                   'Psi': Array([50.20413129], dtype=float64),
                   'R_lmn': Array([-3.15545345e-06, -1.75339586e-06, -1.16099436e-06,  5.11328595e-06,
        1.54934248e-06,  7.97461839e-07,  2.68728152e-07,  2.53615880e-07,
       -9.76772378e-07, -2.01507453e-07, -8.53670466e-07,  7.47228586e-07,
       -2.01436610e-08, -2.69172491e-07,  9.46439736e-07, -9.30767133e-07,
       -7.36358192e-09,  1.77423075e-07, -7.12947805e-07,  2.20508938e-07,
        2.03455849e-06, -2.17366647e-05, -6.35395588e-06,  3.52846237e-06,
        5.13159700e-06,  3.55682499e-05,  2.72587865e-06,  4.39481633e-06,
       -6.70465743e-06,  4.02037995e-06, -8.85847018e-06, -1.28176650e-05,
       -4.48348087e-07, -2.12360506e-06,  2.20990081e-06,  1.41188483e-06,
        3.95592910e-08, -3.72860639e-06,  3.62375719e-06, -8.40380198e-07,
        9.42187156e-05, -8.32275851e-05,  7.67588522e-05, -1.37069774e-04,
        1.29938746e-05,  8.66394820e-05, -1.83630925e-05, -6.81541046e-05,
        4.81454436e-05, -7.44010622e-07, -9.69347976e-06, -7.76284552e-06,
        1.76295799e-06,  1.89290469e-05,  2.15823265e-07, -2.06390265e-07,
       -2.62397635e-07,  8.41790347e-06, -5.08166058e-06,  3.44725128e-07,
        1.27793673e-04,  3.39843313e-04, -3.76390120e-04,  2.05552581e-04,
        8.22159819e-05, -4.51872809e-04,  1.03623765e-04,  6.15590599e-05,
       -2.44602806e-04,  1.98087537e-05,  2.86957788e-05,  3.27245636e-05,
        1.41095229e-06, -4.80876325e-05,  2.73133202e-05, -6.25865888e-06,
        1.79961820e-07, -1.81262320e-05,  1.59394816e-05, -1.26072815e-06,
       -3.88183197e-03, -1.93337236e-03,  5.32605994e-04,  2.56610608e-03,
       -1.42945548e-03,  2.20509005e-03,  9.32107864e-04, -4.26825114e-04,
        1.88833488e-04, -3.55435747e-05,  8.76334373e-05, -2.16737066e-04,
        6.57429840e-06, -5.69165472e-05, -7.81000886e-05,  1.72323742e-05,
        4.11316250e-07,  2.60729663e-05, -5.10100552e-06,  2.49312349e-06,
       -1.88828996e-02,  7.42794060e-03,  3.95462019e-03, -2.16911669e-03,
       -5.17472620e-05, -5.65527155e-04, -3.82496331e-04, -1.00428704e-03,
       -8.70901705e-04, -6.17930926e-05, -5.86332882e-04,  4.78352616e-04,
        5.83648524e-07,  2.69806419e-05,  1.28049611e-04,  1.32878371e-04,
        7.85516721e-07, -1.13619493e-05,  6.99946299e-06, -6.42352680e-05,
       -3.13994366e-01,  1.28282354e-01, -9.01463340e-03,  2.73971177e-02,
        1.44269042e-03,  1.09406110e-02,  2.50964415e-03, -2.62703257e-03,
        4.06301828e-03, -2.51656607e-07, -1.52483125e-03, -1.01498338e-03,
       -4.52644125e-06,  4.63753544e-06, -3.63361157e-04, -1.35272873e-04,
        3.12576019e-07, -5.64255624e-05,  1.32467152e-04, -8.01895538e-05,
       -1.44329778e+00,  2.43445862e-02,  6.97560080e-02, -1.46664517e-02,
       -5.27834531e-03,  3.42587827e-02, -4.54091300e-03,  6.05680954e-03,
       -8.19159718e-03,  4.98795597e-04,  1.69599671e-03,  3.76301299e-03,
        3.76205481e-06,  1.74809164e-04, -7.62509759e-04,  3.97959184e-04,
        5.33933641e-07,  6.90025439e-05,  4.05236652e-05,  1.63931439e-04,
        1.01773708e+01,  1.65823298e+00, -3.24627918e-01,  3.69188584e-01,
        3.19026504e-02, -1.82363048e-02,  4.33135847e-02, -3.93517927e-02,
       -2.11502596e-02,  1.61049940e-03, -1.05376365e-02,  7.07566447e-05,
        3.63700384e-04, -2.29616410e-03, -1.01196509e-03, -6.62583300e-05,
        5.49581817e-05, -8.26183714e-05, -4.74597823e-04, -1.01392829e-05,
        5.43152615e-05, -3.60859557e-04,  9.36393589e-05, -9.08464005e-06,
       -1.37361371e-06,  1.87183718e+00, -7.49786547e-01,  8.37989488e-02,
        1.63097825e-02, -1.26468705e-02,  1.94847502e-02, -2.59063555e-02,
        3.23351270e-02, -1.26840507e-02,  3.03124507e-03, -1.87976701e-06,
       -3.08458892e-03, -3.77798672e-04, -3.76104041e-04,  2.51400987e-03,
        9.32905163e-05,  5.41788168e-04,  1.53915905e-04,  3.23808206e-04,
       -1.86039886e-05, -6.94375512e-05,  3.99145318e-05, -4.64549676e-06,
        5.00833680e-05, -1.85142547e-06,  1.42222239e-01, -1.49700019e-01,
       -4.34474705e-02,  1.42531487e-01, -4.48183717e-03, -2.16267299e-02,
        2.15752256e-03,  7.65609764e-04, -2.39980508e-03,  3.05223282e-03,
       -2.64297489e-03,  1.09667047e-03, -1.21330508e-03,  6.35987111e-04,
       -1.36654879e-03,  2.32079316e-04,  2.54214197e-04, -2.60052824e-04,
        7.82328581e-05, -1.77716764e-05,  7.05978262e-05, -9.92515259e-05,
        3.80817613e-05, -1.04751757e-05,  1.09196208e-06,  8.95303483e-03,
       -2.24829264e-03, -1.03639394e-02,  8.29170090e-03, -5.25409112e-03,
       -9.29147321e-04,  9.96578366e-04, -2.03853546e-05, -2.36351737e-04,
        3.73428988e-04, -8.02734881e-04, -2.93875731e-04,  9.23042658e-05,
        3.85945106e-04, -6.34137993e-04, -3.16040948e-06, -9.79126761e-05,
        3.40197153e-05, -5.88741811e-06, -1.09118017e-06, -2.18138492e-05,
       -4.13421833e-06,  8.17783648e-05, -1.43623920e-05,  1.32472812e-06,
        6.92883375e-04, -4.86922253e-04, -1.09993031e-03, -2.68473981e-04,
        1.68732201e-05, -3.01993521e-04,  2.63517668e-04,  1.07614971e-03,
       -1.60972358e-03,  1.55781687e-04, -3.89318834e-04,  9.01901426e-04,
        4.20537924e-05,  2.64028307e-05,  1.97170895e-04,  1.20256476e-07,
        1.52190121e-05, -8.46953285e-05, -2.80683336e-06,  2.51667473e-06,
        1.67625843e-05, -2.86675420e-05, -3.06925157e-05,  2.52728457e-05,
        1.48360610e-06,  1.25480703e-04,  4.91690478e-04, -7.10973491e-05,
        2.61768116e-04, -3.78451549e-04, -6.35873175e-04, -2.86887838e-05,
       -2.47475906e-04,  1.07160043e-04,  5.04716385e-06,  2.69916668e-04,
        9.73925687e-05, -2.89591811e-05, -1.45872363e-05, -2.52649137e-05,
        3.60361379e-05, -5.43154080e-06,  3.30520735e-05, -3.92244699e-05,
        3.38193793e-06, -9.66166971e-07,  7.37601910e-06,  8.34762332e-06,
       -1.68410472e-05, -7.05269840e-07, -8.39124931e-05,  1.80685379e-04,
        1.45321373e-05, -8.54907664e-05, -2.34901782e-04,  7.38850874e-05,
        9.25970131e-05,  6.31486990e-05, -2.04134674e-07,  5.38240807e-05,
       -8.14150716e-05, -1.61088012e-05, -2.15583450e-05,  1.97595006e-05,
        1.35014983e-05,  3.75593312e-06, -2.22213709e-07,  5.18810004e-06,
        1.97592209e-05, -6.23305555e-08,  2.72778802e-07, -2.65439361e-06,
       -7.71274867e-06,  7.51200015e-06, -3.01173574e-08, -1.57574507e-05,
        2.73279804e-05, -9.94824476e-06, -4.38874782e-05, -9.40587259e-06,
        2.56485012e-07,  1.62505852e-05,  4.98470229e-05,  1.68735481e-06,
       -1.21534294e-05,  9.07480217e-07,  5.08598141e-06,  8.82165648e-06,
       -5.20399806e-06, -5.90056749e-06,  3.66758753e-06, -5.78099027e-06,
       -1.20654475e-06, -5.45216660e-06,  3.97484912e-07,  8.40348733e-07,
       -7.41266355e-07,  4.47615243e-06, -3.23212266e-06, -4.36903764e-07,
       -8.92961364e-08,  2.30396730e-06,  6.17360725e-08, -1.63830490e-06,
        6.01829480e-07, -1.05906525e-06,  1.92295970e-07, -9.89564645e-08,
        1.76620218e-06, -2.12063396e-06,  8.13871852e-08,  3.14609734e-07,
       -4.99458142e-08,  1.49105458e-06, -9.36795977e-07, -2.04065538e-07,
       -8.01848160e-07,  1.00261648e-06, -2.89764434e-07, -2.31279196e-08,
       -9.95905995e-08,  2.40878156e-07, -8.43993038e-07,  2.61936565e-07,
       -5.00079178e-08], dtype=float64),
                   'Ra_n': Array([ 1.05450029e+01,  1.76244023e+00,  1.89111135e-01,  2.01994345e-02,
        2.03104015e-03,  1.95882282e-04,  1.59835065e-05,  2.46007149e-06,
       -8.38102375e-09], dtype=float64),
                   'Rb_lmn': Array([-7.36358192e-09, -2.01436610e-08, -2.40843781e-08, -4.44338448e-10,
       -1.72757938e-08,  3.90612572e-08,  1.18035005e-08,  5.02929924e-08,
        3.95592910e-08, -4.48348087e-07,  2.91773553e-07,  6.02273595e-07,
       -1.03115983e-07,  2.50761260e-07,  1.73539979e-07,  2.70248261e-07,
       -2.62397635e-07,  1.76295799e-06,  7.67389285e-06,  5.65954421e-07,
       -1.78126575e-06,  8.82057087e-06, -4.00622350e-06,  5.08799462e-06,
        1.79961820e-07,  1.41095229e-06,  1.68252170e-06,  5.55361327e-05,
        1.26851242e-04, -2.87517740e-04, -8.05656610e-05,  8.24847893e-05,
        4.11316250e-07,  6.57429840e-06, -9.47060842e-06,  8.75191317e-04,
       -1.34692305e-03,  2.76807913e-05,  5.74737470e-05, -1.10966002e-03,
        7.85516721e-07,  5.83648524e-07, -7.31550418e-05, -3.55515689e-04,
       -6.31080681e-04,  3.07838276e-03,  7.27653079e-03, -2.17900396e-02,
        3.12576019e-07, -4.52644125e-06, -5.66772190e-05,  2.51428168e-03,
        5.03263209e-05, -1.20050271e-02,  1.38127792e-01, -2.82669503e-01,
        5.33933641e-07,  3.76205481e-06,  5.67798141e-04, -4.36610384e-03,
       -3.54182493e-03,  7.50503078e-02,  6.25303133e-02, -1.46575787e+00,
        9.89647447e+00,  1.69180109e+00,  3.27179767e-01, -2.88565597e-02,
       -2.20685853e-02, -4.03841178e-04, -7.53429700e-05, -1.01392829e-05,
       -1.37361371e-06,  1.92928253e+00, -7.58860384e-01,  4.83087200e-02,
        1.96367863e-02, -1.01746863e-02, -2.76078071e-03,  1.43373884e-04,
       -1.86039886e-05, -1.85142547e-06,  9.97895842e-02, -1.50875409e-01,
        1.43833832e-01, -2.45297576e-02, -3.72827210e-03,  1.17490333e-03,
        2.21604141e-04, -1.77716764e-05,  1.09196208e-06, -3.43835796e-04,
       -7.22686745e-03,  8.65312643e-03, -1.69786249e-03, -7.88711366e-04,
       -2.99763149e-04, -1.75228015e-05, -1.09118017e-06,  1.32472812e-06,
       -8.47128945e-05, -2.99048334e-04,  8.05411020e-04, -7.76007683e-04,
       -1.44324520e-03,  8.99094593e-04,  2.53931022e-05,  2.51667473e-06,
        1.48360610e-06, -4.23077844e-06,  1.12854552e-04,  7.08099284e-06,
       -3.32904433e-04,  9.02427527e-05,  5.81680988e-05,  1.91950906e-05,
        3.38193793e-06, -7.05269840e-07,  1.93109115e-06, -6.14536275e-07,
       -5.23696042e-06, -2.34188412e-06,  5.58461493e-06,  3.65041976e-06,
        1.12679333e-05, -6.23305555e-08, -3.01173574e-08,  2.06894914e-07,
       -1.23118783e-08,  1.42802785e-08, -4.25795169e-08,  2.62939756e-07,
       -3.66185193e-07,  4.35464864e-07,  3.97484912e-07, -4.36903764e-07,
        1.51994928e-08, -1.66853412e-08, -5.32862302e-09,  2.49384079e-08,
       -1.45868349e-08,  2.48452998e-08,  5.78710267e-08, -2.31279196e-08,
       -5.00079178e-08], dtype=float64),
                   'Te_l': Array([ 9.44893420e+03, -9.45206343e+03, -2.78119753e+00, -3.13672040e+00,
       -2.72148897e+00], dtype=float64),
                   'Ti_l': Array([ 9.44893420e+03, -9.45206343e+03, -2.78119753e+00, -3.13672040e+00,
       -2.72148897e+00], dtype=float64),
                   'Z_lmn': Array([ 1.22442023e-06, -3.73878084e-06,  8.10761073e-07,  2.98869833e-06,
       -9.91692591e-07, -3.66462892e-07, -8.44928939e-07, -1.40124918e-06,
       -1.03061833e-06,  3.51595580e-06,  2.07584703e-06, -1.44175431e-07,
       -1.05518522e-06, -1.50919683e-06,  9.20123383e-07, -8.09038515e-08,
        1.21390119e-06, -1.67601387e-06,  1.53380161e-07, -3.86465617e-08,
       -1.65606548e-07, -8.57481013e-08,  1.03867490e-07,  1.30921622e-07,
        6.67861106e-10,  1.12631940e-05, -2.78501562e-05,  4.43442903e-07,
        3.51983603e-05,  2.15209451e-05, -4.73311153e-06, -1.08324825e-05,
       -4.07524751e-05,  2.31153448e-07,  5.88675519e-06,  3.47867582e-06,
       -2.53765019e-06, -3.16213515e-07,  3.29934651e-06,  1.32641918e-06,
       -1.68065841e-06,  4.42003756e-07,  1.24317983e-06,  2.36166354e-06,
       -6.28097362e-07, -3.87597261e-07,  2.16927170e-06, -1.72399802e-06,
        2.09125198e-06,  1.01218931e-07,  5.38062889e-05, -9.40936916e-05,
        1.75030057e-05,  6.01163576e-05,  1.00275133e-04,  2.69141164e-05,
       -6.53101452e-05, -5.86927352e-05,  4.13754541e-06, -7.81237103e-06,
       -2.94744626e-05, -4.60769670e-06, -8.14487023e-06,  3.15300766e-06,
       -5.73079300e-06, -2.77910466e-06,  4.75870718e-06,  4.61405186e-06,
        4.06821677e-06,  9.77583701e-08,  1.05944033e-06,  1.68200946e-08,
        9.23827833e-07, -7.61329072e-07, -2.18333742e-07,  1.29024061e-04,
       -6.67480375e-04,  3.87082492e-05,  3.07981850e-04,  7.29407472e-04,
        5.36780515e-05, -2.25045088e-04, -2.98132980e-04,  1.22792222e-04,
       -9.16851310e-05,  1.92039426e-05, -2.95990130e-05,  4.57973418e-05,
       -2.38065680e-05, -2.01394967e-05, -3.59283896e-05,  1.30303734e-05,
       -1.10967458e-05, -1.33953836e-05,  1.67758755e-06, -7.46504933e-06,
        5.27765725e-06, -1.37661104e-06, -1.37454251e-06,  1.69259584e-07,
       -6.89523084e-04, -1.69500964e-03,  1.16422183e-03, -1.16283239e-03,
        1.63463582e-03,  1.22624147e-03, -1.89468076e-04,  7.29058214e-04,
        4.16762287e-04, -2.48571732e-04, -7.78502428e-05, -1.74798547e-04,
       -4.84256474e-06, -3.88899986e-05,  4.40683305e-06, -5.65249318e-05,
       -1.71916843e-06, -1.90742635e-05,  1.55168642e-05,  2.80661878e-06,
       -8.22654660e-07, -9.01119043e-06,  1.49266950e-05, -8.88654660e-06,
       -7.97767962e-07, -9.14164684e-03,  1.06064422e-02,  9.56397334e-03,
       -1.55825465e-02,  2.15482773e-03,  9.14981657e-03, -8.18167460e-04,
       -3.48677367e-03,  3.47936225e-03, -7.94029013e-04,  2.37358297e-04,
       -1.35666023e-03, -5.02282989e-05,  6.79392246e-05, -4.90113479e-04,
        8.30970751e-06, -4.72027845e-05,  1.11548456e-04,  3.47450482e-05,
        4.93742710e-07, -2.34496546e-05,  3.85753968e-05,  1.79483650e-05,
       -6.59920618e-05,  5.31329350e-07, -1.31380095e-01,  9.97795958e-02,
        3.91152617e-02, -7.61243990e-02,  2.89375507e-02,  1.80488781e-04,
       -2.05793171e-03,  2.89608224e-03,  7.06176993e-03, -2.68585291e-03,
        3.33039812e-03,  1.28059316e-03,  4.02278677e-04, -2.09139042e-03,
        1.68371170e-03, -1.51868578e-04,  5.58986314e-05, -2.28121423e-06,
        3.90089433e-05, -8.44289910e-06,  4.04405754e-05,  1.25902759e-04,
       -7.32997895e-05,  1.98693815e-05,  1.61386969e-06, -1.42279009e+00,
        4.89056556e-01,  6.50485398e-02, -4.27926146e-02,  2.43345249e-02,
        4.58754672e-03,  9.62006955e-03, -1.82510423e-02, -4.64407677e-03,
       -5.43730256e-03, -3.89386118e-03, -7.55816843e-04,  2.43764578e-03,
        7.27114793e-04,  1.60253216e-03, -1.41310752e-04, -5.94269009e-04,
        2.44456586e-04, -3.26728783e-04,  4.20413498e-07, -1.63386799e-04,
        1.46088590e-04, -9.06133089e-06,  3.06454504e-05, -2.93315065e-06,
       -2.17597178e+00, -3.44860848e-01,  9.44269833e-03,  5.48664431e-02,
        8.26989212e-03,  5.44476023e-02,  1.01116230e-03,  1.30042605e-02,
       -1.51224888e-02,  5.36949781e-04,  1.46564558e-03,  4.96195763e-03,
       -2.44435602e-05,  2.13806467e-04, -4.89180668e-04,  3.39365489e-04,
        2.37015518e-06,  7.63236461e-05,  1.37342708e-05,  3.22263211e-04,
       -1.25094663e+00,  1.31065662e-01,  7.22194730e-02,  2.63988665e-03,
        1.60088371e-02,  1.39807737e-02,  4.24247806e-03,  5.41723951e-03,
        5.19135438e-03, -2.11679923e-04, -2.67574912e-03,  1.48420357e-03,
        8.77350041e-06, -1.33170317e-04, -1.36800224e-04, -1.07660153e-04,
       -2.11018435e-07, -8.59626049e-05,  9.22196659e-06,  1.74009246e-05,
       -2.46730153e-01,  6.16643723e-02,  1.48339298e-02,  1.19527810e-02,
       -5.49459881e-03,  1.05442831e-02, -5.12389618e-05, -3.12311113e-03,
       -6.56785309e-04, -1.39402091e-04, -1.03730630e-03,  9.02840406e-04,
        1.26875131e-05, -1.20211657e-04,  4.09248599e-05,  2.31045839e-04,
       -2.78839241e-06, -4.35038789e-05, -3.73440687e-05, -1.61505394e-04,
       -3.02155882e-02,  1.56811659e-02, -3.91394005e-03,  1.91325395e-03,
       -3.30559366e-03,  1.42629953e-03,  1.28917621e-03, -7.65081687e-04,
        4.67398007e-04, -9.93270749e-05,  3.51185784e-04, -2.85182897e-04,
       -9.41548526e-07, -8.77297369e-05,  5.35385901e-05,  9.04188356e-05,
       -9.65354071e-07,  7.77699352e-05, -2.39348746e-05, -2.50343309e-05,
       -1.90401097e-03, -4.26547366e-04, -3.97572558e-04,  1.38604519e-03,
       -3.99498961e-04,  5.03668586e-04,  2.24450187e-04, -7.08407968e-05,
       -2.32551262e-04,  1.15903393e-05,  1.97442888e-05, -5.66830095e-05,
       -8.96800032e-07, -7.27112494e-05, -2.84891058e-05, -3.73379934e-06,
        3.79900140e-07,  5.04888480e-06,  7.84973569e-06,  1.08415519e-05,
        5.92662610e-05, -2.04952757e-05,  1.85741423e-04,  8.89209767e-06,
       -9.85844211e-05, -9.29726133e-05,  1.78679059e-05, -1.79066040e-04,
       -4.22929713e-05,  2.27461500e-05,  5.61110175e-06,  1.79863352e-05,
       -1.04689042e-06,  1.61479083e-05,  2.04824860e-05,  9.33565658e-06,
       -2.71825669e-08,  1.64575152e-06,  9.03944242e-06, -1.11170238e-05,
        8.39792126e-06, -1.88855150e-05, -5.92407020e-05, -2.55879197e-05,
        1.72974033e-05,  6.88584801e-05,  1.11429781e-06,  6.82709099e-05,
        8.44195173e-06, -2.14111360e-07, -2.14956485e-05, -5.35676521e-05,
        7.47708178e-08, -1.81156155e-06, -8.60248918e-06,  5.53452321e-06,
        1.18892031e-07, -1.51878579e-06, -9.12777907e-07,  1.86547657e-06,
        4.12386370e-06, -2.86876667e-05,  4.32294997e-06, -4.87035842e-07,
        5.96516761e-07,  3.08656361e-05, -8.44705181e-07, -6.59056202e-06,
       -4.54994402e-06,  2.25908575e-06, -2.15786894e-06, -7.94756831e-07,
       -7.71283820e-07,  4.89367808e-07,  2.06588758e-06,  8.31374337e-07,
        1.87579844e-07, -2.26849538e-06,  1.77245509e-06, -1.44377650e-06,
       -1.32184948e-06, -2.25957030e-06, -7.19698064e-07,  2.16542696e-06,
        1.22745506e-06,  2.92276737e-06, -5.07973851e-08, -3.73539304e-07,
        4.32974553e-07,  2.50895390e-07, -1.15704558e-06, -9.00519398e-07,
       -1.20721454e-08,  4.97981665e-08,  1.09433793e-06, -1.27348813e-06,
       -1.34574245e-08, -2.13869725e-07, -6.05863014e-08,  2.16477916e-07],      dtype=float64),
                   'Za_n': Array([ 4.58308883e-07, -8.41151951e-08, -1.98025515e-05, -1.87991667e-04,
       -2.03919308e-03, -1.94970090e-02, -1.72915126e-01, -1.48081959e+00],      dtype=float64),
                   'Zb_lmn': Array([-3.05394012e-08, -6.16440230e-10, -7.49578132e-09,  3.33702675e-08,
       -6.62745854e-09,  9.20473031e-09,  5.00177700e-08, -3.86465617e-08,
        6.67861106e-10,  1.70343581e-07, -4.52145851e-10, -8.54965817e-08,
       -1.12558827e-08, -1.66425389e-07, -1.75986651e-07,  4.10593569e-07,
       -6.28097362e-07,  1.01218931e-07, -1.08628045e-06,  3.12777741e-06,
        4.59345009e-06,  2.05370560e-06, -6.69419757e-07, -5.39479921e-07,
       -3.54043373e-06,  9.77583701e-08, -2.18333742e-07, -1.89804855e-05,
       -1.67276607e-05, -8.68004134e-06,  6.17852482e-05,  1.01276114e-04,
       -4.29943967e-05, -3.73029321e-05,  1.67758755e-06,  1.69259584e-07,
        2.79565454e-04, -3.10664720e-04, -4.81675360e-04,  1.12931697e-03,
        4.36095816e-04, -1.59281683e-04, -6.54114784e-05,  2.80661878e-06,
       -7.97767962e-07, -4.69518919e-04,  1.19200381e-02, -1.89628055e-02,
        9.49872333e-03,  3.00719713e-03, -1.32191518e-03, -5.76823543e-05,
        4.93742710e-07,  5.31329350e-07, -9.38800453e-02,  1.26087192e-01,
       -7.51938044e-02,  3.50860568e-03,  8.67218184e-03,  1.31960210e-03,
       -1.31999196e-04, -8.44289910e-06,  1.61386969e-06, -1.34584722e+00,
        5.07359510e-01, -6.01704535e-02,  9.38142127e-04, -3.05060595e-03,
       -1.08254563e-03, -1.10665301e-04,  4.20413498e-07, -2.93315065e-06,
        2.37015518e-06, -2.44435602e-05,  6.13273427e-04,  1.22496877e-03,
        9.74927197e-03,  2.19577782e-02, -2.85129025e-01, -2.13588846e+00,
       -2.11018435e-07,  8.77350041e-06, -2.97642528e-04,  4.10930774e-03,
        1.33423099e-02,  7.74999123e-02,  1.46548040e-01, -1.24322305e+00,
       -2.78839241e-06,  1.26875131e-05, -1.82905970e-04, -1.71450619e-04,
       -6.56924917e-03,  1.17517435e-02,  7.29499904e-02, -2.35203112e-01,
       -9.65354071e-07, -9.41548526e-07, -2.15571398e-05,  1.20144648e-03,
       -2.97834275e-03, -4.62548314e-03,  1.67972482e-02, -2.77445174e-02,
        3.79900140e-07, -8.96800032e-07,  1.66392241e-05,  1.51738938e-04,
       -3.71904936e-04, -4.96902460e-04,  3.12797628e-05, -7.54250841e-04,
       -2.71825669e-08, -1.04689042e-06,  2.43919015e-05,  3.40158142e-05,
       -8.39338770e-05,  2.71578688e-05, -1.06598578e-04,  3.52010439e-05,
        1.18892031e-07,  7.47708178e-08, -1.73289715e-06, -6.97263737e-07,
       -5.11102313e-06,  4.27718697e-07, -1.72921050e-06, -3.21352352e-06,
        1.87579844e-07, -7.71283820e-07, -9.40963079e-09, -3.55337373e-07,
        2.11102909e-07, -2.01724470e-07, -6.05639149e-08, -8.17418315e-08,
       -1.34574245e-08, -1.20721454e-08,  3.70256651e-08, -9.99218583e-10,
        9.82317966e-09,  1.10056177e-09, -2.08444139e-08,  3.06390232e-09],      dtype=float64),
                   'Zeff_l': Array([1.00017950e+00, 5.95986948e-04, 1.13414666e-03, 1.66539760e-03,
       1.52079695e-03], dtype=float64),
                   'a_lmn': Array([], shape=(0,), dtype=float64),
                   'c_l': Array([0., 0., 0., 0., 0.], dtype=float64),
                   'i_l': Array([], shape=(0,), dtype=float64),
                   'ne_l': Array([ 2.37979043e+20,  5.95561824e-24,  3.25057722e-24,  1.86810323e-24,
        1.22767454e-24, -2.38231593e+20], dtype=float64),
                   'ni_l': Array([], shape=(0,), dtype=float64),
                   'p_l': Array([], shape=(0,), dtype=float64)}]],
  'message': 'Optimization terminated successfully.\n'
             '`xtol` condition satisfied. (xtol=1.00e-06)',
  'nfev': 2,
  'nit': 1,
  'njev': 1,
  'optimality': Array(244.31461634, dtype=float64),
  'penalty_param': Array([10.], dtype=float64),
  's': Array([], shape=(0,), dtype=float64),
  'success': True,
  'v': Array([1., 1., 1., 1., 1., 1., 1., 1., 1., 1., 1., 1., 1., 1., 1., 1., 1.,
       1., 1., 1., 1., 1., 1., 1., 1., 1., 1., 1., 1., 1., 1., 1., 1., 1.,
       1., 1., 1., 1., 1., 1., 1., 1., 1., 1., 1., 1., 1., 1., 1., 1., 1.,
       1., 1., 1., 1., 1., 1., 1., 1., 1., 1., 1., 1., 1., 1., 1., 1., 1.,
       1.], dtype=float64),
  'x': Array([ 9.99887217e-01, -1.00021835e+00, -2.78119753e+00, -3.13672040e+00,
       -2.72148897e+00,  9.99911945e-01,  5.95561824e-24,  3.25057722e-24,
        1.86810323e-24,  1.22767454e-24, -1.00097308e+00,  9.99887217e-01,
       -1.00021835e+00, -2.78119753e+00, -3.13672040e+00, -2.72148897e+00,
        1.00017950e+00,  5.95986948e-04,  1.13414666e-03,  1.66539760e-03,
        1.52079695e-03,  3.07838276e-03,  7.27653079e-03, -2.17900396e-02,
       -1.20050271e-02,  1.38127792e-01, -2.82669503e-01,  7.50503078e-02,
        6.25303133e-02, -1.46575787e+00,  1.69180109e+00,  3.27179767e-01,
       -2.88565597e-02,  1.92928253e+00, -7.58860384e-01,  4.83087200e-02,
        1.96367863e-02,  9.97895842e-02, -1.50875409e-01,  1.43833832e-01,
       -2.45297576e-02, -3.43835796e-04, -7.22686745e-03,  8.65312643e-03,
       -1.69786249e-03, -4.69518919e-04,  1.19200381e-02, -1.89628055e-02,
        9.49872333e-03, -9.38800453e-02,  1.26087192e-01, -7.51938044e-02,
        3.50860568e-03, -1.34584722e+00,  5.07359510e-01, -6.01704535e-02,
        9.38142127e-04,  2.19577782e-02, -2.85129025e-01, -2.13588846e+00,
        7.74999123e-02,  1.46548040e-01, -1.24322305e+00,  1.17517435e-02,
        7.29499904e-02, -2.35203112e-01, -4.62548314e-03,  1.67972482e-02,
       -2.77445174e-02], dtype=float64),
  'x_scale': 'auto',
  'y': Array([0.], dtype=float64)}
