Pre-optimization QS value:0.0001515503937263289Pre-optimization quadcoil value:33210.424765168726Post-optimization QS value:0.0001352820827487909Post-optimization quadcoil value:33149.34494671359=== Optimization Result ===
{ 'Objective values': { 'Fixed Psi error: ': [ { 'f': Array(0., dtype=float64),
                                                 'f0': Array(0., dtype=float64)}],
                        'Fixed current profile error: ': [ { 'f': Array(0., dtype=float64),
                                                             'f0': Array(0., dtype=float64)}],
                        'Force error: ': [ { 'f0_max': Array(639132.36067198, dtype=float64),
                                             'f0_max_norm': Array(0.00017238, dtype=float64),
                                             'f0_mean': Array(28512.63264834, dtype=float64),
                                             'f0_mean_norm': Array(7.69005755e-06, dtype=float64),
                                             'f0_min': Array(3.00905557, dtype=float64),
                                             'f0_min_norm': Array(8.1156345e-10, dtype=float64),
                                             'f_max': Array(640476.69191547, dtype=float64),
                                             'f_max_norm': Array(0.00017274, dtype=float64),
                                             'f_mean': Array(28497.52529422, dtype=float64),
                                             'f_mean_norm': Array(7.68598299e-06, dtype=float64),
                                             'f_min': Array(3.60019464, dtype=float64),
                                             'f_min_norm': Array(9.70997814e-10, dtype=float64)}],
                        'Plasma volume: ': [ { 'f': Array(581.87246295, dtype=float64),
                                               'f0': Array(581.87243065, dtype=float64),
                                               'f0_norm': Array(2.4115781e-06, dtype=float64),
                                               'f_norm': Array(3.61547682e-06, dtype=float64)}],
                        'Quadcoil boundary error: ': [ { 'f0_max': Array(11.11958647, dtype=float64),
                                                         'f0_max_norm': Array(0.03905257, dtype=float64),
                                                         'f0_mean': Array(1.53003012, dtype=float64),
                                                         'f0_mean_norm': Array(0.00537355, dtype=float64),
                                                         'f0_min': Array(3.59123572e-14, dtype=float64),
                                                         'f0_min_norm': Array(1.26126075e-16, dtype=float64),
                                                         'f_max': Array(11.11290613, dtype=float64),
                                                         'f_max_norm': Array(0.03902911, dtype=float64),
                                                         'f_mean': Array(1.52856294, dtype=float64),
                                                         'f_mean_norm': Array(0.00536839, dtype=float64),
                                                         'f_min': Array(3.59123432e-14, dtype=float64),
                                                         'f_min_norm': Array(1.26126026e-16, dtype=float64)}],
                        'Quasi-symmetry error: ': [ { 'f0_max': Array(0.06241632, dtype=float64),
                                                      'f0_max_norm': Array(0.00046577, dtype=float64),
                                                      'f0_mean': Array(0.00059088, dtype=float64),
                                                      'f0_mean_norm': Array(4.40932756e-06, dtype=float64),
                                                      'f0_min': Array(-0.02606783, dtype=float64),
                                                      'f0_min_norm': Array(-0.00019453, dtype=float64),
                                                      'f_max': Array(0.06247527, dtype=float64),
                                                      'f_max_norm': Array(0.00046621, dtype=float64),
                                                      'f_mean': Array(0.00058917, dtype=float64),
                                                      'f_mean_norm': Array(4.39655952e-06, dtype=float64),
                                                      'f_min': Array(-0.02601919, dtype=float64),
                                                      'f_min_norm': Array(-0.00019416, dtype=float64)}],
                        'R boundary error: ': [ { 'f': Array(1.91469567e-21, dtype=float64),
                                                  'f0': Array(2.7172597e-20, dtype=float64)}],
                        'Rotational transform: ': [ { 'f0_max': Array(0.37699341, dtype=float64),
                                                      'f0_mean': Array(0.37699341, dtype=float64),
                                                      'f0_min': Array(0.37699341, dtype=float64),
                                                      'f_max': Array(0.37691705, dtype=float64),
                                                      'f_mean': Array(0.37691705, dtype=float64),
                                                      'f_min': Array(0.37691705, dtype=float64)},
                                                    { 'f0_max': Array(0.42905687, dtype=float64),
                                                      'f0_mean': Array(0.42905687, dtype=float64),
                                                      'f0_min': Array(0.42905687, dtype=float64),
                                                      'f_max': Array(0.42903291, dtype=float64),
                                                      'f_mean': Array(0.42903291, dtype=float64),
                                                      'f_min': Array(0.42903291, dtype=float64)}],
                        'Total (sum of squares)': { 'f': Array(33149.3460069, dtype=float64),
                                                    'f0': Array(33211.61237387, dtype=float64)},
                        'Z boundary error: ': [ { 'f': Array(1.92514681e-20, dtype=float64),
                                                  'f0': Array(1.92514681e-20, dtype=float64)}]},
  'alltr': [Array(0.08091623, dtype=float64), np.float64(0.32366490089803346)],
  'allx': [ Array([ 0.00000000e+00,  0.00000000e+00,  0.00000000e+00,  0.00000000e+00,
        0.00000000e+00,  5.02041313e+01,  9.44785552e+03, -9.45413167e+03,
       -5.51320233e+00, -6.12289913e+00, -5.23242325e+00,  2.37957747e+20,
        8.33038057e-24,  4.40878457e-24,  3.68737610e-24,  2.44211087e-24,
       -2.38412565e+20,  9.44785430e+03, -9.45413704e+03, -5.52505119e+00,
       -6.14356632e+00, -5.25686971e+00,  1.00036096e+00,  1.20267808e-03,
        2.32618768e-03,  3.56757675e-03,  3.42073426e-03, -7.36358192e-09,
       -2.01436610e-08, -2.40843781e-08, -4.44338448e-10, -1.72757938e-08,
        3.90612572e-08,  1.18035005e-08,  5.02929924e-08,  3.95592910e-08,
       -4.48348087e-07,  2.91773553e-07,  6.02273595e-07, -1.03115983e-07,
        2.50761260e-07,  1.73539979e-07,  2.70248261e-07, -2.62397635e-07,
        1.76295799e-06,  7.67389285e-06,  5.65954421e-07, -1.78126575e-06,
        8.82057087e-06, -4.00622350e-06,  5.08799462e-06,  1.79961820e-07,
        1.41095229e-06,  1.68252170e-06,  5.55361327e-05,  1.26851242e-04,
       -2.87517740e-04, -8.05656610e-05,  8.24847893e-05,  4.11316250e-07,
        6.57429840e-06, -9.47060842e-06,  8.75191317e-04, -1.34693271e-03,
        2.76478144e-05,  5.75375839e-05, -1.10980470e-03,  7.85516721e-07,
        5.83648524e-07, -7.31550418e-05, -3.55515689e-04, -6.31101013e-04,
        3.07837785e-03,  7.27662769e-03, -2.17901740e-02,  3.12576019e-07,
       -4.52644125e-06, -5.66772190e-05,  2.51428168e-03,  5.03052611e-05,
       -1.20050200e-02,  1.38127941e-01, -2.82669519e-01,  5.33933641e-07,
        3.76205481e-06,  5.67798141e-04, -4.36610384e-03, -3.54189045e-03,
        7.50502954e-02,  6.25305733e-02, -1.46575763e+00,  9.89647447e+00,
        1.69180100e+00,  3.27180053e-01, -2.88563388e-02, -2.20686190e-02,
       -4.03841178e-04, -7.53429700e-05, -1.01392829e-05, -1.37361371e-06,
        1.92928317e+00, -7.58860429e-01,  4.83086541e-02,  1.96370247e-02,
       -1.01745659e-02, -2.76078071e-03,  1.43373884e-04, -1.86039886e-05,
       -1.85142547e-06,  9.97896667e-02, -1.50875453e-01,  1.43833821e-01,
       -2.45297374e-02, -3.72811539e-03,  1.17490333e-03,  2.21604141e-04,
       -1.77716764e-05,  1.09196208e-06, -3.43794073e-04, -7.22691871e-03,
        8.65308830e-03, -1.69791591e-03, -7.88638686e-04, -2.99763149e-04,
       -1.75228015e-05, -1.09118017e-06,  1.32472812e-06, -8.46631402e-05,
       -2.99075127e-04,  8.05480498e-04, -7.76040797e-04, -1.44320603e-03,
        8.99094593e-04,  2.53931022e-05,  2.51667473e-06,  1.48360610e-06,
       -4.23077844e-06,  1.12854552e-04,  7.08099284e-06, -3.32904433e-04,
        9.02427527e-05,  5.81680988e-05,  1.91950906e-05,  3.38193793e-06,
       -7.05269840e-07,  1.93109115e-06, -6.14536275e-07, -5.23696042e-06,
       -2.34188412e-06,  5.58461493e-06,  3.65041976e-06,  1.12679333e-05,
       -6.23305555e-08, -3.01173574e-08,  2.06894914e-07, -1.23118783e-08,
        1.42802785e-08, -4.25795169e-08,  2.62939756e-07, -3.66185193e-07,
        4.35464864e-07,  3.97484912e-07, -4.36903764e-07,  1.51994928e-08,
       -1.66853412e-08, -5.32862302e-09,  2.49384079e-08, -1.45868349e-08,
        2.48452998e-08,  5.78710267e-08, -2.31279196e-08, -5.00079178e-08,
       -3.05394012e-08, -6.16440230e-10, -7.49578132e-09,  3.33702675e-08,
       -6.62745854e-09,  9.20473031e-09,  5.00177700e-08, -3.86465617e-08,
        6.67861106e-10,  1.70343581e-07, -4.52145851e-10, -8.54965817e-08,
       -1.12558827e-08, -1.66425389e-07, -1.75986651e-07,  4.10593569e-07,
       -6.28097362e-07,  1.01218931e-07, -1.08628045e-06,  3.12777741e-06,
        4.59345009e-06,  2.05370560e-06, -6.69419757e-07, -5.39479921e-07,
       -3.54043373e-06,  9.77583701e-08, -2.18333742e-07, -1.89804855e-05,
       -1.67276607e-05, -8.68004134e-06,  6.17852482e-05,  1.01276114e-04,
       -4.29943967e-05, -3.73029321e-05,  1.67758755e-06,  1.69259584e-07,
        2.79513725e-04, -3.10631598e-04, -4.81641019e-04,  1.12934901e-03,
        4.36082882e-04, -1.59281683e-04, -6.54114784e-05,  2.80661878e-06,
       -7.97767962e-07, -4.69578951e-04,  1.19200237e-02, -1.89627296e-02,
        9.49881644e-03,  3.00716867e-03, -1.32191518e-03, -5.76823543e-05,
        4.93742710e-07,  5.31329350e-07, -9.38801466e-02,  1.26087138e-01,
       -7.51937382e-02,  3.50868556e-03,  8.67226848e-03,  1.31960210e-03,
       -1.31999196e-04, -8.44289910e-06,  1.61386969e-06, -1.34584735e+00,
        5.07359391e-01, -6.01703258e-02,  9.38479052e-04, -3.05048281e-03,
       -1.08254563e-03, -1.10665301e-04,  4.20413498e-07, -2.93315065e-06,
        2.37015518e-06, -2.44435602e-05,  6.13273427e-04,  1.22496877e-03,
        9.74924195e-03,  2.19580887e-02, -2.85128895e-01, -2.13588858e+00,
       -2.11018435e-07,  8.77350041e-06, -2.97642528e-04,  4.10930774e-03,
        1.33421270e-02,  7.74997060e-02,  1.46548114e-01, -1.24322300e+00,
       -2.78839241e-06,  1.26875131e-05, -1.82905970e-04, -1.71450619e-04,
       -6.56930558e-03,  1.17519189e-02,  7.29500435e-02, -2.35203103e-01,
       -9.65354071e-07, -9.41548526e-07, -2.15571398e-05,  1.20144648e-03,
       -2.97833932e-03, -4.62544645e-03,  1.67973282e-02, -2.77444657e-02,
        3.79900140e-07, -8.96800032e-07,  1.66392241e-05,  1.51738938e-04,
       -3.71905000e-04, -4.96891216e-04,  3.13017016e-05, -7.54251601e-04,
       -2.71825669e-08, -1.04689042e-06,  2.43919015e-05,  3.40158142e-05,
       -8.39338770e-05,  2.71578688e-05, -1.06598578e-04,  3.52010439e-05,
        1.18892031e-07,  7.47708178e-08, -1.73289715e-06, -6.97263737e-07,
       -5.11102313e-06,  4.27718697e-07, -1.72921050e-06, -3.21352352e-06,
        1.87579844e-07, -7.71283820e-07, -9.40963079e-09, -3.55337373e-07,
        2.11102909e-07, -2.01724470e-07, -6.05639149e-08, -8.17418315e-08,
       -1.34574245e-08, -1.20721454e-08,  3.70256651e-08, -9.99218583e-10,
        9.82317966e-09,  1.10056177e-09, -2.08444139e-08,  3.06390232e-09],      dtype=float64),
            Array([ 0.00000000e+00,  0.00000000e+00,  0.00000000e+00,  0.00000000e+00,
        0.00000000e+00,  5.02041313e+01,  9.44675971e+03, -9.45622045e+03,
       -8.24434120e+00, -9.06724940e+00, -7.67336364e+00,  2.37936023e+20,
        1.07631754e-23,  5.58539569e-24,  5.52262186e-24,  3.65100543e-24,
       -2.38550439e+20,  9.44675591e+03, -9.45623747e+03, -8.28198874e+00,
       -9.13240401e+00, -7.74951979e+00,  1.00054523e+00,  1.82027594e-03,
        3.54465124e-03,  5.54988629e-03,  5.47012722e-03, -7.36358192e-09,
       -2.01436610e-08, -2.40843781e-08, -4.44338448e-10, -1.72757938e-08,
        3.90612572e-08,  1.18035005e-08,  5.02929924e-08,  3.95592910e-08,
       -4.48348087e-07,  2.91773553e-07,  6.02273595e-07, -1.03115983e-07,
        2.50761260e-07,  1.73539979e-07,  2.70248261e-07, -2.62397635e-07,
        1.76295799e-06,  7.67389285e-06,  5.65954421e-07, -1.78126575e-06,
        8.82057087e-06, -4.00622350e-06,  5.08799462e-06,  1.79961820e-07,
        1.41095229e-06,  1.68252170e-06,  5.55303121e-05,  1.26851502e-04,
       -2.87559025e-04, -8.05342640e-05,  8.24275506e-05,  4.11316250e-07,
        6.57429840e-06, -9.47060842e-06,  8.75178546e-04, -1.34694251e-03,
        2.76142985e-05,  5.76023719e-05, -1.10995140e-03,  7.85516721e-07,
        5.83648524e-07, -7.31550418e-05, -3.55533901e-04, -6.31121763e-04,
        3.07837289e-03,  7.27672606e-03, -2.17903100e-02,  3.12576019e-07,
       -4.52644125e-06, -5.66772190e-05,  2.51429045e-03,  5.02840032e-05,
       -1.20050129e-02,  1.38128092e-01, -2.82669536e-01,  5.33933641e-07,
        3.76205481e-06,  5.67798141e-04, -4.36609366e-03, -3.54195737e-03,
        7.50502828e-02,  6.25308376e-02, -1.46575739e+00,  9.89647447e+00,
        1.69180092e+00,  3.27180343e-01, -2.88561143e-02, -2.20686536e-02,
       -4.03845058e-04, -7.53429700e-05, -1.01392829e-05, -1.37361371e-06,
        1.92928382e+00, -7.58860474e-01,  4.83085870e-02,  1.96372666e-02,
       -1.01744432e-02, -2.76078591e-03,  1.43373884e-04, -1.86039886e-05,
       -1.85142547e-06,  9.97897505e-02, -1.50875498e-01,  1.43833811e-01,
       -2.45297167e-02, -3.72795648e-03,  1.17497101e-03,  2.21604141e-04,
       -1.77716764e-05,  1.09196208e-06, -3.43751684e-04, -7.22697076e-03,
        8.65304963e-03, -1.69797022e-03, -7.88564741e-04, -2.99746003e-04,
       -1.75228015e-05, -1.09118017e-06,  1.32472812e-06, -8.46133083e-05,
       -2.99102300e-04,  8.05551043e-04, -7.76074385e-04, -1.44316636e-03,
        8.99101271e-04,  2.53931022e-05,  2.51667473e-06,  1.48360610e-06,
       -4.22346870e-06,  1.12844655e-04,  7.12363303e-06, -3.32937411e-04,
        9.02622969e-05,  5.81694311e-05,  1.91950906e-05,  3.38193793e-06,
       -7.05269840e-07,  1.93109115e-06, -6.14536275e-07, -5.23696042e-06,
       -2.34188412e-06,  5.58461493e-06,  3.65041976e-06,  1.12679333e-05,
       -6.23305555e-08, -3.01173574e-08,  2.06894914e-07, -1.23118783e-08,
        1.42802785e-08, -4.25795169e-08,  2.62939756e-07, -3.66185193e-07,
        4.35464864e-07,  3.97484912e-07, -4.36903764e-07,  1.51994928e-08,
       -1.66853412e-08, -5.32862302e-09,  2.49384079e-08, -1.45868349e-08,
        2.48452998e-08,  5.78710267e-08, -2.31279196e-08, -5.00079178e-08,
       -3.05394012e-08, -6.16440230e-10, -7.49578132e-09,  3.33702675e-08,
       -6.62745854e-09,  9.20473031e-09,  5.00177700e-08, -3.86465617e-08,
        6.67861106e-10,  1.70343581e-07, -4.52145851e-10, -8.54965817e-08,
       -1.12558827e-08, -1.66425389e-07, -1.75986651e-07,  4.10593569e-07,
       -6.28097362e-07,  1.01218931e-07, -1.08628045e-06,  3.12777741e-06,
        4.59345009e-06,  2.05370560e-06, -6.69419757e-07, -5.39479921e-07,
       -3.54043373e-06,  9.77583701e-08, -2.18333742e-07, -1.89945511e-05,
       -1.67055663e-05, -8.68970158e-06,  6.18114492e-05,  1.01264549e-04,
       -4.30010235e-05, -3.73029321e-05,  1.67758755e-06,  1.69259584e-07,
        2.79461260e-04, -3.10598011e-04, -4.81606288e-04,  1.12938152e-03,
        4.36069902e-04, -1.59279579e-04, -6.54114784e-05,  2.80661878e-06,
       -7.97767962e-07, -4.69639856e-04,  1.19200091e-02, -1.89626528e-02,
        9.49891070e-03,  3.00713976e-03, -1.32197501e-03, -5.76823543e-05,
        4.93742710e-07,  5.31329350e-07, -9.38802494e-02,  1.26087084e-01,
       -7.51936708e-02,  3.50876670e-03,  8.67235597e-03,  1.31963654e-03,
       -1.31999196e-04, -8.44289910e-06,  1.61386969e-06, -1.34584749e+00,
        5.07359271e-01, -6.01701961e-02,  9.38821050e-04, -3.05035820e-03,
       -1.08261740e-03, -1.10665301e-04,  4.20413498e-07, -2.93315065e-06,
        2.37015518e-06, -2.44435602e-05,  6.13273427e-04,  1.22493813e-03,
        9.74921199e-03,  2.19584044e-02, -2.85128764e-01, -2.13588870e+00,
       -2.11018435e-07,  8.77350041e-06, -2.97642528e-04,  4.10933430e-03,
        1.33419410e-02,  7.74994964e-02,  1.46548190e-01, -1.24322295e+00,
       -2.78839241e-06,  1.26875131e-05, -1.82905970e-04, -1.71552851e-04,
       -6.56936268e-03,  1.17520969e-02,  7.29500975e-02, -2.35203093e-01,
       -9.65354071e-07, -9.41548526e-07, -2.15571398e-05,  1.20145434e-03,
       -2.97833579e-03, -4.62540942e-03,  1.67974092e-02, -2.77444131e-02,
        3.79900140e-07, -8.96800032e-07,  1.66392241e-05,  1.51715925e-04,
       -3.71905152e-04, -4.96879814e-04,  3.13239485e-05, -7.54252377e-04,
       -2.71825669e-08, -1.04689042e-06,  2.43919015e-05,  3.40113294e-05,
       -8.39317055e-05,  2.71507757e-05, -1.06562383e-04,  3.51926695e-05,
        1.18892031e-07,  7.47708178e-08, -1.73289715e-06, -6.97263737e-07,
       -5.11102313e-06,  4.27718697e-07, -1.72921050e-06, -3.21352352e-06,
        1.87579844e-07, -7.71283820e-07, -9.40963079e-09, -3.55337373e-07,
        2.11102909e-07, -2.01724470e-07, -6.05639149e-08, -8.17418315e-08,
       -1.34574245e-08, -1.20721454e-08,  3.70256651e-08, -9.99218583e-10,
        9.82317966e-09,  1.10056177e-09, -2.08444139e-08,  3.06390232e-09],      dtype=float64)],
  'constr_violation': Array(0., dtype=float64),
  'cost': Array(33149.3460069, dtype=float64),
  'f0se': Array([ 2.41157810e-06,  3.63123574e-02, -2.55936382e-02, ...,
        1.39340570e+01,  1.71867145e+01,  1.79636613e+01], dtype=float64),
  'fse': Array([ 3.61547682e-06,  3.40215641e-02, -2.63124161e-02, ...,
        1.39169158e+01,  1.71720360e+01,  1.79488906e+01], dtype=float64),
  'fun': Array([ 3.61547682e-06,  3.40215641e-02, -2.63124161e-02, ...,
        1.39169158e+01,  1.71720360e+01,  1.79488906e+01], dtype=float64),
  'history': [ [ { 'G': Array([], shape=(0,), dtype=float64),
                   'I': Array([], shape=(0,), dtype=float64),
                   'L_lmn': Array([ 4.58744973e-07,  4.14583447e-07,  7.15617473e-07, -1.18084242e-06,
       -1.89760330e-06,  7.65590893e-07, -1.51727508e-06,  2.92455058e-06,
       -3.62663159e-07,  1.63655439e-06, -1.72115950e-06,  1.06671098e-06,
       -8.13485523e-08, -1.51691831e-06,  7.23919197e-07,  4.79721937e-07,
        1.05367485e-06,  3.30875801e-07, -4.04284048e-07, -3.28254780e-07,
        1.07037299e-07,  6.45147297e-07,  6.72645027e-07, -2.25330424e-07,
        1.32905233e-07,  6.09006134e-07,  5.60030647e-07, -6.45093580e-06,
        8.84564013e-06,  8.30126560e-06, -1.08250916e-05,  3.32148081e-06,
       -1.14037722e-05, -6.90986087e-07, -7.81307402e-06,  9.25637964e-06,
        2.11284689e-06,  9.72589654e-07,  4.99766747e-06, -4.01271022e-06,
        1.79036686e-06,  2.13974365e-06, -5.43450807e-06,  7.78108633e-07,
        1.39523961e-06, -2.75083137e-06, -1.59877003e-06,  9.98529213e-07,
       -6.02331280e-07,  9.61597353e-07, -3.52987439e-05,  1.66614993e-05,
        6.12805124e-05, -5.11654414e-05, -4.06145419e-05,  3.29249870e-05,
       -2.35247592e-05,  7.22950940e-05, -8.72589331e-06,  2.08899411e-05,
       -3.62202723e-05, -1.07975536e-05, -7.36786154e-06, -4.39247005e-06,
       -2.13501135e-06,  8.62674137e-06, -1.14133201e-05,  1.55554605e-05,
       -1.67124198e-06,  1.23110680e-06,  9.45469652e-06,  5.88132878e-06,
       -5.65056347e-06,  1.05239777e-06, -5.30998934e-06,  1.47692192e-04,
       -5.15051045e-04, -2.42436974e-04,  2.84810069e-04,  5.73976589e-04,
       -1.02056133e-04,  6.29488286e-05, -2.77665438e-04,  3.05824363e-05,
       -3.90779210e-05,  9.03013344e-05,  4.43333271e-06,  8.00461157e-06,
        1.09035006e-05, -8.08188317e-06, -5.66796693e-05,  1.72275318e-05,
       -5.88828997e-06, -1.64150165e-05,  4.80946538e-05, -1.15063286e-05,
       -1.94955917e-05,  1.99325828e-05, -3.72301892e-06, -6.90141917e-06,
        1.23515626e-03,  1.27902896e-03, -1.27924110e-03, -5.40421182e-04,
       -1.26856384e-03,  2.21815709e-04, -3.66520971e-05,  9.08510723e-04,
       -3.66821075e-04, -5.26188813e-05, -1.70389134e-04,  2.48065663e-04,
        8.59729575e-06, -1.28509664e-04,  1.14689997e-04, -9.24755494e-05,
        2.52543303e-05, -3.97858724e-05, -2.68225297e-05, -3.93837213e-05,
        2.10804789e-05,  3.42423110e-05, -1.80863074e-05,  3.52474193e-05,
       -6.77056799e-06, -2.95597134e-03, -8.10627772e-04,  3.37830526e-03,
       -3.21499515e-03,  2.60278703e-03,  6.07537882e-04,  1.92392246e-04,
       -1.25529789e-03,  1.81211947e-03, -7.81791372e-05,  1.52139388e-04,
       -5.47304228e-04, -4.38658664e-06,  3.75819851e-04, -1.21759205e-04,
        5.13119867e-04, -5.75946047e-05, -1.17853791e-04,  1.17654125e-04,
       -1.81234339e-04, -1.42361992e-05, -9.74617298e-05,  1.20826406e-04,
       -4.37998346e-05, -7.16794578e-05,  3.03705438e-02, -3.07044724e-02,
       -1.46725283e-02,  9.53324506e-03,  4.66853756e-03, -1.18648022e-02,
       -1.45367848e-03,  3.13434569e-03, -9.75759471e-04, -6.95724042e-04,
       -9.01668157e-04,  1.80230080e-03,  2.54906704e-04, -6.32193156e-05,
       -9.83736604e-04,  1.29518180e-03,  6.82124602e-05,  2.69754574e-04,
        1.24044937e-04,  1.36799238e-04,  9.54737991e-06,  3.47309441e-04,
       -1.56647165e-04,  8.17744290e-05, -3.47336623e-05,  2.63311379e-02,
       -1.18817107e-02,  3.53335149e-03,  3.56015951e-03,  1.95534882e-03,
        1.94844273e-02,  4.09949738e-03, -4.69956078e-03, -1.22461934e-02,
       -3.00628747e-05, -1.14467131e-03, -5.24079035e-03, -8.70875354e-04,
       -9.25223821e-04,  9.88479139e-04, -9.41008365e-05, -8.32180439e-04,
        9.26761424e-04, -2.57238284e-04,  1.11873959e-04, -4.31203561e-04,
       -5.21533022e-04, -1.43812999e-04,  7.47586758e-07, -4.41100252e-06,
       -2.49331875e-02, -1.01453051e-01,  7.49037468e-03,  8.10485637e-03,
        4.43653436e-03,  1.42846712e-02, -2.41111079e-03, -2.35496233e-03,
       -4.01141498e-02, -1.17925339e-03, -2.98405377e-04,  1.30673911e-03,
       -2.38532383e-04, -4.60336665e-05, -9.81128007e-04, -1.07879227e-03,
        2.84727067e-05, -5.33119777e-05, -1.32036797e-04, -1.29877573e-05,
       -2.45839569e-01,  1.30443357e-02, -1.20174351e-02,  2.72024997e-02,
        9.24534392e-03, -8.64716546e-03,  5.80869120e-03,  7.66277758e-04,
        4.40875420e-06, -3.20997292e-04, -1.46298804e-03,  6.05923564e-03,
        3.78442800e-05,  3.26911088e-04, -1.00497537e-03, -1.86690820e-04,
        4.77589631e-05, -4.32074192e-05,  2.53778850e-04,  1.61957850e-06,
        4.26052223e-02, -2.32156809e-02,  1.20284663e-02, -6.89988576e-03,
        3.98457612e-04,  3.99444883e-03, -1.37650471e-03, -1.23494184e-03,
        3.70868693e-04, -1.57764685e-03,  1.57084447e-03, -1.15957175e-03,
       -1.50595500e-04, -1.67468911e-04,  9.79462639e-06,  3.68829659e-04,
        4.74611525e-05, -1.40010767e-04, -2.09432090e-06, -5.79850643e-05,
       -2.31954275e-03,  3.66361981e-03,  1.22602862e-04, -6.12131030e-05,
       -1.70280496e-03, -4.55993171e-04,  4.61530481e-04,  1.70626452e-04,
        4.30181118e-04, -5.18449305e-04,  2.42706682e-05, -2.67650499e-04,
        1.77735371e-04, -1.30089975e-04,  2.17016076e-04, -9.35853883e-05,
        7.01999593e-05,  5.21940208e-05, -7.30850395e-05,  6.09272413e-05,
       -1.08853850e-04, -8.44633771e-05, -2.22061658e-04,  2.54845459e-04,
        3.18919575e-04, -7.97788945e-05, -1.86474458e-04,  3.76367731e-05,
       -1.22083675e-04,  6.23929524e-05, -3.73819061e-05,  9.30766009e-05,
        3.78783401e-05,  8.17295879e-06, -3.08969510e-05, -2.67444762e-05,
        7.89791253e-06, -3.38451001e-05,  3.66017506e-06,  2.74300945e-06,
       -1.01604178e-04, -1.41830932e-04,  1.37073387e-04,  6.07086251e-05,
       -3.22652587e-05,  9.69151633e-05, -1.10324082e-05, -1.30802303e-04,
        2.05839805e-05,  6.20958717e-05,  6.00096300e-06,  8.37389011e-06,
       -4.48205451e-05,  2.05461647e-05,  1.77116511e-05,  2.38331486e-05,
        6.72449033e-06,  3.36667732e-06, -1.37687585e-05, -1.65433471e-06,
        5.29521926e-06,  9.49897064e-05, -7.73902906e-05, -4.51987561e-05,
        1.80009117e-05, -9.37880605e-05,  1.07245393e-05,  8.32746275e-05,
        3.52829734e-05, -1.03148491e-05, -1.27558632e-05, -8.06914996e-06,
       -1.87904778e-06,  3.81766234e-06, -1.65109094e-05,  2.44749077e-06,
        4.72502043e-06, -6.50314020e-07,  6.31304656e-06, -1.67012384e-06,
        1.09298893e-06, -1.33348448e-05,  1.86043297e-05,  4.00161524e-06,
       -3.13105129e-07,  1.19363797e-05, -3.44704469e-06, -1.84172081e-05,
       -7.57179242e-06, -3.00175828e-07,  5.04334329e-06,  1.58016278e-06,
       -2.29657721e-06, -2.16701052e-07,  4.37980598e-06, -1.57360780e-06,
       -8.95427795e-07,  2.14411068e-07, -1.25711923e-06,  2.12585966e-07,
       -6.24696178e-07,  6.37300889e-07, -9.98466570e-07, -4.05912462e-07,
       -2.48271531e-07, -4.19377431e-07, -9.84333919e-07,  1.89859185e-06,
        8.75828551e-07, -8.32061354e-07, -1.44699818e-06, -1.25432716e-06,
        3.42948749e-07,  2.14881750e-07,  1.98075101e-07, -2.70290799e-09,
       -1.81888053e-07,  2.16332630e-07, -2.13278125e-07, -4.90874730e-08],      dtype=float64),
                   'Phi_mn': Array([], shape=(0,), dtype=float64),
                   'Psi': Array([50.20413129], dtype=float64),
                   'R_lmn': Array([-3.22377954e-06, -1.75310099e-06, -1.31230850e-06,  4.49165439e-06,
        1.51452192e-06,  5.42649736e-07,  3.72891382e-07,  3.38710920e-07,
       -3.63182021e-07, -3.37893128e-07, -5.73081526e-07,  1.01401503e-06,
       -2.01436610e-08, -3.73335720e-07,  1.01265884e-06, -8.54399837e-07,
       -7.36358192e-09,  3.13808750e-07, -9.58716185e-07,  2.08239725e-07,
       -2.84467946e-06, -1.38271237e-05, -1.20529669e-05,  7.53890275e-06,
        6.96925563e-06,  2.77307944e-05,  1.74405086e-06,  1.10778781e-05,
       -4.87620985e-06,  4.04559530e-06, -1.12166891e-05, -1.31549098e-05,
       -4.48348087e-07, -1.14177726e-06,  1.22585002e-06,  4.52234819e-07,
        3.95592910e-08, -3.75382175e-06,  4.14431753e-06, -5.75220870e-07,
        8.45397286e-05, -5.76116743e-05,  6.44216833e-05, -1.22579704e-04,
        1.26821332e-05,  5.24939509e-05, -1.76375850e-05, -5.37364045e-05,
        4.27115265e-05, -6.69024706e-07, -9.73362342e-06,  6.73073437e-07,
        1.76295799e-06,  1.82035394e-05, -1.86470786e-06,  4.16443400e-07,
       -2.62397635e-07,  8.34291756e-06, -4.72977555e-06,  4.38426421e-07,
        1.58856248e-04,  3.51566545e-04, -4.02117346e-04,  1.63485860e-04,
        7.66456194e-05, -4.54414953e-04,  1.05062770e-04,  9.06469442e-05,
       -2.31946081e-04,  1.92355321e-05,  3.42556992e-05,  2.35886070e-05,
        1.41095229e-06, -4.95266369e-05,  2.39526615e-05, -7.91123712e-06,
        1.79961820e-07, -1.75530104e-05,  1.59499238e-05, -1.30585990e-06,
       -4.09126204e-03, -2.06904143e-03,  6.25930879e-04,  2.75345756e-03,
       -1.41933034e-03,  2.34032198e-03,  9.22464673e-04, -5.25595781e-04,
        2.20761038e-04, -3.83910076e-05,  7.63297544e-05, -2.16783030e-04,
        6.57429840e-06, -4.72733565e-05, -7.26872838e-05,  7.23875097e-06,
        4.11316250e-07,  2.89203992e-05, -3.93212193e-06,  3.04005963e-06,
       -1.85733085e-02,  7.68527639e-03,  3.79688205e-03, -2.35204262e-03,
       -3.08151580e-05, -8.33698225e-04, -3.77114839e-04, -8.48507609e-04,
       -9.94447092e-04, -6.01667318e-05, -6.10484723e-04,  4.85919623e-04,
        5.83648524e-07,  2.15991496e-05,  1.30003409e-04,  1.29624264e-04,
        7.85516721e-07, -1.29883100e-05,  1.01988680e-05, -6.08700988e-05,
       -3.12933788e-01,  1.28862614e-01, -8.73420984e-03,  2.60708339e-02,
        1.44386311e-03,  1.03342548e-02,  2.49901979e-03, -2.92279489e-03,
        4.31413288e-03, -1.25000063e-07, -1.52497825e-03, -9.89907187e-04,
       -4.52644125e-06,  1.52618946e-05, -3.48015288e-04, -1.20697984e-04,
        3.12576019e-07, -5.65522190e-05,  1.31420408e-04, -7.90205413e-05,
       -1.44468321e+00,  2.32325763e-02,  6.97532596e-02, -1.30703450e-02,
       -5.17480098e-03,  3.54484751e-02, -4.52780418e-03,  6.09554559e-03,
       -8.40260547e-03,  5.01781384e-04,  1.58963061e-03,  3.68645852e-03,
        3.76205481e-06,  1.61700341e-04, -7.98509802e-04,  3.98531827e-04,
        5.33933641e-07,  6.60167576e-05,  4.32799240e-05,  1.63063427e-04,
        1.01766795e+01,  1.65787866e+00, -3.24542950e-01,  3.70234122e-01,
        3.23015370e-02, -1.80648772e-02,  4.39738744e-02, -4.03945672e-02,
       -2.10198263e-02,  1.55076380e-03, -1.07069939e-02,  6.99824238e-05,
        3.00412683e-04, -2.28907497e-03, -1.14246222e-03, -5.98726469e-05,
        7.00384100e-05, -8.44677335e-05, -4.73823602e-04, -1.01392829e-05,
        6.36542188e-05, -3.70426974e-04,  9.36694758e-05, -1.54703232e-05,
       -1.37361371e-06,  1.87273727e+00, -7.49449356e-01,  8.37465946e-02,
        1.51254833e-02, -1.30182870e-02,  1.94212668e-02, -2.67687976e-02,
        3.34574060e-02, -1.26573738e-02,  3.04330219e-03,  6.77732374e-05,
       -3.05886785e-03, -3.59367614e-04, -3.18756930e-04,  2.47839236e-03,
        9.48603355e-05,  5.63911835e-04,  1.47984650e-04,  2.98087135e-04,
       -1.86039886e-05, -7.25251018e-05,  4.45217611e-05,  4.41558757e-06,
        4.85135488e-05, -1.85142547e-06,  1.42001697e-01, -1.49206638e-01,
       -4.34879451e-02,  1.42887805e-01, -5.13931616e-03, -2.15696306e-02,
        2.37636683e-03,  3.51351328e-04, -2.44812968e-03,  3.24529370e-03,
       -2.69527082e-03,  1.09987137e-03, -1.17392140e-03,  6.96719404e-04,
       -1.31528822e-03,  2.27015400e-04,  2.25207108e-04, -2.64835910e-04,
        7.50319603e-05, -1.77716764e-05,  7.34695325e-05, -1.02054164e-04,
        3.53025165e-05, -5.41125925e-06,  1.09196208e-06,  8.98685964e-03,
       -2.59137916e-03, -1.03667184e-02,  7.96537756e-03, -4.91853238e-03,
       -1.20525370e-03,  9.62755324e-04,  3.43431936e-04, -1.97560680e-04,
        3.77891233e-04, -5.05798629e-04, -2.98171769e-04,  9.39654115e-05,
        3.48890810e-04, -6.68985079e-04, -1.13455538e-07, -9.48983965e-05,
        1.31364214e-05, -1.59138001e-06, -1.09118017e-06, -2.06560320e-05,
       -4.61199943e-06,  7.79070726e-05, -1.74093459e-05,  1.32472812e-06,
        5.44862603e-04, -6.94180346e-04, -1.09118504e-03, -3.31944070e-04,
        2.35006599e-04, -1.66941021e-04,  4.13644506e-04,  1.15453784e-03,
       -1.60961577e-03,  1.48666539e-04, -5.34107172e-04,  8.92961701e-04,
        3.18605772e-05,  1.13182810e-05,  1.94115516e-04, -3.49342935e-07,
        1.14320804e-05, -7.49926038e-05,  6.13289119e-06,  2.51667473e-06,
        1.61542092e-05, -2.84315535e-05, -2.77057741e-05,  2.57424451e-05,
        1.48360610e-06,  1.64893888e-04,  4.83670851e-04, -7.27825563e-05,
        3.06790602e-04, -3.60308556e-04, -6.56103034e-04, -6.76433319e-05,
       -2.96797227e-04,  1.08601302e-04, -3.21470644e-06,  2.91218288e-04,
        1.03216334e-04, -2.72694923e-05, -1.09935019e-05, -2.77176788e-05,
        3.43211021e-05, -7.29303725e-06,  3.19803131e-05, -4.50482349e-05,
        3.38193793e-06, -1.42928602e-06,  8.08112008e-06,  9.35912962e-06,
       -1.51260115e-05, -7.05269840e-07, -5.94688305e-05,  1.60727177e-04,
        8.03446827e-06, -5.90527712e-05, -2.10483809e-04,  6.85352555e-05,
        6.83498650e-05,  3.04845853e-05,  1.92994586e-06,  4.97488433e-05,
       -7.42537237e-05, -1.57708918e-05, -1.49413513e-05,  2.61452224e-05,
        1.07585245e-05,  3.56268412e-06, -6.06748269e-07,  3.37658407e-06,
        1.94213115e-05, -6.23305555e-08, -4.30603504e-08, -2.81399688e-06,
       -7.10385544e-06,  7.70524916e-06, -3.01173574e-08, -1.57514005e-05,
        2.17662034e-05, -9.31105482e-06, -3.67547197e-05, -5.86736107e-06,
       -5.69740527e-06,  1.61391317e-05,  4.37640955e-05,  4.13184074e-06,
       -1.07607990e-05,  7.57883001e-06,  3.70209252e-06,  8.27005305e-06,
       -6.12418759e-06, -8.62761116e-06,  3.91169218e-06, -5.15035523e-06,
       -1.92400426e-06, -4.06827771e-06,  3.97484912e-07,  8.60165415e-07,
       -8.70907984e-07,  4.75871017e-06, -3.47622731e-06, -4.36903764e-07,
       -9.61878010e-07,  1.75012310e-06, -5.67355215e-08, -1.84079543e-06,
        2.35379101e-07, -8.33780382e-07,  1.19501060e-06,  3.15297779e-07,
        2.10363118e-06, -1.26222381e-06, -3.19788134e-07,  4.21072157e-07,
        7.92019405e-08,  1.21851689e-06, -1.19042799e-06, -3.80362885e-07,
       -7.39963725e-07,  1.17850692e-06, -3.96226857e-07, -2.31279196e-08,
       -2.40399519e-07,  3.01652135e-07, -9.27790028e-07,  4.38233911e-07,
       -5.00079178e-08], dtype=float64),
                   'Ra_n': Array([ 1.05449595e+01,  1.76250872e+00,  1.89113400e-01,  2.02017119e-02,
        2.03398578e-03,  1.95873319e-04,  1.57448571e-05,  2.28889846e-06,
       -2.97333452e-08], dtype=float64),
                   'Rb_lmn': Array([-7.36358192e-09, -2.01436610e-08, -2.40843781e-08, -4.44338448e-10,
       -1.72757938e-08,  3.90612572e-08,  1.18035005e-08,  5.02929924e-08,
        3.95592910e-08, -4.48348087e-07,  2.91773553e-07,  6.02273595e-07,
       -1.03115983e-07,  2.50761260e-07,  1.73539979e-07,  2.70248261e-07,
       -2.62397635e-07,  1.76295799e-06,  7.67389285e-06,  5.65954421e-07,
       -1.78126575e-06,  8.82057087e-06, -4.00622350e-06,  5.08799462e-06,
        1.79961820e-07,  1.41095229e-06,  1.68252170e-06,  5.55361327e-05,
        1.26851242e-04, -2.87517740e-04, -8.05656610e-05,  8.24847893e-05,
        4.11316250e-07,  6.57429840e-06, -9.47060842e-06,  8.75191317e-04,
       -1.34693271e-03,  2.76478144e-05,  5.75375839e-05, -1.10980470e-03,
        7.85516721e-07,  5.83648524e-07, -7.31550418e-05, -3.55515689e-04,
       -6.31101013e-04,  3.07837785e-03,  7.27662769e-03, -2.17901740e-02,
        3.12576019e-07, -4.52644125e-06, -5.66772190e-05,  2.51428168e-03,
        5.03052611e-05, -1.20050200e-02,  1.38127941e-01, -2.82669519e-01,
        5.33933641e-07,  3.76205481e-06,  5.67798141e-04, -4.36610384e-03,
       -3.54189045e-03,  7.50502954e-02,  6.25305733e-02, -1.46575763e+00,
        9.89647447e+00,  1.69180100e+00,  3.27180053e-01, -2.88563388e-02,
       -2.20686190e-02, -4.03841178e-04, -7.53429700e-05, -1.01392829e-05,
       -1.37361371e-06,  1.92928317e+00, -7.58860429e-01,  4.83086541e-02,
        1.96370247e-02, -1.01745659e-02, -2.76078071e-03,  1.43373884e-04,
       -1.86039886e-05, -1.85142547e-06,  9.97896667e-02, -1.50875453e-01,
        1.43833821e-01, -2.45297374e-02, -3.72811539e-03,  1.17490333e-03,
        2.21604141e-04, -1.77716764e-05,  1.09196208e-06, -3.43794073e-04,
       -7.22691871e-03,  8.65308830e-03, -1.69791591e-03, -7.88638686e-04,
       -2.99763149e-04, -1.75228015e-05, -1.09118017e-06,  1.32472812e-06,
       -8.46631402e-05, -2.99075127e-04,  8.05480498e-04, -7.76040797e-04,
       -1.44320603e-03,  8.99094593e-04,  2.53931022e-05,  2.51667473e-06,
        1.48360610e-06, -4.23077844e-06,  1.12854552e-04,  7.08099284e-06,
       -3.32904433e-04,  9.02427527e-05,  5.81680988e-05,  1.91950906e-05,
        3.38193793e-06, -7.05269840e-07,  1.93109115e-06, -6.14536275e-07,
       -5.23696042e-06, -2.34188412e-06,  5.58461493e-06,  3.65041976e-06,
        1.12679333e-05, -6.23305555e-08, -3.01173574e-08,  2.06894914e-07,
       -1.23118783e-08,  1.42802785e-08, -4.25795169e-08,  2.62939756e-07,
       -3.66185193e-07,  4.35464864e-07,  3.97484912e-07, -4.36903764e-07,
        1.51994928e-08, -1.66853412e-08, -5.32862302e-09,  2.49384079e-08,
       -1.45868349e-08,  2.48452998e-08,  5.78710267e-08, -2.31279196e-08,
       -5.00079178e-08], dtype=float64),
                   'Te_l': Array([ 9.44785552e+03, -9.45413167e+03, -5.51320233e+00, -6.12289913e+00,
       -5.23242325e+00], dtype=float64),
                   'Ti_l': Array([ 9.44785430e+03, -9.45413704e+03, -5.52505119e+00, -6.14356632e+00,
       -5.25686971e+00], dtype=float64),
                   'Z_lmn': Array([ 1.74034889e-06, -3.13230142e-06,  8.76864490e-07,  2.30893414e-06,
       -9.05007677e-07,  1.76926758e-07, -1.59831945e-06, -9.00790464e-07,
       -1.71732766e-06,  2.89087969e-06,  1.57400816e-06,  4.68134204e-09,
       -9.79250263e-07, -1.24676446e-06,  1.62095812e-06, -3.71552568e-08,
        1.14581296e-06, -1.71756465e-06,  4.52338824e-09, -3.86465617e-08,
       -7.01830682e-08, -1.68874996e-07,  8.97420788e-08,  8.71730268e-08,
        6.67861106e-10,  1.15581004e-05, -2.12887770e-05,  1.05736621e-06,
        3.31107824e-05,  1.78442973e-05, -2.31728861e-06, -1.12764723e-05,
       -3.79884397e-05, -5.90795204e-07,  2.95013281e-06,  8.26922142e-07,
       -2.47872120e-06, -9.49877837e-07,  2.41109649e-06,  2.34116220e-06,
       -1.38211440e-06,  4.93894828e-07,  1.47911059e-06,  2.30273455e-06,
       -6.28097362e-07, -2.18772935e-07,  2.38106418e-06, -1.91679239e-06,
        1.79270797e-06,  1.01218931e-07,  4.29863420e-05, -7.13160565e-05,
        1.58757204e-05,  3.78179543e-05,  8.33863427e-05,  3.90290338e-05,
       -5.40740787e-05, -3.61787881e-05, -1.06061190e-06, -1.43349132e-05,
       -4.20496547e-05, -2.41482628e-06, -6.48493703e-06,  2.91725604e-06,
       -3.67268276e-07, -2.57214806e-06,  5.39240445e-06,  5.07432649e-06,
        1.87534636e-06,  9.77583701e-08,  6.10672832e-07,  3.70279158e-08,
        7.58460424e-07, -9.68285668e-07, -2.18333742e-07,  6.31424406e-05,
       -6.35685363e-04,  5.62629433e-05,  2.25425239e-04,  6.59026626e-04,
        4.61086316e-05, -1.60626497e-04, -1.97708307e-04,  1.24223913e-04,
       -5.13892515e-05,  2.61193553e-05, -3.19221560e-05,  2.79440555e-05,
       -4.28017463e-05, -1.99232509e-05, -3.49738686e-05,  1.13203280e-05,
       -1.04427387e-05, -1.10722406e-05,  1.67758755e-06, -5.70342815e-06,
        6.40477267e-06, -3.02454757e-06, -2.32906343e-06,  1.69259584e-07,
       -7.56693404e-04, -1.52246681e-03,  1.16541654e-03, -1.36991293e-03,
        1.45791124e-03,  1.18691091e-03, -1.25046876e-04,  9.33448455e-04,
        4.09142579e-04, -2.52992818e-04, -3.85099411e-05, -1.81728694e-04,
       -5.82221015e-06, -3.39434377e-05,  1.24881979e-05, -5.65545949e-05,
        6.91679193e-06, -1.90519535e-05,  2.24470119e-05,  2.80661878e-06,
        1.65967944e-06, -1.12331063e-05,  1.44521051e-05, -8.85688345e-06,
       -7.97767962e-07, -8.88593250e-03,  1.11845581e-02,  9.56262264e-03,
       -1.50269663e-02,  1.50900286e-03,  9.13580827e-03, -1.07169350e-03,
       -4.04980436e-03,  3.45770439e-03, -7.28042997e-04,  2.52248394e-04,
       -1.34727790e-03, -4.79929053e-05,  6.88633537e-05, -4.66289501e-04,
        3.52822511e-06, -4.54942931e-05,  1.10759776e-04,  2.53627196e-05,
        4.93742710e-07, -2.65826843e-05,  4.51777420e-05,  1.57537866e-05,
       -6.12105794e-05,  5.31329350e-07, -1.31157330e-01,  1.01472274e-01,
        3.91394270e-02, -7.55232555e-02,  2.75470310e-02,  6.78234243e-04,
       -2.28028550e-03,  2.20524245e-03,  7.02044819e-03, -3.00808649e-03,
        2.80712226e-03,  1.29042634e-03,  3.87844419e-04, -2.00167003e-03,
        1.71749927e-03, -1.52656876e-04,  7.59193735e-05,  2.33290482e-05,
        2.91757598e-05, -8.44289910e-06,  3.01977925e-05,  1.25944919e-04,
       -6.56789797e-05,  2.06576797e-05,  1.61386969e-06, -1.42266522e+00,
        4.87999138e-01,  6.51906772e-02, -4.25243740e-02,  2.57914216e-02,
        4.97175799e-03,  9.46807745e-03, -1.81942125e-02, -4.44107111e-03,
       -5.86479932e-03, -4.31112332e-03, -7.60322746e-04,  2.31544552e-03,
        3.88218563e-04,  1.40839698e-03, -1.31358413e-04, -5.66368850e-04,
        2.77844380e-04, -3.22222880e-04,  4.20413498e-07, -1.56334805e-04,
        1.60042203e-04, -1.78086782e-05,  2.06931121e-05, -2.93315065e-06,
       -2.17544610e+00, -3.46072360e-01,  9.33862419e-03,  5.45228196e-02,
        8.20326220e-03,  5.56995546e-02,  9.98175059e-04,  1.31328378e-02,
       -1.53696631e-02,  5.35085490e-04,  1.53679016e-03,  4.93576761e-03,
       -2.44435602e-05,  2.26793713e-04, -5.13373347e-04,  4.04363605e-04,
        2.37015518e-06,  7.81879374e-05,  9.18958720e-06,  3.08142216e-04,
       -1.25137940e+00,  1.31406074e-01,  7.19312172e-02,  2.65113959e-03,
        1.58824230e-02,  1.35685822e-02,  4.22375264e-03,  5.72903798e-03,
        5.64652820e-03, -2.15130714e-04, -2.54414099e-03,  1.55404612e-03,
        8.77350041e-06, -1.14444895e-04, -1.60549215e-04, -1.41269143e-04,
       -2.11018435e-07, -8.25118140e-05,  3.84503422e-06,  1.94125449e-05,
       -2.46401642e-01,  6.15614786e-02,  1.46788240e-02,  1.16321736e-02,
       -5.41445191e-03,  1.06629882e-02, -5.71973870e-05, -2.95490473e-03,
       -6.75435387e-04, -1.39490955e-04, -1.12168533e-03,  8.79614302e-04,
        1.26875131e-05, -1.14253232e-04,  2.79996688e-05,  2.41801234e-04,
       -2.78839241e-06, -4.34150147e-05, -3.31683457e-05, -1.54037597e-04,
       -3.02824450e-02,  1.56978466e-02, -3.77752860e-03,  2.03094896e-03,
       -3.27537105e-03,  1.39265155e-03,  1.28528790e-03, -9.14925361e-04,
        4.30266212e-04, -9.58326644e-05,  3.12930280e-04, -2.63509482e-04,
       -9.41548526e-07, -8.38414275e-05,  6.70075093e-05,  7.67642170e-05,
       -9.65354071e-07,  7.42755246e-05, -1.58985468e-05, -2.96605347e-05,
       -1.96533108e-03, -4.07188970e-04, -4.23661686e-04,  1.44001061e-03,
       -3.93937672e-04,  4.87937003e-04,  2.27965374e-04, -4.21883751e-05,
       -2.21384949e-04,  1.05970533e-05,  1.48306119e-05, -6.07083368e-05,
       -8.96800032e-07, -7.62264366e-05, -3.10411550e-05, -7.54617912e-06,
        3.79900140e-07,  6.04217083e-06,  7.20206008e-06,  1.12620047e-05,
        5.04736857e-05,  1.51578676e-05,  1.83816053e-04,  1.97442185e-05,
       -1.07809944e-04, -1.43617970e-04,  1.71426576e-05, -1.73176586e-04,
       -4.16085059e-05,  2.22994878e-05,  1.37310886e-05,  3.28826805e-05,
       -1.04689042e-06,  1.68731566e-05,  1.65184017e-05,  6.59164553e-06,
       -2.71825669e-08,  2.09241371e-06,  1.01449785e-05, -1.10211555e-05,
       -7.08800188e-06,  4.37033727e-06, -7.69638923e-05, -1.31860228e-05,
        1.83115961e-05,  4.12638939e-05,  2.50855098e-07,  8.77338056e-05,
        1.30394763e-05, -6.14305762e-07, -2.25980075e-05, -4.96814172e-05,
        7.47708178e-08, -9.48118835e-07, -1.03421946e-05,  4.02102481e-06,
        1.18892031e-07, -1.11859138e-06, -8.24611780e-07,  2.31797551e-06,
        7.97849043e-07, -2.49482231e-05,  1.65919050e-06,  8.58580880e-07,
        9.80326513e-07,  2.56765457e-05, -6.98801702e-07, -3.60291243e-06,
       -1.97871471e-06,  1.90388257e-06, -2.79593443e-06,  6.49004037e-07,
       -7.71283820e-07,  3.43464329e-07,  1.74199746e-06,  2.40542951e-07,
        1.87579844e-07, -1.91329220e-06,  2.02671082e-06, -1.43789060e-06,
       -1.97515132e-06, -1.65003560e-06, -1.67703658e-06,  2.32481840e-06,
        1.52926240e-06,  2.12231994e-06, -2.02673404e-07,  6.73475820e-07,
        9.52694742e-07,  2.39534763e-07, -1.36114895e-06, -7.04229732e-07,
       -1.20721454e-08,  2.01674185e-07,  1.00466132e-06, -1.29929791e-06,
       -1.34574245e-08, -2.02509098e-07, -1.58290277e-07,  2.11100976e-07],      dtype=float64),
                   'Za_n': Array([ 1.74232145e-07, -4.46331599e-08, -1.98678472e-05, -1.87394483e-04,
       -2.03967493e-03, -1.94988384e-02, -1.72934689e-01, -1.48085960e+00],      dtype=float64),
                   'Zb_lmn': Array([-3.05394012e-08, -6.16440230e-10, -7.49578132e-09,  3.33702675e-08,
       -6.62745854e-09,  9.20473031e-09,  5.00177700e-08, -3.86465617e-08,
        6.67861106e-10,  1.70343581e-07, -4.52145851e-10, -8.54965817e-08,
       -1.12558827e-08, -1.66425389e-07, -1.75986651e-07,  4.10593569e-07,
       -6.28097362e-07,  1.01218931e-07, -1.08628045e-06,  3.12777741e-06,
        4.59345009e-06,  2.05370560e-06, -6.69419757e-07, -5.39479921e-07,
       -3.54043373e-06,  9.77583701e-08, -2.18333742e-07, -1.89804855e-05,
       -1.67276607e-05, -8.68004134e-06,  6.17852482e-05,  1.01276114e-04,
       -4.29943967e-05, -3.73029321e-05,  1.67758755e-06,  1.69259584e-07,
        2.79513725e-04, -3.10631598e-04, -4.81641019e-04,  1.12934901e-03,
        4.36082882e-04, -1.59281683e-04, -6.54114784e-05,  2.80661878e-06,
       -7.97767962e-07, -4.69578951e-04,  1.19200237e-02, -1.89627296e-02,
        9.49881644e-03,  3.00716867e-03, -1.32191518e-03, -5.76823543e-05,
        4.93742710e-07,  5.31329350e-07, -9.38801466e-02,  1.26087138e-01,
       -7.51937382e-02,  3.50868556e-03,  8.67226848e-03,  1.31960210e-03,
       -1.31999196e-04, -8.44289910e-06,  1.61386969e-06, -1.34584735e+00,
        5.07359391e-01, -6.01703258e-02,  9.38479052e-04, -3.05048281e-03,
       -1.08254563e-03, -1.10665301e-04,  4.20413498e-07, -2.93315065e-06,
        2.37015518e-06, -2.44435602e-05,  6.13273427e-04,  1.22496877e-03,
        9.74924195e-03,  2.19580887e-02, -2.85128895e-01, -2.13588858e+00,
       -2.11018435e-07,  8.77350041e-06, -2.97642528e-04,  4.10930774e-03,
        1.33421270e-02,  7.74997060e-02,  1.46548114e-01, -1.24322300e+00,
       -2.78839241e-06,  1.26875131e-05, -1.82905970e-04, -1.71450619e-04,
       -6.56930558e-03,  1.17519189e-02,  7.29500435e-02, -2.35203103e-01,
       -9.65354071e-07, -9.41548526e-07, -2.15571398e-05,  1.20144648e-03,
       -2.97833932e-03, -4.62544645e-03,  1.67973282e-02, -2.77444657e-02,
        3.79900140e-07, -8.96800032e-07,  1.66392241e-05,  1.51738938e-04,
       -3.71905000e-04, -4.96891216e-04,  3.13017016e-05, -7.54251601e-04,
       -2.71825669e-08, -1.04689042e-06,  2.43919015e-05,  3.40158142e-05,
       -8.39338770e-05,  2.71578688e-05, -1.06598578e-04,  3.52010439e-05,
        1.18892031e-07,  7.47708178e-08, -1.73289715e-06, -6.97263737e-07,
       -5.11102313e-06,  4.27718697e-07, -1.72921050e-06, -3.21352352e-06,
        1.87579844e-07, -7.71283820e-07, -9.40963079e-09, -3.55337373e-07,
        2.11102909e-07, -2.01724470e-07, -6.05639149e-08, -8.17418315e-08,
       -1.34574245e-08, -1.20721454e-08,  3.70256651e-08, -9.99218583e-10,
        9.82317966e-09,  1.10056177e-09, -2.08444139e-08,  3.06390232e-09],      dtype=float64),
                   'Zeff_l': Array([1.00036096, 0.00120268, 0.00232619, 0.00356758, 0.00342073],      dtype=float64),
                   'a_lmn': Array([], shape=(0,), dtype=float64),
                   'c_l': Array([0., 0., 0., 0., 0.], dtype=float64),
                   'i_l': Array([], shape=(0,), dtype=float64),
                   'ne_l': Array([ 2.37957747e+20,  8.33038057e-24,  4.40878457e-24,  3.68737610e-24,
        2.44211087e-24, -2.38412565e+20], dtype=float64),
                   'ni_l': Array([], shape=(0,), dtype=float64),
                   'p_l': Array([], shape=(0,), dtype=float64)}],
               [ { 'G': Array([], shape=(0,), dtype=float64),
                   'I': Array([], shape=(0,), dtype=float64),
                   'L_lmn': Array([ 4.58744973e-07,  4.14583447e-07,  7.15617473e-07, -1.18084242e-06,
       -1.89760330e-06,  7.65590893e-07, -1.51727508e-06,  2.92455058e-06,
       -3.62663159e-07,  1.63655439e-06, -1.72115950e-06,  1.06671098e-06,
       -8.13485523e-08, -1.51691831e-06,  7.23919197e-07,  4.79721937e-07,
        1.05367485e-06,  3.30875801e-07, -4.04284048e-07, -3.28254780e-07,
        1.07037299e-07,  6.45147297e-07,  6.72645027e-07, -2.25330424e-07,
        1.32905233e-07,  6.09006134e-07,  5.60030647e-07, -6.45093580e-06,
        8.84564013e-06,  8.30126560e-06, -1.08250916e-05,  3.32148081e-06,
       -1.14037722e-05, -6.90986087e-07, -7.81307402e-06,  9.25637964e-06,
        2.11284689e-06,  9.72589654e-07,  4.99766747e-06, -4.01271022e-06,
        1.79036686e-06,  2.13974365e-06, -5.43450807e-06,  7.78108633e-07,
        1.39523961e-06, -2.75083137e-06, -1.59877003e-06,  9.98529213e-07,
       -6.02331280e-07,  9.61597353e-07, -3.52987439e-05,  1.66614993e-05,
        6.12805124e-05, -5.11654414e-05, -4.06145419e-05,  3.29249870e-05,
       -2.35247592e-05,  7.22950940e-05, -8.72589331e-06,  2.08899411e-05,
       -3.62202723e-05, -1.07975536e-05, -7.36786154e-06, -4.39247005e-06,
       -2.13501135e-06,  8.62674137e-06, -1.14133201e-05,  1.55554605e-05,
       -1.67124198e-06,  1.23110680e-06,  9.45469652e-06,  5.88132878e-06,
       -5.65056347e-06,  1.05239777e-06, -5.30998934e-06,  1.47692192e-04,
       -5.15051045e-04, -2.42436974e-04,  2.84810069e-04,  5.73976589e-04,
       -1.02056133e-04,  6.29488286e-05, -2.77665438e-04,  3.05824363e-05,
       -3.90779210e-05,  9.03013344e-05,  4.43333271e-06,  8.00461157e-06,
        1.09035006e-05, -8.08188317e-06, -5.66796693e-05,  1.72275318e-05,
       -5.88828997e-06, -1.64150165e-05,  4.80946538e-05, -1.15063286e-05,
       -1.94955917e-05,  1.99325828e-05, -3.72301892e-06, -6.90141917e-06,
        1.23515626e-03,  1.27902896e-03, -1.27924110e-03, -5.40421182e-04,
       -1.26856384e-03,  2.21815709e-04, -3.66520971e-05,  9.08510723e-04,
       -3.66821075e-04, -5.26188813e-05, -1.70389134e-04,  2.48065663e-04,
        8.59729575e-06, -1.28509664e-04,  1.14689997e-04, -9.24755494e-05,
        2.52543303e-05, -3.97858724e-05, -2.68225297e-05, -3.93837213e-05,
        2.10804789e-05,  3.42423110e-05, -1.80863074e-05,  3.52474193e-05,
       -6.77056799e-06, -2.95597134e-03, -8.10627772e-04,  3.37830526e-03,
       -3.21499515e-03,  2.60278703e-03,  6.07537882e-04,  1.92392246e-04,
       -1.25529789e-03,  1.81211947e-03, -7.81791372e-05,  1.52139388e-04,
       -5.47304228e-04, -4.38658664e-06,  3.75819851e-04, -1.21759205e-04,
        5.13119867e-04, -5.75946047e-05, -1.17853791e-04,  1.17654125e-04,
       -1.81234339e-04, -1.42361992e-05, -9.74617298e-05,  1.20826406e-04,
       -4.37998346e-05, -7.16794578e-05,  3.03705438e-02, -3.07044724e-02,
       -1.46725283e-02,  9.53324506e-03,  4.66853756e-03, -1.18648022e-02,
       -1.45367848e-03,  3.13434569e-03, -9.75759471e-04, -6.95724042e-04,
       -9.01668157e-04,  1.80230080e-03,  2.54906704e-04, -6.32193156e-05,
       -9.83736604e-04,  1.29518180e-03,  6.82124602e-05,  2.69754574e-04,
        1.24044937e-04,  1.36799238e-04,  9.54737991e-06,  3.47309441e-04,
       -1.56647165e-04,  8.17744290e-05, -3.47336623e-05,  2.63311379e-02,
       -1.18817107e-02,  3.53335149e-03,  3.56015951e-03,  1.95534882e-03,
        1.94844273e-02,  4.09949738e-03, -4.69956078e-03, -1.22461934e-02,
       -3.00628747e-05, -1.14467131e-03, -5.24079035e-03, -8.70875354e-04,
       -9.25223821e-04,  9.88479139e-04, -9.41008365e-05, -8.32180439e-04,
        9.26761424e-04, -2.57238284e-04,  1.11873959e-04, -4.31203561e-04,
       -5.21533022e-04, -1.43812999e-04,  7.47586758e-07, -4.41100252e-06,
       -2.49331875e-02, -1.01453051e-01,  7.49037468e-03,  8.10485637e-03,
        4.43653436e-03,  1.42846712e-02, -2.41111079e-03, -2.35496233e-03,
       -4.01141498e-02, -1.17925339e-03, -2.98405377e-04,  1.30673911e-03,
       -2.38532383e-04, -4.60336665e-05, -9.81128007e-04, -1.07879227e-03,
        2.84727067e-05, -5.33119777e-05, -1.32036797e-04, -1.29877573e-05,
       -2.45839569e-01,  1.30443357e-02, -1.20174351e-02,  2.72024997e-02,
        9.24534392e-03, -8.64716546e-03,  5.80869120e-03,  7.66277758e-04,
        4.40875420e-06, -3.20997292e-04, -1.46298804e-03,  6.05923564e-03,
        3.78442800e-05,  3.26911088e-04, -1.00497537e-03, -1.86690820e-04,
        4.77589631e-05, -4.32074192e-05,  2.53778850e-04,  1.61957850e-06,
        4.26052223e-02, -2.32156809e-02,  1.20284663e-02, -6.89988576e-03,
        3.98457612e-04,  3.99444883e-03, -1.37650471e-03, -1.23494184e-03,
        3.70868693e-04, -1.57764685e-03,  1.57084447e-03, -1.15957175e-03,
       -1.50595500e-04, -1.67468911e-04,  9.79462639e-06,  3.68829659e-04,
        4.74611525e-05, -1.40010767e-04, -2.09432090e-06, -5.79850643e-05,
       -2.31954275e-03,  3.66361981e-03,  1.22602862e-04, -6.12131030e-05,
       -1.70280496e-03, -4.55993171e-04,  4.61530481e-04,  1.70626452e-04,
        4.30181118e-04, -5.18449305e-04,  2.42706682e-05, -2.67650499e-04,
        1.77735371e-04, -1.30089975e-04,  2.17016076e-04, -9.35853883e-05,
        7.01999593e-05,  5.21940208e-05, -7.30850395e-05,  6.09272413e-05,
       -1.08853850e-04, -8.44633771e-05, -2.22061658e-04,  2.54845459e-04,
        3.18919575e-04, -7.97788945e-05, -1.86474458e-04,  3.76367731e-05,
       -1.22083675e-04,  6.23929524e-05, -3.73819061e-05,  9.30766009e-05,
        3.78783401e-05,  8.17295879e-06, -3.08969510e-05, -2.67444762e-05,
        7.89791253e-06, -3.38451001e-05,  3.66017506e-06,  2.74300945e-06,
       -1.01604178e-04, -1.41830932e-04,  1.37073387e-04,  6.07086251e-05,
       -3.22652587e-05,  9.69151633e-05, -1.10324082e-05, -1.30802303e-04,
        2.05839805e-05,  6.20958717e-05,  6.00096300e-06,  8.37389011e-06,
       -4.48205451e-05,  2.05461647e-05,  1.77116511e-05,  2.38331486e-05,
        6.72449033e-06,  3.36667732e-06, -1.37687585e-05, -1.65433471e-06,
        5.29521926e-06,  9.49897064e-05, -7.73902906e-05, -4.51987561e-05,
        1.80009117e-05, -9.37880605e-05,  1.07245393e-05,  8.32746275e-05,
        3.52829734e-05, -1.03148491e-05, -1.27558632e-05, -8.06914996e-06,
       -1.87904778e-06,  3.81766234e-06, -1.65109094e-05,  2.44749077e-06,
        4.72502043e-06, -6.50314020e-07,  6.31304656e-06, -1.67012384e-06,
        1.09298893e-06, -1.33348448e-05,  1.86043297e-05,  4.00161524e-06,
       -3.13105129e-07,  1.19363797e-05, -3.44704469e-06, -1.84172081e-05,
       -7.57179242e-06, -3.00175828e-07,  5.04334329e-06,  1.58016278e-06,
       -2.29657721e-06, -2.16701052e-07,  4.37980598e-06, -1.57360780e-06,
       -8.95427795e-07,  2.14411068e-07, -1.25711923e-06,  2.12585966e-07,
       -6.24696178e-07,  6.37300889e-07, -9.98466570e-07, -4.05912462e-07,
       -2.48271531e-07, -4.19377431e-07, -9.84333919e-07,  1.89859185e-06,
        8.75828551e-07, -8.32061354e-07, -1.44699818e-06, -1.25432716e-06,
        3.42948749e-07,  2.14881750e-07,  1.98075101e-07, -2.70290799e-09,
       -1.81888053e-07,  2.16332630e-07, -2.13278125e-07, -4.90874730e-08],      dtype=float64),
                   'Phi_mn': Array([], shape=(0,), dtype=float64),
                   'Psi': Array([50.20413129], dtype=float64),
                   'R_lmn': Array([-3.22377954e-06, -1.75310099e-06, -1.31230850e-06,  4.49165439e-06,
        1.51452192e-06,  5.42649736e-07,  3.72891382e-07,  3.38710920e-07,
       -3.63182021e-07, -3.37893128e-07, -5.73081526e-07,  1.01401503e-06,
       -2.01436610e-08, -3.73335720e-07,  1.01265884e-06, -8.54399837e-07,
       -7.36358192e-09,  3.13808750e-07, -9.58716185e-07,  2.08239725e-07,
       -2.84467946e-06, -1.38271237e-05, -1.20529669e-05,  7.53890275e-06,
        6.96925563e-06,  2.77307944e-05,  1.74405086e-06,  1.10778781e-05,
       -4.87620985e-06,  4.04559530e-06, -1.12166891e-05, -1.31549098e-05,
       -4.48348087e-07, -1.14177726e-06,  1.22585002e-06,  4.52234819e-07,
        3.95592910e-08, -3.75382175e-06,  4.14431753e-06, -5.75220870e-07,
        8.45397286e-05, -5.76116743e-05,  6.44216833e-05, -1.22579704e-04,
        1.26821332e-05,  5.24939509e-05, -1.76375850e-05, -5.37364045e-05,
        4.27115265e-05, -6.69024706e-07, -9.73362342e-06,  6.73073437e-07,
        1.76295799e-06,  1.82035394e-05, -1.86470786e-06,  4.16443400e-07,
       -2.62397635e-07,  8.34291756e-06, -4.72977555e-06,  4.38426421e-07,
        1.58856248e-04,  3.51566545e-04, -4.02117346e-04,  1.63485860e-04,
        7.66456194e-05, -4.54414953e-04,  1.05062770e-04,  9.06469442e-05,
       -2.31946081e-04,  1.92355321e-05,  3.42556992e-05,  2.35886070e-05,
        1.41095229e-06, -4.95266369e-05,  2.39526615e-05, -7.91123712e-06,
        1.79961820e-07, -1.75530104e-05,  1.59499238e-05, -1.30585990e-06,
       -4.09126204e-03, -2.06904143e-03,  6.25930879e-04,  2.75345756e-03,
       -1.41933034e-03,  2.34032198e-03,  9.22464673e-04, -5.25595781e-04,
        2.20761038e-04, -3.83910076e-05,  7.63297544e-05, -2.16783030e-04,
        6.57429840e-06, -4.72733565e-05, -7.26872838e-05,  7.23875097e-06,
        4.11316250e-07,  2.89203992e-05, -3.93212193e-06,  3.04005963e-06,
       -1.85733085e-02,  7.68527639e-03,  3.79688205e-03, -2.35204262e-03,
       -3.08151580e-05, -8.33698225e-04, -3.77114839e-04, -8.48507609e-04,
       -9.94447092e-04, -6.01667318e-05, -6.10484723e-04,  4.85919623e-04,
        5.83648524e-07,  2.15991496e-05,  1.30003409e-04,  1.29624264e-04,
        7.85516721e-07, -1.29883100e-05,  1.01988680e-05, -6.08700988e-05,
       -3.12933788e-01,  1.28862614e-01, -8.73420984e-03,  2.60708339e-02,
        1.44386311e-03,  1.03342548e-02,  2.49901979e-03, -2.92279489e-03,
        4.31413288e-03, -1.25000063e-07, -1.52497825e-03, -9.89907187e-04,
       -4.52644125e-06,  1.52618946e-05, -3.48015288e-04, -1.20697984e-04,
        3.12576019e-07, -5.65522190e-05,  1.31420408e-04, -7.90205413e-05,
       -1.44468321e+00,  2.32325763e-02,  6.97532596e-02, -1.30703450e-02,
       -5.17480098e-03,  3.54484751e-02, -4.52780418e-03,  6.09554559e-03,
       -8.40260547e-03,  5.01781384e-04,  1.58963061e-03,  3.68645852e-03,
        3.76205481e-06,  1.61700341e-04, -7.98509802e-04,  3.98531827e-04,
        5.33933641e-07,  6.60167576e-05,  4.32799240e-05,  1.63063427e-04,
        1.01766795e+01,  1.65787866e+00, -3.24542950e-01,  3.70234122e-01,
        3.23015370e-02, -1.80648772e-02,  4.39738744e-02, -4.03945672e-02,
       -2.10198263e-02,  1.55076380e-03, -1.07069939e-02,  6.99824238e-05,
        3.00412683e-04, -2.28907497e-03, -1.14246222e-03, -5.98726469e-05,
        7.00384100e-05, -8.44677335e-05, -4.73823602e-04, -1.01392829e-05,
        6.36542188e-05, -3.70426974e-04,  9.36694758e-05, -1.54703232e-05,
       -1.37361371e-06,  1.87273727e+00, -7.49449356e-01,  8.37465946e-02,
        1.51254833e-02, -1.30182870e-02,  1.94212668e-02, -2.67687976e-02,
        3.34574060e-02, -1.26573738e-02,  3.04330219e-03,  6.77732374e-05,
       -3.05886785e-03, -3.59367614e-04, -3.18756930e-04,  2.47839236e-03,
        9.48603355e-05,  5.63911835e-04,  1.47984650e-04,  2.98087135e-04,
       -1.86039886e-05, -7.25251018e-05,  4.45217611e-05,  4.41558757e-06,
        4.85135488e-05, -1.85142547e-06,  1.42001697e-01, -1.49206638e-01,
       -4.34879451e-02,  1.42887805e-01, -5.13931616e-03, -2.15696306e-02,
        2.37636683e-03,  3.51351328e-04, -2.44812968e-03,  3.24529370e-03,
       -2.69527082e-03,  1.09987137e-03, -1.17392140e-03,  6.96719404e-04,
       -1.31528822e-03,  2.27015400e-04,  2.25207108e-04, -2.64835910e-04,
        7.50319603e-05, -1.77716764e-05,  7.34695325e-05, -1.02054164e-04,
        3.53025165e-05, -5.41125925e-06,  1.09196208e-06,  8.98685964e-03,
       -2.59137916e-03, -1.03667184e-02,  7.96537756e-03, -4.91853238e-03,
       -1.20525370e-03,  9.62755324e-04,  3.43431936e-04, -1.97560680e-04,
        3.77891233e-04, -5.05798629e-04, -2.98171769e-04,  9.39654115e-05,
        3.48890810e-04, -6.68985079e-04, -1.13455538e-07, -9.48983965e-05,
        1.31364214e-05, -1.59138001e-06, -1.09118017e-06, -2.06560320e-05,
       -4.61199943e-06,  7.79070726e-05, -1.74093459e-05,  1.32472812e-06,
        5.44862603e-04, -6.94180346e-04, -1.09118504e-03, -3.31944070e-04,
        2.35006599e-04, -1.66941021e-04,  4.13644506e-04,  1.15453784e-03,
       -1.60961577e-03,  1.48666539e-04, -5.34107172e-04,  8.92961701e-04,
        3.18605772e-05,  1.13182810e-05,  1.94115516e-04, -3.49342935e-07,
        1.14320804e-05, -7.49926038e-05,  6.13289119e-06,  2.51667473e-06,
        1.61542092e-05, -2.84315535e-05, -2.77057741e-05,  2.57424451e-05,
        1.48360610e-06,  1.64893888e-04,  4.83670851e-04, -7.27825563e-05,
        3.06790602e-04, -3.60308556e-04, -6.56103034e-04, -6.76433319e-05,
       -2.96797227e-04,  1.08601302e-04, -3.21470644e-06,  2.91218288e-04,
        1.03216334e-04, -2.72694923e-05, -1.09935019e-05, -2.77176788e-05,
        3.43211021e-05, -7.29303725e-06,  3.19803131e-05, -4.50482349e-05,
        3.38193793e-06, -1.42928602e-06,  8.08112008e-06,  9.35912962e-06,
       -1.51260115e-05, -7.05269840e-07, -5.94688305e-05,  1.60727177e-04,
        8.03446827e-06, -5.90527712e-05, -2.10483809e-04,  6.85352555e-05,
        6.83498650e-05,  3.04845853e-05,  1.92994586e-06,  4.97488433e-05,
       -7.42537237e-05, -1.57708918e-05, -1.49413513e-05,  2.61452224e-05,
        1.07585245e-05,  3.56268412e-06, -6.06748269e-07,  3.37658407e-06,
        1.94213115e-05, -6.23305555e-08, -4.30603504e-08, -2.81399688e-06,
       -7.10385544e-06,  7.70524916e-06, -3.01173574e-08, -1.57514005e-05,
        2.17662034e-05, -9.31105482e-06, -3.67547197e-05, -5.86736107e-06,
       -5.69740527e-06,  1.61391317e-05,  4.37640955e-05,  4.13184074e-06,
       -1.07607990e-05,  7.57883001e-06,  3.70209252e-06,  8.27005305e-06,
       -6.12418759e-06, -8.62761116e-06,  3.91169218e-06, -5.15035523e-06,
       -1.92400426e-06, -4.06827771e-06,  3.97484912e-07,  8.60165415e-07,
       -8.70907984e-07,  4.75871017e-06, -3.47622731e-06, -4.36903764e-07,
       -9.61878010e-07,  1.75012310e-06, -5.67355215e-08, -1.84079543e-06,
        2.35379101e-07, -8.33780382e-07,  1.19501060e-06,  3.15297779e-07,
        2.10363118e-06, -1.26222381e-06, -3.19788134e-07,  4.21072157e-07,
        7.92019405e-08,  1.21851689e-06, -1.19042799e-06, -3.80362885e-07,
       -7.39963725e-07,  1.17850692e-06, -3.96226857e-07, -2.31279196e-08,
       -2.40399519e-07,  3.01652135e-07, -9.27790028e-07,  4.38233911e-07,
       -5.00079178e-08], dtype=float64),
                   'Ra_n': Array([ 1.05449595e+01,  1.76250872e+00,  1.89113400e-01,  2.02017119e-02,
        2.03398578e-03,  1.95873319e-04,  1.57448571e-05,  2.28889846e-06,
       -2.97333452e-08], dtype=float64),
                   'Rb_lmn': Array([-7.36358192e-09, -2.01436610e-08, -2.40843781e-08, -4.44338448e-10,
       -1.72757938e-08,  3.90612572e-08,  1.18035005e-08,  5.02929924e-08,
        3.95592910e-08, -4.48348087e-07,  2.91773553e-07,  6.02273595e-07,
       -1.03115983e-07,  2.50761260e-07,  1.73539979e-07,  2.70248261e-07,
       -2.62397635e-07,  1.76295799e-06,  7.67389285e-06,  5.65954421e-07,
       -1.78126575e-06,  8.82057087e-06, -4.00622350e-06,  5.08799462e-06,
        1.79961820e-07,  1.41095229e-06,  1.68252170e-06,  5.55361327e-05,
        1.26851242e-04, -2.87517740e-04, -8.05656610e-05,  8.24847893e-05,
        4.11316250e-07,  6.57429840e-06, -9.47060842e-06,  8.75191317e-04,
       -1.34693271e-03,  2.76478144e-05,  5.75375839e-05, -1.10980470e-03,
        7.85516721e-07,  5.83648524e-07, -7.31550418e-05, -3.55515689e-04,
       -6.31101013e-04,  3.07837785e-03,  7.27662769e-03, -2.17901740e-02,
        3.12576019e-07, -4.52644125e-06, -5.66772190e-05,  2.51428168e-03,
        5.03052611e-05, -1.20050200e-02,  1.38127941e-01, -2.82669519e-01,
        5.33933641e-07,  3.76205481e-06,  5.67798141e-04, -4.36610384e-03,
       -3.54189045e-03,  7.50502954e-02,  6.25305733e-02, -1.46575763e+00,
        9.89647447e+00,  1.69180100e+00,  3.27180053e-01, -2.88563388e-02,
       -2.20686190e-02, -4.03841178e-04, -7.53429700e-05, -1.01392829e-05,
       -1.37361371e-06,  1.92928317e+00, -7.58860429e-01,  4.83086541e-02,
        1.96370247e-02, -1.01745659e-02, -2.76078071e-03,  1.43373884e-04,
       -1.86039886e-05, -1.85142547e-06,  9.97896667e-02, -1.50875453e-01,
        1.43833821e-01, -2.45297374e-02, -3.72811539e-03,  1.17490333e-03,
        2.21604141e-04, -1.77716764e-05,  1.09196208e-06, -3.43794073e-04,
       -7.22691871e-03,  8.65308830e-03, -1.69791591e-03, -7.88638686e-04,
       -2.99763149e-04, -1.75228015e-05, -1.09118017e-06,  1.32472812e-06,
       -8.46631402e-05, -2.99075127e-04,  8.05480498e-04, -7.76040797e-04,
       -1.44320603e-03,  8.99094593e-04,  2.53931022e-05,  2.51667473e-06,
        1.48360610e-06, -4.23077844e-06,  1.12854552e-04,  7.08099284e-06,
       -3.32904433e-04,  9.02427527e-05,  5.81680988e-05,  1.91950906e-05,
        3.38193793e-06, -7.05269840e-07,  1.93109115e-06, -6.14536275e-07,
       -5.23696042e-06, -2.34188412e-06,  5.58461493e-06,  3.65041976e-06,
        1.12679333e-05, -6.23305555e-08, -3.01173574e-08,  2.06894914e-07,
       -1.23118783e-08,  1.42802785e-08, -4.25795169e-08,  2.62939756e-07,
       -3.66185193e-07,  4.35464864e-07,  3.97484912e-07, -4.36903764e-07,
        1.51994928e-08, -1.66853412e-08, -5.32862302e-09,  2.49384079e-08,
       -1.45868349e-08,  2.48452998e-08,  5.78710267e-08, -2.31279196e-08,
       -5.00079178e-08], dtype=float64),
                   'Te_l': Array([ 9.44785552e+03, -9.45413167e+03, -5.51320233e+00, -6.12289913e+00,
       -5.23242325e+00], dtype=float64),
                   'Ti_l': Array([ 9.44785430e+03, -9.45413704e+03, -5.52505119e+00, -6.14356632e+00,
       -5.25686971e+00], dtype=float64),
                   'Z_lmn': Array([ 1.74034889e-06, -3.13230142e-06,  8.76864490e-07,  2.30893414e-06,
       -9.05007677e-07,  1.76926758e-07, -1.59831945e-06, -9.00790464e-07,
       -1.71732766e-06,  2.89087969e-06,  1.57400816e-06,  4.68134204e-09,
       -9.79250263e-07, -1.24676446e-06,  1.62095812e-06, -3.71552568e-08,
        1.14581296e-06, -1.71756465e-06,  4.52338824e-09, -3.86465617e-08,
       -7.01830682e-08, -1.68874996e-07,  8.97420788e-08,  8.71730268e-08,
        6.67861106e-10,  1.15581004e-05, -2.12887770e-05,  1.05736621e-06,
        3.31107824e-05,  1.78442973e-05, -2.31728861e-06, -1.12764723e-05,
       -3.79884397e-05, -5.90795204e-07,  2.95013281e-06,  8.26922142e-07,
       -2.47872120e-06, -9.49877837e-07,  2.41109649e-06,  2.34116220e-06,
       -1.38211440e-06,  4.93894828e-07,  1.47911059e-06,  2.30273455e-06,
       -6.28097362e-07, -2.18772935e-07,  2.38106418e-06, -1.91679239e-06,
        1.79270797e-06,  1.01218931e-07,  4.29863420e-05, -7.13160565e-05,
        1.58757204e-05,  3.78179543e-05,  8.33863427e-05,  3.90290338e-05,
       -5.40740787e-05, -3.61787881e-05, -1.06061190e-06, -1.43349132e-05,
       -4.20496547e-05, -2.41482628e-06, -6.48493703e-06,  2.91725604e-06,
       -3.67268276e-07, -2.57214806e-06,  5.39240445e-06,  5.07432649e-06,
        1.87534636e-06,  9.77583701e-08,  6.10672832e-07,  3.70279158e-08,
        7.58460424e-07, -9.68285668e-07, -2.18333742e-07,  6.31424406e-05,
       -6.35685363e-04,  5.62629433e-05,  2.25425239e-04,  6.59026626e-04,
        4.61086316e-05, -1.60626497e-04, -1.97708307e-04,  1.24223913e-04,
       -5.13892515e-05,  2.61193553e-05, -3.19221560e-05,  2.79440555e-05,
       -4.28017463e-05, -1.99232509e-05, -3.49738686e-05,  1.13203280e-05,
       -1.04427387e-05, -1.10722406e-05,  1.67758755e-06, -5.70342815e-06,
        6.40477267e-06, -3.02454757e-06, -2.32906343e-06,  1.69259584e-07,
       -7.56693404e-04, -1.52246681e-03,  1.16541654e-03, -1.36991293e-03,
        1.45791124e-03,  1.18691091e-03, -1.25046876e-04,  9.33448455e-04,
        4.09142579e-04, -2.52992818e-04, -3.85099411e-05, -1.81728694e-04,
       -5.82221015e-06, -3.39434377e-05,  1.24881979e-05, -5.65545949e-05,
        6.91679193e-06, -1.90519535e-05,  2.24470119e-05,  2.80661878e-06,
        1.65967944e-06, -1.12331063e-05,  1.44521051e-05, -8.85688345e-06,
       -7.97767962e-07, -8.88593250e-03,  1.11845581e-02,  9.56262264e-03,
       -1.50269663e-02,  1.50900286e-03,  9.13580827e-03, -1.07169350e-03,
       -4.04980436e-03,  3.45770439e-03, -7.28042997e-04,  2.52248394e-04,
       -1.34727790e-03, -4.79929053e-05,  6.88633537e-05, -4.66289501e-04,
        3.52822511e-06, -4.54942931e-05,  1.10759776e-04,  2.53627196e-05,
        4.93742710e-07, -2.65826843e-05,  4.51777420e-05,  1.57537866e-05,
       -6.12105794e-05,  5.31329350e-07, -1.31157330e-01,  1.01472274e-01,
        3.91394270e-02, -7.55232555e-02,  2.75470310e-02,  6.78234243e-04,
       -2.28028550e-03,  2.20524245e-03,  7.02044819e-03, -3.00808649e-03,
        2.80712226e-03,  1.29042634e-03,  3.87844419e-04, -2.00167003e-03,
        1.71749927e-03, -1.52656876e-04,  7.59193735e-05,  2.33290482e-05,
        2.91757598e-05, -8.44289910e-06,  3.01977925e-05,  1.25944919e-04,
       -6.56789797e-05,  2.06576797e-05,  1.61386969e-06, -1.42266522e+00,
        4.87999138e-01,  6.51906772e-02, -4.25243740e-02,  2.57914216e-02,
        4.97175799e-03,  9.46807745e-03, -1.81942125e-02, -4.44107111e-03,
       -5.86479932e-03, -4.31112332e-03, -7.60322746e-04,  2.31544552e-03,
        3.88218563e-04,  1.40839698e-03, -1.31358413e-04, -5.66368850e-04,
        2.77844380e-04, -3.22222880e-04,  4.20413498e-07, -1.56334805e-04,
        1.60042203e-04, -1.78086782e-05,  2.06931121e-05, -2.93315065e-06,
       -2.17544610e+00, -3.46072360e-01,  9.33862419e-03,  5.45228196e-02,
        8.20326220e-03,  5.56995546e-02,  9.98175059e-04,  1.31328378e-02,
       -1.53696631e-02,  5.35085490e-04,  1.53679016e-03,  4.93576761e-03,
       -2.44435602e-05,  2.26793713e-04, -5.13373347e-04,  4.04363605e-04,
        2.37015518e-06,  7.81879374e-05,  9.18958720e-06,  3.08142216e-04,
       -1.25137940e+00,  1.31406074e-01,  7.19312172e-02,  2.65113959e-03,
        1.58824230e-02,  1.35685822e-02,  4.22375264e-03,  5.72903798e-03,
        5.64652820e-03, -2.15130714e-04, -2.54414099e-03,  1.55404612e-03,
        8.77350041e-06, -1.14444895e-04, -1.60549215e-04, -1.41269143e-04,
       -2.11018435e-07, -8.25118140e-05,  3.84503422e-06,  1.94125449e-05,
       -2.46401642e-01,  6.15614786e-02,  1.46788240e-02,  1.16321736e-02,
       -5.41445191e-03,  1.06629882e-02, -5.71973870e-05, -2.95490473e-03,
       -6.75435387e-04, -1.39490955e-04, -1.12168533e-03,  8.79614302e-04,
        1.26875131e-05, -1.14253232e-04,  2.79996688e-05,  2.41801234e-04,
       -2.78839241e-06, -4.34150147e-05, -3.31683457e-05, -1.54037597e-04,
       -3.02824450e-02,  1.56978466e-02, -3.77752860e-03,  2.03094896e-03,
       -3.27537105e-03,  1.39265155e-03,  1.28528790e-03, -9.14925361e-04,
        4.30266212e-04, -9.58326644e-05,  3.12930280e-04, -2.63509482e-04,
       -9.41548526e-07, -8.38414275e-05,  6.70075093e-05,  7.67642170e-05,
       -9.65354071e-07,  7.42755246e-05, -1.58985468e-05, -2.96605347e-05,
       -1.96533108e-03, -4.07188970e-04, -4.23661686e-04,  1.44001061e-03,
       -3.93937672e-04,  4.87937003e-04,  2.27965374e-04, -4.21883751e-05,
       -2.21384949e-04,  1.05970533e-05,  1.48306119e-05, -6.07083368e-05,
       -8.96800032e-07, -7.62264366e-05, -3.10411550e-05, -7.54617912e-06,
        3.79900140e-07,  6.04217083e-06,  7.20206008e-06,  1.12620047e-05,
        5.04736857e-05,  1.51578676e-05,  1.83816053e-04,  1.97442185e-05,
       -1.07809944e-04, -1.43617970e-04,  1.71426576e-05, -1.73176586e-04,
       -4.16085059e-05,  2.22994878e-05,  1.37310886e-05,  3.28826805e-05,
       -1.04689042e-06,  1.68731566e-05,  1.65184017e-05,  6.59164553e-06,
       -2.71825669e-08,  2.09241371e-06,  1.01449785e-05, -1.10211555e-05,
       -7.08800188e-06,  4.37033727e-06, -7.69638923e-05, -1.31860228e-05,
        1.83115961e-05,  4.12638939e-05,  2.50855098e-07,  8.77338056e-05,
        1.30394763e-05, -6.14305762e-07, -2.25980075e-05, -4.96814172e-05,
        7.47708178e-08, -9.48118835e-07, -1.03421946e-05,  4.02102481e-06,
        1.18892031e-07, -1.11859138e-06, -8.24611780e-07,  2.31797551e-06,
        7.97849043e-07, -2.49482231e-05,  1.65919050e-06,  8.58580880e-07,
        9.80326513e-07,  2.56765457e-05, -6.98801702e-07, -3.60291243e-06,
       -1.97871471e-06,  1.90388257e-06, -2.79593443e-06,  6.49004037e-07,
       -7.71283820e-07,  3.43464329e-07,  1.74199746e-06,  2.40542951e-07,
        1.87579844e-07, -1.91329220e-06,  2.02671082e-06, -1.43789060e-06,
       -1.97515132e-06, -1.65003560e-06, -1.67703658e-06,  2.32481840e-06,
        1.52926240e-06,  2.12231994e-06, -2.02673404e-07,  6.73475820e-07,
        9.52694742e-07,  2.39534763e-07, -1.36114895e-06, -7.04229732e-07,
       -1.20721454e-08,  2.01674185e-07,  1.00466132e-06, -1.29929791e-06,
       -1.34574245e-08, -2.02509098e-07, -1.58290277e-07,  2.11100976e-07],      dtype=float64),
                   'Za_n': Array([ 1.74232145e-07, -4.46331599e-08, -1.98678472e-05, -1.87394483e-04,
       -2.03967493e-03, -1.94988384e-02, -1.72934689e-01, -1.48085960e+00],      dtype=float64),
                   'Zb_lmn': Array([-3.05394012e-08, -6.16440230e-10, -7.49578132e-09,  3.33702675e-08,
       -6.62745854e-09,  9.20473031e-09,  5.00177700e-08, -3.86465617e-08,
        6.67861106e-10,  1.70343581e-07, -4.52145851e-10, -8.54965817e-08,
       -1.12558827e-08, -1.66425389e-07, -1.75986651e-07,  4.10593569e-07,
       -6.28097362e-07,  1.01218931e-07, -1.08628045e-06,  3.12777741e-06,
        4.59345009e-06,  2.05370560e-06, -6.69419757e-07, -5.39479921e-07,
       -3.54043373e-06,  9.77583701e-08, -2.18333742e-07, -1.89804855e-05,
       -1.67276607e-05, -8.68004134e-06,  6.17852482e-05,  1.01276114e-04,
       -4.29943967e-05, -3.73029321e-05,  1.67758755e-06,  1.69259584e-07,
        2.79513725e-04, -3.10631598e-04, -4.81641019e-04,  1.12934901e-03,
        4.36082882e-04, -1.59281683e-04, -6.54114784e-05,  2.80661878e-06,
       -7.97767962e-07, -4.69578951e-04,  1.19200237e-02, -1.89627296e-02,
        9.49881644e-03,  3.00716867e-03, -1.32191518e-03, -5.76823543e-05,
        4.93742710e-07,  5.31329350e-07, -9.38801466e-02,  1.26087138e-01,
       -7.51937382e-02,  3.50868556e-03,  8.67226848e-03,  1.31960210e-03,
       -1.31999196e-04, -8.44289910e-06,  1.61386969e-06, -1.34584735e+00,
        5.07359391e-01, -6.01703258e-02,  9.38479052e-04, -3.05048281e-03,
       -1.08254563e-03, -1.10665301e-04,  4.20413498e-07, -2.93315065e-06,
        2.37015518e-06, -2.44435602e-05,  6.13273427e-04,  1.22496877e-03,
        9.74924195e-03,  2.19580887e-02, -2.85128895e-01, -2.13588858e+00,
       -2.11018435e-07,  8.77350041e-06, -2.97642528e-04,  4.10930774e-03,
        1.33421270e-02,  7.74997060e-02,  1.46548114e-01, -1.24322300e+00,
       -2.78839241e-06,  1.26875131e-05, -1.82905970e-04, -1.71450619e-04,
       -6.56930558e-03,  1.17519189e-02,  7.29500435e-02, -2.35203103e-01,
       -9.65354071e-07, -9.41548526e-07, -2.15571398e-05,  1.20144648e-03,
       -2.97833932e-03, -4.62544645e-03,  1.67973282e-02, -2.77444657e-02,
        3.79900140e-07, -8.96800032e-07,  1.66392241e-05,  1.51738938e-04,
       -3.71905000e-04, -4.96891216e-04,  3.13017016e-05, -7.54251601e-04,
       -2.71825669e-08, -1.04689042e-06,  2.43919015e-05,  3.40158142e-05,
       -8.39338770e-05,  2.71578688e-05, -1.06598578e-04,  3.52010439e-05,
        1.18892031e-07,  7.47708178e-08, -1.73289715e-06, -6.97263737e-07,
       -5.11102313e-06,  4.27718697e-07, -1.72921050e-06, -3.21352352e-06,
        1.87579844e-07, -7.71283820e-07, -9.40963079e-09, -3.55337373e-07,
        2.11102909e-07, -2.01724470e-07, -6.05639149e-08, -8.17418315e-08,
       -1.34574245e-08, -1.20721454e-08,  3.70256651e-08, -9.99218583e-10,
        9.82317966e-09,  1.10056177e-09, -2.08444139e-08,  3.06390232e-09],      dtype=float64),
                   'Zeff_l': Array([1.00036096, 0.00120268, 0.00232619, 0.00356758, 0.00342073],      dtype=float64),
                   'a_lmn': Array([], shape=(0,), dtype=float64),
                   'c_l': Array([0., 0., 0., 0., 0.], dtype=float64),
                   'i_l': Array([], shape=(0,), dtype=float64),
                   'ne_l': Array([ 2.37957747e+20,  8.33038057e-24,  4.40878457e-24,  3.68737610e-24,
        2.44211087e-24, -2.38412565e+20], dtype=float64),
                   'ni_l': Array([], shape=(0,), dtype=float64),
                   'p_l': Array([], shape=(0,), dtype=float64)}],
               [ { 'G': Array([], shape=(0,), dtype=float64),
                   'I': Array([], shape=(0,), dtype=float64),
                   'L_lmn': Array([ 5.68609594e-07,  3.51339761e-07,  6.79719531e-07, -1.22681881e-06,
       -1.75199147e-06,  9.30327095e-07, -1.62203984e-06,  3.00350583e-06,
       -4.91422566e-07,  1.58313059e-06, -2.03676701e-06,  1.16083179e-06,
       -6.08126545e-08, -1.47177224e-06,  8.87924601e-07,  5.09906852e-07,
        1.00972722e-06,  3.73471718e-07, -4.30588407e-07, -4.22834131e-07,
        3.45263997e-08,  5.87419951e-07,  6.61894675e-07, -1.91766360e-07,
        1.09867825e-07,  4.75815461e-07,  2.99772092e-07, -6.95692239e-06,
        9.68355044e-06,  7.96340123e-06, -1.17880035e-05,  4.14384878e-06,
       -1.21599167e-05, -1.89378320e-07, -7.12436262e-06,  1.04961371e-05,
        1.55827620e-06,  8.43621560e-07,  4.62875735e-06, -4.99747831e-06,
        2.17036797e-06,  2.14174942e-06, -5.48846680e-06,  1.13923256e-06,
        1.34587152e-06, -2.49686698e-06, -1.33898249e-06,  1.07899864e-06,
       -8.23527872e-07,  8.35503464e-07, -3.46820601e-05,  1.14807354e-05,
        5.87643001e-05, -5.14199088e-05, -3.15359867e-05,  3.61763684e-05,
       -2.16661626e-05,  7.19297151e-05, -1.05340240e-05,  1.68169376e-05,
       -3.99145652e-05, -1.09989881e-05, -6.84163775e-06, -3.41097652e-06,
        5.96338218e-07,  7.20649771e-06, -1.12360095e-05,  1.55752122e-05,
       -2.72712368e-06,  1.48536238e-06,  8.86025308e-06,  5.78794532e-06,
       -5.85437429e-06,  1.18955889e-06, -5.22150322e-06,  1.17011258e-04,
       -4.77321406e-04, -2.08126350e-04,  2.83258991e-04,  5.18029766e-04,
       -1.05475764e-04,  6.05761363e-05, -2.73310922e-04,  3.43431987e-05,
       -1.86972760e-05,  9.38123395e-05,  9.31454704e-06,  5.63171505e-06,
        6.27406338e-06, -1.29345504e-05, -5.87521709e-05,  1.60069630e-05,
       -5.51246850e-06, -1.67228235e-05,  4.62106718e-05, -1.05158604e-05,
       -1.69790225e-05,  2.13747488e-05, -3.93087639e-06, -6.67209285e-06,
        1.26191315e-03,  1.41806392e-03, -1.31042444e-03, -6.05798852e-04,
       -1.39779678e-03,  2.36905741e-04, -3.15309307e-05,  9.80945209e-04,
       -3.74636791e-04, -6.46566487e-05, -1.86375368e-04,  2.43909364e-04,
        7.79061283e-06, -1.34707313e-04,  1.17678073e-04, -8.06771890e-05,
        2.65014520e-05, -3.77650624e-05, -2.92255336e-05, -4.09648531e-05,
        2.20644724e-05,  3.33186378e-05, -2.06685312e-05,  3.41662209e-05,
       -7.36069260e-06, -2.89342070e-03, -1.08424577e-03,  3.34502717e-03,
       -3.01773394e-03,  2.85676578e-03,  5.63281520e-04,  1.58654276e-04,
       -1.46043509e-03,  1.83852416e-03, -5.57499257e-05,  2.00890248e-04,
       -5.77067281e-04, -8.38011944e-07,  3.83639601e-04, -1.28421781e-04,
        5.01696677e-04, -5.75801166e-05, -1.23573747e-04,  1.18022279e-04,
       -1.77907046e-04, -1.22272749e-05, -9.56660834e-05,  1.25363665e-04,
       -4.37951573e-05, -7.11678235e-05,  2.96290855e-02, -3.05778453e-02,
       -1.39724260e-02,  9.24239550e-03,  4.58612095e-03, -1.17989919e-02,
       -1.40480794e-03,  3.40490274e-03, -9.87202662e-04, -7.49920106e-04,
       -9.93353371e-04,  1.88375211e-03,  2.39078720e-04, -4.15639097e-05,
       -9.60921068e-04,  1.29473248e-03,  5.26424448e-05,  2.78650346e-04,
        1.22645527e-04,  1.35633186e-04,  9.05744863e-06,  3.40377257e-04,
       -1.60034263e-04,  8.51805807e-05, -3.45259513e-05,  2.73245674e-02,
       -1.23174390e-02,  2.53348430e-03,  3.53813070e-03,  2.27283423e-03,
        1.94497586e-02,  4.08130427e-03, -4.74262155e-03, -1.24524024e-02,
        2.03979829e-05, -1.19714778e-03, -5.30973224e-03, -8.57074741e-04,
       -1.00939424e-03,  9.73623271e-04, -9.04465020e-05, -8.33080596e-04,
        9.59570415e-04, -2.37350868e-04,  1.16107570e-04, -4.85985258e-04,
       -4.97140847e-04, -1.32006952e-04,  5.16339622e-07, -4.26264859e-06,
       -2.41720680e-02, -1.01804041e-01,  7.60011107e-03,  7.47534761e-03,
        4.47960575e-03,  1.47403088e-02, -2.47338348e-03, -2.43339753e-03,
       -3.99272639e-02, -1.20415999e-03, -3.35399826e-04,  1.23880524e-03,
       -2.38606937e-04, -5.76882095e-05, -9.86406230e-04, -1.02860859e-03,
        2.86504409e-05, -5.29687796e-05, -1.40726115e-04, -7.02679173e-06,
       -2.46430258e-01,  1.32147727e-02, -1.20142306e-02,  2.77525385e-02,
        9.45698398e-03, -8.71978047e-03,  5.85719895e-03,  8.13789825e-04,
        1.08383579e-04, -3.10842708e-04, -1.46754175e-03,  6.08050647e-03,
        3.99474624e-05,  3.21871053e-04, -1.02470664e-03, -1.73915933e-04,
        4.73626851e-05, -4.20984584e-05,  2.47887429e-04,  6.38459106e-06,
        4.27085958e-02, -2.31174658e-02,  1.20059956e-02, -6.99406337e-03,
        4.07300230e-04,  3.89149822e-03, -1.46048545e-03, -1.19497689e-03,
        3.74444912e-04, -1.57879248e-03,  1.55474387e-03, -1.15291923e-03,
       -1.48233889e-04, -1.64657507e-04,  7.21120518e-06,  3.72724684e-04,
        4.76284031e-05, -1.42973612e-04,  4.42796254e-06, -5.91203419e-05,
       -2.35480656e-03,  3.53652047e-03,  1.58861492e-04, -3.77462907e-06,
       -1.73404197e-03, -3.22408069e-04,  4.92984919e-04,  1.34497331e-04,
        4.06485470e-04, -5.05681094e-04,  3.48977021e-05, -2.73436238e-04,
        1.74694162e-04, -1.33579922e-04,  2.17723263e-04, -9.23056607e-05,
        6.94769133e-05,  5.23073517e-05, -7.63884841e-05,  6.24003688e-05,
       -9.93666099e-05, -1.22485152e-05, -2.51343141e-04,  2.38041609e-04,
        3.32209664e-04, -1.56483549e-04, -1.82250514e-04,  6.87746303e-05,
       -1.16397701e-04,  4.97932727e-05, -4.57343693e-05,  9.85214666e-05,
        3.90537814e-05,  1.11993234e-05, -3.35794486e-05, -2.38609522e-05,
        8.47327124e-06, -3.23925895e-05,  4.76881299e-06,  1.16503358e-06,
       -1.05877224e-04, -1.51907074e-04,  1.50297685e-04,  6.99062621e-05,
       -3.64485803e-05,  1.03724783e-04, -1.68604178e-05, -1.44089789e-04,
        1.56014907e-05,  6.42771546e-05,  1.20442117e-05,  1.22852911e-05,
       -4.27394904e-05,  2.21281214e-05,  1.68706878e-05,  2.32039073e-05,
        6.51315363e-06,  3.15390526e-06, -1.47283665e-05, -1.78582760e-06,
       -1.45589583e-06,  1.00948535e-04, -8.13818172e-05, -3.81344823e-05,
        1.88536426e-05, -1.00030108e-04,  1.15180617e-05,  8.76816382e-05,
        3.51263390e-05, -8.96026401e-06, -1.46084267e-05, -8.50576271e-06,
       -2.12488786e-06,  4.07223802e-06, -1.61279556e-05,  2.72979988e-06,
        4.65255349e-06, -6.84483301e-07,  6.53186211e-06, -2.37228353e-06,
        1.23590858e-06, -1.50952538e-05,  1.95207951e-05,  3.90746102e-06,
       -7.77482759e-07,  1.39669395e-05, -2.88765973e-06, -1.96231409e-05,
       -7.52094044e-06, -6.12106591e-07,  5.99733260e-06,  1.65208412e-06,
       -2.27266847e-06, -5.34437151e-07,  4.36587989e-06, -1.96695229e-06,
       -7.81433317e-07,  3.97501206e-07, -1.40400523e-06,  4.50252509e-07,
       -5.93276042e-07,  9.78467805e-07, -1.06537522e-06, -2.91582749e-07,
       -1.70501196e-07, -8.19392782e-07, -1.09623264e-06,  2.04856718e-06,
        7.03342648e-07, -8.55749539e-07, -1.57481019e-06, -1.26303436e-06,
        4.25669394e-07,  2.66366971e-07,  1.89112786e-07,  3.14864035e-08,
       -1.58447306e-07,  1.83040882e-07, -2.25392459e-07, -9.28322697e-08],      dtype=float64),
                   'Phi_mn': Array([], shape=(0,), dtype=float64),
                   'Psi': Array([50.20413129], dtype=float64),
                   'R_lmn': Array([-3.01339690e-06, -1.53353639e-06, -1.15915281e-06,  4.09150462e-06,
        1.49016043e-06,  1.98526308e-07,  4.23632151e-07,  1.27582280e-07,
       -2.16650386e-07, -4.35298374e-07, -4.19792020e-07,  1.14276321e-06,
       -2.01436610e-08, -4.24076490e-07,  1.07063179e-06, -8.11164339e-07,
       -7.36358192e-09,  4.11213996e-07, -1.08764420e-06,  2.04050376e-07,
       -5.74485473e-06, -9.22682054e-06, -1.52540817e-05,  1.02522830e-05,
        8.18034734e-06,  2.34816168e-05,  1.17619256e-06,  1.46652239e-05,
       -4.22764693e-06,  4.06067600e-06, -1.27395401e-05, -1.35964285e-05,
       -4.48348087e-07, -5.73918964e-07,  8.39619095e-07, -9.53303926e-09,
        3.95592910e-08, -3.76890245e-06,  4.45607676e-06, -4.84827770e-07,
        7.77720287e-05, -4.78487090e-05,  5.82122239e-05, -1.14341527e-04,
        1.19630893e-05,  3.83993176e-05, -1.71806340e-05, -4.63997172e-05,
        4.09720340e-05, -7.24687971e-07, -9.11632954e-06,  4.91259828e-06,
        1.76295799e-06,  1.77465884e-05, -2.99193573e-06,  6.85459409e-07,
       -2.62397635e-07,  8.39858082e-06, -4.62802552e-06,  5.30569637e-07,
        1.88679753e-04,  3.49575023e-04, -4.14221389e-04,  1.25194654e-04,
        7.57100791e-05, -4.45779700e-04,  1.05752205e-04,  1.04686608e-04,
       -2.23020198e-04,  1.90097816e-05,  3.47627528e-05,  1.73309365e-05,
        1.41095229e-06, -5.02218925e-05,  2.19757557e-05, -8.42665865e-06,
        1.79961820e-07, -1.73272599e-05,  1.63786704e-05, -1.66052385e-06,
       -4.19552397e-03, -2.14713882e-03,  6.73628150e-04,  2.84248673e-03,
       -1.41524461e-03,  2.41488716e-03,  9.16943035e-04, -5.75877108e-04,
        2.40967073e-04, -3.99625589e-05,  7.18906461e-05, -2.13832025e-04,
        6.57429840e-06, -4.17644887e-05, -7.01367428e-05,  2.11876350e-06,
        4.11316250e-07,  3.04919504e-05, -3.58854280e-06,  3.68605518e-06,
       -1.85668321e-02,  7.78835229e-03,  3.69568353e-03, -2.27105952e-03,
       -2.24395246e-05, -9.32297796e-04, -3.74283251e-04, -7.46226058e-04,
       -1.07976286e-03, -5.93894014e-05, -6.20987566e-04,  4.80380228e-04,
        5.83648524e-07,  1.87493503e-05,  1.28915416e-04,  1.27344481e-04,
        7.85516721e-07, -1.37656404e-05,  1.23053277e-05, -5.97086659e-05,
       -3.12154801e-01,  1.29082904e-01, -8.56221845e-03,  2.51335417e-02,
        1.44354559e-03,  1.00957760e-02,  2.49305539e-03, -3.10303903e-03,
        4.46229051e-03, -4.14222274e-07, -1.52378416e-03, -9.72872637e-04,
       -4.52644125e-06,  2.12350590e-05, -3.39755395e-04, -1.10567292e-04,
        3.12576019e-07, -5.62629968e-05,  1.30522567e-04, -7.77149100e-05,
       -1.44564732e+00,  2.27275938e-02,  6.97232912e-02, -1.19776176e-02,
       -5.12684063e-03,  3.60115533e-02, -4.52055363e-03,  6.14407531e-03,
       -8.53567654e-03,  5.02797223e-04,  1.53946569e-03,  3.63012409e-03,
        3.76205481e-06,  1.54459968e-04, -8.17083713e-04,  4.03225755e-04,
        5.33933641e-07,  6.50009180e-05,  4.54175678e-05,  1.61566446e-04,
        1.01764472e+01,  1.65754589e+00, -3.24560616e-01,  3.70724708e-01,
        3.26377923e-02, -1.79531381e-02,  4.42374535e-02, -4.08755596e-02,
       -2.09443311e-02,  1.53758915e-03, -1.08203148e-02,  7.22557540e-05,
        2.81843819e-04, -2.29350030e-03, -1.21788422e-03, -5.63587863e-05,
        7.96446631e-05, -8.26613914e-05, -4.76100812e-04, -1.01392829e-05,
        6.85832781e-05, -3.75304862e-04,  9.35617135e-05, -1.89841837e-05,
       -1.37361371e-06,  1.87307725e+00, -7.49195103e-01,  8.37524116e-02,
        1.46450150e-02, -1.32683131e-02,  1.93485449e-02, -2.71117495e-02,
        3.38865262e-02, -1.26444113e-02,  3.03010751e-03,  1.44059698e-04,
       -3.04754931e-03, -3.60821509e-04, -2.68648789e-04,  2.46119330e-03,
        9.48483402e-05,  5.72834054e-04,  1.44662052e-04,  2.86763400e-04,
       -1.86039886e-05, -7.32708950e-05,  4.56945665e-05,  8.77481139e-06,
        4.85255441e-05, -1.85142547e-06,  1.41910427e-01, -1.48918559e-01,
       -4.35106579e-02,  1.42946208e-01, -5.51607601e-03, -2.15124636e-02,
        2.46438836e-03,  2.69148544e-04, -2.46077187e-03,  3.34926796e-03,
       -2.75090412e-03,  1.10126539e-03, -1.14819668e-03,  7.22027948e-04,
       -1.30169591e-03,  2.24354834e-04,  2.09868301e-04, -2.66349037e-04,
        7.37056266e-05, -1.77716764e-05,  7.37899254e-05, -1.03573407e-04,
        3.45112919e-05, -2.75069359e-06,  1.09196208e-06,  8.99038429e-03,
       -2.83088116e-03, -1.03670793e-02,  7.86254331e-03, -4.68758065e-03,
       -1.35488669e-03,  9.58012254e-04,  4.69425403e-04, -1.78418467e-04,
        3.85706246e-04, -3.45623759e-04, -2.99817206e-04,  9.43189340e-05,
        3.26482159e-04, -6.86832210e-04,  1.25978780e-06, -9.42151930e-05,
        2.54022907e-06,  7.12031253e-08, -1.09118017e-06, -1.93878363e-05,
       -5.40124185e-06,  7.66859355e-05, -1.87825893e-05,  1.32472812e-06,
        4.74135461e-04, -7.43663574e-04, -1.08675341e-03, -3.73878691e-04,
        2.87131191e-04, -8.16320482e-05,  4.85854357e-04,  1.20133584e-03,
       -1.60990617e-03,  1.48275161e-04, -6.25515736e-04,  8.88192530e-04,
        2.65992641e-05,  5.95525315e-06,  1.92700373e-04, -8.17515845e-07,
        9.15492128e-06, -6.89266012e-05,  1.09087412e-05,  2.51667473e-06,
        1.55510214e-05, -2.78613627e-05, -2.59605637e-05,  2.62106180e-05,
        1.48360610e-06,  1.82197974e-04,  5.06451782e-04, -7.32331928e-05,
        3.24473190e-04, -3.78926131e-04, -6.67663281e-04, -8.49087825e-05,
       -3.16635986e-04,  1.10859084e-04, -6.77204340e-06,  3.03429059e-04,
        1.05952178e-04, -2.67097484e-05, -8.69780765e-06, -3.06305059e-05,
        3.34614193e-05, -7.90895157e-06,  3.12968114e-05, -4.77827469e-05,
        3.38193793e-06, -1.56971855e-06,  7.98423631e-06,  1.00337184e-05,
       -1.42663286e-05, -7.05269840e-07, -4.60130634e-05,  1.46232488e-04,
        5.01862101e-06, -4.63589040e-05, -1.96096663e-04,  6.50140549e-05,
        5.50433206e-05,  1.56067514e-05,  2.23565656e-06,  4.98196611e-05,
       -6.97322996e-05, -1.57009889e-05, -1.18801205e-05,  2.83171932e-05,
        1.02276053e-05,  3.42556689e-06, -5.70022302e-07,  2.37636050e-06,
        1.93514086e-05, -6.23305555e-08, -2.37666640e-07, -2.80200102e-06,
       -6.87864691e-06,  7.84236639e-06, -3.01173574e-08, -1.53931381e-05,
        1.88222654e-05, -8.99711041e-06, -3.28835405e-05, -3.32293416e-06,
       -9.23427048e-06,  1.57081148e-05,  4.02020422e-05,  5.40406605e-06,
       -1.05118420e-05,  1.14465246e-05,  2.94304077e-06,  7.99711458e-06,
       -6.31034484e-06, -1.01019095e-05,  4.02807459e-06, -4.99980109e-06,
       -2.25483366e-06, -3.30922597e-06,  3.97484912e-07,  8.91914062e-07,
       -9.93876667e-07,  4.96078322e-06, -3.59260973e-06, -4.36903764e-07,
       -1.38845297e-06,  1.64967861e-06, -1.62184132e-07, -1.75646317e-06,
       -4.82998018e-08, -5.72889273e-07,  1.68202501e-06,  2.26625140e-07,
        2.27932707e-06, -8.76067190e-07, -6.48775136e-07,  4.88996135e-07,
        1.85212833e-07,  1.18537476e-06, -1.31886643e-06, -4.99460406e-07,
       -7.41996955e-07,  1.24660282e-06, -4.64150836e-07, -2.31279196e-08,
       -3.01401252e-07,  3.39134650e-07, -9.75047473e-07,  5.57331432e-07,
       -5.00079178e-08], dtype=float64),
                   'Ra_n': Array([ 1.05450320e+01,  1.76250064e+00,  1.89107460e-01,  2.02017691e-02,
        2.03569499e-03,  1.95662414e-04,  1.56540901e-05,  2.20688657e-06,
       -3.08579083e-08], dtype=float64),
                   'Rb_lmn': Array([-7.36358192e-09, -2.01436610e-08, -2.40843781e-08, -4.44338448e-10,
       -1.72757938e-08,  3.90612572e-08,  1.18035005e-08,  5.02929924e-08,
        3.95592910e-08, -4.48348087e-07,  2.91773553e-07,  6.02273595e-07,
       -1.03115983e-07,  2.50761260e-07,  1.73539979e-07,  2.70248261e-07,
       -2.62397635e-07,  1.76295799e-06,  7.67389285e-06,  5.65954421e-07,
       -1.78126575e-06,  8.82057087e-06, -4.00622350e-06,  5.08799462e-06,
        1.79961820e-07,  1.41095229e-06,  1.68252170e-06,  5.55303121e-05,
        1.26851502e-04, -2.87559025e-04, -8.05342640e-05,  8.24275506e-05,
        4.11316250e-07,  6.57429840e-06, -9.47060842e-06,  8.75178546e-04,
       -1.34694251e-03,  2.76142985e-05,  5.76023719e-05, -1.10995140e-03,
        7.85516721e-07,  5.83648524e-07, -7.31550418e-05, -3.55533901e-04,
       -6.31121763e-04,  3.07837289e-03,  7.27672606e-03, -2.17903100e-02,
        3.12576019e-07, -4.52644125e-06, -5.66772190e-05,  2.51429045e-03,
        5.02840032e-05, -1.20050129e-02,  1.38128092e-01, -2.82669536e-01,
        5.33933641e-07,  3.76205481e-06,  5.67798141e-04, -4.36609366e-03,
       -3.54195737e-03,  7.50502828e-02,  6.25308376e-02, -1.46575739e+00,
        9.89647447e+00,  1.69180092e+00,  3.27180343e-01, -2.88561143e-02,
       -2.20686536e-02, -4.03845058e-04, -7.53429700e-05, -1.01392829e-05,
       -1.37361371e-06,  1.92928382e+00, -7.58860474e-01,  4.83085870e-02,
        1.96372666e-02, -1.01744432e-02, -2.76078591e-03,  1.43373884e-04,
       -1.86039886e-05, -1.85142547e-06,  9.97897505e-02, -1.50875498e-01,
        1.43833811e-01, -2.45297167e-02, -3.72795648e-03,  1.17497101e-03,
        2.21604141e-04, -1.77716764e-05,  1.09196208e-06, -3.43751684e-04,
       -7.22697076e-03,  8.65304963e-03, -1.69797022e-03, -7.88564741e-04,
       -2.99746003e-04, -1.75228015e-05, -1.09118017e-06,  1.32472812e-06,
       -8.46133083e-05, -2.99102300e-04,  8.05551043e-04, -7.76074385e-04,
       -1.44316636e-03,  8.99101271e-04,  2.53931022e-05,  2.51667473e-06,
        1.48360610e-06, -4.22346870e-06,  1.12844655e-04,  7.12363303e-06,
       -3.32937411e-04,  9.02622969e-05,  5.81694311e-05,  1.91950906e-05,
        3.38193793e-06, -7.05269840e-07,  1.93109115e-06, -6.14536275e-07,
       -5.23696042e-06, -2.34188412e-06,  5.58461493e-06,  3.65041976e-06,
        1.12679333e-05, -6.23305555e-08, -3.01173574e-08,  2.06894914e-07,
       -1.23118783e-08,  1.42802785e-08, -4.25795169e-08,  2.62939756e-07,
       -3.66185193e-07,  4.35464864e-07,  3.97484912e-07, -4.36903764e-07,
        1.51994928e-08, -1.66853412e-08, -5.32862302e-09,  2.49384079e-08,
       -1.45868349e-08,  2.48452998e-08,  5.78710267e-08, -2.31279196e-08,
       -5.00079178e-08], dtype=float64),
                   'Te_l': Array([ 9.44675971e+03, -9.45622045e+03, -8.24434120e+00, -9.06724940e+00,
       -7.67336364e+00], dtype=float64),
                   'Ti_l': Array([ 9.44675591e+03, -9.45623747e+03, -8.28198874e+00, -9.13240401e+00,
       -7.74951979e+00], dtype=float64),
                   'Z_lmn': Array([ 2.00940093e-06, -2.94857416e-06,  9.56071551e-07,  1.88788620e-06,
       -8.27548856e-07,  4.21789952e-07, -1.98136415e-06, -5.11843672e-07,
       -2.12201861e-06,  2.63396928e-06,  1.32862028e-06,  6.89032656e-08,
       -9.89933654e-07, -1.15821844e-06,  2.02408387e-06, -8.74693206e-11,
        1.14153730e-06, -1.71703997e-06, -5.96985353e-08, -3.86465617e-08,
       -2.47140830e-08, -2.25319869e-07,  9.13072806e-08,  5.01052393e-08,
        6.67861106e-10,  1.12099717e-05, -1.77337466e-05,  1.33683461e-06,
        3.12047425e-05,  1.57932184e-05, -1.36785508e-06, -1.09855515e-05,
       -3.56100329e-05, -1.06198654e-06,  1.36901645e-06, -2.42455857e-07,
       -2.56631199e-06, -1.23658659e-06,  1.79568179e-06,  2.95297833e-06,
       -1.20475376e-06,  5.71059559e-07,  1.59905505e-06,  2.39032534e-06,
       -6.28097362e-07, -1.54324609e-07,  2.52411200e-06, -2.05741718e-06,
        1.61534733e-06,  1.01218931e-07,  3.75440086e-05, -6.05186330e-05,
        1.55311692e-05,  2.74214556e-05,  7.41833852e-05,  4.51735186e-05,
       -4.84922666e-05, -2.59070956e-05, -4.04042399e-06, -1.62923425e-05,
       -4.85414585e-05, -1.18061110e-06, -6.10439572e-06,  3.01008095e-06,
        2.86107216e-06, -2.47359087e-06,  5.75536780e-06,  5.42164546e-06,
        6.41131180e-07,  9.77583701e-08,  4.35204090e-07,  6.90091572e-08,
        5.09932069e-07, -1.06684286e-06, -2.18333742e-07,  2.80297407e-05,
       -6.19256854e-04,  6.43565770e-05,  1.88238224e-04,  6.29367736e-04,
        4.58010412e-05, -1.26053772e-04, -1.51611487e-04,  1.26454657e-04,
       -3.70648226e-05,  2.56580732e-05, -3.30418253e-05,  1.96352063e-05,
       -5.23948098e-05, -2.12683322e-05, -3.44073223e-05,  1.02483750e-05,
       -9.64766523e-06, -9.95919820e-06,  1.67758755e-06, -4.96230301e-06,
        7.07837165e-06, -3.92177639e-06, -2.89560978e-06,  1.69259584e-07,
       -7.92631868e-04, -1.50833191e-03,  1.16489323e-03, -1.47840291e-03,
        1.44484994e-03,  1.16703923e-03, -9.07714766e-05,  1.03759961e-03,
        4.03887005e-04, -2.58079599e-04, -1.84572703e-05, -1.84904517e-04,
       -5.25065036e-06, -2.82117726e-05,  1.81179564e-05, -5.65764659e-05,
        1.09635660e-05, -1.92004383e-05,  2.56249383e-05,  2.80661878e-06,
        3.22202054e-06, -1.25912135e-05,  1.40649412e-05, -8.83501245e-06,
       -7.97767962e-07, -8.75123512e-03,  1.12847475e-02,  9.55591613e-03,
       -1.47829954e-02,  1.38182089e-03,  9.09524144e-03, -1.20407342e-03,
       -4.28655495e-03,  3.44629684e-03, -7.02427517e-04,  2.94490029e-04,
       -1.34343884e-03, -4.15229796e-05,  5.75260061e-05, -4.53029499e-04,
        1.47955879e-06, -4.41317647e-05,  1.09179226e-04,  2.14638324e-05,
        4.93742710e-07, -2.87244626e-05,  4.93714958e-05,  1.38724197e-05,
       -5.91619131e-05,  5.31329350e-07, -1.31088198e-01,  1.02420458e-01,
        3.91541638e-02, -7.52208890e-02,  2.67583986e-02,  9.46585457e-04,
       -2.34534684e-03,  1.83720084e-03,  6.99342057e-03, -3.17960386e-03,
        2.52564824e-03,  1.29444196e-03,  3.73581337e-04, -1.93523393e-03,
        1.74083036e-03, -1.53325990e-04,  8.78310398e-05,  3.65330044e-05,
        2.51945790e-05, -8.44289910e-06,  2.55502015e-05,  1.25251230e-04,
       -6.18949604e-05,  2.13267936e-05,  1.61386969e-06, -1.42251014e+00,
        4.87136624e-01,  6.52464348e-02, -4.23663883e-02,  2.68668867e-02,
        5.17412202e-03,  9.31271370e-03, -1.81741041e-02, -4.34646902e-03,
       -6.09455002e-03, -4.53023693e-03, -7.62638680e-04,  2.25616466e-03,
        2.01602797e-04,  1.31813383e-03, -1.26543801e-04, -5.49689726e-04,
        2.94935957e-04, -3.19978718e-04,  4.20413498e-07, -1.52660495e-04,
        1.68693518e-04, -2.20230144e-05,  1.58784993e-05, -2.93315065e-06,
       -2.17525355e+00, -3.46648133e-01,  9.26906948e-03,  5.44010010e-02,
        8.16150453e-03,  5.63057201e-02,  9.91235411e-04,  1.32161347e-02,
       -1.54727195e-02,  5.33980302e-04,  1.58127149e-03,  4.91313780e-03,
       -2.44435602e-05,  2.33702719e-04, -5.26799783e-04,  4.36564798e-04,
        2.37015518e-06,  7.92931253e-05,  6.43597286e-06,  3.00511141e-04,
       -1.25149939e+00,  1.31458890e-01,  7.17932196e-02,  2.57936060e-03,
        1.58100811e-02,  1.34855569e-02,  4.21426513e-03,  5.88059616e-03,
        5.84672043e-03, -2.17008824e-04, -2.47004772e-03,  1.58406960e-03,
        8.77350041e-06, -1.04930826e-04, -1.74319312e-04, -1.49637814e-04,
       -2.11018435e-07, -8.06337039e-05,  1.90757728e-06,  1.96731343e-05,
       -2.46271116e-01,  6.15359762e-02,  1.45808281e-02,  1.14810355e-02,
       -5.37380735e-03,  1.07023037e-02, -6.05980748e-05, -2.84884321e-03,
       -6.56210905e-04, -1.39086518e-04, -1.16433311e-03,  8.60887719e-04,
        1.26875131e-05, -1.10954776e-04,  2.01119242e-05,  2.43198126e-04,
       -2.78839241e-06, -4.38194524e-05, -3.12222268e-05, -1.49070187e-04,
       -3.03051446e-02,  1.56519874e-02, -3.70723093e-03,  2.09531639e-03,
       -3.26288394e-03,  1.42786173e-03,  1.28331212e-03, -9.89979776e-04,
        3.94159500e-04, -9.43085153e-05,  2.95918655e-04, -2.49860747e-04,
       -9.41548526e-07, -8.18577803e-05,  7.18012846e-05,  7.12555882e-05,
       -9.65354071e-07,  7.27513755e-05, -1.13704984e-05, -3.25791265e-05,
       -1.99812784e-03, -3.91752035e-04, -4.49469858e-04,  1.45687321e-03,
       -3.90823011e-04,  4.76120043e-04,  2.29008891e-04, -1.47930253e-05,
       -2.02542009e-04,  1.01466369e-05,  1.23233119e-05, -6.47880803e-05,
       -8.96800032e-07, -7.72929667e-05, -3.26169299e-05, -1.04557403e-05,
        3.79900140e-07,  6.49258718e-06,  6.59454723e-06,  1.17440207e-05,
        5.33112888e-05,  1.99949491e-05,  1.85285105e-04,  1.91535405e-05,
       -1.13493727e-04, -1.55157781e-04,  1.71636698e-05, -1.71833475e-04,
       -4.31622722e-05,  2.20538151e-05,  1.87027527e-05,  3.97314245e-05,
       -1.04689042e-06,  1.68476596e-05,  1.36991463e-05,  5.89011242e-06,
       -2.71825669e-08,  2.33808638e-06,  1.08592693e-05, -1.11309751e-05,
       -1.55309857e-05,  1.59807078e-05, -8.57874906e-05, -6.64376804e-06,
        1.96367068e-05,  2.82408126e-05, -2.35482966e-07,  9.70989468e-05,
        1.55661418e-05, -8.09672769e-07, -2.40420899e-05, -4.84423590e-05,
        7.47708178e-08, -4.61780771e-07, -1.08837375e-05,  3.39508836e-06,
        1.18892031e-07, -9.23224376e-07, -7.05640079e-07,  2.49162807e-06,
       -6.64403145e-07, -2.24279311e-05,  1.07413019e-06,  1.62023038e-06,
        1.44548353e-06,  2.27062220e-05, -5.16507244e-07, -2.94443523e-06,
       -1.02996239e-06,  1.71597542e-06, -3.43725967e-06,  1.13773858e-06,
       -7.71283820e-07,  1.61169871e-07,  1.66858056e-06, -7.60667264e-09,
        1.87579844e-07, -1.72538506e-06,  2.20287904e-06, -1.47659342e-06,
       -2.24179895e-06, -1.17412539e-06, -2.10266893e-06,  2.44400565e-06,
        1.71636972e-06,  1.57707016e-06, -2.87758470e-07,  1.12950657e-06,
        1.12224603e-06,  2.14817711e-07, -1.48260981e-06, -6.31475359e-07,
       -1.20721454e-08,  2.86759252e-07,  9.74262925e-07, -1.32138883e-06,
       -1.34574245e-08, -1.77792046e-07, -2.23936733e-07,  2.07686183e-07],      dtype=float64),
                   'Za_n': Array([ 3.71848053e-08, -3.01524540e-08, -1.99398274e-05, -1.86978118e-04,
       -2.03982391e-03, -1.94984262e-02, -1.72935740e-01, -1.48085269e+00],      dtype=float64),
                   'Zb_lmn': Array([-3.05394012e-08, -6.16440230e-10, -7.49578132e-09,  3.33702675e-08,
       -6.62745854e-09,  9.20473031e-09,  5.00177700e-08, -3.86465617e-08,
        6.67861106e-10,  1.70343581e-07, -4.52145851e-10, -8.54965817e-08,
       -1.12558827e-08, -1.66425389e-07, -1.75986651e-07,  4.10593569e-07,
       -6.28097362e-07,  1.01218931e-07, -1.08628045e-06,  3.12777741e-06,
        4.59345009e-06,  2.05370560e-06, -6.69419757e-07, -5.39479921e-07,
       -3.54043373e-06,  9.77583701e-08, -2.18333742e-07, -1.89945511e-05,
       -1.67055663e-05, -8.68970158e-06,  6.18114492e-05,  1.01264549e-04,
       -4.30010235e-05, -3.73029321e-05,  1.67758755e-06,  1.69259584e-07,
        2.79461260e-04, -3.10598011e-04, -4.81606288e-04,  1.12938152e-03,
        4.36069902e-04, -1.59279579e-04, -6.54114784e-05,  2.80661878e-06,
       -7.97767962e-07, -4.69639856e-04,  1.19200091e-02, -1.89626528e-02,
        9.49891070e-03,  3.00713976e-03, -1.32197501e-03, -5.76823543e-05,
        4.93742710e-07,  5.31329350e-07, -9.38802494e-02,  1.26087084e-01,
       -7.51936708e-02,  3.50876670e-03,  8.67235597e-03,  1.31963654e-03,
       -1.31999196e-04, -8.44289910e-06,  1.61386969e-06, -1.34584749e+00,
        5.07359271e-01, -6.01701961e-02,  9.38821050e-04, -3.05035820e-03,
       -1.08261740e-03, -1.10665301e-04,  4.20413498e-07, -2.93315065e-06,
        2.37015518e-06, -2.44435602e-05,  6.13273427e-04,  1.22493813e-03,
        9.74921199e-03,  2.19584044e-02, -2.85128764e-01, -2.13588870e+00,
       -2.11018435e-07,  8.77350041e-06, -2.97642528e-04,  4.10933430e-03,
        1.33419410e-02,  7.74994964e-02,  1.46548190e-01, -1.24322295e+00,
       -2.78839241e-06,  1.26875131e-05, -1.82905970e-04, -1.71552851e-04,
       -6.56936268e-03,  1.17520969e-02,  7.29500975e-02, -2.35203093e-01,
       -9.65354071e-07, -9.41548526e-07, -2.15571398e-05,  1.20145434e-03,
       -2.97833579e-03, -4.62540942e-03,  1.67974092e-02, -2.77444131e-02,
        3.79900140e-07, -8.96800032e-07,  1.66392241e-05,  1.51715925e-04,
       -3.71905152e-04, -4.96879814e-04,  3.13239485e-05, -7.54252377e-04,
       -2.71825669e-08, -1.04689042e-06,  2.43919015e-05,  3.40113294e-05,
       -8.39317055e-05,  2.71507757e-05, -1.06562383e-04,  3.51926695e-05,
        1.18892031e-07,  7.47708178e-08, -1.73289715e-06, -6.97263737e-07,
       -5.11102313e-06,  4.27718697e-07, -1.72921050e-06, -3.21352352e-06,
        1.87579844e-07, -7.71283820e-07, -9.40963079e-09, -3.55337373e-07,
        2.11102909e-07, -2.01724470e-07, -6.05639149e-08, -8.17418315e-08,
       -1.34574245e-08, -1.20721454e-08,  3.70256651e-08, -9.99218583e-10,
        9.82317966e-09,  1.10056177e-09, -2.08444139e-08,  3.06390232e-09],      dtype=float64),
                   'Zeff_l': Array([1.00054523, 0.00182028, 0.00354465, 0.00554989, 0.00547013],      dtype=float64),
                   'a_lmn': Array([], shape=(0,), dtype=float64),
                   'c_l': Array([0., 0., 0., 0., 0.], dtype=float64),
                   'i_l': Array([], shape=(0,), dtype=float64),
                   'ne_l': Array([ 2.37936023e+20,  1.07631754e-23,  5.58539569e-24,  5.52262186e-24,
        3.65100543e-24, -2.38550439e+20], dtype=float64),
                   'ni_l': Array([], shape=(0,), dtype=float64),
                   'p_l': Array([], shape=(0,), dtype=float64)}]],
  'message': 'Optimization terminated successfully.\n'
             '`xtol` condition satisfied. (xtol=1.00e-06)',
  'nfev': 2,
  'nit': 1,
  'njev': 1,
  'optimality': Array(244.55877413, dtype=float64),
  'penalty_param': Array([10.], dtype=float64),
  's': Array([], shape=(0,), dtype=float64),
  'success': True,
  'v': Array([1., 1., 1., 1., 1., 1., 1., 1., 1., 1., 1., 1., 1., 1., 1., 1., 1.,
       1., 1., 1., 1., 1., 1., 1., 1., 1., 1., 1., 1., 1., 1., 1., 1., 1.,
       1., 1., 1., 1., 1., 1., 1., 1., 1., 1., 1., 1., 1., 1., 1., 1., 1.,
       1., 1., 1., 1., 1., 1., 1., 1., 1., 1., 1., 1., 1., 1., 1., 1., 1.,
       1., 1., 1., 1., 1., 1., 1., 1., 1., 1., 1., 1., 1., 1., 1., 1., 1.,
       1., 1., 1., 1., 1., 1., 1., 1., 1., 1., 1., 1., 1., 1., 1., 1., 1.,
       1., 1., 1., 1., 1., 1., 1., 1., 1., 1., 1., 1., 1., 1., 1., 1., 1.,
       1., 1., 1., 1., 1., 1., 1., 1., 1., 1., 1., 1., 1., 1., 1., 1., 1.,
       1., 1., 1., 1., 1.], dtype=float64),
  'x': Array([ 9.99884015e-01, -1.00022094e+00, -8.24434120e+00, -9.06724940e+00,
       -7.67336364e+00,  9.99908708e-01,  1.07631754e-23,  5.58539569e-24,
        5.52262186e-24,  3.65100543e-24, -1.00057830e+00,  9.99883743e-01,
       -1.00022217e+00, -8.28198874e+00, -9.13240401e+00, -7.74951979e+00,
        1.00054523e+00,  1.82027594e-03,  3.54465124e-03,  5.54988629e-03,
        5.47012722e-03,  5.55303121e-05,  1.26851502e-04, -2.87559025e-04,
       -8.05342640e-05,  8.24275506e-05,  8.75178546e-04, -1.34694251e-03,
        2.76142985e-05,  5.76023719e-05, -1.10995140e-03, -3.55533901e-04,
       -6.31121763e-04,  3.07837289e-03,  7.27672606e-03, -2.17903100e-02,
        2.51429045e-03,  5.02840032e-05, -1.20050129e-02,  1.38128092e-01,
       -2.82669536e-01, -4.36609366e-03, -3.54195737e-03,  7.50502828e-02,
        6.25308376e-02, -1.46575739e+00,  1.69180092e+00,  3.27180343e-01,
       -2.88561143e-02, -2.20686536e-02, -4.03845058e-04,  1.92928382e+00,
       -7.58860474e-01,  4.83085870e-02,  1.96372666e-02, -1.01744432e-02,
       -2.76078591e-03,  9.97897505e-02, -1.50875498e-01,  1.43833811e-01,
       -2.45297167e-02, -3.72795648e-03,  1.17497101e-03, -3.43751684e-04,
       -7.22697076e-03,  8.65304963e-03, -1.69797022e-03, -7.88564741e-04,
       -2.99746003e-04, -8.46133083e-05, -2.99102300e-04,  8.05551043e-04,
       -7.76074385e-04, -1.44316636e-03,  8.99101271e-04, -4.22346870e-06,
        1.12844655e-04,  7.12363303e-06, -3.32937411e-04,  9.02622969e-05,
        5.81694311e-05, -1.89945511e-05, -1.67055663e-05, -8.68970158e-06,
        6.18114492e-05,  1.01264549e-04, -4.30010235e-05,  2.79461260e-04,
       -3.10598011e-04, -4.81606288e-04,  1.12938152e-03,  4.36069902e-04,
       -1.59279579e-04, -4.69639856e-04,  1.19200091e-02, -1.89626528e-02,
        9.49891070e-03,  3.00713976e-03, -1.32197501e-03, -9.38802494e-02,
        1.26087084e-01, -7.51936708e-02,  3.50876670e-03,  8.67235597e-03,
        1.31963654e-03, -1.34584749e+00,  5.07359271e-01, -6.01701961e-02,
        9.38821050e-04, -3.05035820e-03, -1.08261740e-03,  1.22493813e-03,
        9.74921199e-03,  2.19584044e-02, -2.85128764e-01, -2.13588870e+00,
        4.10933430e-03,  1.33419410e-02,  7.74994964e-02,  1.46548190e-01,
       -1.24322295e+00, -1.71552851e-04, -6.56936268e-03,  1.17520969e-02,
        7.29500975e-02, -2.35203093e-01,  1.20145434e-03, -2.97833579e-03,
       -4.62540942e-03,  1.67974092e-02, -2.77444131e-02,  1.51715925e-04,
       -3.71905152e-04, -4.96879814e-04,  3.13239485e-05, -7.54252377e-04,
        3.40113294e-05, -8.39317055e-05,  2.71507757e-05, -1.06562383e-04,
        3.51926695e-05], dtype=float64),
  'x_scale': 'auto',
  'y': Array([0.], dtype=float64)}
