Pre-optimization QS value:0.7006902228057532Pre-optimization quadcoil value:41.096685916251Post-optimization QS value:0.6341760791884609Post-optimization quadcoil value:41.1625127397848=== Optimization Result ===
{ 'Objective values': { 'Fixed Psi error: ': [ { 'f': Array(0., dtype=float64),
                                                 'f0': Array(0., dtype=float64)}],
                        'Fixed current profile error: ': [ { 'f': Array(0., dtype=float64),
                                                             'f0': Array(0., dtype=float64)}],
                        'Force error: ': [ { 'f0_max': Array(8058852.63499078, dtype=float64),
                                             'f0_max_norm': Array(0.00217802, dtype=float64),
                                             'f0_mean': Array(265862.30750961, dtype=float64),
                                             'f0_mean_norm': Array(7.18530223e-05, dtype=float64),
                                             'f0_min': Array(4.4044737, dtype=float64),
                                             'f0_min_norm': Array(1.19037087e-09, dtype=float64),
                                             'f_max': Array(8183347.09843855, dtype=float64),
                                             'f_max_norm': Array(0.00221166, dtype=float64),
                                             'f_mean': Array(269678.3298367, dtype=float64),
                                             'f_mean_norm': Array(7.28843559e-05, dtype=float64),
                                             'f_min': Array(54.76269008, dtype=float64),
                                             'f_min_norm': Array(1.48003861e-08, dtype=float64)}],
                        'Plasma volume: ': [ { 'f': Array(584.09953159, dtype=float64),
                                               'f0': Array(584.0790206, dtype=float64),
                                               'f0_norm': Array(0.08212464, dtype=float64),
                                               'f_norm': Array(0.08288799, dtype=float64)}],
                        'QUADCOIL subproblem: ': [ { 'f0_max': Array(9.06583746, dtype=float64),
                                                     'f0_mean': Array(9.06583746, dtype=float64),
                                                     'f0_min': Array(9.06583746, dtype=float64),
                                                     'f_max': Array(9.07331392, dtype=float64),
                                                     'f_mean': Array(9.07331392, dtype=float64),
                                                     'f_min': Array(9.07331392, dtype=float64)}],
                        'Quasi-symmetry error: ': [ { 'f0_max': Array(0.07813203, dtype=float64),
                                                      'f0_max_norm': Array(0.00058707, dtype=float64),
                                                      'f0_mean': Array(-0.00029204, dtype=float64),
                                                      'f0_mean_norm': Array(-2.19435853e-06, dtype=float64),
                                                      'f0_min': Array(-0.08312954, dtype=float64),
                                                      'f0_min_norm': Array(-0.00062462, dtype=float64),
                                                      'f_max': Array(0.08048243, dtype=float64),
                                                      'f_max_norm': Array(0.00060473, dtype=float64),
                                                      'f_mean': Array(-0.00029133, dtype=float64),
                                                      'f_mean_norm': Array(-2.18897055e-06, dtype=float64),
                                                      'f_min': Array(-0.08510714, dtype=float64),
                                                      'f_min_norm': Array(-0.00063948, dtype=float64)}],
                        'R boundary error: ': [ { 'f': Array(0., dtype=float64),
                                                  'f0': Array(0., dtype=float64)}],
                        'Rotational transform: ': [ { 'f0_max': Array(0.36509959, dtype=float64),
                                                      'f0_mean': Array(0.36509959, dtype=float64),
                                                      'f0_min': Array(0.36509959, dtype=float64),
                                                      'f_max': Array(0.36549073, dtype=float64),
                                                      'f_mean': Array(0.36549073, dtype=float64),
                                                      'f_min': Array(0.36549073, dtype=float64)},
                                                    { 'f0_max': Array(0.41490289, dtype=float64),
                                                      'f0_mean': Array(0.41490289, dtype=float64),
                                                      'f0_min': Array(0.41490289, dtype=float64),
                                                      'f_max': Array(0.41582051, dtype=float64),
                                                      'f_mean': Array(0.41582051, dtype=float64),
                                                      'f_min': Array(0.41582051, dtype=float64)}],
                        'Total (sum of squares)': { 'f': Array(41.9371239, dtype=float64),
                                                    'f0': Array(41.98515461, dtype=float64)},
                        'Z boundary error: ': [ { 'f': Array(0., dtype=float64),
                                                  'f0': Array(0., dtype=float64)}]},
  'alltr': [ Array(0.09806899, dtype=float64),
             np.float64(0.024517248172317298),
             np.float64(0.024517248172317298),
             np.float64(0.0061293120430793244),
             np.float64(0.001532328010769831),
             np.float64(0.0003830820026924577),
             np.float64(9.577050067311443e-05),
             np.float64(2.3942625168278608e-05),
             np.float64(5.985656292069652e-06),
             np.float64(1.496414073017413e-06),
             np.float64(3.7410351825435325e-07),
             np.float64(9.352587956358831e-08),
             np.float64(2.3381469890897078e-08),
             np.float64(5.8453674727242695e-09),
             np.float64(1.4613418681810674e-09),
             np.float64(3.6533546704526684e-10),
             np.float64(9.133386676131671e-11),
             np.float64(2.2833466690329178e-11),
             np.float64(5.708366672582294e-12),
             np.float64(1.4270916681455736e-12),
             np.float64(3.567729170363934e-13),
             np.float64(8.919322925909835e-14),
             np.float64(2.2298307314774587e-14),
             np.float64(5.574576828693647e-15),
             np.float64(1.3936442071734117e-15),
             np.float64(3.4841105179335293e-16),
             np.float64(8.710276294833823e-17),
             np.float64(2.1775690737084558e-17)],
  'allx': [ Array([ 0.00000000e+00,  0.00000000e+00,  0.00000000e+00,  0.00000000e+00,
        0.00000000e+00,  5.02041313e+01,  2.79268914e+03, -1.14741975e+04,
       -1.82931282e+03, -1.03216354e+03, -4.38254682e+01,  1.57323649e+20,
       -4.32088687e-21, -3.97496312e-21, -3.50174543e-21, -3.30926023e-21,
       -4.04835903e+20,  1.27139543e+03, -1.28676523e+04, -2.67192124e+03,
       -1.13601881e+03, -1.07319510e+02,  8.45290663e-01,  1.86460528e-01,
        8.42640511e-02,  7.75975324e-02,  6.55740493e-02, -7.36358192e-09,
       -2.01436610e-08, -2.40843781e-08, -4.44338448e-10, -1.72757938e-08,
        3.90612572e-08,  1.18035005e-08,  5.02929924e-08,  3.95592910e-08,
       -3.36114096e-07,  3.35820069e-07,  6.10620294e-07, -1.51724660e-07,
        1.09099560e-07,  1.94604883e-07,  2.26789652e-07, -2.62397635e-07,
        1.84504296e-06,  1.25739197e-05, -6.90578965e-06,  5.15063641e-06,
        1.00792585e-05, -1.06057320e-05,  7.74915011e-06,  1.79961820e-07,
        1.34612715e-06, -5.41775560e-06,  5.40497170e-05,  1.11341758e-04,
       -2.81387322e-04, -6.40451225e-05,  7.23305824e-05,  4.11316250e-07,
        7.07657372e-06,  8.56374257e-07,  8.90206946e-04, -1.37884564e-03,
        4.23620218e-05,  7.31454182e-05, -1.12051519e-03,  7.85516721e-07,
        1.03017812e-06, -9.54501828e-05, -2.96694567e-04, -6.15708417e-04,
        3.13243673e-03,  7.25248826e-03, -2.16936654e-02,  3.12576019e-07,
       -4.82588348e-06, -2.52831585e-05,  2.41765923e-03,  9.25882742e-05,
       -1.21030149e-02,  1.38165519e-01, -2.82614543e-01,  5.33933641e-07,
        4.14032483e-06,  4.50671708e-04, -4.41012821e-03, -4.39198424e-03,
        7.52510793e-02,  6.16610498e-02, -1.46555494e+00,  9.89647447e+00,
        1.69340824e+00,  3.29496033e-01, -2.95426330e-02, -2.03590604e-02,
       -2.84286038e-04, -2.16142965e-04, -1.07589229e-05, -1.37361371e-06,
        1.92871816e+00, -7.59041192e-01,  4.85144636e-02,  1.95455756e-02,
       -9.53576118e-03, -2.75017337e-03,  2.24675097e-04, -1.86566355e-05,
       -1.85142547e-06,  9.98756952e-02, -1.50940777e-01,  1.43710670e-01,
       -2.43238996e-02, -3.74487528e-03,  1.23683648e-03,  1.92019291e-04,
       -1.74821004e-05,  1.09196208e-06, -5.18850315e-04, -7.20180380e-03,
        8.62704920e-03, -1.75212442e-03, -7.72221907e-04, -2.99748934e-04,
        2.35283718e-05, -1.45488924e-06,  1.32472812e-06, -9.93010230e-05,
       -2.75068359e-04,  8.01945023e-04, -8.24356286e-04, -1.40134601e-03,
        9.22762297e-04, -7.02734631e-06,  2.05072494e-06,  1.48360610e-06,
       -2.52637552e-06,  1.12527355e-04,  2.06451177e-05, -3.32787481e-04,
        8.04363847e-05,  6.61136937e-05,  1.98462689e-05,  3.39697711e-06,
       -7.05269840e-07,  5.05887874e-06, -4.96810757e-06, -1.29437034e-05,
        8.16499344e-06,  8.60228182e-06,  2.45274464e-07,  1.32703399e-05,
       -8.36948885e-08, -3.01173574e-08,  1.96996909e-07,  7.11861137e-08,
       -4.94758800e-08, -2.15140611e-08,  1.28627083e-07, -3.62273516e-07,
        4.76797582e-07,  3.10595556e-07, -4.36903764e-07,  1.51994928e-08,
       -1.66853412e-08, -5.32862302e-09,  2.49384079e-08, -1.45868349e-08,
        2.48452998e-08,  5.78710267e-08, -2.31279196e-08, -5.00079178e-08,
       -3.05394012e-08, -6.16440230e-10, -7.49578132e-09,  3.33702675e-08,
       -6.62745854e-09,  9.20473031e-09,  5.00177700e-08, -3.86465617e-08,
        6.67861106e-10,  1.90432648e-07,  8.24940233e-08, -8.49796072e-08,
       -1.16579239e-07, -1.48993742e-07, -1.25934160e-07,  3.71714698e-07,
       -6.49721796e-07,  1.01218931e-07, -1.23135648e-06,  1.83667705e-05,
        3.37032557e-06,  9.74814215e-07, -8.31528242e-07,  3.34634933e-06,
       -4.83813787e-06, -3.01711788e-08, -2.18333742e-07, -2.09396474e-05,
       -2.59492827e-05, -6.68513960e-06,  5.24434974e-05,  1.03029234e-04,
       -2.82980800e-05, -3.83238094e-05,  1.90132278e-06,  1.69259584e-07,
        2.80936551e-04, -3.21892639e-04, -4.76722769e-04,  1.13978449e-03,
        4.25029798e-04, -1.68181270e-04, -6.62850517e-05,  2.78214779e-06,
       -7.97767962e-07, -2.94686845e-04,  1.19262709e-02, -1.89536804e-02,
        9.53640777e-03,  3.01211882e-03, -1.32816316e-03, -6.70847727e-05,
       -1.42459295e-07,  5.31329350e-07, -9.37372114e-02,  1.26102888e-01,
       -7.52502980e-02,  3.46364790e-03,  8.76167122e-03,  1.31276520e-03,
       -9.48243369e-05, -7.70949774e-06,  1.61386969e-06, -1.34649137e+00,
        5.07160815e-01, -5.98262916e-02,  8.64222715e-04, -3.06810363e-03,
       -1.12302394e-03, -8.52830707e-05,  1.06935131e-06, -2.93315065e-06,
        2.37015518e-06, -2.52592238e-05,  4.89987500e-04,  1.59529753e-03,
        1.00296617e-02,  2.17711046e-02, -2.85088855e-01, -2.13945489e+00,
       -2.11018435e-07,  8.36192044e-06, -2.04871609e-04,  4.29579159e-03,
        1.32414881e-02,  7.73235778e-02,  1.47098740e-01, -1.24323027e+00,
       -2.78839241e-06,  1.33529621e-05, -2.02465478e-04, -2.12526185e-04,
       -6.49468332e-03,  1.16910976e-02,  7.29003197e-02, -2.35168417e-01,
       -9.65354071e-07, -1.29212838e-06, -2.89558459e-05,  1.17494793e-03,
       -2.94894857e-03, -4.58570620e-03,  1.67431994e-02, -2.77357817e-02,
        3.79900140e-07, -9.60479351e-07,  2.32985099e-05,  1.60200190e-04,
       -3.89645056e-04, -4.93846172e-04,  4.02985190e-05, -7.58914330e-04,
       -2.71825669e-08, -1.02689923e-06,  2.62642100e-05,  4.00489023e-05,
       -8.53002071e-05,  2.53520508e-05, -1.04700498e-04,  3.37506386e-05,
        1.18892031e-07, -3.68405813e-09, -5.82893466e-06, -1.04325939e-07,
       -2.62015330e-06, -6.13837981e-07, -2.60581316e-06, -7.17757097e-07,
        1.87579844e-07, -7.77064280e-07, -8.63826943e-08, -3.41638844e-07,
        2.87466442e-07, -2.35350915e-07, -7.10445689e-08, -1.02322940e-07,
       -1.34574245e-08, -1.20721454e-08,  3.70256651e-08, -9.99218583e-10,
        9.82317966e-09,  1.10056177e-09, -2.08444139e-08,  3.06390232e-09],      dtype=float64),
            Array([ 0.00000000e+00,  0.00000000e+00,  0.00000000e+00,  0.00000000e+00,
        0.00000000e+00,  5.02041313e+01,  2.77867531e+03, -1.14815184e+04,
       -1.83229751e+03, -1.03277817e+03, -4.34722548e+01,  1.56624845e+20,
       -4.38711314e-21, -4.03833028e-21, -3.56058029e-21, -3.36587448e-21,
       -4.04995769e+20,  1.24952288e+03, -1.28829197e+04, -2.68099565e+03,
       -1.13953379e+03, -1.07916171e+02,  8.43915443e-01,  1.85416453e-01,
        8.37616483e-02,  7.74637239e-02,  6.55994606e-02, -1.07802368e-09,
       -1.92672970e-08, -1.03842768e-08, -3.78365625e-08, -1.65285420e-08,
        8.46715347e-08, -1.56190370e-08,  6.98953887e-08,  4.41961995e-08,
       -2.76498141e-07,  3.62012437e-07,  6.06142578e-07, -1.70704388e-07,
        2.57291077e-08,  2.05166569e-07,  2.02187033e-07, -2.70972768e-07,
        1.88726127e-06,  1.27220763e-05, -6.97192115e-06,  5.21512271e-06,
        1.00276084e-05, -1.06298323e-05,  7.73479630e-06,  1.56436798e-07,
        1.29212215e-06, -5.34291879e-06,  5.41002374e-05,  1.10943101e-04,
       -2.81093652e-04, -6.39861405e-05,  7.22917970e-05,  4.48151706e-07,
        7.32384532e-06,  8.43985533e-07,  8.89937749e-04, -1.37865465e-03,
        4.23654004e-05,  7.32053709e-05, -1.12054686e-03,  7.85518443e-07,
        1.28635602e-06, -9.56668311e-05, -2.95147251e-04, -6.16784453e-04,
        3.13177048e-03,  7.25254030e-03, -2.16932907e-02,  3.71037573e-07,
       -5.01832644e-06, -2.53089279e-05,  2.41788750e-03,  9.35847074e-05,
       -1.21035228e-02,  1.38165026e-01, -2.82614205e-01,  3.48368300e-07,
        4.36841430e-06,  4.50972417e-04, -4.41086635e-03, -4.39944502e-03,
        7.52584331e-02,  6.16588845e-02, -1.46556002e+00,  9.89647447e+00,
        1.69341100e+00,  3.29508462e-01, -2.95511084e-02, -2.03552297e-02,
       -2.89861184e-04, -2.15831595e-04, -1.11273205e-05, -1.40419885e-06,
        1.92871667e+00, -7.59043813e-01,  4.85131355e-02,  1.95387023e-02,
       -9.52865285e-03, -2.74870080e-03,  2.23614306e-04, -1.86969476e-05,
       -1.98189955e-06,  9.98763950e-02, -1.50940795e-01,  1.43710672e-01,
       -2.43236085e-02, -3.74497856e-03,  1.23739989e-03,  1.92438204e-04,
       -1.73378200e-05,  1.07987719e-06, -5.18860719e-04, -7.20166085e-03,
        8.62676749e-03, -1.75166094e-03, -7.71580181e-04, -3.00005074e-04,
        2.38952372e-05, -1.65911552e-06,  1.32512522e-06, -9.94302296e-05,
       -2.74961520e-04,  8.02051972e-04, -8.24558279e-04, -1.40155421e-03,
        9.23050158e-04, -7.32754624e-06,  1.81812171e-06,  1.57643272e-06,
       -2.49237009e-06,  1.12481026e-04,  2.07335391e-05, -3.32833472e-04,
        8.06463899e-05,  6.60805385e-05,  1.96728979e-05,  3.41617463e-06,
       -7.02569782e-07,  5.06656316e-06, -4.97629528e-06, -1.29368893e-05,
        8.22977527e-06,  8.57453803e-06,  2.58103069e-07,  1.33390051e-05,
       -8.95961220e-08, -4.50276269e-08,  1.87058558e-07,  1.23521870e-07,
       -8.57795103e-08, -1.00050156e-08,  4.83922760e-08, -3.54646828e-07,
        4.99738759e-07,  2.61646485e-07, -4.36744220e-07,  4.40989142e-08,
       -5.76318974e-08, -1.12569054e-08,  1.53810264e-08,  5.18231521e-08,
        6.32970886e-08,  4.14452418e-08, -2.00653022e-08, -4.76522100e-08,
       -2.54882213e-08, -6.24054774e-08, -1.26262577e-08,  5.73764593e-08,
       -9.10358881e-09,  1.50047664e-08,  4.53127422e-08, -4.30830542e-08,
        2.33115944e-09,  1.98318698e-07,  1.22197006e-07, -8.16703859e-08,
       -1.71542809e-07, -1.44200608e-07, -1.05040750e-07,  3.60664610e-07,
       -6.64813991e-07,  1.05077770e-07, -1.25466326e-06,  1.85648734e-05,
        3.36053462e-06,  1.01082220e-06, -8.52824446e-07,  3.34891435e-06,
       -4.79917535e-06, -9.95267258e-08, -2.11445863e-07, -2.09252844e-05,
       -2.60006109e-05, -6.69052272e-06,  5.24111626e-05,  1.03064067e-04,
       -2.80123181e-05, -3.83873036e-05,  2.02645071e-06,  1.57195649e-07,
        2.80893138e-04, -3.22132799e-04, -4.76644022e-04,  1.13993299e-03,
        4.24897712e-04, -1.68652025e-04, -6.62342239e-05,  2.77938209e-06,
       -8.09695907e-07, -2.94731850e-04,  1.19265065e-02, -1.89538094e-02,
        9.53635977e-03,  3.01227889e-03, -1.32799495e-03, -6.71462690e-05,
       -4.83545683e-07,  5.91155408e-07, -9.37360475e-02,  1.26103241e-01,
       -7.52509483e-02,  3.46430289e-03,  8.76207091e-03,  1.31250357e-03,
       -9.42478194e-05, -7.30456053e-06,  1.59151640e-06, -1.34649121e+00,
        5.07160671e-01, -5.98245185e-02,  8.61761118e-04, -3.06803913e-03,
       -1.12301505e-03, -8.58941149e-05,  1.43742149e-06, -2.85678338e-06,
        2.54800869e-06, -2.57051910e-05,  4.89440856e-04,  1.59495688e-03,
        1.00334229e-02,  2.17694225e-02, -2.85090349e-01, -2.13947758e+00,
       -2.79878466e-07,  8.19729774e-06, -2.05151128e-04,  4.29870840e-03,
        1.32409282e-02,  7.73199325e-02,  1.47102741e-01, -1.24322917e+00,
       -2.79150865e-06,  1.37071382e-05, -2.02060921e-04, -2.13461075e-04,
       -6.49459365e-03,  1.16916695e-02,  7.28997911e-02, -2.35168369e-01,
       -1.02867141e-06, -1.49086808e-06, -2.91173293e-05,  1.17467313e-03,
       -2.94837143e-03, -4.58549131e-03,  1.67428123e-02, -2.77358189e-02,
        4.32363341e-07, -9.77579388e-07,  2.33288342e-05,  1.60124268e-04,
       -3.89756304e-04, -4.93857857e-04,  4.04285025e-05, -7.58965502e-04,
        1.36373416e-08, -1.01741107e-06,  2.62271306e-05,  4.02647818e-05,
       -8.53713353e-05,  2.53108831e-05, -1.04682073e-04,  3.37787599e-05,
        1.06849444e-07, -4.17727493e-08, -5.81712721e-06, -1.47991794e-07,
       -2.61179839e-06, -5.91982917e-07, -2.61913931e-06, -7.15200096e-07,
        1.82210728e-07, -7.82952372e-07, -1.18377832e-07, -3.36295976e-07,
        3.24440682e-07, -2.52614797e-07, -6.53285590e-08, -1.15195485e-07,
       -8.67826658e-09, -7.20258611e-09,  2.92175519e-08,  2.11719005e-08,
        4.34728764e-09, -9.19153654e-09, -4.42438629e-08,  2.12179690e-08],      dtype=float64),
            Array([ 0.00000000e+00,  0.00000000e+00,  0.00000000e+00,  0.00000000e+00,
        0.00000000e+00,  5.02041313e+01,  2.76266108e+03, -1.14896804e+04,
       -1.83509581e+03, -1.03278836e+03, -4.24497220e+01,  1.55838344e+20,
       -4.46290690e-21, -4.11105102e-21, -3.62843741e-21, -3.43096133e-21,
       -4.05174867e+20,  1.22418731e+03, -1.29010354e+04, -2.69117107e+03,
       -1.14276591e+03, -1.07700395e+02,  8.42218937e-01,  1.84181262e-01,
        8.32306664e-02,  7.73867384e-02,  6.56955201e-02,  6.22308058e-09,
       -1.56400720e-08, -1.98405276e-09, -7.33231635e-08, -1.24979878e-08,
        1.30999677e-07, -4.10550807e-08,  8.89142005e-08,  4.94425607e-08,
       -2.28176262e-07,  3.87868974e-07,  6.04999550e-07, -1.83925750e-07,
       -6.95048915e-08,  2.14878595e-07,  1.82868580e-07, -2.83589925e-07,
        1.93189989e-06,  1.28669556e-05, -7.02515619e-06,  5.22645943e-06,
        1.00004138e-05, -1.06304487e-05,  7.69695557e-06,  1.28621657e-07,
        1.28291072e-06, -5.26892782e-06,  5.41074762e-05,  1.10557416e-04,
       -2.80831337e-04, -6.39072655e-05,  7.22598645e-05,  4.94220997e-07,
        7.57709667e-06,  7.45532163e-07,  8.89764373e-04, -1.37852342e-03,
        4.24007864e-05,  7.31926478e-05, -1.12054165e-03,  7.84053274e-07,
        1.52557230e-06, -9.59032693e-05, -2.93696370e-04, -6.17658912e-04,
        3.13112628e-03,  7.25239874e-03, -2.16928759e-02,  4.16756725e-07,
       -5.18276254e-06, -2.51716068e-05,  2.41786197e-03,  9.45405109e-05,
       -1.21034978e-02,  1.38164115e-01, -2.82614208e-01,  1.70965424e-07,
        4.66089547e-06,  4.51068689e-04, -4.41234478e-03, -4.40651786e-03,
        7.52655373e-02,  6.16569767e-02, -1.46556447e+00,  9.89647447e+00,
        1.69341520e+00,  3.29520711e-01, -2.95592550e-02, -2.03525685e-02,
       -2.95570301e-04, -2.15705561e-04, -1.15056050e-05, -1.37477011e-06,
        1.92871257e+00, -7.59045998e-01,  4.85128367e-02,  1.95317562e-02,
       -9.52254992e-03, -2.74685648e-03,  2.22466724e-04, -1.87372495e-05,
       -2.10168173e-06,  9.98773095e-02, -1.50940996e-01,  1.43710935e-01,
       -2.43228639e-02, -3.74515420e-03,  1.23762511e-03,  1.92865222e-04,
       -1.71701189e-05,  1.09105891e-06, -5.18811076e-04, -7.20155513e-03,
        8.62648807e-03, -1.75118141e-03, -7.70868502e-04, -3.00101234e-04,
        2.42779730e-05, -1.82735518e-06,  1.33139272e-06, -9.95630084e-05,
       -2.74819139e-04,  8.02169105e-04, -8.24846241e-04, -1.40164349e-03,
        9.23311196e-04, -7.55405464e-06,  1.57741974e-06,  1.64719104e-06,
       -2.47150793e-06,  1.12453957e-04,  2.08195655e-05, -3.32902007e-04,
        8.08046512e-05,  6.60966686e-05,  1.94714263e-05,  3.42570230e-06,
       -6.98535611e-07,  5.07555862e-06, -4.99021496e-06, -1.29482762e-05,
        8.30077835e-06,  8.57559619e-06,  2.54047053e-07,  1.34199045e-05,
       -9.17590024e-08, -5.64097941e-08,  1.80140120e-07,  1.74149967e-07,
       -1.24628341e-07,  4.04032238e-09, -3.04453262e-08, -3.48419923e-07,
        5.20552441e-07,  2.24108283e-07, -4.37390617e-07,  7.35044653e-08,
       -1.00921887e-07, -1.35231057e-08,  6.18586050e-09,  1.05002055e-07,
        1.01358059e-07,  2.97506456e-08, -1.95147092e-08, -4.54518282e-08,
       -2.31941595e-08, -1.21566493e-07, -1.64812194e-08,  8.03287780e-08,
       -1.06186678e-08,  1.88649073e-08,  4.23011541e-08, -5.22793222e-08,
        3.49455273e-09,  2.10885882e-07,  1.58442675e-07, -8.11760863e-08,
       -2.24554645e-07, -1.37399942e-07, -8.58237282e-08,  3.49801314e-07,
       -6.77517235e-07,  1.09283758e-07, -1.29529244e-06,  1.87495294e-05,
        3.36594233e-06,  1.03473154e-06, -8.85349021e-07,  3.37056589e-06,
       -4.76466763e-06, -1.48087184e-07, -2.04377600e-07, -2.09142761e-05,
       -2.60872943e-05, -6.69429277e-06,  5.24090280e-05,  1.03094256e-04,
       -2.77433522e-05, -3.84450456e-05,  2.13189574e-06,  1.50032022e-07,
        2.80872451e-04, -3.22312063e-04, -4.76585566e-04,  1.14006771e-03,
        4.24781060e-04, -1.69091508e-04, -6.61976801e-05,  2.78343408e-06,
       -8.27188809e-07, -2.94658902e-04,  1.19268516e-02, -1.89539976e-02,
        9.53622662e-03,  3.01253565e-03, -1.32788807e-03, -6.71937912e-05,
       -8.12361628e-07,  6.41002762e-07, -9.37354257e-02,  1.26103508e-01,
       -7.52513861e-02,  3.46480022e-03,  8.76241611e-03,  1.31233558e-03,
       -9.37787336e-05, -6.92593512e-06,  1.58116917e-06, -1.34649223e+00,
        5.07160105e-01, -5.98217324e-02,  8.58840833e-04, -3.06801969e-03,
       -1.12302965e-03, -8.64236897e-05,  1.86812757e-06, -2.83841975e-06,
        2.74874776e-06, -2.61194324e-05,  4.88927240e-04,  1.59424275e-03,
        1.00365318e-02,  2.17681890e-02, -2.85092180e-01, -2.13949935e+00,
       -3.47377580e-07,  8.01364329e-06, -2.05476961e-04,  4.30201077e-03,
        1.32401062e-02,  7.73162070e-02,  1.47107749e-01, -1.24322857e+00,
       -2.80071022e-06,  1.40822367e-05, -2.01784107e-04, -2.14234218e-04,
       -6.49447024e-03,  1.16919609e-02,  7.28995234e-02, -2.35168251e-01,
       -1.09212266e-06, -1.63969165e-06, -2.92058216e-05,  1.17437346e-03,
       -2.94774415e-03, -4.58534948e-03,  1.67424418e-02, -2.77358150e-02,
        4.78926496e-07, -1.03937977e-06,  2.33632893e-05,  1.60046726e-04,
       -3.89862171e-04, -4.93844460e-04,  4.05216133e-05, -7.59033584e-04,
        5.98186093e-08, -1.03011982e-06,  2.61994932e-05,  4.04509367e-05,
       -8.54434998e-05,  2.52963709e-05, -1.04680290e-04,  3.37914755e-05,
        9.60415358e-08, -6.70584815e-08, -5.81188731e-06, -1.86010634e-07,
       -2.60352824e-06, -5.74189216e-07, -2.62552928e-06, -7.08496712e-07,
        1.75466918e-07, -7.87136973e-07, -1.47840423e-07, -3.28289125e-07,
        3.63554074e-07, -2.72011219e-07, -6.84712775e-08, -1.27028812e-07,
       -5.33041443e-09, -3.65944582e-09,  2.37406882e-08,  4.08350439e-08,
       -6.94598805e-11, -2.03360057e-08, -6.38524927e-08,  3.90084608e-08],      dtype=float64)],
  'constr_violation': Array(0., dtype=float64),
  'cost': Array(41.9371239, dtype=float64),
  'f0se': Array([ 0.08212464, -0.3205022 , -0.45021302,  0.        ,  0.        ,
        0.        ,  0.        ,  0.        ,  0.        ,  0.        ,
        0.        ,  0.        ,  0.        ,  0.        ,  0.        ,
        0.        ,  0.        ,  0.        ,  0.        ,  0.        ,
        0.        ,  0.        ,  0.        ,  0.        ,  0.        ,
        0.        ,  0.        ,  0.        ,  0.        ,  0.        ,
        0.        ,  0.        ,  0.        ,  0.        ,  0.        ,
        0.        ,  0.        ,  0.        ,  0.        ,  0.        ,
        0.        ,  0.        ,  0.        ,  0.        ,  0.        ,
        0.        ,  0.        ,  0.        ,  0.        ,  0.        ,
        0.        ,  0.        ,  0.        ,  0.        ,  0.        ,
        0.        ,  0.        ,  0.        ,  0.        ,  0.07854125,
        0.        ,  0.        ,  0.        ,  0.        ,  0.        ,
        0.        ,  0.        ,  0.        ,  0.        ,  0.        ,
        0.        ,  0.        ,  0.        ,  0.        ,  0.        ,
        0.        ,  0.        ,  0.        ,  0.        ,  0.        ,
        0.        ,  0.        ,  0.        ,  0.        ,  0.        ,
        0.        , -0.13679343,  0.        ,  0.        ,  0.        ,
        0.        ,  0.        ,  0.        ,  0.        ,  0.        ,
        0.        ,  0.        ,  0.        ,  0.        ,  0.        ,
        0.        ,  0.        ,  0.        ,  0.        ,  0.        ,
        0.        ,  0.        ,  0.07527779,  0.        ,  0.        ,
        0.        ,  0.        ,  0.20680778,  0.        ,  0.        ,
        0.        ,  0.        ,  0.        ,  0.        ,  0.        ,
        0.        ,  0.        ,  0.        ,  0.        ,  0.        ,
        0.        ,  0.        ,  0.        ,  0.        ,  0.        ,
        0.        , -0.21749322,  0.        ,  0.        ,  0.        ,
        0.        ,  0.        ,  0.        ,  0.        ,  0.        ,
        0.        ,  0.        ,  0.        ,  0.        ,  0.        ,
        0.        ,  0.25441325,  0.        ,  0.        , -0.28390917,
        0.        ,  0.        ,  0.        ,  0.        ,  0.        ,
       -0.15818708,  0.        ,  0.        ,  0.        ,  0.        ,
        0.        ,  0.        ,  0.        ,  0.        ,  0.        ,
        0.        ,  0.        , -0.05406957,  0.        ,  0.        ,
        0.        ,  0.        ,  0.        ,  0.        ,  0.        ,
        0.        ,  0.        ,  0.        ,  0.        ,  0.        ,
        0.        ,  0.        ,  0.        ,  0.        ,  0.        ,
        0.        , -0.33045337,  0.        ,  0.        ,  0.        ,
        0.        ,  0.        ,  0.        ,  0.        ,  0.47704786,
        0.        ,  0.        ,  0.        , -0.32594781,  0.        ,
        0.        ,  0.        ,  0.        ,  0.        , -0.34993666,
        0.        ,  0.        ,  0.        ,  0.        ,  0.        ,
        0.        ,  0.        ,  0.        ,  0.        ,  0.        ,
        0.        ,  0.        ,  0.        ,  0.        ,  0.        ,
        0.        ,  0.        ,  0.        ,  0.        ,  0.        ,
        0.        ,  0.        ,  0.        ,  0.        ,  0.        ,
        0.        ,  0.        ,  0.        ,  0.        ,  0.        ,
        0.        ,  0.        ,  0.        ,  0.        ,  0.        ,
        0.        ,  0.        ,  0.        ,  0.        ,  0.        ,
        0.        ,  0.        ,  0.        ,  0.        ,  0.        ,
       -0.31845841,  0.        ,  0.        ,  0.        ,  0.        ,
        0.        , -0.11113672,  0.        ,  0.        ,  0.        ,
        0.        ,  0.        ,  0.        ,  0.        ,  0.        ,
        0.        ,  0.        ,  0.        ,  0.        ,  0.        ,
        0.        ,  0.        ,  0.        ,  0.        , -0.34675845,
        0.        ,  0.        ,  0.        ,  0.        ,  0.        ,
        0.        ,  0.        ,  0.        ,  0.        ,  0.        ,
       -0.18825455,  0.        ,  0.        ,  0.        ,  0.        ,
        0.        ,  0.        ,  0.        ,  0.        ,  0.        ,
        0.        ,  0.        ,  0.        ,  0.        ,  0.        ,
        0.        ,  0.        ,  0.        ,  0.        ,  0.        ,
        0.        ,  0.        ,  0.        ,  0.        ,  0.        ,
        0.        ,  0.        ,  0.        ,  0.        ,  0.        ,
        0.        ,  0.        , -0.25072528,  0.        ,  0.        ,
        0.        ,  0.        ,  0.        ,  0.        ,  0.        ,
        0.        ,  0.        ,  0.        ,  0.        , -0.13194653,
        0.        ,  0.        ,  0.        ,  0.        ,  0.        ,
        0.        ,  0.        ,  0.        ,  0.        ,  0.        ,
        0.        ,  0.        ,  0.        ,  0.        ,  0.        ,
        0.        ,  0.        ,  0.        ,  0.        ,  0.        ,
        0.        ,  0.        ,  0.        ,  0.        ,  0.        ,
        0.        ,  0.        ,  0.13914525,  0.        ,  0.        ,
        0.        ,  0.        ,  0.        ,  0.        ,  0.        ,
        0.        ,  0.        ,  0.        ,  0.        ,  0.        ,
        0.        ,  0.        ,  0.        ,  0.        ,  0.        ,
        0.30250276,  0.        ,  0.        ,  0.        ,  0.        ,
        0.        ,  0.        ,  0.        , -0.20731249,  0.        ,
        0.        ,  0.        ,  0.        ,  0.        ,  0.        ,
        0.        ,  0.        ,  0.        ,  0.        ,  0.        ,
        0.        ,  0.        ,  0.        ,  0.        ,  0.        ,
        0.        ,  0.        ,  0.        ,  0.        ,  0.        ,
        0.        ,  0.        ,  0.        ,  0.        ,  0.        ,
        0.        ,  0.        ,  0.        ,  0.        ,  0.        ,
        0.        ,  0.        ,  0.        ,  0.        ,  0.        ,
        0.        ,  0.        ,  0.        ,  0.        , -0.28621232,
        0.        ,  0.        ,  0.        ,  0.        ,  0.        ,
        0.        ,  0.        ,  0.        ,  0.        ,  0.        ,
        0.        ,  0.        ,  0.        ,  0.        ,  0.        ,
        0.        ,  0.        ,  0.        ,  0.        ,  0.        ,
        0.        ,  0.        ,  0.        ,  0.        ,  0.        ,
        0.        ,  0.        ,  0.        ,  0.        ,  0.        ,
        0.        ,  0.        ,  0.        ,  0.        ,  0.        ,
        0.        ,  0.        ,  0.        ,  0.        ,  0.        ,
        0.        ,  0.        ,  0.        ,  0.        ,  0.        ,
        0.        ,  0.        , -0.07686951,  0.        ,  0.        ,
        0.        ,  0.        ,  0.        ,  0.        ,  0.        ,
        0.        ,  0.        ,  0.        ,  0.        ,  0.        ,
        0.        ,  0.        ,  0.        ,  0.        ,  0.        ,
        0.        ,  0.        ,  0.        ,  0.        ,  0.        ,
       -0.1340796 ,  0.        ,  0.        ,  0.        ,  0.        ,
        0.        ,  0.        ,  0.        ,  0.        ,  0.        ,
        0.        ,  0.        ,  0.        ,  0.        ,  0.        ,
        0.        ,  0.        ,  0.        ,  0.        ,  0.        ,
        0.        ,  0.        ,  0.        ,  0.        ,  0.        ,
        0.        ,  0.        ,  0.        ,  0.        ,  0.        ,
        0.        ,  0.        ,  0.        ,  0.        ,  0.        ,
        0.        ,  0.        ,  0.        ,  0.        ,  0.        ,
        0.        ,  0.        ,  0.        ,  0.        ,  0.        ,
        0.        ,  0.        ,  0.        ,  0.        ,  0.        ,
        0.        ,  0.        ,  0.        ,  0.        ,  0.        ,
        0.        ,  0.        ,  0.        ,  0.        ,  0.        ,
        0.        ,  0.        ,  0.        ,  0.        ,  0.        ,
        0.        ,  0.        ,  0.        ,  0.        ,  9.06583746],      dtype=float64),
  'fse': Array([ 0.08288799, -0.3087681 , -0.42268428,  0.        ,  0.        ,
        0.        ,  0.        ,  0.        ,  0.        ,  0.        ,
        0.        ,  0.        ,  0.        ,  0.        ,  0.        ,
        0.        ,  0.        ,  0.        ,  0.        ,  0.        ,
        0.        ,  0.        ,  0.        ,  0.        ,  0.        ,
        0.        ,  0.        ,  0.        ,  0.        ,  0.        ,
        0.        ,  0.        ,  0.        ,  0.        ,  0.        ,
        0.        ,  0.        ,  0.        ,  0.        ,  0.        ,
        0.        ,  0.        ,  0.        ,  0.        ,  0.        ,
        0.        ,  0.        ,  0.        ,  0.        ,  0.        ,
        0.        ,  0.        ,  0.        ,  0.        ,  0.        ,
        0.        ,  0.        ,  0.        ,  0.        ,  0.09391151,
        0.        ,  0.        ,  0.        ,  0.        ,  0.        ,
        0.        ,  0.        ,  0.        ,  0.        ,  0.        ,
        0.        ,  0.        ,  0.        ,  0.        ,  0.        ,
        0.        ,  0.        ,  0.        ,  0.        ,  0.        ,
        0.        ,  0.        ,  0.        ,  0.        ,  0.        ,
        0.        , -0.13936883,  0.        ,  0.        ,  0.        ,
        0.        ,  0.        ,  0.        ,  0.        ,  0.        ,
        0.        ,  0.        ,  0.        ,  0.        ,  0.        ,
        0.        ,  0.        ,  0.        ,  0.        ,  0.        ,
        0.        ,  0.        ,  0.08006767,  0.        ,  0.        ,
        0.        ,  0.        ,  0.14166519,  0.        ,  0.        ,
        0.        ,  0.        ,  0.        ,  0.        ,  0.        ,
        0.        ,  0.        ,  0.        ,  0.        ,  0.        ,
        0.        ,  0.        ,  0.        ,  0.        ,  0.        ,
        0.        , -0.28790439,  0.        ,  0.        ,  0.        ,
        0.        ,  0.        ,  0.        ,  0.        ,  0.        ,
        0.        ,  0.        ,  0.        ,  0.        ,  0.        ,
        0.        ,  0.24607877,  0.        ,  0.        , -0.27085825,
        0.        ,  0.        ,  0.        ,  0.        ,  0.        ,
       -0.15563425,  0.        ,  0.        ,  0.        ,  0.        ,
        0.        ,  0.        ,  0.        ,  0.        ,  0.        ,
        0.        ,  0.        , -0.06051645,  0.        ,  0.        ,
        0.        ,  0.        ,  0.        ,  0.        ,  0.        ,
        0.        ,  0.        ,  0.        ,  0.        ,  0.        ,
        0.        ,  0.        ,  0.        ,  0.        ,  0.        ,
        0.        , -0.34866184,  0.        ,  0.        ,  0.        ,
        0.        ,  0.        ,  0.        ,  0.        ,  0.4726203 ,
        0.        ,  0.        ,  0.        , -0.18722486,  0.        ,
        0.        ,  0.        ,  0.        ,  0.        , -0.32783159,
        0.        ,  0.        ,  0.        ,  0.        ,  0.        ,
        0.        ,  0.        ,  0.        ,  0.        ,  0.        ,
        0.        ,  0.        ,  0.        ,  0.        ,  0.        ,
        0.        ,  0.        ,  0.        ,  0.        ,  0.        ,
        0.        ,  0.        ,  0.        ,  0.        ,  0.        ,
        0.        ,  0.        ,  0.        ,  0.        ,  0.        ,
        0.        ,  0.        ,  0.        ,  0.        ,  0.        ,
        0.        ,  0.        ,  0.        ,  0.        ,  0.        ,
        0.        ,  0.        ,  0.        ,  0.        ,  0.        ,
       -0.24256529,  0.        ,  0.        ,  0.        ,  0.        ,
        0.        , -0.17144996,  0.        ,  0.        ,  0.        ,
        0.        ,  0.        ,  0.        ,  0.        ,  0.        ,
        0.        ,  0.        ,  0.        ,  0.        ,  0.        ,
        0.        ,  0.        ,  0.        ,  0.        , -0.33222042,
        0.        ,  0.        ,  0.        ,  0.        ,  0.        ,
        0.        ,  0.        ,  0.        ,  0.        ,  0.        ,
       -0.08302951,  0.        ,  0.        ,  0.        ,  0.        ,
        0.        ,  0.        ,  0.        ,  0.        ,  0.        ,
        0.        ,  0.        ,  0.        ,  0.        ,  0.        ,
        0.        ,  0.        ,  0.        ,  0.        ,  0.        ,
        0.        ,  0.        ,  0.        ,  0.        ,  0.        ,
        0.        ,  0.        ,  0.        ,  0.        ,  0.        ,
        0.        ,  0.        , -0.20744007,  0.        ,  0.        ,
        0.        ,  0.        ,  0.        ,  0.        ,  0.        ,
        0.        ,  0.        ,  0.        ,  0.        , -0.14132124,
        0.        ,  0.        ,  0.        ,  0.        ,  0.        ,
        0.        ,  0.        ,  0.        ,  0.        ,  0.        ,
        0.        ,  0.        ,  0.        ,  0.        ,  0.        ,
        0.        ,  0.        ,  0.        ,  0.        ,  0.        ,
        0.        ,  0.        ,  0.        ,  0.        ,  0.        ,
        0.        ,  0.        ,  0.17907874,  0.        ,  0.        ,
        0.        ,  0.        ,  0.        ,  0.        ,  0.        ,
        0.        ,  0.        ,  0.        ,  0.        ,  0.        ,
        0.        ,  0.        ,  0.        ,  0.        ,  0.        ,
        0.2444157 ,  0.        ,  0.        ,  0.        ,  0.        ,
        0.        ,  0.        ,  0.        , -0.20259324,  0.        ,
        0.        ,  0.        ,  0.        ,  0.        ,  0.        ,
        0.        ,  0.        ,  0.        ,  0.        ,  0.        ,
        0.        ,  0.        ,  0.        ,  0.        ,  0.        ,
        0.        ,  0.        ,  0.        ,  0.        ,  0.        ,
        0.        ,  0.        ,  0.        ,  0.        ,  0.        ,
        0.        ,  0.        ,  0.        ,  0.        ,  0.        ,
        0.        ,  0.        ,  0.        ,  0.        ,  0.        ,
        0.        ,  0.        ,  0.        ,  0.        , -0.24119646,
        0.        ,  0.        ,  0.        ,  0.        ,  0.        ,
        0.        ,  0.        ,  0.        ,  0.        ,  0.        ,
        0.        ,  0.        ,  0.        ,  0.        ,  0.        ,
        0.        ,  0.        ,  0.        ,  0.        ,  0.        ,
        0.        ,  0.        ,  0.        ,  0.        ,  0.        ,
        0.        ,  0.        ,  0.        ,  0.        ,  0.        ,
        0.        ,  0.        ,  0.        ,  0.        ,  0.        ,
        0.        ,  0.        ,  0.        ,  0.        ,  0.        ,
        0.        ,  0.        ,  0.        ,  0.        ,  0.        ,
        0.        ,  0.        , -0.04600028,  0.        ,  0.        ,
        0.        ,  0.        ,  0.        ,  0.        ,  0.        ,
        0.        ,  0.        ,  0.        ,  0.        ,  0.        ,
        0.        ,  0.        ,  0.        ,  0.        ,  0.        ,
        0.        ,  0.        ,  0.        ,  0.        ,  0.        ,
       -0.14082253,  0.        ,  0.        ,  0.        ,  0.        ,
        0.        ,  0.        ,  0.        ,  0.        ,  0.        ,
        0.        ,  0.        ,  0.        ,  0.        ,  0.        ,
        0.        ,  0.        ,  0.        ,  0.        ,  0.        ,
        0.        ,  0.        ,  0.        ,  0.        ,  0.        ,
        0.        ,  0.        ,  0.        ,  0.        ,  0.        ,
        0.        ,  0.        ,  0.        ,  0.        ,  0.        ,
        0.        ,  0.        ,  0.        ,  0.        ,  0.        ,
        0.        ,  0.        ,  0.        ,  0.        ,  0.        ,
        0.        ,  0.        ,  0.        ,  0.        ,  0.        ,
        0.        ,  0.        ,  0.        ,  0.        ,  0.        ,
        0.        ,  0.        ,  0.        ,  0.        ,  0.        ,
        0.        ,  0.        ,  0.        ,  0.        ,  0.        ,
        0.        ,  0.        ,  0.        ,  0.        ,  9.07331392],      dtype=float64),
  'fun': Array([ 0.08288799, -0.3087681 , -0.42268428,  0.        ,  0.        ,
        0.        ,  0.        ,  0.        ,  0.        ,  0.        ,
        0.        ,  0.        ,  0.        ,  0.        ,  0.        ,
        0.        ,  0.        ,  0.        ,  0.        ,  0.        ,
        0.        ,  0.        ,  0.        ,  0.        ,  0.        ,
        0.        ,  0.        ,  0.        ,  0.        ,  0.        ,
        0.        ,  0.        ,  0.        ,  0.        ,  0.        ,
        0.        ,  0.        ,  0.        ,  0.        ,  0.        ,
        0.        ,  0.        ,  0.        ,  0.        ,  0.        ,
        0.        ,  0.        ,  0.        ,  0.        ,  0.        ,
        0.        ,  0.        ,  0.        ,  0.        ,  0.        ,
        0.        ,  0.        ,  0.        ,  0.        ,  0.09391151,
        0.        ,  0.        ,  0.        ,  0.        ,  0.        ,
        0.        ,  0.        ,  0.        ,  0.        ,  0.        ,
        0.        ,  0.        ,  0.        ,  0.        ,  0.        ,
        0.        ,  0.        ,  0.        ,  0.        ,  0.        ,
        0.        ,  0.        ,  0.        ,  0.        ,  0.        ,
        0.        , -0.13936883,  0.        ,  0.        ,  0.        ,
        0.        ,  0.        ,  0.        ,  0.        ,  0.        ,
        0.        ,  0.        ,  0.        ,  0.        ,  0.        ,
        0.        ,  0.        ,  0.        ,  0.        ,  0.        ,
        0.        ,  0.        ,  0.08006767,  0.        ,  0.        ,
        0.        ,  0.        ,  0.14166519,  0.        ,  0.        ,
        0.        ,  0.        ,  0.        ,  0.        ,  0.        ,
        0.        ,  0.        ,  0.        ,  0.        ,  0.        ,
        0.        ,  0.        ,  0.        ,  0.        ,  0.        ,
        0.        , -0.28790439,  0.        ,  0.        ,  0.        ,
        0.        ,  0.        ,  0.        ,  0.        ,  0.        ,
        0.        ,  0.        ,  0.        ,  0.        ,  0.        ,
        0.        ,  0.24607877,  0.        ,  0.        , -0.27085825,
        0.        ,  0.        ,  0.        ,  0.        ,  0.        ,
       -0.15563425,  0.        ,  0.        ,  0.        ,  0.        ,
        0.        ,  0.        ,  0.        ,  0.        ,  0.        ,
        0.        ,  0.        , -0.06051645,  0.        ,  0.        ,
        0.        ,  0.        ,  0.        ,  0.        ,  0.        ,
        0.        ,  0.        ,  0.        ,  0.        ,  0.        ,
        0.        ,  0.        ,  0.        ,  0.        ,  0.        ,
        0.        , -0.34866184,  0.        ,  0.        ,  0.        ,
        0.        ,  0.        ,  0.        ,  0.        ,  0.4726203 ,
        0.        ,  0.        ,  0.        , -0.18722486,  0.        ,
        0.        ,  0.        ,  0.        ,  0.        , -0.32783159,
        0.        ,  0.        ,  0.        ,  0.        ,  0.        ,
        0.        ,  0.        ,  0.        ,  0.        ,  0.        ,
        0.        ,  0.        ,  0.        ,  0.        ,  0.        ,
        0.        ,  0.        ,  0.        ,  0.        ,  0.        ,
        0.        ,  0.        ,  0.        ,  0.        ,  0.        ,
        0.        ,  0.        ,  0.        ,  0.        ,  0.        ,
        0.        ,  0.        ,  0.        ,  0.        ,  0.        ,
        0.        ,  0.        ,  0.        ,  0.        ,  0.        ,
        0.        ,  0.        ,  0.        ,  0.        ,  0.        ,
       -0.24256529,  0.        ,  0.        ,  0.        ,  0.        ,
        0.        , -0.17144996,  0.        ,  0.        ,  0.        ,
        0.        ,  0.        ,  0.        ,  0.        ,  0.        ,
        0.        ,  0.        ,  0.        ,  0.        ,  0.        ,
        0.        ,  0.        ,  0.        ,  0.        , -0.33222042,
        0.        ,  0.        ,  0.        ,  0.        ,  0.        ,
        0.        ,  0.        ,  0.        ,  0.        ,  0.        ,
       -0.08302951,  0.        ,  0.        ,  0.        ,  0.        ,
        0.        ,  0.        ,  0.        ,  0.        ,  0.        ,
        0.        ,  0.        ,  0.        ,  0.        ,  0.        ,
        0.        ,  0.        ,  0.        ,  0.        ,  0.        ,
        0.        ,  0.        ,  0.        ,  0.        ,  0.        ,
        0.        ,  0.        ,  0.        ,  0.        ,  0.        ,
        0.        ,  0.        , -0.20744007,  0.        ,  0.        ,
        0.        ,  0.        ,  0.        ,  0.        ,  0.        ,
        0.        ,  0.        ,  0.        ,  0.        , -0.14132124,
        0.        ,  0.        ,  0.        ,  0.        ,  0.        ,
        0.        ,  0.        ,  0.        ,  0.        ,  0.        ,
        0.        ,  0.        ,  0.        ,  0.        ,  0.        ,
        0.        ,  0.        ,  0.        ,  0.        ,  0.        ,
        0.        ,  0.        ,  0.        ,  0.        ,  0.        ,
        0.        ,  0.        ,  0.17907874,  0.        ,  0.        ,
        0.        ,  0.        ,  0.        ,  0.        ,  0.        ,
        0.        ,  0.        ,  0.        ,  0.        ,  0.        ,
        0.        ,  0.        ,  0.        ,  0.        ,  0.        ,
        0.2444157 ,  0.        ,  0.        ,  0.        ,  0.        ,
        0.        ,  0.        ,  0.        , -0.20259324,  0.        ,
        0.        ,  0.        ,  0.        ,  0.        ,  0.        ,
        0.        ,  0.        ,  0.        ,  0.        ,  0.        ,
        0.        ,  0.        ,  0.        ,  0.        ,  0.        ,
        0.        ,  0.        ,  0.        ,  0.        ,  0.        ,
        0.        ,  0.        ,  0.        ,  0.        ,  0.        ,
        0.        ,  0.        ,  0.        ,  0.        ,  0.        ,
        0.        ,  0.        ,  0.        ,  0.        ,  0.        ,
        0.        ,  0.        ,  0.        ,  0.        , -0.24119646,
        0.        ,  0.        ,  0.        ,  0.        ,  0.        ,
        0.        ,  0.        ,  0.        ,  0.        ,  0.        ,
        0.        ,  0.        ,  0.        ,  0.        ,  0.        ,
        0.        ,  0.        ,  0.        ,  0.        ,  0.        ,
        0.        ,  0.        ,  0.        ,  0.        ,  0.        ,
        0.        ,  0.        ,  0.        ,  0.        ,  0.        ,
        0.        ,  0.        ,  0.        ,  0.        ,  0.        ,
        0.        ,  0.        ,  0.        ,  0.        ,  0.        ,
        0.        ,  0.        ,  0.        ,  0.        ,  0.        ,
        0.        ,  0.        , -0.04600028,  0.        ,  0.        ,
        0.        ,  0.        ,  0.        ,  0.        ,  0.        ,
        0.        ,  0.        ,  0.        ,  0.        ,  0.        ,
        0.        ,  0.        ,  0.        ,  0.        ,  0.        ,
        0.        ,  0.        ,  0.        ,  0.        ,  0.        ,
       -0.14082253,  0.        ,  0.        ,  0.        ,  0.        ,
        0.        ,  0.        ,  0.        ,  0.        ,  0.        ,
        0.        ,  0.        ,  0.        ,  0.        ,  0.        ,
        0.        ,  0.        ,  0.        ,  0.        ,  0.        ,
        0.        ,  0.        ,  0.        ,  0.        ,  0.        ,
        0.        ,  0.        ,  0.        ,  0.        ,  0.        ,
        0.        ,  0.        ,  0.        ,  0.        ,  0.        ,
        0.        ,  0.        ,  0.        ,  0.        ,  0.        ,
        0.        ,  0.        ,  0.        ,  0.        ,  0.        ,
        0.        ,  0.        ,  0.        ,  0.        ,  0.        ,
        0.        ,  0.        ,  0.        ,  0.        ,  0.        ,
        0.        ,  0.        ,  0.        ,  0.        ,  0.        ,
        0.        ,  0.        ,  0.        ,  0.        ,  0.        ,
        0.        ,  0.        ,  0.        ,  0.        ,  9.07331392],      dtype=float64),
  'history': [ [ { 'G': Array([], shape=(0,), dtype=float64),
                   'I': Array([], shape=(0,), dtype=float64),
                   'L_lmn': Array([ 6.15545066e-07,  2.88281475e-05,  8.68181997e-06, -2.03517500e-05,
       -2.60157181e-05, -1.85690605e-05, -1.07134786e-05,  2.54696734e-05,
        1.80397146e-06, -1.77234465e-05,  1.14919824e-05,  2.45906967e-05,
        2.70703039e-06, -1.09244473e-05, -1.31394839e-05,  1.45521599e-05,
        1.58396272e-05, -9.15245654e-06, -2.82596807e-06, -2.92429920e-06,
       -1.74818822e-05,  4.73619429e-06,  1.11201885e-05,  6.39651572e-06,
        3.47392786e-06,  7.42115851e-05, -6.84556001e-05, -3.82675326e-05,
        8.62703666e-05,  6.10154867e-05,  3.44570657e-05, -6.24497372e-05,
       -1.14035191e-04, -4.29603498e-06,  5.08731045e-05, -1.18102302e-05,
       -1.39885548e-05,  1.32444752e-05,  5.95982841e-05, -1.90242304e-06,
        8.38054534e-05, -2.63524942e-05, -5.34704122e-05, -6.59846013e-05,
        3.67356169e-06,  1.35843161e-05, -4.88803023e-06, -3.65396113e-05,
       -2.54462371e-05, -1.90978384e-05, -1.10074161e-04, -2.66053615e-04,
       -2.60554216e-04, -1.42376488e-04,  3.54817447e-04, -9.44497959e-05,
        3.49556460e-04,  1.64591068e-04,  2.01627126e-05, -3.33348281e-04,
       -4.47693678e-05, -7.64973513e-05,  5.84609180e-05,  6.55716081e-05,
       -1.86619781e-04, -1.09573217e-04,  2.26976010e-04,  1.33563407e-04,
        1.11547733e-04,  6.63451373e-05, -7.11800335e-05, -3.69880431e-05,
        3.42725860e-05,  5.45913609e-05,  1.94055454e-05, -1.17665639e-04,
       -1.31377031e-03,  4.80718513e-04, -4.71385907e-04,  1.34555873e-03,
        3.70404337e-04, -6.29902319e-04, -1.69066592e-04, -2.71562943e-04,
        3.52224471e-04, -6.37450749e-07, -7.08302934e-05,  1.72671033e-04,
        5.45388414e-04,  3.81769754e-04,  1.03512083e-04, -1.58794137e-04,
       -2.03836685e-04, -2.21211536e-04,  1.73983112e-05,  5.74633484e-05,
       -1.42933658e-04, -1.25913158e-04, -5.86854509e-05, -5.32000615e-05,
        4.12591226e-04,  3.03100149e-03,  3.21945132e-04, -1.11220903e-03,
       -3.39959730e-03, -1.10553049e-03,  1.31087128e-04,  3.25105089e-03,
        1.10686850e-03, -1.55435584e-04, -5.15042482e-04,  3.97245179e-04,
       -6.02233182e-04, -1.82785996e-03, -6.99512688e-04, -2.36981187e-04,
        2.35870359e-04,  1.03182454e-04,  1.72808291e-04,  8.68688681e-05,
        2.34869081e-04,  4.95158346e-04,  3.38441035e-04,  4.76213529e-05,
        4.06066115e-05,  1.92453270e-02,  3.15315806e-03, -1.53690550e-02,
        1.89132995e-03,  6.32620786e-03,  1.98842786e-03, -2.78276315e-03,
       -6.14719179e-03, -4.52256851e-03, -5.78148732e-03,  1.38578376e-03,
       -5.08885556e-04, -4.64113160e-04,  5.03024758e-05,  1.09288090e-03,
        1.52715415e-03, -1.93212185e-05, -1.90458367e-03,  1.33834865e-04,
       -3.27715011e-04, -5.68544320e-05, -8.28686463e-04, -4.06980503e-04,
       -1.03755107e-04, -1.56946091e-04, -1.52520153e-02, -1.38651505e-02,
        2.10596016e-02,  7.20020333e-03,  1.01802803e-03,  1.41116335e-03,
       -1.40678028e-03,  2.59716015e-03,  9.62234057e-03, -8.71277284e-03,
       -2.66638427e-03,  1.79556046e-03,  9.31122933e-04,  2.46303965e-03,
       -3.82644052e-03,  1.35752834e-03, -3.22325141e-03,  5.43605267e-05,
       -4.43750545e-04,  3.13085044e-05,  1.20294259e-03, -1.09333839e-03,
       -9.49334726e-04, -1.58603871e-04, -4.60720853e-05,  2.23341228e-01,
       -1.04621373e-01, -2.45500528e-01,  9.82272489e-03,  7.35517540e-02,
       -1.65366203e-02,  3.12312922e-02, -2.78092184e-02, -1.87575686e-02,
       -7.45651340e-02, -1.07381747e-02, -1.91125237e-03, -5.13160306e-03,
       -1.03463470e-02,  4.35509813e-03,  1.45673716e-03,  3.77678003e-02,
        8.31982046e-03,  4.68293300e-04, -5.22044864e-05,  8.22261321e-03,
        3.26035660e-03, -1.03830689e-04, -4.75108519e-05, -6.61351459e-05,
        2.47311864e-01, -3.16237131e-02,  1.79576804e-02,  3.83381148e-01,
       -3.61736481e-03,  5.44528380e-02, -4.64840964e-03, -1.48387480e-02,
       -1.48329427e-01, -1.41892048e-03, -1.87487411e-03, -9.85558614e-03,
       -2.32004562e-04, -3.38872571e-04, -4.79095536e-04, -2.65591495e-02,
        1.68945286e-06, -1.99911286e-04,  1.35508431e-04, -3.21772974e-03,
       -1.74892372e-01, -3.17108173e-02,  1.22491459e-03,  6.11530735e-02,
        1.20463924e-02, -1.05952765e-02,  1.41785314e-03,  5.77273969e-03,
       -2.97194492e-03, -1.22638027e-03, -3.92148156e-03,  1.50282181e-02,
        6.13006101e-04,  1.22415124e-03, -5.03267629e-03, -1.33391825e-02,
        3.09071635e-04,  3.99782383e-05,  1.24244445e-03,  4.11999106e-04,
        2.79949745e-02, -1.42140116e-02,  2.33326058e-03, -1.33236684e-03,
       -1.03151682e-02, -4.39750061e-03, -4.30949156e-04, -2.88454040e-03,
       -3.40294846e-03, -1.06324662e-03,  6.24286956e-03, -4.69416419e-04,
       -1.67281979e-04, -2.98067943e-04,  2.02654106e-04,  3.84265989e-03,
        1.81822475e-05, -3.00299776e-04, -3.44119915e-04, -7.77757812e-04,
        4.16518053e-03,  5.56743492e-03, -3.27888902e-03, -1.02550723e-02,
        5.36485243e-03,  2.77216964e-04,  6.31708351e-04,  1.46219231e-03,
        3.46789161e-03, -1.54423988e-03, -2.17674979e-03, -3.65494742e-03,
        2.83440765e-04, -5.65268517e-04,  9.33469556e-04, -1.54947207e-03,
        1.72515240e-04,  1.08313913e-04,  5.88015961e-04,  1.24419788e-03,
        3.18686548e-04, -8.90809456e-04,  2.65058079e-03,  1.79408282e-03,
       -1.44289713e-03, -3.02748388e-04, -4.51656227e-04, -1.66302093e-03,
       -2.40047490e-03,  3.02401080e-04,  1.13114687e-03,  7.49234483e-04,
       -6.08377522e-05, -6.82367833e-05,  3.02888736e-04,  3.61714454e-04,
       -4.27524086e-05, -6.16066869e-05, -6.46592656e-04, -5.97448983e-04,
        1.23598702e-03,  1.24653838e-03, -9.21885423e-04, -1.67347520e-03,
        2.81516318e-04, -7.31156751e-04,  9.63518863e-05,  6.07578616e-04,
        3.12527503e-04, -1.80422845e-05, -4.83586929e-04, -5.69044050e-04,
        1.39290978e-06,  1.89859971e-04,  8.34935491e-06, -5.82680003e-05,
        5.28829724e-05,  5.06067934e-05,  1.76244484e-04,  2.31693660e-04,
        2.28839335e-04,  2.29115270e-06,  2.42014557e-04, -6.65546550e-05,
       -4.53975379e-06, -4.57653180e-05,  7.73516715e-05, -1.50421514e-04,
       -1.66704924e-04,  1.05513014e-04,  1.13212084e-04,  4.19445408e-05,
       -7.55022163e-05, -1.24820605e-04, -1.46912368e-04, -2.29538258e-05,
       -2.69860924e-05, -5.18223040e-05, -9.57880568e-05, -1.35826298e-04,
       -1.07984804e-05, -1.03387023e-04, -1.16102446e-04, -5.52411316e-05,
        1.73725385e-05,  9.52561231e-05,  2.06145519e-06,  8.92871315e-05,
        5.14058714e-05, -7.66702614e-05, -3.28648387e-05, -2.93537038e-05,
       -2.55772898e-06,  6.64079502e-05,  3.97445102e-05, -1.93136478e-05,
        1.97456517e-05,  2.27002312e-05,  4.97531318e-05,  3.18757549e-05,
        1.91363647e-05,  3.29055857e-05,  1.35969126e-05, -2.04655711e-05,
       -7.20171692e-06, -4.16871789e-05, -2.45127989e-05,  1.83657872e-06,
        7.35237220e-06, -1.39441390e-05,  1.76490199e-05,  5.62876186e-06,
        3.03704042e-06,  2.20881856e-06, -7.28929588e-06, -3.37648141e-06,
       -3.98484385e-06, -5.65460561e-06, -1.60946535e-05, -1.03239960e-05],      dtype=float64),
                   'Phi_mn': Array([], shape=(0,), dtype=float64),
                   'Psi': Array([50.20413129], dtype=float64),
                   'R_lmn': Array([ 1.32923408e-06, -2.71858028e-05,  2.82747537e-05, -6.26205833e-06,
        5.83128535e-05,  5.17678637e-05,  1.02552007e-05, -1.42280763e-05,
       -4.26740925e-07,  8.95990530e-07, -4.57499684e-05, -3.12437845e-05,
       -2.01436610e-08, -1.02556451e-05, -1.40076162e-05,  5.40985817e-06,
       -7.36358192e-09, -9.20074908e-07, -1.25801609e-05,  6.67352715e-06,
       -1.41923701e-04, -2.25604357e-04, -4.00905197e-05,  1.12520860e-04,
       -7.67361831e-06,  2.44634994e-04, -6.84010931e-05,  8.35329407e-06,
        4.81632184e-05, -1.57303569e-05, -2.18377947e-05,  1.85948027e-05,
       -3.36114096e-07,  6.90117134e-05,  3.18463252e-05, -1.85335882e-05,
        3.95592910e-08,  1.60661769e-05,  2.93596884e-05, -3.74308353e-05,
       -1.49587901e-05, -3.84342754e-04, -5.06509036e-04,  1.16476196e-04,
        1.56535067e-04,  3.68039845e-04,  7.82018346e-05,  6.35362301e-04,
       -5.45068008e-05,  3.88844607e-05, -6.05757790e-05, -3.60415198e-05,
        1.84504296e-06, -8.51076242e-05, -1.18774007e-04, -3.92614546e-05,
       -2.62397635e-07, -2.63105410e-05, -9.08086516e-05,  4.17386967e-05,
        8.35690272e-05, -1.19173648e-03,  5.18644174e-04,  4.18177152e-04,
       -2.20806389e-04,  8.33865452e-04,  9.59216408e-05, -8.50252783e-04,
       -5.75788704e-04, -7.40929265e-05,  2.20944627e-04,  3.09894628e-04,
        1.34612715e-06, -4.18719237e-05,  5.02212863e-05,  1.46373107e-04,
        1.79961820e-07,  6.86751709e-05,  1.11203519e-04, -1.60687182e-05,
       -1.77218874e-03, -1.71998915e-03, -7.15848203e-04, -1.60537295e-03,
       -1.83956951e-03,  2.89673610e-03,  1.26956132e-03,  9.36933174e-04,
        2.13449436e-03,  1.14957248e-04,  6.27467542e-04, -8.96271352e-04,
        7.07657372e-06, -3.79354372e-04, -1.78722949e-04,  1.22552137e-04,
        4.11316250e-07, -1.14100874e-04, -1.66743668e-04, -2.07330178e-04,
       -4.60089845e-02, -1.09828908e-02,  2.77287942e-03,  2.35435174e-02,
        8.38353612e-04,  1.93819584e-02, -5.54096445e-04,  9.58117497e-05,
       -4.49274646e-04, -1.77787099e-04, -1.43517546e-03, -9.72318436e-04,
        1.03017812e-06,  2.57401878e-04,  2.63745557e-04,  1.22107632e-03,
        7.85516721e-07,  8.23369158e-05, -1.88865668e-05, -1.74260840e-04,
       -2.32528663e-01,  1.28734561e-01, -1.14749549e-02, -5.84237038e-02,
        3.12374136e-04,  3.39854341e-03,  2.52580828e-03,  1.22212218e-03,
        9.88278857e-03,  2.69470096e-06, -8.79419519e-04,  5.77132475e-03,
       -4.82588348e-06, -1.08149046e-04, -1.85018225e-03, -1.54496462e-03,
        3.12576019e-07, -2.79778594e-05,  6.59633657e-04,  2.61089834e-04,
       -1.64861050e+00, -4.59990380e-02,  8.06893585e-02,  1.95489498e-01,
       -3.55110814e-03,  1.09944387e-01, -4.69903410e-03, -3.56291257e-03,
       -1.49470534e-02,  3.89152832e-04, -6.15828843e-04, -1.33348209e-03,
        4.14032483e-06,  2.88905889e-04, -1.87536669e-03,  2.51311515e-03,
        5.33933641e-07,  6.15188758e-05, -2.25047258e-04, -9.50817199e-04,
        1.00808988e+01,  1.54139427e+00, -2.92789262e-01,  3.86533553e-01,
        1.66239510e-01, -8.61134968e-03,  1.09478156e-01, -4.18048311e-02,
       -1.84319798e-02, -1.95904585e-02, -1.96839067e-02,  3.47793868e-04,
       -1.31556604e-03, -1.44135538e-02, -1.53728643e-03, -1.54682013e-04,
        5.36491355e-03, -1.24737665e-03, -6.32079906e-04, -1.07589229e-05,
        2.02332242e-04, -8.19134868e-04, -3.89794168e-04, -6.14609522e-05,
       -1.37361371e-06,  1.89733063e+00, -7.44035553e-01,  6.98551736e-02,
        1.68703796e-02, -2.94838781e-02,  2.57407644e-02, -3.82065681e-02,
        2.82665799e-02, -1.47505803e-02,  1.51153624e-02, -7.83854097e-03,
       -3.73007737e-03,  8.19221310e-04,  3.78317384e-03,  4.90688436e-03,
       -2.64427825e-05, -6.37123366e-04,  1.64335220e-03,  9.79904002e-04,
       -1.86566355e-05, -1.08029739e-03, -4.05669715e-04,  3.07934716e-04,
        2.51117880e-04, -1.85142547e-06,  1.42358704e-01, -6.97037149e-02,
       -4.69576020e-02,  1.33697984e-01, -1.05032428e-01, -2.26446774e-02,
        4.07550042e-03,  4.78117627e-03, -9.08689063e-04,  2.67844936e-02,
        1.27671930e-03,  1.27157690e-03,  3.39495134e-04,  5.48042209e-03,
       -3.36238020e-03,  9.74815756e-05, -2.98912786e-03, -2.95594147e-03,
       -3.47404255e-05, -1.74821004e-05,  5.95977293e-05, -2.48912449e-04,
        5.26193978e-04,  9.45377159e-05,  1.09196208e-06,  9.50838925e-03,
       -1.05537617e-02, -8.57128071e-03,  5.36370498e-03,  1.33161875e-04,
        5.35261262e-03,  5.95911384e-04,  5.86874779e-03,  6.59630028e-04,
        1.62184467e-03, -7.79251703e-03, -8.72110423e-04, -1.75636359e-03,
       -3.04755497e-03, -1.65236928e-03,  1.20593982e-04,  1.59695133e-03,
        6.87779995e-04,  5.72361489e-04, -1.45488924e-06, -2.95506653e-04,
        4.42151398e-04,  2.20517348e-04, -9.70656098e-05,  1.32472812e-06,
        1.38903136e-03,  1.21910469e-02, -1.40168162e-03,  2.71344410e-03,
       -1.29129028e-02,  2.38249691e-04, -4.37307995e-04, -2.20171220e-03,
       -1.23604578e-03,  3.38610436e-04, -1.12846548e-03,  1.28925716e-03,
        4.60464880e-04,  5.57693592e-04, -1.44379924e-04,  5.89908544e-05,
        1.08177036e-04,  6.58595026e-05, -3.66494863e-04,  2.05072494e-06,
       -1.09807641e-04, -2.67480461e-04, -2.09203093e-05, -6.60182007e-05,
        1.48360610e-06,  3.19501181e-04,  1.12847129e-03, -2.37416541e-04,
        1.38505739e-03, -3.55521797e-04,  6.90835820e-04, -3.18089814e-04,
       -1.76520971e-03, -2.07984273e-04, -4.83071321e-04, -1.14851183e-03,
       -4.45337287e-05,  1.52069617e-04,  3.62649942e-04,  1.36643472e-04,
       -4.44206862e-05, -1.77350821e-04,  1.24888528e-04,  1.10647422e-04,
        3.39697711e-06,  8.14091820e-05,  3.81474963e-05,  1.51777186e-04,
        6.42669550e-05, -7.05269840e-07, -9.38121335e-05,  1.33258045e-04,
       -2.50105281e-05, -3.76340318e-04, -1.61371721e-04, -2.22217334e-04,
        1.25710661e-04,  3.23982547e-04,  2.11657209e-04, -8.15720553e-05,
        3.10884587e-04,  1.31943382e-04,  1.64127808e-05,  1.82679724e-06,
       -1.42077798e-04,  5.06642210e-05,  1.04717623e-04, -8.05022596e-05,
       -1.31698107e-04, -8.36948885e-08, -1.82419019e-05,  3.75872698e-05,
       -6.09771299e-05, -3.73938812e-05, -3.01173574e-08, -8.05934554e-05,
       -1.24516607e-04,  9.83559299e-05, -7.37163816e-05,  5.38302528e-05,
       -6.63568770e-05,  3.48954673e-05,  7.11909407e-05, -1.24514042e-05,
        1.13189461e-04, -5.93488028e-06, -6.92037198e-05, -9.39785103e-05,
        1.72072412e-05, -3.56512122e-05, -1.98592236e-05, -4.24319204e-05,
        7.22702433e-05,  6.88414463e-05,  3.10595556e-07,  4.15175655e-05,
       -1.47312762e-05,  4.82312435e-05,  2.03360212e-05, -4.36903764e-07,
       -3.98542602e-05, -7.32341944e-07, -4.51756214e-06, -3.28026606e-05,
       -2.84480627e-05,  6.86466700e-05,  4.66132507e-05,  3.26569460e-05,
        4.60249143e-05,  1.03329020e-05, -7.04377775e-05,  1.77895762e-05,
        7.72695030e-06,  9.44354680e-06, -3.67867425e-05,  9.60762565e-07,
        1.88308174e-05,  1.81604597e-06, -1.77647309e-05, -2.31279196e-08,
       -9.95317916e-06, -9.30316084e-06, -9.25275864e-06, -9.02891538e-07,
       -5.00079178e-08], dtype=float64),
                   'Ra_n': Array([ 1.04846841e+01,  1.78736937e+00,  1.93111909e-01,  2.01364383e-02,
        1.78313247e-03,  1.68167473e-04,  2.22543733e-05, -8.55784222e-06,
       -6.40357682e-06], dtype=float64),
                   'Rb_lmn': Array([-7.36358192e-09, -2.01436610e-08, -2.40843781e-08, -4.44338448e-10,
       -1.72757938e-08,  3.90612572e-08,  1.18035005e-08,  5.02929924e-08,
        3.95592910e-08, -3.36114096e-07,  3.35820069e-07,  6.10620294e-07,
       -1.51724660e-07,  1.09099560e-07,  1.94604883e-07,  2.26789652e-07,
       -2.62397635e-07,  1.84504296e-06,  1.25739197e-05, -6.90578965e-06,
        5.15063641e-06,  1.00792585e-05, -1.06057320e-05,  7.74915011e-06,
        1.79961820e-07,  1.34612715e-06, -5.41775560e-06,  5.40497170e-05,
        1.11341758e-04, -2.81387322e-04, -6.40451225e-05,  7.23305824e-05,
        4.11316250e-07,  7.07657372e-06,  8.56374257e-07,  8.90206946e-04,
       -1.37884564e-03,  4.23620218e-05,  7.31454182e-05, -1.12051519e-03,
        7.85516721e-07,  1.03017812e-06, -9.54501828e-05, -2.96694567e-04,
       -6.15708417e-04,  3.13243673e-03,  7.25248826e-03, -2.16936654e-02,
        3.12576019e-07, -4.82588348e-06, -2.52831585e-05,  2.41765923e-03,
        9.25882742e-05, -1.21030149e-02,  1.38165519e-01, -2.82614543e-01,
        5.33933641e-07,  4.14032483e-06,  4.50671708e-04, -4.41012821e-03,
       -4.39198424e-03,  7.52510793e-02,  6.16610498e-02, -1.46555494e+00,
        9.89647447e+00,  1.69340824e+00,  3.29496033e-01, -2.95426330e-02,
       -2.03590604e-02, -2.84286038e-04, -2.16142965e-04, -1.07589229e-05,
       -1.37361371e-06,  1.92871816e+00, -7.59041192e-01,  4.85144636e-02,
        1.95455756e-02, -9.53576118e-03, -2.75017337e-03,  2.24675097e-04,
       -1.86566355e-05, -1.85142547e-06,  9.98756952e-02, -1.50940777e-01,
        1.43710670e-01, -2.43238996e-02, -3.74487528e-03,  1.23683648e-03,
        1.92019291e-04, -1.74821004e-05,  1.09196208e-06, -5.18850315e-04,
       -7.20180380e-03,  8.62704920e-03, -1.75212442e-03, -7.72221907e-04,
       -2.99748934e-04,  2.35283718e-05, -1.45488924e-06,  1.32472812e-06,
       -9.93010230e-05, -2.75068359e-04,  8.01945023e-04, -8.24356286e-04,
       -1.40134601e-03,  9.22762297e-04, -7.02734631e-06,  2.05072494e-06,
        1.48360610e-06, -2.52637552e-06,  1.12527355e-04,  2.06451177e-05,
       -3.32787481e-04,  8.04363847e-05,  6.61136937e-05,  1.98462689e-05,
        3.39697711e-06, -7.05269840e-07,  5.05887874e-06, -4.96810757e-06,
       -1.29437034e-05,  8.16499344e-06,  8.60228182e-06,  2.45274464e-07,
        1.32703399e-05, -8.36948885e-08, -3.01173574e-08,  1.96996909e-07,
        7.11861137e-08, -4.94758800e-08, -2.15140611e-08,  1.28627083e-07,
       -3.62273516e-07,  4.76797582e-07,  3.10595556e-07, -4.36903764e-07,
        1.51994928e-08, -1.66853412e-08, -5.32862302e-09,  2.49384079e-08,
       -1.45868349e-08,  2.48452998e-08,  5.78710267e-08, -2.31279196e-08,
       -5.00079178e-08], dtype=float64),
                   'Te_l': Array([  2792.68914278, -11474.19753593,  -1829.3128243 ,  -1032.16353714,
          -43.82546818], dtype=float64),
                   'Ti_l': Array([  1271.39543306, -12867.6522597 ,  -2671.92124416,  -1136.0188134 ,
         -107.31951029], dtype=float64),
                   'Z_lmn': Array([ 1.94192974e-05,  6.99052957e-07, -5.74384088e-06, -1.74548851e-06,
        2.01422918e-05, -4.62057711e-05, -1.12613883e-05,  1.30395959e-06,
       -2.41169495e-05, -1.64632356e-06,  5.30470268e-05, -1.13251545e-05,
       -1.84457520e-06,  9.58021650e-07,  2.08198219e-05, -2.41315985e-06,
       -1.91956377e-05, -6.80788539e-06,  1.13343592e-05, -3.86465617e-08,
       -6.00032382e-07, -5.23988513e-07,  3.29050020e-06,  2.46317762e-06,
        6.67861106e-10,  1.11228983e-04, -1.04613393e-05, -2.06118703e-05,
        1.27251639e-04,  9.98619448e-05, -2.62646501e-05, -1.13013681e-04,
       -1.26691712e-04, -1.19167633e-04, -7.24633144e-05,  6.91621788e-05,
       -5.01149468e-05,  1.77867443e-05, -2.67094415e-05,  1.39107934e-04,
        6.44495597e-07, -1.68547971e-05, -4.30141079e-05,  4.99890127e-05,
       -6.49721796e-07,  4.80025652e-06,  2.60645352e-05, -2.00892948e-05,
       -2.72780899e-07,  1.01218931e-07,  3.01794194e-04,  4.72845137e-04,
       -1.82969320e-04,  5.79846669e-04, -1.36084737e-04,  2.15813863e-04,
       -2.12839475e-04, -3.54847800e-04,  2.34383792e-05, -3.26797067e-04,
       -8.22908277e-05,  2.58133836e-05,  1.56423829e-04, -1.84747671e-04,
       -2.90311426e-05,  2.28962920e-06,  8.40343762e-06, -1.32548221e-04,
       -2.24670343e-05, -3.01711788e-08, -6.36405843e-05, -3.68808726e-05,
        4.76123514e-06, -7.12776708e-06, -2.18333742e-07,  2.01210155e-04,
       -1.48607833e-03,  9.36113917e-05,  5.13976055e-04,  1.07618930e-03,
        1.10280052e-03, -3.21400797e-04, -8.44417129e-04,  8.25386117e-05,
        4.36234889e-04, -9.91107665e-04, -1.58410602e-04, -5.59138789e-05,
        3.46326058e-04,  6.78203344e-05, -7.97217329e-06, -5.22951443e-05,
       -5.92493567e-05,  1.30112522e-04,  1.90132278e-06,  6.15534812e-05,
       -2.25701235e-05, -4.73297124e-05, -3.03516361e-05,  1.69259584e-07,
       -2.82852398e-03, -9.46855727e-03,  1.12713445e-03, -3.81910241e-03,
        6.88425139e-03, -4.07391450e-04,  2.21296698e-03,  4.33152487e-03,
        1.34713700e-03,  1.91698988e-03,  1.81397168e-03, -1.24479382e-04,
       -9.19230851e-05, -9.82195425e-04, -8.85338640e-04, -2.66025314e-05,
        3.45423366e-04, -2.66795742e-04, -4.37018889e-05,  2.78214779e-06,
       -1.38717816e-04, -6.94980396e-06, -3.67685583e-05, -3.96825204e-05,
       -7.97767962e-07, -1.17636020e-02, -2.65065584e-02,  7.83762603e-03,
       -2.51562143e-02,  3.69726162e-02,  3.60293514e-03,  1.46825329e-03,
        2.65925325e-03,  2.53067377e-03,  2.01717312e-03,  5.42363771e-03,
       -1.51944547e-03,  1.67541228e-03,  3.61772434e-03,  5.11001045e-04,
       -7.14535934e-05, -5.56959989e-04,  5.09834918e-04,  1.91282303e-04,
       -1.42459295e-07,  4.87623590e-04, -7.44436776e-05, -2.95559950e-05,
        4.36882061e-06,  5.31329350e-07, -1.45097948e-01,  7.93514179e-02,
        3.80813813e-02, -7.02080223e-02,  5.80641814e-02, -8.73274592e-03,
        1.05238856e-02, -5.83522713e-03,  5.68384013e-03, -1.11878163e-02,
        1.13409711e-02,  1.60492123e-03,  2.89281003e-03,  8.32255738e-04,
        3.28861447e-03, -1.36498321e-04, -1.24894669e-04,  8.55422747e-04,
       -2.92156028e-04, -7.70949774e-06, -1.37340039e-04, -3.93042966e-05,
       -2.10783383e-04,  4.16739840e-05,  1.61386969e-06, -1.41395381e+00,
        2.36111254e-01,  6.71938058e-02, -5.58355325e-02,  3.25901211e-01,
        3.99819891e-03, -4.44026960e-03,  6.31267017e-03, -5.64578738e-03,
       -5.61065431e-02, -3.16640425e-03, -4.40321469e-04,  3.31945653e-03,
       -1.00109227e-02,  3.15364130e-03, -1.37352337e-04,  1.25489266e-03,
        3.24280613e-05, -6.82702476e-04,  1.06935131e-06,  1.38943754e-03,
       -2.92506617e-04, -5.75957547e-04,  5.20692666e-05, -2.93315065e-06,
       -2.19151232e+00, -3.62610115e-01,  1.28734357e-02,  6.72321194e-02,
        8.50828478e-03,  5.98772335e-02,  1.29881825e-03,  7.39265307e-03,
       -1.29230730e-02,  4.52233742e-04,  1.08714081e-03,  1.62398017e-02,
       -2.52592238e-05,  2.96479281e-04,  1.50501590e-03, -2.25161464e-03,
        2.37015518e-06,  3.77537579e-05,  4.34236115e-04,  1.40422537e-03,
       -1.25513233e+00,  9.14290131e-02,  6.57946794e-02, -3.01584098e-03,
        2.14759522e-02,  5.07109545e-02,  4.84564648e-03,  1.22789653e-02,
        1.39794683e-02, -9.62209627e-05, -8.07543537e-03,  4.63814152e-03,
        8.36192044e-06, -5.49854888e-04, -7.50066846e-04,  9.38426219e-04,
       -2.11018435e-07, -1.08650646e-04, -1.59028730e-04,  3.20630639e-04,
       -2.42900058e-01,  5.51820757e-02,  2.15887875e-02,  1.12334546e-02,
       -5.41305305e-03,  1.30854371e-02, -1.75047258e-04, -9.46143788e-03,
       -3.72651868e-03, -1.35227595e-04, -1.10047484e-03,  5.07165819e-03,
        1.33529621e-05, -3.74789260e-05, -4.36252010e-04,  2.24705543e-04,
       -2.78839241e-06, -6.72378829e-05,  1.88445592e-05, -4.38851318e-04,
       -3.21308476e-02,  7.91853141e-03, -8.84700545e-03, -3.34110241e-05,
       -2.68000783e-03,  1.36564609e-02,  1.57912482e-03,  4.85963899e-03,
        3.00418758e-03, -1.30741375e-04, -9.17012231e-05, -4.87040968e-03,
       -1.29212838e-06, -4.04176896e-04, -5.98339735e-04,  1.42428937e-03,
       -9.65354071e-07,  1.01785529e-04, -1.77239515e-04,  3.86167632e-05,
       -3.12432828e-03, -4.49471210e-03,  4.35413203e-04,  3.66776078e-03,
       -1.94411254e-03,  4.02705074e-03,  1.67016926e-04, -8.35761959e-04,
       -1.57528511e-03,  3.20146859e-05,  1.58130419e-03,  7.54644375e-04,
       -9.60479351e-07, -6.81673530e-06, -9.34974163e-05,  2.72938278e-04,
        3.79900140e-07, -8.71617593e-06, -2.68367125e-05, -2.46684500e-04,
       -5.98880780e-04, -1.80377827e-03, -1.76420244e-03,  4.79385049e-04,
       -1.60140044e-05,  2.27535670e-03,  2.03553058e-04,  1.89052528e-03,
        4.31214993e-05,  1.89691102e-05, -9.09560484e-05, -6.79374733e-04,
       -1.02689923e-06, -1.63504155e-04, -1.00970787e-04,  1.10124870e-04,
       -2.71825669e-08,  7.29509985e-06,  2.16698457e-05,  1.03095806e-04,
       -3.13379786e-04, -9.62998209e-04, -3.26064273e-04,  2.84974747e-04,
       -8.19734122e-05,  7.38602036e-04, -7.15081417e-05,  3.11372795e-04,
        9.13636261e-06, -2.88142779e-06,  1.13336336e-04,  2.58575660e-04,
       -3.68405813e-09,  7.14038158e-05,  1.40776399e-05,  1.85509195e-05,
        1.18892031e-07, -2.94750687e-06, -3.39830775e-05, -3.67852992e-05,
       -5.30898715e-05, -1.29421425e-04, -1.03382616e-05,  3.56734118e-05,
        1.65508980e-04,  1.72038787e-04,  3.64839399e-05,  2.26959041e-05,
        2.35740690e-05,  6.69841235e-06, -1.70666103e-04, -4.26061274e-05,
       -7.77064280e-07, -3.68255787e-05, -1.25929934e-05, -6.25993215e-06,
        1.87579844e-07, -6.78479505e-06,  5.44458886e-06, -8.22787499e-08,
       -6.29691243e-06, -1.03737685e-05,  2.58809020e-05,  1.06223235e-06,
        2.84822347e-05,  1.96554597e-05,  5.39543950e-06, -2.20599026e-05,
       -4.20374437e-06,  1.93016196e-06, -2.68788109e-05, -1.39796673e-05,
       -1.20721454e-08, -5.39643872e-06, -3.81989877e-06,  9.44148836e-06,
       -1.34574245e-08, -1.89313629e-06, -1.59360068e-06,  4.67713172e-06],      dtype=float64),
                   'Za_n': Array([ 1.51462928e-05,  5.84068477e-06,  5.18596260e-05, -9.63346731e-05,
       -1.78948618e-03, -1.93207635e-02, -1.75685594e-01, -1.48751790e+00],      dtype=float64),
                   'Zb_lmn': Array([-3.05394012e-08, -6.16440230e-10, -7.49578132e-09,  3.33702675e-08,
       -6.62745854e-09,  9.20473031e-09,  5.00177700e-08, -3.86465617e-08,
        6.67861106e-10,  1.90432648e-07,  8.24940233e-08, -8.49796072e-08,
       -1.16579239e-07, -1.48993742e-07, -1.25934160e-07,  3.71714698e-07,
       -6.49721796e-07,  1.01218931e-07, -1.23135648e-06,  1.83667705e-05,
        3.37032557e-06,  9.74814215e-07, -8.31528242e-07,  3.34634933e-06,
       -4.83813787e-06, -3.01711788e-08, -2.18333742e-07, -2.09396474e-05,
       -2.59492827e-05, -6.68513960e-06,  5.24434974e-05,  1.03029234e-04,
       -2.82980800e-05, -3.83238094e-05,  1.90132278e-06,  1.69259584e-07,
        2.80936551e-04, -3.21892639e-04, -4.76722769e-04,  1.13978449e-03,
        4.25029798e-04, -1.68181270e-04, -6.62850517e-05,  2.78214779e-06,
       -7.97767962e-07, -2.94686845e-04,  1.19262709e-02, -1.89536804e-02,
        9.53640777e-03,  3.01211882e-03, -1.32816316e-03, -6.70847727e-05,
       -1.42459295e-07,  5.31329350e-07, -9.37372114e-02,  1.26102888e-01,
       -7.52502980e-02,  3.46364790e-03,  8.76167122e-03,  1.31276520e-03,
       -9.48243369e-05, -7.70949774e-06,  1.61386969e-06, -1.34649137e+00,
        5.07160815e-01, -5.98262916e-02,  8.64222715e-04, -3.06810363e-03,
       -1.12302394e-03, -8.52830707e-05,  1.06935131e-06, -2.93315065e-06,
        2.37015518e-06, -2.52592238e-05,  4.89987500e-04,  1.59529753e-03,
        1.00296617e-02,  2.17711046e-02, -2.85088855e-01, -2.13945489e+00,
       -2.11018435e-07,  8.36192044e-06, -2.04871609e-04,  4.29579159e-03,
        1.32414881e-02,  7.73235778e-02,  1.47098740e-01, -1.24323027e+00,
       -2.78839241e-06,  1.33529621e-05, -2.02465478e-04, -2.12526185e-04,
       -6.49468332e-03,  1.16910976e-02,  7.29003197e-02, -2.35168417e-01,
       -9.65354071e-07, -1.29212838e-06, -2.89558459e-05,  1.17494793e-03,
       -2.94894857e-03, -4.58570620e-03,  1.67431994e-02, -2.77357817e-02,
        3.79900140e-07, -9.60479351e-07,  2.32985099e-05,  1.60200190e-04,
       -3.89645056e-04, -4.93846172e-04,  4.02985190e-05, -7.58914330e-04,
       -2.71825669e-08, -1.02689923e-06,  2.62642100e-05,  4.00489023e-05,
       -8.53002071e-05,  2.53520508e-05, -1.04700498e-04,  3.37506386e-05,
        1.18892031e-07, -3.68405813e-09, -5.82893466e-06, -1.04325939e-07,
       -2.62015330e-06, -6.13837981e-07, -2.60581316e-06, -7.17757097e-07,
        1.87579844e-07, -7.77064280e-07, -8.63826943e-08, -3.41638844e-07,
        2.87466442e-07, -2.35350915e-07, -7.10445689e-08, -1.02322940e-07,
       -1.34574245e-08, -1.20721454e-08,  3.70256651e-08, -9.99218583e-10,
        9.82317966e-09,  1.10056177e-09, -2.08444139e-08,  3.06390232e-09],      dtype=float64),
                   'Zeff_l': Array([0.84529066, 0.18646053, 0.08426405, 0.07759753, 0.06557405],      dtype=float64),
                   'a_lmn': Array([], shape=(0,), dtype=float64),
                   'c_l': Array([0., 0., 0., 0., 0.], dtype=float64),
                   'i_l': Array([], shape=(0,), dtype=float64),
                   'ne_l': Array([ 1.57323649e+20, -4.32088687e-21, -3.97496312e-21, -3.50174543e-21,
       -3.30926023e-21, -4.04835903e+20], dtype=float64),
                   'ni_l': Array([], shape=(0,), dtype=float64),
                   'p_l': Array([], shape=(0,), dtype=float64)}],
               [ { 'G': Array([], shape=(0,), dtype=float64),
                   'I': Array([], shape=(0,), dtype=float64),
                   'L_lmn': Array([ 6.15545066e-07,  2.88281475e-05,  8.68181997e-06, -2.03517500e-05,
       -2.60157181e-05, -1.85690605e-05, -1.07134786e-05,  2.54696734e-05,
        1.80397146e-06, -1.77234465e-05,  1.14919824e-05,  2.45906967e-05,
        2.70703039e-06, -1.09244473e-05, -1.31394839e-05,  1.45521599e-05,
        1.58396272e-05, -9.15245654e-06, -2.82596807e-06, -2.92429920e-06,
       -1.74818822e-05,  4.73619429e-06,  1.11201885e-05,  6.39651572e-06,
        3.47392786e-06,  7.42115851e-05, -6.84556001e-05, -3.82675326e-05,
        8.62703666e-05,  6.10154867e-05,  3.44570657e-05, -6.24497372e-05,
       -1.14035191e-04, -4.29603498e-06,  5.08731045e-05, -1.18102302e-05,
       -1.39885548e-05,  1.32444752e-05,  5.95982841e-05, -1.90242304e-06,
        8.38054534e-05, -2.63524942e-05, -5.34704122e-05, -6.59846013e-05,
        3.67356169e-06,  1.35843161e-05, -4.88803023e-06, -3.65396113e-05,
       -2.54462371e-05, -1.90978384e-05, -1.10074161e-04, -2.66053615e-04,
       -2.60554216e-04, -1.42376488e-04,  3.54817447e-04, -9.44497959e-05,
        3.49556460e-04,  1.64591068e-04,  2.01627126e-05, -3.33348281e-04,
       -4.47693678e-05, -7.64973513e-05,  5.84609180e-05,  6.55716081e-05,
       -1.86619781e-04, -1.09573217e-04,  2.26976010e-04,  1.33563407e-04,
        1.11547733e-04,  6.63451373e-05, -7.11800335e-05, -3.69880431e-05,
        3.42725860e-05,  5.45913609e-05,  1.94055454e-05, -1.17665639e-04,
       -1.31377031e-03,  4.80718513e-04, -4.71385907e-04,  1.34555873e-03,
        3.70404337e-04, -6.29902319e-04, -1.69066592e-04, -2.71562943e-04,
        3.52224471e-04, -6.37450749e-07, -7.08302934e-05,  1.72671033e-04,
        5.45388414e-04,  3.81769754e-04,  1.03512083e-04, -1.58794137e-04,
       -2.03836685e-04, -2.21211536e-04,  1.73983112e-05,  5.74633484e-05,
       -1.42933658e-04, -1.25913158e-04, -5.86854509e-05, -5.32000615e-05,
        4.12591226e-04,  3.03100149e-03,  3.21945132e-04, -1.11220903e-03,
       -3.39959730e-03, -1.10553049e-03,  1.31087128e-04,  3.25105089e-03,
        1.10686850e-03, -1.55435584e-04, -5.15042482e-04,  3.97245179e-04,
       -6.02233182e-04, -1.82785996e-03, -6.99512688e-04, -2.36981187e-04,
        2.35870359e-04,  1.03182454e-04,  1.72808291e-04,  8.68688681e-05,
        2.34869081e-04,  4.95158346e-04,  3.38441035e-04,  4.76213529e-05,
        4.06066115e-05,  1.92453270e-02,  3.15315806e-03, -1.53690550e-02,
        1.89132995e-03,  6.32620786e-03,  1.98842786e-03, -2.78276315e-03,
       -6.14719179e-03, -4.52256851e-03, -5.78148732e-03,  1.38578376e-03,
       -5.08885556e-04, -4.64113160e-04,  5.03024758e-05,  1.09288090e-03,
        1.52715415e-03, -1.93212185e-05, -1.90458367e-03,  1.33834865e-04,
       -3.27715011e-04, -5.68544320e-05, -8.28686463e-04, -4.06980503e-04,
       -1.03755107e-04, -1.56946091e-04, -1.52520153e-02, -1.38651505e-02,
        2.10596016e-02,  7.20020333e-03,  1.01802803e-03,  1.41116335e-03,
       -1.40678028e-03,  2.59716015e-03,  9.62234057e-03, -8.71277284e-03,
       -2.66638427e-03,  1.79556046e-03,  9.31122933e-04,  2.46303965e-03,
       -3.82644052e-03,  1.35752834e-03, -3.22325141e-03,  5.43605267e-05,
       -4.43750545e-04,  3.13085044e-05,  1.20294259e-03, -1.09333839e-03,
       -9.49334726e-04, -1.58603871e-04, -4.60720853e-05,  2.23341228e-01,
       -1.04621373e-01, -2.45500528e-01,  9.82272489e-03,  7.35517540e-02,
       -1.65366203e-02,  3.12312922e-02, -2.78092184e-02, -1.87575686e-02,
       -7.45651340e-02, -1.07381747e-02, -1.91125237e-03, -5.13160306e-03,
       -1.03463470e-02,  4.35509813e-03,  1.45673716e-03,  3.77678003e-02,
        8.31982046e-03,  4.68293300e-04, -5.22044864e-05,  8.22261321e-03,
        3.26035660e-03, -1.03830689e-04, -4.75108519e-05, -6.61351459e-05,
        2.47311864e-01, -3.16237131e-02,  1.79576804e-02,  3.83381148e-01,
       -3.61736481e-03,  5.44528380e-02, -4.64840964e-03, -1.48387480e-02,
       -1.48329427e-01, -1.41892048e-03, -1.87487411e-03, -9.85558614e-03,
       -2.32004562e-04, -3.38872571e-04, -4.79095536e-04, -2.65591495e-02,
        1.68945286e-06, -1.99911286e-04,  1.35508431e-04, -3.21772974e-03,
       -1.74892372e-01, -3.17108173e-02,  1.22491459e-03,  6.11530735e-02,
        1.20463924e-02, -1.05952765e-02,  1.41785314e-03,  5.77273969e-03,
       -2.97194492e-03, -1.22638027e-03, -3.92148156e-03,  1.50282181e-02,
        6.13006101e-04,  1.22415124e-03, -5.03267629e-03, -1.33391825e-02,
        3.09071635e-04,  3.99782383e-05,  1.24244445e-03,  4.11999106e-04,
        2.79949745e-02, -1.42140116e-02,  2.33326058e-03, -1.33236684e-03,
       -1.03151682e-02, -4.39750061e-03, -4.30949156e-04, -2.88454040e-03,
       -3.40294846e-03, -1.06324662e-03,  6.24286956e-03, -4.69416419e-04,
       -1.67281979e-04, -2.98067943e-04,  2.02654106e-04,  3.84265989e-03,
        1.81822475e-05, -3.00299776e-04, -3.44119915e-04, -7.77757812e-04,
        4.16518053e-03,  5.56743492e-03, -3.27888902e-03, -1.02550723e-02,
        5.36485243e-03,  2.77216964e-04,  6.31708351e-04,  1.46219231e-03,
        3.46789161e-03, -1.54423988e-03, -2.17674979e-03, -3.65494742e-03,
        2.83440765e-04, -5.65268517e-04,  9.33469556e-04, -1.54947207e-03,
        1.72515240e-04,  1.08313913e-04,  5.88015961e-04,  1.24419788e-03,
        3.18686548e-04, -8.90809456e-04,  2.65058079e-03,  1.79408282e-03,
       -1.44289713e-03, -3.02748388e-04, -4.51656227e-04, -1.66302093e-03,
       -2.40047490e-03,  3.02401080e-04,  1.13114687e-03,  7.49234483e-04,
       -6.08377522e-05, -6.82367833e-05,  3.02888736e-04,  3.61714454e-04,
       -4.27524086e-05, -6.16066869e-05, -6.46592656e-04, -5.97448983e-04,
        1.23598702e-03,  1.24653838e-03, -9.21885423e-04, -1.67347520e-03,
        2.81516318e-04, -7.31156751e-04,  9.63518863e-05,  6.07578616e-04,
        3.12527503e-04, -1.80422845e-05, -4.83586929e-04, -5.69044050e-04,
        1.39290978e-06,  1.89859971e-04,  8.34935491e-06, -5.82680003e-05,
        5.28829724e-05,  5.06067934e-05,  1.76244484e-04,  2.31693660e-04,
        2.28839335e-04,  2.29115270e-06,  2.42014557e-04, -6.65546550e-05,
       -4.53975379e-06, -4.57653180e-05,  7.73516715e-05, -1.50421514e-04,
       -1.66704924e-04,  1.05513014e-04,  1.13212084e-04,  4.19445408e-05,
       -7.55022163e-05, -1.24820605e-04, -1.46912368e-04, -2.29538258e-05,
       -2.69860924e-05, -5.18223040e-05, -9.57880568e-05, -1.35826298e-04,
       -1.07984804e-05, -1.03387023e-04, -1.16102446e-04, -5.52411316e-05,
        1.73725385e-05,  9.52561231e-05,  2.06145519e-06,  8.92871315e-05,
        5.14058714e-05, -7.66702614e-05, -3.28648387e-05, -2.93537038e-05,
       -2.55772898e-06,  6.64079502e-05,  3.97445102e-05, -1.93136478e-05,
        1.97456517e-05,  2.27002312e-05,  4.97531318e-05,  3.18757549e-05,
        1.91363647e-05,  3.29055857e-05,  1.35969126e-05, -2.04655711e-05,
       -7.20171692e-06, -4.16871789e-05, -2.45127989e-05,  1.83657872e-06,
        7.35237220e-06, -1.39441390e-05,  1.76490199e-05,  5.62876186e-06,
        3.03704042e-06,  2.20881856e-06, -7.28929588e-06, -3.37648141e-06,
       -3.98484385e-06, -5.65460561e-06, -1.60946535e-05, -1.03239960e-05],      dtype=float64),
                   'Phi_mn': Array([], shape=(0,), dtype=float64),
                   'Psi': Array([50.20413129], dtype=float64),
                   'R_lmn': Array([ 1.32923408e-06, -2.71858028e-05,  2.82747537e-05, -6.26205833e-06,
        5.83128535e-05,  5.17678637e-05,  1.02552007e-05, -1.42280763e-05,
       -4.26740925e-07,  8.95990530e-07, -4.57499684e-05, -3.12437845e-05,
       -2.01436610e-08, -1.02556451e-05, -1.40076162e-05,  5.40985817e-06,
       -7.36358192e-09, -9.20074908e-07, -1.25801609e-05,  6.67352715e-06,
       -1.41923701e-04, -2.25604357e-04, -4.00905197e-05,  1.12520860e-04,
       -7.67361831e-06,  2.44634994e-04, -6.84010931e-05,  8.35329407e-06,
        4.81632184e-05, -1.57303569e-05, -2.18377947e-05,  1.85948027e-05,
       -3.36114096e-07,  6.90117134e-05,  3.18463252e-05, -1.85335882e-05,
        3.95592910e-08,  1.60661769e-05,  2.93596884e-05, -3.74308353e-05,
       -1.49587901e-05, -3.84342754e-04, -5.06509036e-04,  1.16476196e-04,
        1.56535067e-04,  3.68039845e-04,  7.82018346e-05,  6.35362301e-04,
       -5.45068008e-05,  3.88844607e-05, -6.05757790e-05, -3.60415198e-05,
        1.84504296e-06, -8.51076242e-05, -1.18774007e-04, -3.92614546e-05,
       -2.62397635e-07, -2.63105410e-05, -9.08086516e-05,  4.17386967e-05,
        8.35690272e-05, -1.19173648e-03,  5.18644174e-04,  4.18177152e-04,
       -2.20806389e-04,  8.33865452e-04,  9.59216408e-05, -8.50252783e-04,
       -5.75788704e-04, -7.40929265e-05,  2.20944627e-04,  3.09894628e-04,
        1.34612715e-06, -4.18719237e-05,  5.02212863e-05,  1.46373107e-04,
        1.79961820e-07,  6.86751709e-05,  1.11203519e-04, -1.60687182e-05,
       -1.77218874e-03, -1.71998915e-03, -7.15848203e-04, -1.60537295e-03,
       -1.83956951e-03,  2.89673610e-03,  1.26956132e-03,  9.36933174e-04,
        2.13449436e-03,  1.14957248e-04,  6.27467542e-04, -8.96271352e-04,
        7.07657372e-06, -3.79354372e-04, -1.78722949e-04,  1.22552137e-04,
        4.11316250e-07, -1.14100874e-04, -1.66743668e-04, -2.07330178e-04,
       -4.60089845e-02, -1.09828908e-02,  2.77287942e-03,  2.35435174e-02,
        8.38353612e-04,  1.93819584e-02, -5.54096445e-04,  9.58117497e-05,
       -4.49274646e-04, -1.77787099e-04, -1.43517546e-03, -9.72318436e-04,
        1.03017812e-06,  2.57401878e-04,  2.63745557e-04,  1.22107632e-03,
        7.85516721e-07,  8.23369158e-05, -1.88865668e-05, -1.74260840e-04,
       -2.32528663e-01,  1.28734561e-01, -1.14749549e-02, -5.84237038e-02,
        3.12374136e-04,  3.39854341e-03,  2.52580828e-03,  1.22212218e-03,
        9.88278857e-03,  2.69470096e-06, -8.79419519e-04,  5.77132475e-03,
       -4.82588348e-06, -1.08149046e-04, -1.85018225e-03, -1.54496462e-03,
        3.12576019e-07, -2.79778594e-05,  6.59633657e-04,  2.61089834e-04,
       -1.64861050e+00, -4.59990380e-02,  8.06893585e-02,  1.95489498e-01,
       -3.55110814e-03,  1.09944387e-01, -4.69903410e-03, -3.56291257e-03,
       -1.49470534e-02,  3.89152832e-04, -6.15828843e-04, -1.33348209e-03,
        4.14032483e-06,  2.88905889e-04, -1.87536669e-03,  2.51311515e-03,
        5.33933641e-07,  6.15188758e-05, -2.25047258e-04, -9.50817199e-04,
        1.00808988e+01,  1.54139427e+00, -2.92789262e-01,  3.86533553e-01,
        1.66239510e-01, -8.61134968e-03,  1.09478156e-01, -4.18048311e-02,
       -1.84319798e-02, -1.95904585e-02, -1.96839067e-02,  3.47793868e-04,
       -1.31556604e-03, -1.44135538e-02, -1.53728643e-03, -1.54682013e-04,
        5.36491355e-03, -1.24737665e-03, -6.32079906e-04, -1.07589229e-05,
        2.02332242e-04, -8.19134868e-04, -3.89794168e-04, -6.14609522e-05,
       -1.37361371e-06,  1.89733063e+00, -7.44035553e-01,  6.98551736e-02,
        1.68703796e-02, -2.94838781e-02,  2.57407644e-02, -3.82065681e-02,
        2.82665799e-02, -1.47505803e-02,  1.51153624e-02, -7.83854097e-03,
       -3.73007737e-03,  8.19221310e-04,  3.78317384e-03,  4.90688436e-03,
       -2.64427825e-05, -6.37123366e-04,  1.64335220e-03,  9.79904002e-04,
       -1.86566355e-05, -1.08029739e-03, -4.05669715e-04,  3.07934716e-04,
        2.51117880e-04, -1.85142547e-06,  1.42358704e-01, -6.97037149e-02,
       -4.69576020e-02,  1.33697984e-01, -1.05032428e-01, -2.26446774e-02,
        4.07550042e-03,  4.78117627e-03, -9.08689063e-04,  2.67844936e-02,
        1.27671930e-03,  1.27157690e-03,  3.39495134e-04,  5.48042209e-03,
       -3.36238020e-03,  9.74815756e-05, -2.98912786e-03, -2.95594147e-03,
       -3.47404255e-05, -1.74821004e-05,  5.95977293e-05, -2.48912449e-04,
        5.26193978e-04,  9.45377159e-05,  1.09196208e-06,  9.50838925e-03,
       -1.05537617e-02, -8.57128071e-03,  5.36370498e-03,  1.33161875e-04,
        5.35261262e-03,  5.95911384e-04,  5.86874779e-03,  6.59630028e-04,
        1.62184467e-03, -7.79251703e-03, -8.72110423e-04, -1.75636359e-03,
       -3.04755497e-03, -1.65236928e-03,  1.20593982e-04,  1.59695133e-03,
        6.87779995e-04,  5.72361489e-04, -1.45488924e-06, -2.95506653e-04,
        4.42151398e-04,  2.20517348e-04, -9.70656098e-05,  1.32472812e-06,
        1.38903136e-03,  1.21910469e-02, -1.40168162e-03,  2.71344410e-03,
       -1.29129028e-02,  2.38249691e-04, -4.37307995e-04, -2.20171220e-03,
       -1.23604578e-03,  3.38610436e-04, -1.12846548e-03,  1.28925716e-03,
        4.60464880e-04,  5.57693592e-04, -1.44379924e-04,  5.89908544e-05,
        1.08177036e-04,  6.58595026e-05, -3.66494863e-04,  2.05072494e-06,
       -1.09807641e-04, -2.67480461e-04, -2.09203093e-05, -6.60182007e-05,
        1.48360610e-06,  3.19501181e-04,  1.12847129e-03, -2.37416541e-04,
        1.38505739e-03, -3.55521797e-04,  6.90835820e-04, -3.18089814e-04,
       -1.76520971e-03, -2.07984273e-04, -4.83071321e-04, -1.14851183e-03,
       -4.45337287e-05,  1.52069617e-04,  3.62649942e-04,  1.36643472e-04,
       -4.44206862e-05, -1.77350821e-04,  1.24888528e-04,  1.10647422e-04,
        3.39697711e-06,  8.14091820e-05,  3.81474963e-05,  1.51777186e-04,
        6.42669550e-05, -7.05269840e-07, -9.38121335e-05,  1.33258045e-04,
       -2.50105281e-05, -3.76340318e-04, -1.61371721e-04, -2.22217334e-04,
        1.25710661e-04,  3.23982547e-04,  2.11657209e-04, -8.15720553e-05,
        3.10884587e-04,  1.31943382e-04,  1.64127808e-05,  1.82679724e-06,
       -1.42077798e-04,  5.06642210e-05,  1.04717623e-04, -8.05022596e-05,
       -1.31698107e-04, -8.36948885e-08, -1.82419019e-05,  3.75872698e-05,
       -6.09771299e-05, -3.73938812e-05, -3.01173574e-08, -8.05934554e-05,
       -1.24516607e-04,  9.83559299e-05, -7.37163816e-05,  5.38302528e-05,
       -6.63568770e-05,  3.48954673e-05,  7.11909407e-05, -1.24514042e-05,
        1.13189461e-04, -5.93488028e-06, -6.92037198e-05, -9.39785103e-05,
        1.72072412e-05, -3.56512122e-05, -1.98592236e-05, -4.24319204e-05,
        7.22702433e-05,  6.88414463e-05,  3.10595556e-07,  4.15175655e-05,
       -1.47312762e-05,  4.82312435e-05,  2.03360212e-05, -4.36903764e-07,
       -3.98542602e-05, -7.32341944e-07, -4.51756214e-06, -3.28026606e-05,
       -2.84480627e-05,  6.86466700e-05,  4.66132507e-05,  3.26569460e-05,
        4.60249143e-05,  1.03329020e-05, -7.04377775e-05,  1.77895762e-05,
        7.72695030e-06,  9.44354680e-06, -3.67867425e-05,  9.60762565e-07,
        1.88308174e-05,  1.81604597e-06, -1.77647309e-05, -2.31279196e-08,
       -9.95317916e-06, -9.30316084e-06, -9.25275864e-06, -9.02891538e-07,
       -5.00079178e-08], dtype=float64),
                   'Ra_n': Array([ 1.04846841e+01,  1.78736937e+00,  1.93111909e-01,  2.01364383e-02,
        1.78313247e-03,  1.68167473e-04,  2.22543733e-05, -8.55784222e-06,
       -6.40357682e-06], dtype=float64),
                   'Rb_lmn': Array([-7.36358192e-09, -2.01436610e-08, -2.40843781e-08, -4.44338448e-10,
       -1.72757938e-08,  3.90612572e-08,  1.18035005e-08,  5.02929924e-08,
        3.95592910e-08, -3.36114096e-07,  3.35820069e-07,  6.10620294e-07,
       -1.51724660e-07,  1.09099560e-07,  1.94604883e-07,  2.26789652e-07,
       -2.62397635e-07,  1.84504296e-06,  1.25739197e-05, -6.90578965e-06,
        5.15063641e-06,  1.00792585e-05, -1.06057320e-05,  7.74915011e-06,
        1.79961820e-07,  1.34612715e-06, -5.41775560e-06,  5.40497170e-05,
        1.11341758e-04, -2.81387322e-04, -6.40451225e-05,  7.23305824e-05,
        4.11316250e-07,  7.07657372e-06,  8.56374257e-07,  8.90206946e-04,
       -1.37884564e-03,  4.23620218e-05,  7.31454182e-05, -1.12051519e-03,
        7.85516721e-07,  1.03017812e-06, -9.54501828e-05, -2.96694567e-04,
       -6.15708417e-04,  3.13243673e-03,  7.25248826e-03, -2.16936654e-02,
        3.12576019e-07, -4.82588348e-06, -2.52831585e-05,  2.41765923e-03,
        9.25882742e-05, -1.21030149e-02,  1.38165519e-01, -2.82614543e-01,
        5.33933641e-07,  4.14032483e-06,  4.50671708e-04, -4.41012821e-03,
       -4.39198424e-03,  7.52510793e-02,  6.16610498e-02, -1.46555494e+00,
        9.89647447e+00,  1.69340824e+00,  3.29496033e-01, -2.95426330e-02,
       -2.03590604e-02, -2.84286038e-04, -2.16142965e-04, -1.07589229e-05,
       -1.37361371e-06,  1.92871816e+00, -7.59041192e-01,  4.85144636e-02,
        1.95455756e-02, -9.53576118e-03, -2.75017337e-03,  2.24675097e-04,
       -1.86566355e-05, -1.85142547e-06,  9.98756952e-02, -1.50940777e-01,
        1.43710670e-01, -2.43238996e-02, -3.74487528e-03,  1.23683648e-03,
        1.92019291e-04, -1.74821004e-05,  1.09196208e-06, -5.18850315e-04,
       -7.20180380e-03,  8.62704920e-03, -1.75212442e-03, -7.72221907e-04,
       -2.99748934e-04,  2.35283718e-05, -1.45488924e-06,  1.32472812e-06,
       -9.93010230e-05, -2.75068359e-04,  8.01945023e-04, -8.24356286e-04,
       -1.40134601e-03,  9.22762297e-04, -7.02734631e-06,  2.05072494e-06,
        1.48360610e-06, -2.52637552e-06,  1.12527355e-04,  2.06451177e-05,
       -3.32787481e-04,  8.04363847e-05,  6.61136937e-05,  1.98462689e-05,
        3.39697711e-06, -7.05269840e-07,  5.05887874e-06, -4.96810757e-06,
       -1.29437034e-05,  8.16499344e-06,  8.60228182e-06,  2.45274464e-07,
        1.32703399e-05, -8.36948885e-08, -3.01173574e-08,  1.96996909e-07,
        7.11861137e-08, -4.94758800e-08, -2.15140611e-08,  1.28627083e-07,
       -3.62273516e-07,  4.76797582e-07,  3.10595556e-07, -4.36903764e-07,
        1.51994928e-08, -1.66853412e-08, -5.32862302e-09,  2.49384079e-08,
       -1.45868349e-08,  2.48452998e-08,  5.78710267e-08, -2.31279196e-08,
       -5.00079178e-08], dtype=float64),
                   'Te_l': Array([  2792.68914278, -11474.19753593,  -1829.3128243 ,  -1032.16353714,
          -43.82546818], dtype=float64),
                   'Ti_l': Array([  1271.39543306, -12867.6522597 ,  -2671.92124416,  -1136.0188134 ,
         -107.31951029], dtype=float64),
                   'Z_lmn': Array([ 1.94192974e-05,  6.99052957e-07, -5.74384088e-06, -1.74548851e-06,
        2.01422918e-05, -4.62057711e-05, -1.12613883e-05,  1.30395959e-06,
       -2.41169495e-05, -1.64632356e-06,  5.30470268e-05, -1.13251545e-05,
       -1.84457520e-06,  9.58021650e-07,  2.08198219e-05, -2.41315985e-06,
       -1.91956377e-05, -6.80788539e-06,  1.13343592e-05, -3.86465617e-08,
       -6.00032382e-07, -5.23988513e-07,  3.29050020e-06,  2.46317762e-06,
        6.67861106e-10,  1.11228983e-04, -1.04613393e-05, -2.06118703e-05,
        1.27251639e-04,  9.98619448e-05, -2.62646501e-05, -1.13013681e-04,
       -1.26691712e-04, -1.19167633e-04, -7.24633144e-05,  6.91621788e-05,
       -5.01149468e-05,  1.77867443e-05, -2.67094415e-05,  1.39107934e-04,
        6.44495597e-07, -1.68547971e-05, -4.30141079e-05,  4.99890127e-05,
       -6.49721796e-07,  4.80025652e-06,  2.60645352e-05, -2.00892948e-05,
       -2.72780899e-07,  1.01218931e-07,  3.01794194e-04,  4.72845137e-04,
       -1.82969320e-04,  5.79846669e-04, -1.36084737e-04,  2.15813863e-04,
       -2.12839475e-04, -3.54847800e-04,  2.34383792e-05, -3.26797067e-04,
       -8.22908277e-05,  2.58133836e-05,  1.56423829e-04, -1.84747671e-04,
       -2.90311426e-05,  2.28962920e-06,  8.40343762e-06, -1.32548221e-04,
       -2.24670343e-05, -3.01711788e-08, -6.36405843e-05, -3.68808726e-05,
        4.76123514e-06, -7.12776708e-06, -2.18333742e-07,  2.01210155e-04,
       -1.48607833e-03,  9.36113917e-05,  5.13976055e-04,  1.07618930e-03,
        1.10280052e-03, -3.21400797e-04, -8.44417129e-04,  8.25386117e-05,
        4.36234889e-04, -9.91107665e-04, -1.58410602e-04, -5.59138789e-05,
        3.46326058e-04,  6.78203344e-05, -7.97217329e-06, -5.22951443e-05,
       -5.92493567e-05,  1.30112522e-04,  1.90132278e-06,  6.15534812e-05,
       -2.25701235e-05, -4.73297124e-05, -3.03516361e-05,  1.69259584e-07,
       -2.82852398e-03, -9.46855727e-03,  1.12713445e-03, -3.81910241e-03,
        6.88425139e-03, -4.07391450e-04,  2.21296698e-03,  4.33152487e-03,
        1.34713700e-03,  1.91698988e-03,  1.81397168e-03, -1.24479382e-04,
       -9.19230851e-05, -9.82195425e-04, -8.85338640e-04, -2.66025314e-05,
        3.45423366e-04, -2.66795742e-04, -4.37018889e-05,  2.78214779e-06,
       -1.38717816e-04, -6.94980396e-06, -3.67685583e-05, -3.96825204e-05,
       -7.97767962e-07, -1.17636020e-02, -2.65065584e-02,  7.83762603e-03,
       -2.51562143e-02,  3.69726162e-02,  3.60293514e-03,  1.46825329e-03,
        2.65925325e-03,  2.53067377e-03,  2.01717312e-03,  5.42363771e-03,
       -1.51944547e-03,  1.67541228e-03,  3.61772434e-03,  5.11001045e-04,
       -7.14535934e-05, -5.56959989e-04,  5.09834918e-04,  1.91282303e-04,
       -1.42459295e-07,  4.87623590e-04, -7.44436776e-05, -2.95559950e-05,
        4.36882061e-06,  5.31329350e-07, -1.45097948e-01,  7.93514179e-02,
        3.80813813e-02, -7.02080223e-02,  5.80641814e-02, -8.73274592e-03,
        1.05238856e-02, -5.83522713e-03,  5.68384013e-03, -1.11878163e-02,
        1.13409711e-02,  1.60492123e-03,  2.89281003e-03,  8.32255738e-04,
        3.28861447e-03, -1.36498321e-04, -1.24894669e-04,  8.55422747e-04,
       -2.92156028e-04, -7.70949774e-06, -1.37340039e-04, -3.93042966e-05,
       -2.10783383e-04,  4.16739840e-05,  1.61386969e-06, -1.41395381e+00,
        2.36111254e-01,  6.71938058e-02, -5.58355325e-02,  3.25901211e-01,
        3.99819891e-03, -4.44026960e-03,  6.31267017e-03, -5.64578738e-03,
       -5.61065431e-02, -3.16640425e-03, -4.40321469e-04,  3.31945653e-03,
       -1.00109227e-02,  3.15364130e-03, -1.37352337e-04,  1.25489266e-03,
        3.24280613e-05, -6.82702476e-04,  1.06935131e-06,  1.38943754e-03,
       -2.92506617e-04, -5.75957547e-04,  5.20692666e-05, -2.93315065e-06,
       -2.19151232e+00, -3.62610115e-01,  1.28734357e-02,  6.72321194e-02,
        8.50828478e-03,  5.98772335e-02,  1.29881825e-03,  7.39265307e-03,
       -1.29230730e-02,  4.52233742e-04,  1.08714081e-03,  1.62398017e-02,
       -2.52592238e-05,  2.96479281e-04,  1.50501590e-03, -2.25161464e-03,
        2.37015518e-06,  3.77537579e-05,  4.34236115e-04,  1.40422537e-03,
       -1.25513233e+00,  9.14290131e-02,  6.57946794e-02, -3.01584098e-03,
        2.14759522e-02,  5.07109545e-02,  4.84564648e-03,  1.22789653e-02,
        1.39794683e-02, -9.62209627e-05, -8.07543537e-03,  4.63814152e-03,
        8.36192044e-06, -5.49854888e-04, -7.50066846e-04,  9.38426219e-04,
       -2.11018435e-07, -1.08650646e-04, -1.59028730e-04,  3.20630639e-04,
       -2.42900058e-01,  5.51820757e-02,  2.15887875e-02,  1.12334546e-02,
       -5.41305305e-03,  1.30854371e-02, -1.75047258e-04, -9.46143788e-03,
       -3.72651868e-03, -1.35227595e-04, -1.10047484e-03,  5.07165819e-03,
        1.33529621e-05, -3.74789260e-05, -4.36252010e-04,  2.24705543e-04,
       -2.78839241e-06, -6.72378829e-05,  1.88445592e-05, -4.38851318e-04,
       -3.21308476e-02,  7.91853141e-03, -8.84700545e-03, -3.34110241e-05,
       -2.68000783e-03,  1.36564609e-02,  1.57912482e-03,  4.85963899e-03,
        3.00418758e-03, -1.30741375e-04, -9.17012231e-05, -4.87040968e-03,
       -1.29212838e-06, -4.04176896e-04, -5.98339735e-04,  1.42428937e-03,
       -9.65354071e-07,  1.01785529e-04, -1.77239515e-04,  3.86167632e-05,
       -3.12432828e-03, -4.49471210e-03,  4.35413203e-04,  3.66776078e-03,
       -1.94411254e-03,  4.02705074e-03,  1.67016926e-04, -8.35761959e-04,
       -1.57528511e-03,  3.20146859e-05,  1.58130419e-03,  7.54644375e-04,
       -9.60479351e-07, -6.81673530e-06, -9.34974163e-05,  2.72938278e-04,
        3.79900140e-07, -8.71617593e-06, -2.68367125e-05, -2.46684500e-04,
       -5.98880780e-04, -1.80377827e-03, -1.76420244e-03,  4.79385049e-04,
       -1.60140044e-05,  2.27535670e-03,  2.03553058e-04,  1.89052528e-03,
        4.31214993e-05,  1.89691102e-05, -9.09560484e-05, -6.79374733e-04,
       -1.02689923e-06, -1.63504155e-04, -1.00970787e-04,  1.10124870e-04,
       -2.71825669e-08,  7.29509985e-06,  2.16698457e-05,  1.03095806e-04,
       -3.13379786e-04, -9.62998209e-04, -3.26064273e-04,  2.84974747e-04,
       -8.19734122e-05,  7.38602036e-04, -7.15081417e-05,  3.11372795e-04,
        9.13636261e-06, -2.88142779e-06,  1.13336336e-04,  2.58575660e-04,
       -3.68405813e-09,  7.14038158e-05,  1.40776399e-05,  1.85509195e-05,
        1.18892031e-07, -2.94750687e-06, -3.39830775e-05, -3.67852992e-05,
       -5.30898715e-05, -1.29421425e-04, -1.03382616e-05,  3.56734118e-05,
        1.65508980e-04,  1.72038787e-04,  3.64839399e-05,  2.26959041e-05,
        2.35740690e-05,  6.69841235e-06, -1.70666103e-04, -4.26061274e-05,
       -7.77064280e-07, -3.68255787e-05, -1.25929934e-05, -6.25993215e-06,
        1.87579844e-07, -6.78479505e-06,  5.44458886e-06, -8.22787499e-08,
       -6.29691243e-06, -1.03737685e-05,  2.58809020e-05,  1.06223235e-06,
        2.84822347e-05,  1.96554597e-05,  5.39543950e-06, -2.20599026e-05,
       -4.20374437e-06,  1.93016196e-06, -2.68788109e-05, -1.39796673e-05,
       -1.20721454e-08, -5.39643872e-06, -3.81989877e-06,  9.44148836e-06,
       -1.34574245e-08, -1.89313629e-06, -1.59360068e-06,  4.67713172e-06],      dtype=float64),
                   'Za_n': Array([ 1.51462928e-05,  5.84068477e-06,  5.18596260e-05, -9.63346731e-05,
       -1.78948618e-03, -1.93207635e-02, -1.75685594e-01, -1.48751790e+00],      dtype=float64),
                   'Zb_lmn': Array([-3.05394012e-08, -6.16440230e-10, -7.49578132e-09,  3.33702675e-08,
       -6.62745854e-09,  9.20473031e-09,  5.00177700e-08, -3.86465617e-08,
        6.67861106e-10,  1.90432648e-07,  8.24940233e-08, -8.49796072e-08,
       -1.16579239e-07, -1.48993742e-07, -1.25934160e-07,  3.71714698e-07,
       -6.49721796e-07,  1.01218931e-07, -1.23135648e-06,  1.83667705e-05,
        3.37032557e-06,  9.74814215e-07, -8.31528242e-07,  3.34634933e-06,
       -4.83813787e-06, -3.01711788e-08, -2.18333742e-07, -2.09396474e-05,
       -2.59492827e-05, -6.68513960e-06,  5.24434974e-05,  1.03029234e-04,
       -2.82980800e-05, -3.83238094e-05,  1.90132278e-06,  1.69259584e-07,
        2.80936551e-04, -3.21892639e-04, -4.76722769e-04,  1.13978449e-03,
        4.25029798e-04, -1.68181270e-04, -6.62850517e-05,  2.78214779e-06,
       -7.97767962e-07, -2.94686845e-04,  1.19262709e-02, -1.89536804e-02,
        9.53640777e-03,  3.01211882e-03, -1.32816316e-03, -6.70847727e-05,
       -1.42459295e-07,  5.31329350e-07, -9.37372114e-02,  1.26102888e-01,
       -7.52502980e-02,  3.46364790e-03,  8.76167122e-03,  1.31276520e-03,
       -9.48243369e-05, -7.70949774e-06,  1.61386969e-06, -1.34649137e+00,
        5.07160815e-01, -5.98262916e-02,  8.64222715e-04, -3.06810363e-03,
       -1.12302394e-03, -8.52830707e-05,  1.06935131e-06, -2.93315065e-06,
        2.37015518e-06, -2.52592238e-05,  4.89987500e-04,  1.59529753e-03,
        1.00296617e-02,  2.17711046e-02, -2.85088855e-01, -2.13945489e+00,
       -2.11018435e-07,  8.36192044e-06, -2.04871609e-04,  4.29579159e-03,
        1.32414881e-02,  7.73235778e-02,  1.47098740e-01, -1.24323027e+00,
       -2.78839241e-06,  1.33529621e-05, -2.02465478e-04, -2.12526185e-04,
       -6.49468332e-03,  1.16910976e-02,  7.29003197e-02, -2.35168417e-01,
       -9.65354071e-07, -1.29212838e-06, -2.89558459e-05,  1.17494793e-03,
       -2.94894857e-03, -4.58570620e-03,  1.67431994e-02, -2.77357817e-02,
        3.79900140e-07, -9.60479351e-07,  2.32985099e-05,  1.60200190e-04,
       -3.89645056e-04, -4.93846172e-04,  4.02985190e-05, -7.58914330e-04,
       -2.71825669e-08, -1.02689923e-06,  2.62642100e-05,  4.00489023e-05,
       -8.53002071e-05,  2.53520508e-05, -1.04700498e-04,  3.37506386e-05,
        1.18892031e-07, -3.68405813e-09, -5.82893466e-06, -1.04325939e-07,
       -2.62015330e-06, -6.13837981e-07, -2.60581316e-06, -7.17757097e-07,
        1.87579844e-07, -7.77064280e-07, -8.63826943e-08, -3.41638844e-07,
        2.87466442e-07, -2.35350915e-07, -7.10445689e-08, -1.02322940e-07,
       -1.34574245e-08, -1.20721454e-08,  3.70256651e-08, -9.99218583e-10,
        9.82317966e-09,  1.10056177e-09, -2.08444139e-08,  3.06390232e-09],      dtype=float64),
                   'Zeff_l': Array([0.84529066, 0.18646053, 0.08426405, 0.07759753, 0.06557405],      dtype=float64),
                   'a_lmn': Array([], shape=(0,), dtype=float64),
                   'c_l': Array([0., 0., 0., 0., 0.], dtype=float64),
                   'i_l': Array([], shape=(0,), dtype=float64),
                   'ne_l': Array([ 1.57323649e+20, -4.32088687e-21, -3.97496312e-21, -3.50174543e-21,
       -3.30926023e-21, -4.04835903e+20], dtype=float64),
                   'ni_l': Array([], shape=(0,), dtype=float64),
                   'p_l': Array([], shape=(0,), dtype=float64)}],
               [ { 'G': Array([], shape=(0,), dtype=float64),
                   'I': Array([], shape=(0,), dtype=float64),
                   'L_lmn': Array([ 1.25911754e-06,  2.90753165e-05,  7.44121326e-06, -2.06100257e-05,
       -2.59572052e-05, -1.84708793e-05, -1.01397506e-05,  2.59690267e-05,
        1.70002727e-06, -1.87050740e-05,  1.17141845e-05,  2.44737435e-05,
        2.70525194e-06, -1.07872343e-05, -1.31643669e-05,  1.50583330e-05,
        1.62605414e-05, -9.34926606e-06, -3.96237840e-06, -2.58710278e-06,
       -1.76774106e-05,  4.47206471e-06,  1.09626417e-05,  6.17480527e-06,
        3.29381955e-06,  7.40333261e-05, -6.91469047e-05, -3.75308594e-05,
        8.82472069e-05,  6.30714633e-05,  3.18622304e-05, -6.32529031e-05,
       -1.18034112e-04, -4.09077938e-06,  4.89840722e-05, -7.78327902e-06,
       -1.44875592e-05,  1.27014378e-05,  6.18298435e-05, -2.30579749e-06,
        8.32264646e-05, -2.52540579e-05, -5.28229460e-05, -6.66275818e-05,
        4.34551523e-06,  1.32549247e-05, -5.19177215e-06, -3.58399299e-05,
       -2.54199265e-05, -1.90035320e-05, -1.18982025e-04, -2.59701507e-04,
       -2.43484031e-04, -1.57981863e-04,  3.38984389e-04, -8.99890568e-05,
        3.40712190e-04,  1.84899901e-04,  2.12994854e-05, -3.21884148e-04,
       -5.09112648e-05, -7.52903074e-05,  5.85073292e-05,  6.03887393e-05,
       -1.87788443e-04, -1.07021133e-04,  2.22289772e-04,  1.34911282e-04,
        1.11104833e-04,  6.45607150e-05, -6.85850985e-05, -3.32603643e-05,
        3.53791470e-05,  5.48701820e-05,  1.83349650e-05, -1.08444313e-04,
       -1.28902716e-03,  4.75019178e-04, -4.91878492e-04,  1.32964741e-03,
        3.61029202e-04, -6.32660200e-04, -1.40178849e-04, -2.69792193e-04,
        3.40264480e-04,  3.90456307e-06, -7.39388609e-05,  1.72331573e-04,
        5.34285928e-04,  3.79786696e-04,  1.08976280e-04, -1.51781462e-04,
       -2.02677551e-04, -2.15199589e-04,  1.85052094e-05,  5.44110672e-05,
       -1.42849698e-04, -1.26181945e-04, -5.75592013e-05, -5.42310169e-05,
        1.97018377e-04,  3.13608407e-03,  5.57575473e-04, -1.09184903e-03,
       -3.54612918e-03, -1.08128592e-03,  1.17669103e-04,  3.21683426e-03,
        1.10989997e-03, -9.80827860e-05, -5.19636306e-04,  4.04079548e-04,
       -6.10669221e-04, -1.80470276e-03, -7.00484514e-04, -2.27205110e-04,
        2.12556235e-04,  1.01960287e-04,  1.68320086e-04,  8.37007174e-05,
        2.39986224e-04,  4.81334487e-04,  3.28110084e-04,  4.72338200e-05,
        3.89992099e-05,  1.96499963e-02,  3.14230992e-03, -1.57807432e-02,
        1.77236920e-03,  6.38234369e-03,  2.02304299e-03, -2.79349800e-03,
       -5.97700234e-03, -4.47784318e-03, -5.84405816e-03,  1.30293911e-03,
       -5.00328806e-04, -4.56323154e-04, -3.40105448e-05,  1.06262658e-03,
        1.54346941e-03,  4.20257780e-06, -1.87986973e-03,  1.29536236e-04,
       -3.25794637e-04, -5.76796193e-05, -8.21119549e-04, -4.05896664e-04,
       -1.09429884e-04, -1.57499698e-04, -1.47218009e-02, -1.40810143e-02,
        2.05696494e-02,  7.24818907e-03,  1.14103577e-03,  1.46792152e-03,
       -1.38855871e-03,  2.63437912e-03,  9.52760385e-03, -8.87714176e-03,
       -2.84766249e-03,  1.85184274e-03,  9.68722714e-04,  2.50708528e-03,
       -3.80948951e-03,  1.37663419e-03, -3.17302432e-03,  1.04166195e-04,
       -4.47690312e-04,  2.48528923e-05,  1.13663855e-03, -1.08522897e-03,
       -9.72291708e-04, -1.56773730e-04, -4.92423148e-05,  2.23204388e-01,
       -1.05613625e-01, -2.45130701e-01,  9.77759478e-03,  7.50789709e-02,
       -1.65303327e-02,  3.14418244e-02, -2.81360548e-02, -1.88354071e-02,
       -7.42037776e-02, -1.06702804e-02, -1.93625333e-03, -5.17854445e-03,
       -9.84457720e-03,  4.42282586e-03,  1.45124735e-03,  3.76563083e-02,
        8.35356900e-03,  4.76507938e-04, -5.07253962e-05,  8.14133969e-03,
        3.21047068e-03, -1.22898766e-04, -4.52767521e-05, -6.51462076e-05,
        2.42635137e-01, -3.33435937e-02,  1.81770316e-02,  3.78162962e-01,
       -3.43634938e-03,  5.39171520e-02, -4.62164907e-03, -1.48134497e-02,
       -1.47320869e-01, -1.41457703e-03, -1.86422261e-03, -9.72134559e-03,
       -2.32809527e-04, -3.35823355e-04, -4.46871296e-04, -2.64105890e-02,
        1.47880713e-06, -2.00594369e-04,  1.30441832e-04, -3.15537228e-03,
       -1.74827051e-01, -3.06748202e-02,  1.70952408e-03,  5.99465200e-02,
        1.21537675e-02, -1.03744768e-02,  1.41742037e-03,  5.84327625e-03,
       -2.78713816e-03, -1.24321506e-03, -3.97739561e-03,  1.48781179e-02,
        6.06366203e-04,  1.19883270e-03, -5.08567928e-03, -1.31160758e-02,
        3.07929136e-04,  3.70330613e-05,  1.22476147e-03,  4.02745519e-04,
        2.85439176e-02, -1.43389842e-02,  2.30748991e-03, -1.53453556e-03,
       -1.02169045e-02, -4.32394277e-03, -4.91608928e-04, -2.74101118e-03,
       -3.45376080e-03, -1.07361595e-03,  6.22843519e-03, -5.52762355e-04,
       -1.57187403e-04, -2.74851838e-04,  1.46383748e-04,  3.86596746e-03,
        2.23394140e-05, -3.01440066e-04, -3.22473926e-04, -8.02514880e-04,
        3.97971018e-03,  5.67420789e-03, -3.31425909e-03, -1.00033157e-02,
        5.31734002e-03,  8.09154206e-05,  6.27930647e-04,  1.53341008e-03,
        3.34648002e-03, -1.56148421e-03, -2.13888536e-03, -3.54583649e-03,
        2.78863419e-04, -5.70247449e-04,  9.28804446e-04, -1.50906738e-03,
        1.72522460e-04,  1.10776191e-04,  5.88020429e-04,  1.22049025e-03,
        3.98124553e-04, -8.81423468e-04,  2.62122105e-03,  1.69039551e-03,
       -1.43802106e-03, -3.06755506e-04, -4.56767030e-04, -1.63838602e-03,
       -2.38348694e-03,  2.89046627e-04,  1.13511471e-03,  7.37497111e-04,
       -5.81403030e-05, -6.45946751e-05,  2.94481848e-04,  3.68787381e-04,
       -4.11414982e-05, -6.13912043e-05, -6.36798220e-04, -5.80440699e-04,
        1.31109615e-03,  1.22832382e-03, -9.15730937e-04, -1.76474592e-03,
        2.86327176e-04, -7.02267011e-04,  9.85352703e-05,  6.05586813e-04,
        3.27102303e-04, -2.32535692e-05, -4.87592214e-04, -5.85140528e-04,
        1.29330273e-06,  1.85550227e-04,  1.15237773e-05, -5.76923027e-05,
        5.39864501e-05,  4.97122070e-05,  1.79416082e-04,  2.34593373e-04,
        2.23048754e-04,  1.37263163e-05,  2.41773302e-04, -6.18726331e-05,
       -6.04304085e-06, -5.93415078e-05,  7.55290772e-05, -1.47468604e-04,
       -1.66148452e-04,  1.03102830e-04,  1.14413870e-04,  4.26680212e-05,
       -7.36666246e-05, -1.24218810e-04, -1.47175204e-04, -2.24256148e-05,
       -2.59800613e-05, -5.23766278e-05, -9.59196232e-05, -1.35914538e-04,
       -1.17055745e-05, -1.06162745e-04, -1.15641782e-04, -5.63468327e-05,
        1.80048301e-05,  1.00000639e-04,  2.85093962e-06,  8.85662147e-05,
        5.36753710e-05, -7.62773528e-05, -3.35106302e-05, -3.11408059e-05,
       -3.50844448e-06,  6.65455562e-05,  3.85997525e-05, -2.04836815e-05,
        1.95891428e-05,  2.26026319e-05,  4.91857680e-05,  3.20860279e-05,
        1.99928657e-05,  3.40452899e-05,  1.32303303e-05, -2.15248947e-05,
       -7.30992555e-06, -4.38167769e-05, -2.44235340e-05,  2.60428592e-06,
        7.73602037e-06, -1.44712085e-05,  1.81942906e-05,  6.55341714e-06,
        2.74123201e-06,  3.33134549e-06, -7.60362196e-06, -3.81940267e-06,
       -3.78961230e-06, -5.45510814e-06, -1.59797855e-05, -1.04471570e-05],      dtype=float64),
                   'Phi_mn': Array([], shape=(0,), dtype=float64),
                   'Psi': Array([50.20413129], dtype=float64),
                   'R_lmn': Array([ 2.56851320e-06, -2.65705070e-05,  2.68390654e-05, -7.94214384e-06,
        5.84260528e-05,  5.17095752e-05,  1.05173606e-05, -1.31896075e-05,
        7.29134789e-07,  9.61027731e-07, -4.61113526e-05, -3.18721261e-05,
       -1.92672970e-08, -1.05551972e-05, -1.35647863e-05,  4.71439124e-06,
       -1.07802368e-09, -9.71412008e-07, -1.23312288e-05,  6.71743888e-06,
       -1.49400109e-04, -2.28006307e-04, -4.62048820e-05,  1.19834135e-04,
       -5.10597384e-06,  2.49740699e-04, -6.76377968e-05,  1.32100292e-05,
        4.85035726e-05, -1.58149700e-05, -2.45457028e-05,  1.61382215e-05,
       -2.76498141e-07,  6.82439394e-05,  3.30205819e-05, -1.87354112e-05,
        4.41961995e-08,  1.61769824e-05,  2.94809723e-05, -3.76674468e-05,
       -1.73063452e-05, -3.88938572e-04, -5.08226897e-04,  1.02283813e-04,
        1.57657480e-04,  3.79413866e-04,  7.78128316e-05,  6.39664871e-04,
       -3.62821523e-05,  3.79209932e-05, -6.15992450e-05, -4.22030997e-05,
        1.88726127e-06, -8.47847527e-05, -1.21410366e-04, -4.09605197e-05,
       -2.70972768e-07, -2.51989169e-05, -9.08431119e-05,  4.10979735e-05,
        2.85959347e-05, -1.24264529e-03,  5.22355897e-04,  4.71320002e-04,
       -1.93094690e-04,  8.85166024e-04,  9.26037536e-05, -8.49856196e-04,
       -5.81060541e-04, -7.27680185e-05,  1.95808349e-04,  3.09468111e-04,
        1.29212215e-06, -3.85035163e-05,  4.64066468e-05,  1.53436401e-04,
        1.56436798e-07,  6.74250997e-05,  1.08229442e-04, -1.59749870e-05,
       -1.52407442e-03, -1.67669104e-03, -7.77139760e-04, -1.83500612e-03,
       -1.81787895e-03,  2.80208882e-03,  1.26426850e-03,  1.01048740e-03,
        2.12477872e-03,  1.13572852e-04,  6.04152815e-04, -8.50378789e-04,
        7.32384532e-06, -3.74330752e-04, -1.90982236e-04,  1.13754951e-04,
        4.48151706e-07, -1.12728866e-04, -1.64928516e-04, -2.01813628e-04,
       -4.62977515e-02, -1.12736529e-02,  2.83204668e-03,  2.38096472e-02,
        8.50301221e-04,  1.96413915e-02, -5.57751712e-04,  4.02100296e-05,
       -4.21537335e-04, -1.78040817e-04, -1.45446049e-03, -9.24831033e-04,
        1.28635602e-06,  2.62604461e-04,  2.59513779e-04,  1.21635094e-03,
        7.85518443e-07,  8.23739863e-05, -1.26251824e-05, -1.90367219e-04,
       -2.32682545e-01,  1.28178662e-01, -1.14061871e-02, -5.83118559e-02,
        3.10136466e-04,  4.02368065e-03,  2.50650518e-03,  1.17950263e-03,
        9.92628194e-03, -2.11261211e-07, -8.75582063e-04,  5.69876460e-03,
       -5.01832644e-06, -8.86176777e-05, -1.87683833e-03, -1.54608698e-03,
        3.71037573e-07, -2.50976667e-05,  6.59030304e-04,  2.63919162e-04,
       -1.64751760e+00, -4.54752800e-02,  8.06636896e-02,  1.94938018e-01,
       -3.62816671e-03,  1.09299034e-01, -4.68027102e-03, -3.51365784e-03,
       -1.54442091e-02,  3.91794496e-04, -5.37497044e-04, -1.23581961e-03,
        4.36841430e-06,  2.69404669e-04, -1.89159865e-03,  2.46377521e-03,
        3.48368300e-07,  5.91779211e-05, -2.33781272e-04, -9.29049795e-04,
        1.00832388e+01,  1.54180674e+00, -2.93956173e-01,  3.86738298e-01,
        1.65772100e-01, -8.74858464e-03,  1.08209569e-01, -4.20583647e-02,
       -1.84176257e-02, -1.95821627e-02, -1.95531501e-02,  3.54429036e-04,
       -1.20597585e-03, -1.43466703e-02, -1.55608429e-03, -1.55025287e-04,
        5.41431941e-03, -1.24937368e-03, -6.44290220e-04, -1.11273205e-05,
        1.88203320e-04, -8.24801546e-04, -3.81519714e-04, -6.08063072e-05,
       -1.40419885e-06,  1.89644570e+00, -7.44840305e-01,  7.04568284e-02,
        1.69456215e-02, -2.87747926e-02,  2.59906935e-02, -3.78464811e-02,
        2.81650788e-02, -1.46874027e-02,  1.51872051e-02, -8.08280098e-03,
       -3.72093575e-03,  7.42326930e-04,  3.80486448e-03,  4.85126729e-03,
       -2.50008821e-05, -6.15920548e-04,  1.63080974e-03,  9.72234951e-04,
       -1.86969476e-05, -1.08170525e-03, -4.02429324e-04,  3.07482615e-04,
        2.48615188e-04, -1.98189955e-06,  1.41861586e-01, -7.00074161e-02,
       -4.68114047e-02,  1.33385656e-01, -1.04683690e-01, -2.24187956e-02,
        4.45604717e-03,  5.17802337e-03, -9.24734877e-04,  2.67698549e-02,
        1.02953033e-03,  1.23644727e-03,  3.01945671e-04,  5.39431858e-03,
       -3.36023817e-03,  9.38742656e-05, -3.01954449e-03, -2.93434330e-03,
        9.52619374e-07, -1.73378200e-05,  6.82210967e-05, -2.47326560e-04,
        5.39994492e-04,  9.85639388e-05,  1.07987719e-06,  9.47407201e-03,
       -1.01988613e-02, -8.57666226e-03,  5.17090482e-03, -2.49552120e-04,
        5.40794514e-03,  6.08325731e-04,  5.99030643e-03,  6.72353135e-04,
        1.68592044e-03, -7.83589609e-03, -8.67480012e-04, -1.73903219e-03,
       -2.97264853e-03, -1.66779431e-03,  1.22594156e-04,  1.56083217e-03,
        6.76290009e-04,  5.67474938e-04, -1.65911552e-06, -2.85564010e-04,
        4.38204772e-04,  2.23860994e-04, -9.86989185e-05,  1.32512522e-06,
        1.33833813e-03,  1.24210952e-02, -1.38609537e-03,  2.76185036e-03,
       -1.31578027e-02,  2.41396437e-04, -3.89756299e-04, -2.29354970e-03,
       -1.19848492e-03,  3.67294648e-04, -1.12733217e-03,  1.28158582e-03,
        4.46914104e-04,  5.98229572e-04, -1.88980098e-04,  5.73534804e-05,
        9.44513035e-05,  6.13774574e-05, -3.58535659e-04,  1.81812171e-06,
       -1.08830799e-04, -2.64478261e-04, -1.40891942e-05, -6.46810266e-05,
        1.57643272e-06,  3.32692072e-04,  1.05103076e-03, -2.39872899e-04,
        1.41539555e-03, -2.61202261e-04,  7.08801510e-04, -3.27205088e-04,
       -1.78873738e-03, -1.88535589e-04, -5.04221137e-04, -1.17079048e-03,
       -4.92760402e-05,  1.51289280e-04,  3.55079976e-04,  1.16940657e-04,
       -4.32317173e-05, -1.73126335e-04,  1.29155499e-04,  1.15356579e-04,
        3.41617463e-06,  8.06042653e-05,  3.89953933e-05,  1.52241322e-04,
        6.29046152e-05, -7.02569782e-07, -8.30587111e-05,  1.12323435e-04,
       -1.80986411e-05, -3.58482923e-04, -1.57605333e-04, -2.22861154e-04,
        1.13569644e-04,  3.01700482e-04,  2.13164820e-04, -6.49738501e-05,
        3.11488981e-04,  1.32572353e-04,  9.66001672e-06,  6.42347006e-06,
       -1.42457826e-04,  4.93045594e-05,  1.05279453e-04, -8.03980522e-05,
       -1.32314250e-04, -8.95961220e-08, -1.70057452e-05,  3.74220823e-05,
       -6.21324558e-05, -3.59655543e-05, -4.50276269e-08, -7.65647270e-05,
       -1.35904484e-04,  9.77035039e-05, -7.18646556e-05,  6.82206590e-05,
       -7.43171582e-05,  3.14195209e-05,  7.02199528e-05, -1.04211465e-05,
        1.07924118e-04,  1.15353058e-06, -6.79320400e-05, -9.38795590e-05,
        1.68027911e-05, -3.81733036e-05, -1.97105463e-05, -4.01167710e-05,
        7.31536226e-05,  6.75773932e-05,  2.61646485e-07,  4.15083198e-05,
       -1.52438677e-05,  4.86428425e-05,  2.02102851e-05, -4.36744220e-07,
       -4.08566134e-05, -1.81004149e-06, -3.73412552e-06, -3.18360641e-05,
       -2.74418548e-05,  6.87348287e-05,  4.72016421e-05,  3.19128464e-05,
        4.59895937e-05,  1.03202457e-05, -7.15907684e-05,  1.79117558e-05,
        7.21005911e-06,  9.52139739e-06, -3.70079935e-05,  9.09393249e-07,
        1.88740187e-05,  2.87132073e-06, -1.78484587e-05, -2.00653022e-08,
       -9.77686346e-06, -9.60943660e-06, -8.92977701e-06, -8.67948008e-07,
       -4.76522100e-08], dtype=float64),
                   'Ra_n': Array([ 1.04867988e+01,  1.78631836e+00,  1.92895313e-01,  2.01125282e-02,
        1.77893230e-03,  1.74674869e-04,  2.19438119e-05, -7.46083122e-06,
       -6.90776827e-06], dtype=float64),
                   'Rb_lmn': Array([-1.07802368e-09, -1.92672970e-08, -1.03842768e-08, -3.78365625e-08,
       -1.65285420e-08,  8.46715347e-08, -1.56190370e-08,  6.98953887e-08,
        4.41961995e-08, -2.76498141e-07,  3.62012437e-07,  6.06142578e-07,
       -1.70704388e-07,  2.57291077e-08,  2.05166569e-07,  2.02187033e-07,
       -2.70972768e-07,  1.88726127e-06,  1.27220763e-05, -6.97192115e-06,
        5.21512271e-06,  1.00276084e-05, -1.06298323e-05,  7.73479630e-06,
        1.56436798e-07,  1.29212215e-06, -5.34291879e-06,  5.41002374e-05,
        1.10943101e-04, -2.81093652e-04, -6.39861405e-05,  7.22917970e-05,
        4.48151706e-07,  7.32384532e-06,  8.43985533e-07,  8.89937749e-04,
       -1.37865465e-03,  4.23654004e-05,  7.32053709e-05, -1.12054686e-03,
        7.85518443e-07,  1.28635602e-06, -9.56668311e-05, -2.95147251e-04,
       -6.16784453e-04,  3.13177048e-03,  7.25254030e-03, -2.16932907e-02,
        3.71037573e-07, -5.01832644e-06, -2.53089279e-05,  2.41788750e-03,
        9.35847074e-05, -1.21035228e-02,  1.38165026e-01, -2.82614205e-01,
        3.48368300e-07,  4.36841430e-06,  4.50972417e-04, -4.41086635e-03,
       -4.39944502e-03,  7.52584331e-02,  6.16588845e-02, -1.46556002e+00,
        9.89647447e+00,  1.69341100e+00,  3.29508462e-01, -2.95511084e-02,
       -2.03552297e-02, -2.89861184e-04, -2.15831595e-04, -1.11273205e-05,
       -1.40419885e-06,  1.92871667e+00, -7.59043813e-01,  4.85131355e-02,
        1.95387023e-02, -9.52865285e-03, -2.74870080e-03,  2.23614306e-04,
       -1.86969476e-05, -1.98189955e-06,  9.98763950e-02, -1.50940795e-01,
        1.43710672e-01, -2.43236085e-02, -3.74497856e-03,  1.23739989e-03,
        1.92438204e-04, -1.73378200e-05,  1.07987719e-06, -5.18860719e-04,
       -7.20166085e-03,  8.62676749e-03, -1.75166094e-03, -7.71580181e-04,
       -3.00005074e-04,  2.38952372e-05, -1.65911552e-06,  1.32512522e-06,
       -9.94302296e-05, -2.74961520e-04,  8.02051972e-04, -8.24558279e-04,
       -1.40155421e-03,  9.23050158e-04, -7.32754624e-06,  1.81812171e-06,
        1.57643272e-06, -2.49237009e-06,  1.12481026e-04,  2.07335391e-05,
       -3.32833472e-04,  8.06463899e-05,  6.60805385e-05,  1.96728979e-05,
        3.41617463e-06, -7.02569782e-07,  5.06656316e-06, -4.97629528e-06,
       -1.29368893e-05,  8.22977527e-06,  8.57453803e-06,  2.58103069e-07,
        1.33390051e-05, -8.95961220e-08, -4.50276269e-08,  1.87058558e-07,
        1.23521870e-07, -8.57795103e-08, -1.00050156e-08,  4.83922760e-08,
       -3.54646828e-07,  4.99738759e-07,  2.61646485e-07, -4.36744220e-07,
        4.40989142e-08, -5.76318974e-08, -1.12569054e-08,  1.53810264e-08,
        5.18231521e-08,  6.32970886e-08,  4.14452418e-08, -2.00653022e-08,
       -4.76522100e-08], dtype=float64),
                   'Te_l': Array([  2778.6753116 , -11481.51838396,  -1832.29751066,  -1032.77817206,
          -43.47225475], dtype=float64),
                   'Ti_l': Array([  1249.52287686, -12882.91974597,  -2680.99564775,  -1139.53379406,
         -107.91617118], dtype=float64),
                   'Z_lmn': Array([ 1.97627308e-05,  1.76122254e-06, -6.16357800e-06, -3.24857392e-06,
        1.90746378e-05, -4.61864688e-05, -1.14667066e-05,  3.00479533e-06,
       -2.47469018e-05, -1.72407945e-06,  5.39959402e-05, -1.15570742e-05,
       -1.33907518e-06,  5.90255892e-07,  2.18568376e-05, -2.38487795e-06,
       -1.91741863e-05, -7.75209490e-06,  1.15720790e-05, -4.30830542e-08,
       -8.18859223e-07, -3.59103558e-07,  2.88096068e-06,  2.43019069e-06,
        2.33115944e-09,  1.09668746e-04, -2.39780174e-06, -2.17522495e-05,
        1.24950975e-04,  9.31380857e-05, -2.33494783e-05, -1.10917059e-04,
       -1.25154048e-04, -1.18966922e-04, -7.24438582e-05,  6.78232309e-05,
       -5.08535966e-05,  1.85725978e-05, -2.66710205e-05,  1.39579030e-04,
        5.49700340e-07, -1.81742287e-05, -4.46452954e-05,  5.07485559e-05,
       -6.64813991e-07,  4.62628312e-06,  2.67924237e-05, -2.07563089e-05,
       -1.89035730e-07,  1.05077770e-07,  2.92806966e-04,  5.11839048e-04,
       -1.84505576e-04,  5.62773564e-04, -1.73512621e-04,  2.32779442e-04,
       -2.03934790e-04, -3.34930250e-04,  2.14488015e-05, -3.24851487e-04,
       -9.64689206e-05,  2.45201388e-05,  1.58849156e-04, -1.88419912e-04,
       -2.65777217e-05,  3.50855709e-06,  5.08993306e-06, -1.35299699e-04,
       -2.11712244e-05, -9.95267258e-08, -6.44704198e-05, -3.60628669e-05,
        4.27609572e-06, -8.30773244e-06, -2.11445863e-07,  1.80264435e-04,
       -1.42716753e-03,  7.91131514e-05,  4.69165031e-04,  1.02454150e-03,
        1.11641364e-03, -2.98834786e-04, -7.99149776e-04,  8.31945072e-05,
        4.31922679e-04, -1.00890779e-03, -1.58349735e-04, -4.15831811e-05,
        3.46946212e-04,  6.68705817e-05, -6.74994323e-06, -5.52972574e-05,
       -5.50946820e-05,  1.30337417e-04,  2.02645071e-06,  6.01150960e-05,
       -2.36519895e-05, -4.70010220e-05, -3.16373604e-05,  1.57195649e-07,
       -2.90174426e-03, -9.38981908e-03,  1.11919050e-03, -3.86070619e-03,
        6.76960601e-03, -4.10266385e-04,  2.28141318e-03,  4.35850730e-03,
        1.29871867e-03,  1.95467124e-03,  1.81558050e-03, -1.20843771e-04,
       -8.05886602e-05, -9.68400719e-04, -8.38719872e-04, -2.58072776e-05,
        3.43409030e-04, -2.65381120e-04, -4.78082534e-05,  2.77938209e-06,
       -1.37377621e-04, -6.04441253e-06, -3.51010868e-05, -4.04269463e-05,
       -8.09695907e-07, -1.17278346e-02, -2.71769234e-02,  7.81175913e-03,
       -2.53125907e-02,  3.76280201e-02,  3.58980053e-03,  1.45196093e-03,
        2.88452223e-03,  2.46044347e-03,  2.01050669e-03,  5.43517734e-03,
       -1.53359708e-03,  1.69299397e-03,  3.56115911e-03,  5.86957721e-04,
       -7.17750807e-05, -5.35096859e-04,  5.11381906e-04,  2.05602131e-04,
       -4.83545683e-07,  4.76388683e-04, -8.69000050e-05, -3.51222994e-05,
        4.62881170e-06,  5.91155408e-07, -1.44698345e-01,  7.85717728e-02,
        3.79446671e-02, -7.00498913e-02,  5.88802954e-02, -8.70880049e-03,
        1.02525405e-02, -5.88655489e-03,  5.58743518e-03, -1.12835833e-02,
        1.13310832e-02,  1.59733039e-03,  2.92528018e-03,  7.34177997e-04,
        3.39505645e-03, -1.38273270e-04, -6.52440774e-05,  8.42020138e-04,
       -2.84826815e-04, -7.30456053e-06, -1.60190759e-04, -4.86800931e-05,
       -2.20420717e-04,  4.40254511e-05,  1.59151640e-06, -1.41291274e+00,
        2.36674080e-01,  6.66976298e-02, -5.46929683e-02,  3.25379537e-01,
        3.96171304e-03, -5.01951374e-03,  5.23672519e-03, -5.65807393e-03,
       -5.62226990e-02, -3.14921250e-03, -4.21740885e-04,  3.37207465e-03,
       -1.00826866e-02,  3.17297354e-03, -1.35954921e-04,  1.32975303e-03,
        4.92605797e-05, -7.01274165e-04,  1.43742149e-06,  1.37133789e-03,
       -2.85588808e-04, -5.82938742e-04,  5.00608064e-05, -2.85678338e-06,
       -2.19126027e+00, -3.63142091e-01,  1.27313677e-02,  6.71234251e-02,
        8.47981821e-03,  6.04331382e-02,  1.29447509e-03,  7.55304513e-03,
       -1.30607764e-02,  4.50569846e-04,  1.12194557e-03,  1.62042293e-02,
       -2.57051910e-05,  3.00481788e-04,  1.48500971e-03, -2.27996434e-03,
        2.54800869e-06,  3.88710100e-05,  4.31659123e-04,  1.41437399e-03,
       -1.25501611e+00,  9.06728643e-02,  6.55604435e-02, -3.00692782e-03,
        2.14216225e-02,  5.14620289e-02,  4.84539579e-03,  1.25624006e-02,
        1.38637538e-02, -9.79043801e-05, -8.02485739e-03,  4.64563732e-03,
        8.19729774e-06, -5.46687393e-04, -8.02911655e-04,  9.30111358e-04,
       -2.79878466e-07, -1.07246748e-04, -1.55836909e-04,  3.22210780e-04,
       -2.42637259e-01,  5.47050377e-02,  2.14374708e-02,  1.09416934e-02,
       -5.31010684e-03,  1.34799048e-02, -1.75612202e-04, -9.31345283e-03,
       -3.69085592e-03, -1.31354515e-04, -1.20577719e-03,  5.16274511e-03,
        1.37071382e-05, -3.78488734e-05, -4.32348389e-04,  2.18053215e-04,
       -2.79150865e-06, -7.07064056e-05,  2.12903848e-05, -4.47896543e-04,
       -3.21727597e-02,  7.85468846e-03, -8.85967524e-03,  7.50526935e-05,
       -2.61731014e-03,  1.36548405e-02,  1.59075029e-03,  4.88560120e-03,
        2.95322878e-03, -1.30414485e-04, -1.55443233e-04, -4.81239198e-03,
       -1.49086808e-06, -4.16077161e-04, -6.11417269e-04,  1.40865924e-03,
       -1.02867141e-06,  1.01297156e-04, -1.75618065e-04,  4.56752926e-05,
       -3.08900400e-03, -4.57141658e-03,  3.88816254e-04,  3.67615001e-03,
       -1.90140713e-03,  4.11446181e-03,  1.64030350e-04, -7.75539323e-04,
       -1.62765747e-03,  3.17564107e-05,  1.54178982e-03,  7.37732191e-04,
       -9.77579388e-07, -3.90608152e-06, -1.07134789e-04,  2.81545953e-04,
        4.32363341e-07, -8.42757650e-06, -3.01389948e-05, -2.40348922e-04,
       -5.86038538e-04, -1.87809481e-03, -1.78372174e-03,  4.57679050e-04,
       -1.00299956e-05,  2.35686200e-03,  2.02539818e-04,  1.91943802e-03,
        5.03410589e-05,  1.81810207e-05, -9.53246849e-05, -6.87846685e-04,
       -1.01741107e-06, -1.62275036e-04, -1.10405394e-04,  1.11797189e-04,
        1.36373416e-08,  8.04610995e-06,  1.99833452e-05,  1.04397418e-04,
       -3.36700314e-04, -9.71618664e-04, -3.38756196e-04,  3.01824713e-04,
       -8.11656691e-05,  7.56942438e-04, -7.14997473e-05,  3.24503162e-04,
        1.61289161e-05, -3.73403155e-06,  1.11893891e-04,  2.48046419e-04,
       -4.17727493e-08,  7.13517555e-05,  1.36610515e-05,  1.80314844e-05,
        1.06849444e-07, -2.08309566e-06, -3.33400202e-05, -3.59893315e-05,
       -5.35433456e-05, -1.29017237e-04, -1.34193240e-05,  3.21142009e-05,
        1.66373680e-04,  1.74262388e-04,  3.71456310e-05,  2.42387366e-05,
        2.82647294e-05,  6.78817048e-06, -1.71942419e-04, -4.53429012e-05,
       -7.82952372e-07, -3.74819270e-05, -1.10720274e-05, -6.95078010e-06,
        1.82210728e-07, -6.90654831e-06,  5.89317947e-06,  3.24213879e-08,
       -5.95803279e-06, -9.60346786e-06,  2.50437736e-05,  5.30091929e-07,
        2.91948998e-05,  1.89455761e-05,  5.76909018e-06, -2.17341556e-05,
       -3.58765539e-06,  1.89376512e-06, -2.79728321e-05, -1.40209695e-05,
       -7.20258611e-09, -5.74791828e-06, -3.31880948e-06,  9.03681422e-06,
       -8.67826658e-09, -1.86454757e-06, -1.21772049e-06,  4.63461739e-06],      dtype=float64),
                   'Za_n': Array([ 1.49798181e-05,  6.55762193e-06,  5.00581768e-05, -9.59852250e-05,
       -1.79631054e-03, -1.93042380e-02, -1.75475942e-01, -1.48663062e+00],      dtype=float64),
                   'Zb_lmn': Array([-2.54882213e-08, -6.24054774e-08, -1.26262577e-08,  5.73764593e-08,
       -9.10358881e-09,  1.50047664e-08,  4.53127422e-08, -4.30830542e-08,
        2.33115944e-09,  1.98318698e-07,  1.22197006e-07, -8.16703859e-08,
       -1.71542809e-07, -1.44200608e-07, -1.05040750e-07,  3.60664610e-07,
       -6.64813991e-07,  1.05077770e-07, -1.25466326e-06,  1.85648734e-05,
        3.36053462e-06,  1.01082220e-06, -8.52824446e-07,  3.34891435e-06,
       -4.79917535e-06, -9.95267258e-08, -2.11445863e-07, -2.09252844e-05,
       -2.60006109e-05, -6.69052272e-06,  5.24111626e-05,  1.03064067e-04,
       -2.80123181e-05, -3.83873036e-05,  2.02645071e-06,  1.57195649e-07,
        2.80893138e-04, -3.22132799e-04, -4.76644022e-04,  1.13993299e-03,
        4.24897712e-04, -1.68652025e-04, -6.62342239e-05,  2.77938209e-06,
       -8.09695907e-07, -2.94731850e-04,  1.19265065e-02, -1.89538094e-02,
        9.53635977e-03,  3.01227889e-03, -1.32799495e-03, -6.71462690e-05,
       -4.83545683e-07,  5.91155408e-07, -9.37360475e-02,  1.26103241e-01,
       -7.52509483e-02,  3.46430289e-03,  8.76207091e-03,  1.31250357e-03,
       -9.42478194e-05, -7.30456053e-06,  1.59151640e-06, -1.34649121e+00,
        5.07160671e-01, -5.98245185e-02,  8.61761118e-04, -3.06803913e-03,
       -1.12301505e-03, -8.58941149e-05,  1.43742149e-06, -2.85678338e-06,
        2.54800869e-06, -2.57051910e-05,  4.89440856e-04,  1.59495688e-03,
        1.00334229e-02,  2.17694225e-02, -2.85090349e-01, -2.13947758e+00,
       -2.79878466e-07,  8.19729774e-06, -2.05151128e-04,  4.29870840e-03,
        1.32409282e-02,  7.73199325e-02,  1.47102741e-01, -1.24322917e+00,
       -2.79150865e-06,  1.37071382e-05, -2.02060921e-04, -2.13461075e-04,
       -6.49459365e-03,  1.16916695e-02,  7.28997911e-02, -2.35168369e-01,
       -1.02867141e-06, -1.49086808e-06, -2.91173293e-05,  1.17467313e-03,
       -2.94837143e-03, -4.58549131e-03,  1.67428123e-02, -2.77358189e-02,
        4.32363341e-07, -9.77579388e-07,  2.33288342e-05,  1.60124268e-04,
       -3.89756304e-04, -4.93857857e-04,  4.04285025e-05, -7.58965502e-04,
        1.36373416e-08, -1.01741107e-06,  2.62271306e-05,  4.02647818e-05,
       -8.53713353e-05,  2.53108831e-05, -1.04682073e-04,  3.37787599e-05,
        1.06849444e-07, -4.17727493e-08, -5.81712721e-06, -1.47991794e-07,
       -2.61179839e-06, -5.91982917e-07, -2.61913931e-06, -7.15200096e-07,
        1.82210728e-07, -7.82952372e-07, -1.18377832e-07, -3.36295976e-07,
        3.24440682e-07, -2.52614797e-07, -6.53285590e-08, -1.15195485e-07,
       -8.67826658e-09, -7.20258611e-09,  2.92175519e-08,  2.11719005e-08,
        4.34728764e-09, -9.19153654e-09, -4.42438629e-08,  2.12179690e-08],      dtype=float64),
                   'Zeff_l': Array([0.84391544, 0.18541645, 0.08376165, 0.07746372, 0.06559946],      dtype=float64),
                   'a_lmn': Array([], shape=(0,), dtype=float64),
                   'c_l': Array([0., 0., 0., 0., 0.], dtype=float64),
                   'i_l': Array([], shape=(0,), dtype=float64),
                   'ne_l': Array([ 1.56624845e+20, -4.38711314e-21, -4.03833028e-21, -3.56058029e-21,
       -3.36587448e-21, -4.04995769e+20], dtype=float64),
                   'ni_l': Array([], shape=(0,), dtype=float64),
                   'p_l': Array([], shape=(0,), dtype=float64)}],
               [ { 'G': Array([], shape=(0,), dtype=float64),
                   'I': Array([], shape=(0,), dtype=float64),
                   'L_lmn': Array([ 1.52001637e-06,  2.90438481e-05,  7.18989989e-06, -2.05738818e-05,
       -2.55965812e-05, -1.86334253e-05, -1.02333724e-05,  2.59591017e-05,
        1.92419835e-06, -1.93282352e-05,  1.17857979e-05,  2.46496000e-05,
        3.05723891e-06, -1.08977337e-05, -1.35011421e-05,  1.52250444e-05,
        1.67709502e-05, -9.65296414e-06, -4.09310742e-06, -2.58020454e-06,
       -1.80962334e-05,  4.06656232e-06,  1.08126169e-05,  6.22197837e-06,
        3.29457564e-06,  7.27766743e-05, -6.77218305e-05, -3.61597398e-05,
        8.99439799e-05,  6.21465689e-05,  3.20690041e-05, -6.29613963e-05,
       -1.21212918e-04, -4.92493095e-06,  4.90679185e-05, -7.31574468e-06,
       -1.44559347e-05,  1.19065308e-05,  6.39835724e-05, -1.52891053e-06,
        8.37527150e-05, -2.51408688e-05, -5.34740732e-05, -6.75329230e-05,
        4.59703292e-06,  1.38544148e-05, -5.55684032e-06, -3.64637562e-05,
       -2.55524208e-05, -1.91971736e-05, -1.20629226e-04, -2.66916278e-04,
       -2.42164126e-04, -1.62878288e-04,  3.40857780e-04, -8.66210983e-05,
        3.40878968e-04,  1.90869685e-04,  2.19187763e-05, -3.17853841e-04,
       -5.67693771e-05, -7.65186501e-05,  5.94552170e-05,  5.93666625e-05,
       -1.89705572e-04, -1.07829629e-04,  2.23325973e-04,  1.37577196e-04,
        1.11927335e-04,  6.44514871e-05, -6.85522337e-05, -3.23289267e-05,
        3.63192109e-05,  5.56207065e-05,  1.78744767e-05, -9.60665105e-05,
       -1.31039578e-03,  4.66623405e-04, -4.93544975e-04,  1.35965056e-03,
        3.46003424e-04, -6.40289624e-04, -1.48595782e-04, -2.70839149e-04,
        3.33755873e-04,  2.20577301e-05, -7.54115471e-05,  1.77427320e-04,
        5.45546378e-04,  3.79981776e-04,  1.10692248e-04, -1.50270531e-04,
       -2.05440764e-04, -2.13480623e-04,  1.95960902e-05,  5.32832932e-05,
       -1.47418912e-04, -1.25791912e-04, -5.74803695e-05, -5.46162220e-05,
        7.93161565e-05,  3.21578708e-03,  6.86973624e-04, -1.09430345e-03,
       -3.65975766e-03, -1.06465179e-03,  1.21057561e-04,  3.23706823e-03,
        1.11425953e-03, -5.72053910e-05, -5.34687905e-04,  4.00389001e-04,
       -6.24479510e-04, -1.82090755e-03, -7.05670886e-04, -2.26843573e-04,
        2.04445538e-04,  1.02107931e-04,  1.71176248e-04,  8.26687550e-05,
        2.43880894e-04,  4.87502253e-04,  3.28532276e-04,  4.64343041e-05,
        3.90236567e-05,  2.00158863e-02,  3.24291138e-03, -1.61316999e-02,
        1.78194801e-03,  6.43456783e-03,  2.08241900e-03, -2.80707432e-03,
       -5.94415896e-03, -4.49120288e-03, -5.99811510e-03,  1.23163839e-03,
       -4.92491268e-04, -4.61779929e-04, -9.03262849e-05,  1.07689185e-03,
        1.55444421e-03,  1.97502555e-05, -1.88499773e-03,  1.23820472e-04,
       -3.27410688e-04, -6.44720172e-05, -8.15376165e-04, -4.13323402e-04,
       -1.14023090e-04, -1.58141537e-04, -1.43848520e-02, -1.42599330e-02,
        2.02198364e-02,  7.36195610e-03,  1.47140814e-03,  1.48544307e-03,
       -1.43311988e-03,  2.57922350e-03,  9.49734601e-03, -9.08766666e-03,
       -2.88037640e-03,  1.87405926e-03,  1.02181019e-03,  2.54389764e-03,
       -3.81944623e-03,  1.38819955e-03, -3.17331206e-03,  9.57569838e-05,
       -4.48315588e-04,  2.28460554e-05,  1.10105027e-03, -1.08702720e-03,
       -9.82034794e-04, -1.56858976e-04, -5.04454711e-05,  2.23046503e-01,
       -1.06127323e-01, -2.45396834e-01,  9.76970825e-03,  7.53811279e-02,
       -1.66395890e-02,  3.16477796e-02, -2.84595631e-02, -1.89416671e-02,
       -7.43401572e-02, -1.07023444e-02, -1.94144390e-03, -5.18852620e-03,
       -9.73213595e-03,  4.46205540e-03,  1.45599400e-03,  3.78931960e-02,
        8.41251117e-03,  4.81759711e-04, -4.95207866e-05,  8.20423815e-03,
        3.22273666e-03, -1.26647298e-04, -4.61220836e-05, -6.53726130e-05,
        2.44672416e-01, -3.23762733e-02,  1.85755302e-02,  3.78381018e-01,
       -3.42679268e-03,  5.39093372e-02, -4.64783610e-03, -1.48602666e-02,
       -1.48131328e-01, -1.41320412e-03, -1.83397345e-03, -9.78858242e-03,
       -2.31977917e-04, -3.36642136e-04, -4.79355402e-04, -2.64743740e-02,
        1.46648961e-06, -2.03308666e-04,  1.23944693e-04, -3.16309041e-03,
       -1.74456369e-01, -3.06338284e-02,  1.72278782e-03,  5.98827303e-02,
        1.20847449e-02, -1.03086053e-02,  1.36697452e-03,  5.81086875e-03,
       -2.82270085e-03, -1.24927439e-03, -3.96375293e-03,  1.49698770e-02,
        6.05940289e-04,  1.19724861e-03, -5.11234308e-03, -1.31569883e-02,
        3.07610228e-04,  3.43058009e-05,  1.22864865e-03,  4.10879821e-04,
        2.87930125e-02, -1.44280581e-02,  2.30578146e-03, -1.87226693e-03,
       -1.01774668e-02, -4.25944132e-03, -4.97632677e-04, -2.70659790e-03,
       -3.36609157e-03, -1.06888705e-03,  6.24487395e-03, -5.95812107e-04,
       -1.52945732e-04, -2.75409601e-04,  1.40894188e-04,  3.86452756e-03,
        2.31729155e-05, -3.04301462e-04, -3.21933058e-04, -8.14186127e-04,
        4.09354161e-03,  5.71794017e-03, -3.32413144e-03, -1.01080959e-02,
        5.33210173e-03,  5.91451727e-05,  6.22951231e-04,  1.55128919e-03,
        3.30391828e-03, -1.57066173e-03, -2.15499526e-03, -3.57217597e-03,
        2.79049603e-04, -5.66983829e-04,  9.27612450e-04, -1.49100270e-03,
        1.72682640e-04,  1.13971743e-04,  5.90864792e-04,  1.22251609e-03,
        3.30076381e-04, -8.33894758e-04,  2.61171073e-03,  1.78032614e-03,
       -1.44592675e-03, -3.73199453e-04, -4.54242559e-04, -1.62902919e-03,
       -2.41349843e-03,  2.88653471e-04,  1.14809797e-03,  7.52048270e-04,
       -5.76106621e-05, -6.61969670e-05,  2.92452239e-04,  3.80936825e-04,
       -4.13345172e-05, -6.11600160e-05, -6.39423123e-04, -5.81667645e-04,
        1.33979344e-03,  1.21863293e-03, -9.04807346e-04, -1.80360661e-03,
        2.86598227e-04, -6.81360904e-04,  9.97266581e-05,  5.91479451e-04,
        3.36801142e-04, -2.34860130e-05, -4.87187737e-04, -5.98479024e-04,
        9.62970491e-07,  1.84211154e-04,  1.44527267e-05, -5.91905531e-05,
        5.43698364e-05,  4.97017770e-05,  1.78428756e-04,  2.38661678e-04,
        2.22738615e-04,  1.64141508e-05,  2.42817309e-04, -5.84150963e-05,
       -6.88472324e-06, -6.30494687e-05,  7.64681358e-05, -1.46737487e-04,
       -1.70356145e-04,  1.04196532e-04,  1.15701040e-04,  4.32800844e-05,
       -7.37292127e-05, -1.25394952e-04, -1.49359075e-04, -2.11800332e-05,
       -2.56516348e-05, -5.32459655e-05, -9.75656089e-05, -1.36900441e-04,
       -1.38124269e-05, -1.08108825e-04, -1.16733652e-04, -5.60740292e-05,
        1.92376732e-05,  1.02829680e-04,  2.87494855e-06,  8.88619863e-05,
        5.54542095e-05, -7.68763005e-05, -3.46627343e-05, -3.22249371e-05,
       -3.81228976e-06,  6.75116817e-05,  3.93770957e-05, -2.12566799e-05,
        1.97516497e-05,  2.27085879e-05,  4.95071449e-05,  3.24767829e-05,
        2.09990741e-05,  3.48014735e-05,  1.34941261e-05, -2.29140861e-05,
       -7.69492178e-06, -4.49360452e-05, -2.46898342e-05,  2.71888121e-06,
        8.38315198e-06, -1.46637881e-05,  1.87695480e-05,  6.92064117e-06,
        2.72615510e-06,  3.45421423e-06, -7.76740030e-06, -4.47065777e-06,
       -3.80212997e-06, -5.49900999e-06, -1.59524713e-05, -1.03020876e-05],      dtype=float64),
                   'Phi_mn': Array([], shape=(0,), dtype=float64),
                   'Psi': Array([50.20413129], dtype=float64),
                   'R_lmn': Array([ 3.21868155e-06, -2.58795508e-05,  2.68397274e-05, -8.66934559e-06,
        5.86655939e-05,  5.13144476e-05,  1.04325997e-05, -1.30968721e-05,
        1.08424672e-06,  1.13181028e-06, -4.61512553e-05, -3.26523674e-05,
       -1.56400720e-08, -1.05059228e-05, -1.36118556e-05,  4.45533152e-06,
        6.22308058e-09, -1.13379434e-06, -1.25268366e-05,  7.17641557e-06,
       -1.50193969e-04, -2.32822134e-04, -4.56012701e-05,  1.23222354e-04,
       -5.99410456e-06,  2.53726408e-04, -6.76366378e-05,  1.24324615e-05,
        4.62756263e-05, -1.62144622e-05, -2.38219968e-05,  1.74026249e-05,
       -2.28176262e-07,  6.82416374e-05,  3.30993038e-05, -1.91211431e-05,
        4.94425607e-08,  1.66023312e-05,  2.96321756e-05, -3.80920205e-05,
       -1.15990236e-05, -3.87806277e-04, -5.14313363e-04,  9.36051346e-05,
        1.55993279e-04,  3.82870326e-04,  7.82596181e-05,  6.45931578e-04,
       -3.34356775e-05,  3.77445063e-05, -5.82676462e-05, -4.65189796e-05,
        1.93189989e-06, -8.52847743e-05, -1.21617801e-04, -4.08734779e-05,
       -2.83589925e-07, -2.48775507e-05, -9.24991737e-05,  4.08244816e-05,
       -2.97731882e-05, -1.23832724e-03,  5.18392522e-04,  5.20499113e-04,
       -1.82324822e-04,  8.75755832e-04,  9.27310592e-05, -8.43919251e-04,
       -5.75843295e-04, -7.25399439e-05,  1.85932544e-04,  3.14661566e-04,
        1.28291072e-06, -3.86235830e-05,  4.46953930e-05,  1.57377235e-04,
        1.28621657e-07,  6.72710161e-05,  1.06949694e-04, -1.59974199e-05,
       -1.34666237e-03, -1.73939376e-03, -7.90220445e-04, -1.99438663e-03,
       -1.82445277e-03,  2.86068805e-03,  1.26216649e-03,  1.03231976e-03,
        2.10022889e-03,  1.14125263e-04,  6.11029226e-04, -8.44551216e-04,
        7.57709667e-06, -3.72402121e-04, -1.99698527e-04,  1.20278461e-04,
        4.94220997e-07, -1.13379731e-04, -1.65099876e-04, -2.03550430e-04,
       -4.65583062e-02, -1.15773005e-02,  2.85391806e-03,  2.40511603e-02,
        8.41157182e-04,  1.99630531e-02, -5.61195636e-04,  2.14394491e-05,
       -4.00995288e-04, -1.78742931e-04, -1.44964995e-03, -9.37663493e-04,
        1.52557230e-06,  2.67499266e-04,  2.55768772e-04,  1.21526526e-03,
        7.84053274e-07,  8.28396618e-05, -9.16614918e-06, -1.95690352e-04,
       -2.33044824e-01,  1.28100953e-01, -1.14587509e-02, -5.79545629e-02,
        3.08308176e-04,  4.10558544e-03,  2.50752973e-03,  1.24718105e-03,
        9.94581134e-03, -7.45388880e-07, -8.70524163e-04,  5.68874554e-03,
       -5.18276254e-06, -8.96677666e-05, -1.89192793e-03, -1.56063179e-03,
        4.16756725e-07, -2.44262179e-05,  6.56756497e-04,  2.68831408e-04,
       -1.64752720e+00, -4.53729063e-02,  8.06548722e-02,  1.95099044e-01,
       -3.65314341e-03,  1.09126518e-01, -4.67343093e-03, -3.50216846e-03,
       -1.55815275e-02,  3.92400761e-04, -5.18904187e-04, -1.16851049e-03,
        4.66089547e-06,  2.61086152e-04, -1.88716642e-03,  2.44521793e-03,
        1.70965424e-07,  5.86679280e-05, -2.34470268e-04, -9.28124281e-04,
        1.00824647e+01,  1.54147024e+00, -2.93187819e-01,  3.86811947e-01,
        1.66150484e-01, -8.71863154e-03,  1.08215095e-01, -4.21093217e-02,
       -1.84069254e-02, -1.96362487e-02, -1.96038190e-02,  3.52507040e-04,
       -1.20972358e-03, -1.43469004e-02, -1.56108082e-03, -1.55031191e-04,
        5.43073124e-03, -1.23680450e-03, -6.48077342e-04, -1.15056050e-05,
        1.92214215e-04, -8.35014273e-04, -3.84562336e-04, -6.06743708e-05,
       -1.37477011e-06,  1.89674217e+00, -7.45119648e-01,  7.02130888e-02,
        1.70422019e-02, -2.85870259e-02,  2.60688704e-02, -3.78920348e-02,
        2.80409419e-02, -1.46468214e-02,  1.52660405e-02, -8.17425923e-03,
       -3.71257107e-03,  7.38184569e-04,  3.82639763e-03,  4.81689475e-03,
       -2.65681678e-05, -6.05364243e-04,  1.63714504e-03,  9.65714587e-04,
       -1.87372495e-05, -1.08883585e-03, -3.96704756e-04,  3.07376727e-04,
        2.49034892e-04, -2.10168173e-06,  1.41717836e-01, -7.03072185e-02,
       -4.68558566e-02,  1.33360981e-01, -1.04432476e-01, -2.23926941e-02,
        4.65478970e-03,  5.23345634e-03, -9.26987487e-04,  2.68413495e-02,
        9.99781934e-04,  1.22459628e-03,  2.92517013e-04,  5.36347902e-03,
       -3.36316850e-03,  9.19451080e-05, -3.04265144e-03, -2.92995176e-03,
        1.30288209e-05, -1.71701189e-05,  6.80235154e-05, -2.46980975e-04,
        5.45001791e-04,  1.00920114e-04,  1.09105891e-06,  9.36434989e-03,
       -9.93332569e-03, -8.57986101e-03,  5.15959733e-03, -5.56517737e-04,
        5.48437398e-03,  7.27036350e-04,  6.01039075e-03,  6.74597295e-04,
        1.72653280e-03, -7.91405863e-03, -8.66652671e-04, -1.74318715e-03,
       -2.97993468e-03, -1.67438833e-03,  1.23005877e-04,  1.56175550e-03,
        6.78503240e-04,  5.66551437e-04, -1.82735518e-06, -2.87149148e-04,
        4.36434671e-04,  2.28922536e-04, -9.87279036e-05,  1.33139272e-06,
        1.37995100e-03,  1.26341885e-02, -1.38446513e-03,  2.74960285e-03,
       -1.33940310e-02,  2.67262084e-04, -4.32127894e-04, -2.30523471e-03,
       -1.18429257e-03,  3.90906378e-04, -1.14923497e-03,  1.27936988e-03,
        4.45991188e-04,  6.23381210e-04, -2.05516118e-04,  5.71758359e-05,
        9.41170641e-05,  5.71266469e-05, -3.56058688e-04,  1.57741974e-06,
       -1.08912174e-04, -2.65580254e-04, -1.18348025e-05, -6.47298905e-05,
        1.64719104e-06,  3.45243126e-04,  1.01424193e-03, -2.40821039e-04,
        1.44593327e-03, -2.16070196e-04,  7.13755344e-04, -3.40306738e-04,
       -1.82024742e-03, -1.80399417e-04, -5.14248430e-04, -1.17707022e-03,
       -5.19918512e-05,  1.51303799e-04,  3.57154478e-04,  1.07838089e-04,
       -4.31640335e-05, -1.71469347e-04,  1.30412868e-04,  1.18088520e-04,
        3.42570230e-06,  8.21093436e-05,  3.79792319e-05,  1.53365979e-04,
        6.26354598e-05, -6.98535611e-07, -8.68183953e-05,  1.20571299e-04,
       -1.69659758e-05, -3.55538191e-04, -1.68273562e-04, -2.28184668e-04,
        1.16627896e-04,  2.97917910e-04,  2.14180191e-04, -6.33272925e-05,
        3.15899604e-04,  1.33436731e-04,  9.00659420e-06,  6.83936862e-06,
       -1.42036659e-04,  4.91432698e-05,  1.06039341e-04, -7.94141571e-05,
       -1.33182684e-04, -9.17590024e-08, -1.67745608e-05,  3.78326365e-05,
       -6.35679358e-05, -3.57233653e-05, -5.64097941e-08, -7.69985900e-05,
       -1.38118400e-04,  9.80183436e-05, -7.56001042e-05,  7.34457051e-05,
       -7.51970544e-05,  3.15079208e-05,  7.20511323e-05, -1.08701171e-05,
        1.05304451e-04,  1.07822006e-06, -6.73427498e-05, -9.42906289e-05,
        1.89716897e-05, -3.84804077e-05, -2.01377604e-05, -4.04576057e-05,
        7.41228747e-05,  6.69943299e-05,  2.24108283e-07,  4.19430945e-05,
       -1.55473461e-05,  4.93200795e-05,  2.06583129e-05, -4.37390617e-07,
       -4.16765308e-05, -2.82732603e-06, -3.63822941e-06, -3.12657699e-05,
       -2.69157124e-05,  6.98043188e-05,  4.80187490e-05,  3.16759431e-05,
        4.64402679e-05,  1.08807074e-05, -7.29819172e-05,  1.79042381e-05,
        7.25337724e-06,  9.08070463e-06, -3.74096208e-05,  1.05736133e-06,
        1.87614092e-05,  3.18378428e-06, -1.78028800e-05, -1.95147092e-08,
       -9.88386160e-06, -9.50440100e-06, -8.92564499e-06, -1.02761068e-06,
       -4.54518282e-08], dtype=float64),
                   'Ra_n': Array([ 1.04852696e+01,  1.78681002e+00,  1.93003989e-01,  2.01272853e-02,
        1.77738487e-03,  1.76562971e-04,  2.09943218e-05, -7.27528940e-06,
       -7.15679119e-06], dtype=float64),
                   'Rb_lmn': Array([ 6.22308058e-09, -1.56400720e-08, -1.98405276e-09, -7.33231635e-08,
       -1.24979878e-08,  1.30999677e-07, -4.10550807e-08,  8.89142005e-08,
        4.94425607e-08, -2.28176262e-07,  3.87868974e-07,  6.04999550e-07,
       -1.83925750e-07, -6.95048915e-08,  2.14878595e-07,  1.82868580e-07,
       -2.83589925e-07,  1.93189989e-06,  1.28669556e-05, -7.02515619e-06,
        5.22645943e-06,  1.00004138e-05, -1.06304487e-05,  7.69695557e-06,
        1.28621657e-07,  1.28291072e-06, -5.26892782e-06,  5.41074762e-05,
        1.10557416e-04, -2.80831337e-04, -6.39072655e-05,  7.22598645e-05,
        4.94220997e-07,  7.57709667e-06,  7.45532163e-07,  8.89764373e-04,
       -1.37852342e-03,  4.24007864e-05,  7.31926478e-05, -1.12054165e-03,
        7.84053274e-07,  1.52557230e-06, -9.59032693e-05, -2.93696370e-04,
       -6.17658912e-04,  3.13112628e-03,  7.25239874e-03, -2.16928759e-02,
        4.16756725e-07, -5.18276254e-06, -2.51716068e-05,  2.41786197e-03,
        9.45405109e-05, -1.21034978e-02,  1.38164115e-01, -2.82614208e-01,
        1.70965424e-07,  4.66089547e-06,  4.51068689e-04, -4.41234478e-03,
       -4.40651786e-03,  7.52655373e-02,  6.16569767e-02, -1.46556447e+00,
        9.89647447e+00,  1.69341520e+00,  3.29520711e-01, -2.95592550e-02,
       -2.03525685e-02, -2.95570301e-04, -2.15705561e-04, -1.15056050e-05,
       -1.37477011e-06,  1.92871257e+00, -7.59045998e-01,  4.85128367e-02,
        1.95317562e-02, -9.52254992e-03, -2.74685648e-03,  2.22466724e-04,
       -1.87372495e-05, -2.10168173e-06,  9.98773095e-02, -1.50940996e-01,
        1.43710935e-01, -2.43228639e-02, -3.74515420e-03,  1.23762511e-03,
        1.92865222e-04, -1.71701189e-05,  1.09105891e-06, -5.18811076e-04,
       -7.20155513e-03,  8.62648807e-03, -1.75118141e-03, -7.70868502e-04,
       -3.00101234e-04,  2.42779730e-05, -1.82735518e-06,  1.33139272e-06,
       -9.95630084e-05, -2.74819139e-04,  8.02169105e-04, -8.24846241e-04,
       -1.40164349e-03,  9.23311196e-04, -7.55405464e-06,  1.57741974e-06,
        1.64719104e-06, -2.47150793e-06,  1.12453957e-04,  2.08195655e-05,
       -3.32902007e-04,  8.08046512e-05,  6.60966686e-05,  1.94714263e-05,
        3.42570230e-06, -6.98535611e-07,  5.07555862e-06, -4.99021496e-06,
       -1.29482762e-05,  8.30077835e-06,  8.57559619e-06,  2.54047053e-07,
        1.34199045e-05, -9.17590024e-08, -5.64097941e-08,  1.80140120e-07,
        1.74149967e-07, -1.24628341e-07,  4.04032238e-09, -3.04453262e-08,
       -3.48419923e-07,  5.20552441e-07,  2.24108283e-07, -4.37390617e-07,
        7.35044653e-08, -1.00921887e-07, -1.35231057e-08,  6.18586050e-09,
        1.05002055e-07,  1.01358059e-07,  2.97506456e-08, -1.95147092e-08,
       -4.54518282e-08], dtype=float64),
                   'Te_l': Array([  2762.66108232, -11489.6804252 ,  -1835.09580851,  -1032.78835821,
          -42.44972199], dtype=float64),
                   'Ti_l': Array([  1224.18730753, -12901.03538299,  -2691.17107389,  -1142.76591381,
         -107.70039496], dtype=float64),
                   'Z_lmn': Array([ 2.02047685e-05,  1.93476797e-06, -6.33009739e-06, -3.60937700e-06,
        1.88905590e-05, -4.72041644e-05, -1.17770997e-05,  3.59819665e-06,
       -2.50642394e-05, -1.64754699e-06,  5.53281254e-05, -1.16699485e-05,
       -1.22531826e-06,  4.95672086e-07,  2.21929789e-05, -2.38098252e-06,
       -1.92993465e-05, -8.04363225e-06,  1.16888134e-05, -5.22793222e-08,
       -8.95447261e-07, -5.00972955e-07,  2.86064185e-06,  2.42328367e-06,
        3.49455273e-09,  1.10462814e-04, -4.00589535e-07, -2.15771731e-05,
        1.25940686e-04,  9.15854985e-05, -2.36275785e-05, -1.11701172e-04,
       -1.26207331e-04, -1.20433760e-04, -7.29865964e-05,  6.91692424e-05,
       -5.16248428e-05,  1.83498422e-05, -2.67470197e-05,  1.41292047e-04,
        4.89640857e-07, -1.80398699e-05, -4.57662186e-05,  5.15390190e-05,
       -6.77517235e-07,  4.67657501e-06,  2.69324885e-05, -2.09956875e-05,
       -1.39839543e-07,  1.09283758e-07,  2.99780694e-04,  5.19382237e-04,
       -1.85062793e-04,  5.65087568e-04, -1.82669350e-04,  2.37535662e-04,
       -2.09701655e-04, -3.31463907e-04,  2.07452280e-05, -3.24076471e-04,
       -9.76262502e-05,  2.45857946e-05,  1.58995745e-04, -1.94217916e-04,
       -2.56503664e-05,  4.16880095e-06,  6.11311319e-06, -1.38874680e-04,
       -2.12152287e-05, -1.48087184e-07, -6.53072837e-05, -3.60398026e-05,
        4.01978930e-06, -8.93346857e-06, -2.04377600e-07,  1.84814051e-04,
       -1.42952363e-03,  7.58196436e-05,  4.73042073e-04,  1.02510952e-03,
        1.12252397e-03, -3.02291063e-04, -8.07659524e-04,  8.55129585e-05,
        4.34520406e-04, -1.01361579e-03, -1.57918621e-04, -3.92458883e-05,
        3.51207755e-04,  6.42417450e-05, -6.12721323e-06, -5.61935810e-05,
       -5.64991513e-05,  1.30175269e-04,  2.13189574e-06,  5.99889798e-05,
       -2.32845977e-05, -4.66604471e-05, -3.23178323e-05,  1.50032022e-07,
       -2.95927929e-03, -9.41837785e-03,  1.11542774e-03, -3.89511809e-03,
        6.77299345e-03, -4.23866795e-04,  2.34017228e-03,  4.40550572e-03,
        1.28670596e-03,  1.97638432e-03,  1.83130989e-03, -1.20985835e-04,
       -7.56608130e-05, -9.82706199e-04, -8.26457377e-04, -2.48746024e-05,
        3.46688013e-04, -2.67375382e-04, -4.81056727e-05,  2.78343408e-06,
       -1.39787465e-04, -4.26699083e-06, -3.54675184e-05, -4.13230778e-05,
       -8.27188809e-07, -1.17446378e-02, -2.78486479e-02,  7.78998733e-03,
       -2.55258763e-02,  3.82991700e-02,  3.53245313e-03,  1.46368461e-03,
        3.09917260e-03,  2.42443201e-03,  2.01410244e-03,  5.48961805e-03,
       -1.53965936e-03,  1.71917844e-03,  3.56264836e-03,  6.27546543e-04,
       -7.15252254e-05, -5.37772950e-04,  5.14155442e-04,  2.11771297e-04,
       -8.12361628e-07,  4.77128498e-04, -8.99422447e-05, -3.94429076e-05,
        4.33143420e-06,  6.41002762e-07, -1.44574612e-01,  7.78977404e-02,
        3.79653188e-02, -7.00077803e-02,  5.95717521e-02, -8.78379150e-03,
        1.00913083e-02, -5.92826734e-03,  5.55298132e-03, -1.13031068e-02,
        1.14080586e-02,  1.59952562e-03,  2.94479913e-03,  7.36366885e-04,
        3.43337857e-03, -1.38073687e-04, -6.28780400e-05,  8.40533125e-04,
       -2.87190037e-04, -6.92593512e-06, -1.62240261e-04, -5.17052663e-05,
       -2.23943782e-04,  4.42949539e-05,  1.58116917e-06, -1.41274981e+00,
        2.36727728e-01,  6.67669209e-02, -5.42903694e-02,  3.25608727e-01,
        4.02836813e-03, -5.29215872e-03,  4.82636645e-03, -5.66774154e-03,
       -5.65026429e-02, -3.22792996e-03, -4.10516871e-04,  3.40004443e-03,
       -1.00723766e-02,  3.18386633e-03, -1.35665832e-04,  1.32629187e-03,
        5.84026557e-05, -7.12512783e-04,  1.86812757e-06,  1.38277517e-03,
       -2.85352857e-04, -5.84144489e-04,  4.92421427e-05, -2.83841975e-06,
       -2.19173846e+00, -3.63442274e-01,  1.26808709e-02,  6.76106836e-02,
        8.45928645e-03,  6.06615998e-02,  1.29237489e-03,  7.59997298e-03,
       -1.30593084e-02,  4.49461835e-04,  1.14374395e-03,  1.62639649e-02,
       -2.61194324e-05,  3.01867861e-04,  1.48734509e-03, -2.31226018e-03,
        2.74874776e-06,  3.94654046e-05,  4.33501420e-04,  1.42453014e-03,
       -1.25547261e+00,  9.04309513e-02,  6.54833708e-02, -2.66973212e-03,
        2.14109661e-02,  5.17068151e-02,  4.84838436e-03,  1.26479835e-02,
        1.39948892e-02, -9.82628366e-05, -8.01588752e-03,  4.64153331e-03,
        8.01364329e-06, -5.46373589e-04, -8.15147304e-04,  9.18880962e-04,
       -3.47377580e-07, -1.07214124e-04, -1.54972438e-04,  3.28449167e-04,
       -2.42672878e-01,  5.43990986e-02,  2.14285753e-02,  1.09869506e-02,
       -5.29517244e-03,  1.37603060e-02, -1.75907416e-04, -9.29763384e-03,
       -3.70110988e-03, -1.29465045e-04, -1.21844558e-03,  5.19183438e-03,
        1.40822367e-05, -3.83268024e-05, -4.38980530e-04,  2.18786601e-04,
       -2.80071022e-06, -7.23190617e-05,  1.91477761e-05, -4.51715519e-04,
       -3.21681752e-02,  7.67700614e-03, -8.89871672e-03,  1.16878102e-04,
       -2.60934757e-03,  1.38498644e-02,  1.59544217e-03,  4.93045843e-03,
        2.89088603e-03, -1.30676228e-04, -1.62533398e-04, -4.82714040e-03,
       -1.63969165e-06, -4.21068709e-04, -6.17091190e-04,  1.42459603e-03,
       -1.09212266e-06,  1.01470406e-04, -1.75863180e-04,  4.27116107e-05,
       -3.12149477e-03, -4.59146781e-03,  3.67428752e-04,  3.72539408e-03,
       -1.90385202e-03,  4.13714954e-03,  1.65269540e-04, -7.51384123e-04,
       -1.65557371e-03,  3.16254517e-05,  1.54500216e-03,  7.35151958e-04,
       -1.03937977e-06, -5.22281450e-06, -1.09889088e-04,  2.92640822e-04,
        4.78926496e-07, -8.26216230e-06, -3.10123092e-05, -2.40312074e-04,
       -5.88798196e-04, -1.90507553e-03, -1.79649897e-03,  4.50757121e-04,
       -1.14143575e-05,  2.38986926e-03,  2.03687040e-04,  1.93335214e-03,
        5.58263022e-05,  1.76351261e-05, -9.29029339e-05, -6.93472146e-04,
       -1.03011982e-06, -1.63236103e-04, -1.11556803e-04,  1.16006249e-04,
        5.98186093e-08,  8.56436715e-06,  1.88737916e-05,  1.03998124e-04,
       -3.45568407e-04, -9.78631959e-04, -3.41931771e-04,  3.12992810e-04,
       -8.39372317e-05,  7.63804931e-04, -7.23236383e-05,  3.27908416e-04,
        1.39377334e-05, -4.07915640e-06,  1.15237048e-04,  2.48896255e-04,
       -6.70584815e-08,  7.21376277e-05,  1.34491653e-05,  1.79293676e-05,
        9.60415358e-08, -1.73273090e-06, -3.39033444e-05, -3.66947557e-05,
       -5.26510560e-05, -1.29400975e-04, -1.33768700e-05,  3.09338081e-05,
        1.67577076e-04,  1.75711826e-04,  3.74650923e-05,  2.37854255e-05,
        2.87552719e-05,  6.86447881e-06, -1.72835576e-04, -4.68701862e-05,
       -7.87136973e-07, -3.77933815e-05, -1.06805668e-05, -7.16505282e-06,
        1.75466918e-07, -7.01231924e-06,  5.62205465e-06,  4.90863819e-07,
       -5.39608224e-06, -9.51675973e-06,  2.54460953e-05,  3.76460698e-08,
        2.93175632e-05,  1.85376778e-05,  5.83609257e-06, -2.21120288e-05,
       -3.45272834e-06,  1.87797332e-06, -2.80640608e-05, -1.39608295e-05,
       -3.65944582e-09, -5.79525753e-06, -3.35440244e-06,  8.85017297e-06,
       -5.33041443e-09, -1.85423263e-06, -1.25357186e-06,  4.87605895e-06],      dtype=float64),
                   'Za_n': Array([ 1.50876372e-05,  6.66554777e-06,  5.08388023e-05, -9.40617868e-05,
       -1.79866140e-03, -1.93129904e-02, -1.75555662e-01, -1.48682616e+00],      dtype=float64),
                   'Zb_lmn': Array([-2.31941595e-08, -1.21566493e-07, -1.64812194e-08,  8.03287780e-08,
       -1.06186678e-08,  1.88649073e-08,  4.23011541e-08, -5.22793222e-08,
        3.49455273e-09,  2.10885882e-07,  1.58442675e-07, -8.11760863e-08,
       -2.24554645e-07, -1.37399942e-07, -8.58237282e-08,  3.49801314e-07,
       -6.77517235e-07,  1.09283758e-07, -1.29529244e-06,  1.87495294e-05,
        3.36594233e-06,  1.03473154e-06, -8.85349021e-07,  3.37056589e-06,
       -4.76466763e-06, -1.48087184e-07, -2.04377600e-07, -2.09142761e-05,
       -2.60872943e-05, -6.69429277e-06,  5.24090280e-05,  1.03094256e-04,
       -2.77433522e-05, -3.84450456e-05,  2.13189574e-06,  1.50032022e-07,
        2.80872451e-04, -3.22312063e-04, -4.76585566e-04,  1.14006771e-03,
        4.24781060e-04, -1.69091508e-04, -6.61976801e-05,  2.78343408e-06,
       -8.27188809e-07, -2.94658902e-04,  1.19268516e-02, -1.89539976e-02,
        9.53622662e-03,  3.01253565e-03, -1.32788807e-03, -6.71937912e-05,
       -8.12361628e-07,  6.41002762e-07, -9.37354257e-02,  1.26103508e-01,
       -7.52513861e-02,  3.46480022e-03,  8.76241611e-03,  1.31233558e-03,
       -9.37787336e-05, -6.92593512e-06,  1.58116917e-06, -1.34649223e+00,
        5.07160105e-01, -5.98217324e-02,  8.58840833e-04, -3.06801969e-03,
       -1.12302965e-03, -8.64236897e-05,  1.86812757e-06, -2.83841975e-06,
        2.74874776e-06, -2.61194324e-05,  4.88927240e-04,  1.59424275e-03,
        1.00365318e-02,  2.17681890e-02, -2.85092180e-01, -2.13949935e+00,
       -3.47377580e-07,  8.01364329e-06, -2.05476961e-04,  4.30201077e-03,
        1.32401062e-02,  7.73162070e-02,  1.47107749e-01, -1.24322857e+00,
       -2.80071022e-06,  1.40822367e-05, -2.01784107e-04, -2.14234218e-04,
       -6.49447024e-03,  1.16919609e-02,  7.28995234e-02, -2.35168251e-01,
       -1.09212266e-06, -1.63969165e-06, -2.92058216e-05,  1.17437346e-03,
       -2.94774415e-03, -4.58534948e-03,  1.67424418e-02, -2.77358150e-02,
        4.78926496e-07, -1.03937977e-06,  2.33632893e-05,  1.60046726e-04,
       -3.89862171e-04, -4.93844460e-04,  4.05216133e-05, -7.59033584e-04,
        5.98186093e-08, -1.03011982e-06,  2.61994932e-05,  4.04509367e-05,
       -8.54434998e-05,  2.52963709e-05, -1.04680290e-04,  3.37914755e-05,
        9.60415358e-08, -6.70584815e-08, -5.81188731e-06, -1.86010634e-07,
       -2.60352824e-06, -5.74189216e-07, -2.62552928e-06, -7.08496712e-07,
        1.75466918e-07, -7.87136973e-07, -1.47840423e-07, -3.28289125e-07,
        3.63554074e-07, -2.72011219e-07, -6.84712775e-08, -1.27028812e-07,
       -5.33041443e-09, -3.65944582e-09,  2.37406882e-08,  4.08350439e-08,
       -6.94598805e-11, -2.03360057e-08, -6.38524927e-08,  3.90084608e-08],      dtype=float64),
                   'Zeff_l': Array([0.84221894, 0.18418126, 0.08323067, 0.07738674, 0.06569552],      dtype=float64),
                   'a_lmn': Array([], shape=(0,), dtype=float64),
                   'c_l': Array([0., 0., 0., 0., 0.], dtype=float64),
                   'i_l': Array([], shape=(0,), dtype=float64),
                   'ne_l': Array([ 1.55838344e+20, -4.46290690e-21, -4.11105102e-21, -3.62843741e-21,
       -3.43096133e-21, -4.05174867e+20], dtype=float64),
                   'ni_l': Array([], shape=(0,), dtype=float64),
                   'p_l': Array([], shape=(0,), dtype=float64)}]],
  'message': 'A bad approximation caused failure to predict improvement.',
  'nfev': 28,
  'nit': 3,
  'njev': 2,
  'optimality': Array(0.97862466, dtype=float64),
  'penalty_param': Array([10.], dtype=float64),
  's': Array([], shape=(0,), dtype=float64),
  'success': False,
  'v': Array([1., 1., 1., 1., 1., 1., 1., 1., 1., 1., 1., 1., 1., 1., 1., 1., 1.,
       1., 1., 1., 1., 1., 1., 1., 1., 1., 1., 1., 1., 1., 1., 1., 1., 1.,
       1., 1., 1., 1., 1., 1., 1., 1., 1., 1., 1., 1., 1., 1., 1., 1., 1.,
       1., 1., 1., 1., 1., 1., 1., 1., 1., 1., 1., 1., 1., 1., 1., 1., 1.,
       1., 1., 1., 1., 1., 1., 1., 1., 1., 1., 1., 1., 1., 1., 1., 1., 1.,
       1., 1., 1., 1., 1., 1., 1., 1., 1., 1., 1., 1., 1., 1., 1., 1., 1.,
       1., 1., 1., 1., 1., 1., 1., 1., 1., 1., 1., 1., 1., 1., 1., 1., 1.,
       1., 1., 1., 1., 1., 1., 1., 1., 1., 1., 1., 1., 1., 1., 1., 1., 1.,
       1., 1., 1., 1., 1., 1., 1., 1., 1., 1., 1., 1., 1., 1., 1., 1., 1.,
       1., 1., 1., 1., 1., 1., 1., 1., 1., 1., 1., 1., 1., 1., 1., 1., 1.,
       1., 1., 1., 1., 1., 1., 1., 1., 1., 1., 1., 1., 1., 1., 1., 1., 1.,
       1., 1., 1., 1., 1., 1., 1., 1., 1., 1., 1., 1., 1., 1., 1., 1., 1.,
       1., 1., 1., 1., 1., 1., 1., 1., 1., 1., 1., 1., 1., 1., 1., 1., 1.,
       1., 1., 1., 1., 1., 1., 1., 1., 1., 1., 1., 1., 1., 1., 1., 1., 1.,
       1., 1., 1., 1., 1., 1., 1., 1., 1., 1., 1., 1., 1., 1., 1., 1., 1.,
       1., 1., 1., 1., 1., 1., 1., 1., 1., 1., 1., 1., 1., 1., 1., 1., 1.,
       1., 1., 1., 1., 1., 1., 1., 1., 1., 1., 1., 1., 1., 1., 1., 1., 1.,
       1., 1., 1., 1., 1., 1., 1., 1., 1., 1., 1., 1., 1., 1., 1., 1., 1.,
       1., 1., 1.], dtype=float64),
  'x': Array([ 9.89247618e-01, -1.00134937e+00, -1.00316129e+00, -1.00060535e+00,
       -4.24497220e+01,  9.90558919e-01, -4.46290690e-21, -4.11105102e-21,
       -3.62843741e-21, -3.43096133e-21, -1.00083729e+00,  9.62869046e-01,
       -1.00259434e+00, -1.00720449e+00, -1.00593925e+00, -1.00354907e+00,
        8.42218937e-01,  1.84181262e-01,  8.32306664e-02,  7.73867384e-02,
        6.56955201e-02,  6.22308058e-09, -1.56400720e-08, -1.98405276e-09,
       -7.33231635e-08, -1.24979878e-08,  1.30999677e-07, -4.10550807e-08,
        8.89142005e-08,  4.94425607e-08, -2.28176262e-07,  3.87868974e-07,
        6.04999550e-07, -1.83925750e-07, -6.95048915e-08,  2.14878595e-07,
        1.82868580e-07, -2.83589925e-07,  1.93189989e-06,  1.28669556e-05,
       -7.02515619e-06,  5.22645943e-06,  1.00004138e-05, -1.06304487e-05,
        7.69695557e-06,  1.28621657e-07,  1.28291072e-06, -5.26892782e-06,
        5.41074762e-05,  1.10557416e-04, -2.80831337e-04, -6.39072655e-05,
        7.22598645e-05,  4.94220997e-07,  7.57709667e-06,  7.45532163e-07,
        8.89764373e-04, -1.37852342e-03,  4.24007864e-05,  7.31926478e-05,
       -1.12054165e-03,  7.84053274e-07,  1.52557230e-06, -9.59032693e-05,
       -2.93696370e-04, -6.17658912e-04,  3.13112628e-03,  7.25239874e-03,
       -2.16928759e-02,  4.16756725e-07, -5.18276254e-06, -2.51716068e-05,
        2.41786197e-03,  9.45405109e-05, -1.21034978e-02,  1.38164115e-01,
       -2.82614208e-01,  1.70965424e-07,  4.66089547e-06,  4.51068689e-04,
       -4.41234478e-03, -4.40651786e-03,  7.52655373e-02,  6.16569767e-02,
       -1.46556447e+00,  1.69341520e+00,  3.29520711e-01, -2.95592550e-02,
       -2.03525685e-02, -2.95570301e-04, -2.15705561e-04, -1.15056050e-05,
       -1.37477011e-06,  1.92871257e+00, -7.59045998e-01,  4.85128367e-02,
        1.95317562e-02, -9.52254992e-03, -2.74685648e-03,  2.22466724e-04,
       -1.87372495e-05, -2.10168173e-06,  9.98773095e-02, -1.50940996e-01,
        1.43710935e-01, -2.43228639e-02, -3.74515420e-03,  1.23762511e-03,
        1.92865222e-04, -1.71701189e-05,  1.09105891e-06, -5.18811076e-04,
       -7.20155513e-03,  8.62648807e-03, -1.75118141e-03, -7.70868502e-04,
       -3.00101234e-04,  2.42779730e-05, -1.82735518e-06,  1.33139272e-06,
       -9.95630084e-05, -2.74819139e-04,  8.02169105e-04, -8.24846241e-04,
       -1.40164349e-03,  9.23311196e-04, -7.55405464e-06,  1.57741974e-06,
        1.64719104e-06, -2.47150793e-06,  1.12453957e-04,  2.08195655e-05,
       -3.32902007e-04,  8.08046512e-05,  6.60966686e-05,  1.94714263e-05,
        3.42570230e-06, -6.98535611e-07,  5.07555862e-06, -4.99021496e-06,
       -1.29482762e-05,  8.30077835e-06,  8.57559619e-06,  2.54047053e-07,
        1.34199045e-05, -9.17590024e-08, -5.64097941e-08,  1.80140120e-07,
        1.74149967e-07, -1.24628341e-07,  4.04032238e-09, -3.04453262e-08,
       -3.48419923e-07,  5.20552441e-07,  2.24108283e-07, -4.37390617e-07,
        7.35044653e-08, -1.00921887e-07, -1.35231057e-08,  6.18586050e-09,
        1.05002055e-07,  1.01358059e-07,  2.97506456e-08, -1.95147092e-08,
       -4.54518282e-08, -2.31941595e-08, -1.21566493e-07, -1.64812194e-08,
        8.03287780e-08, -1.06186678e-08,  1.88649073e-08,  4.23011541e-08,
       -5.22793222e-08,  3.49455273e-09,  2.10885882e-07,  1.58442675e-07,
       -8.11760863e-08, -2.24554645e-07, -1.37399942e-07, -8.58237282e-08,
        3.49801314e-07, -6.77517235e-07,  1.09283758e-07, -1.29529244e-06,
        1.87495294e-05,  3.36594233e-06,  1.03473154e-06, -8.85349021e-07,
        3.37056589e-06, -4.76466763e-06, -1.48087184e-07, -2.04377600e-07,
       -2.09142761e-05, -2.60872943e-05, -6.69429277e-06,  5.24090280e-05,
        1.03094256e-04, -2.77433522e-05, -3.84450456e-05,  2.13189574e-06,
        1.50032022e-07,  2.80872451e-04, -3.22312063e-04, -4.76585566e-04,
        1.14006771e-03,  4.24781060e-04, -1.69091508e-04, -6.61976801e-05,
        2.78343408e-06, -8.27188809e-07, -2.94658902e-04,  1.19268516e-02,
       -1.89539976e-02,  9.53622662e-03,  3.01253565e-03, -1.32788807e-03,
       -6.71937912e-05, -8.12361628e-07,  6.41002762e-07, -9.37354257e-02,
        1.26103508e-01, -7.52513861e-02,  3.46480022e-03,  8.76241611e-03,
        1.31233558e-03, -9.37787336e-05, -6.92593512e-06,  1.58116917e-06,
       -1.34649223e+00,  5.07160105e-01, -5.98217324e-02,  8.58840833e-04,
       -3.06801969e-03, -1.12302965e-03, -8.64236897e-05,  1.86812757e-06,
       -2.83841975e-06,  2.74874776e-06, -2.61194324e-05,  4.88927240e-04,
        1.59424275e-03,  1.00365318e-02,  2.17681890e-02, -2.85092180e-01,
       -2.13949935e+00, -3.47377580e-07,  8.01364329e-06, -2.05476961e-04,
        4.30201077e-03,  1.32401062e-02,  7.73162070e-02,  1.47107749e-01,
       -1.24322857e+00, -2.80071022e-06,  1.40822367e-05, -2.01784107e-04,
       -2.14234218e-04, -6.49447024e-03,  1.16919609e-02,  7.28995234e-02,
       -2.35168251e-01, -1.09212266e-06, -1.63969165e-06, -2.92058216e-05,
        1.17437346e-03, -2.94774415e-03, -4.58534948e-03,  1.67424418e-02,
       -2.77358150e-02,  4.78926496e-07, -1.03937977e-06,  2.33632893e-05,
        1.60046726e-04, -3.89862171e-04, -4.93844460e-04,  4.05216133e-05,
       -7.59033584e-04,  5.98186093e-08, -1.03011982e-06,  2.61994932e-05,
        4.04509367e-05, -8.54434998e-05,  2.52963709e-05, -1.04680290e-04,
        3.37914755e-05,  9.60415358e-08, -6.70584815e-08, -5.81188731e-06,
       -1.86010634e-07, -2.60352824e-06, -5.74189216e-07, -2.62552928e-06,
       -7.08496712e-07,  1.75466918e-07, -7.87136973e-07, -1.47840423e-07,
       -3.28289125e-07,  3.63554074e-07, -2.72011219e-07, -6.84712775e-08,
       -1.27028812e-07, -5.33041443e-09, -3.65944582e-09,  2.37406882e-08,
        4.08350439e-08, -6.94598805e-11, -2.03360057e-08, -6.38524927e-08,
        3.90084608e-08], dtype=float64),
  'x_scale': 'auto',
  'y': Array([0.], dtype=float64)}
