Pre-optimization QS value:1957.9681787676172Post-optimization QS value:1815.7916385445783Pre-optimization quadcoil value:1249.9997666072309Post-optimization quadcoil value:274.24782113904547=== Optimization Result ===
{ 'Objective values': { 'Fixed Psi error: ': [ { 'f': Array(0., dtype=float64),
                                                 'f0': Array(0., dtype=float64)}],
                        'Fixed current profile error: ': [ { 'f': Array(0., dtype=float64),
                                                             'f0': Array(0., dtype=float64)}],
                        'Fixed pressure profile error: ': [ { 'f': Array(0., dtype=float64),
                                                              'f0': Array(0., dtype=float64)}],
                        'Force error: ': [ { 'f0_max': Array(2851.11947339, dtype=float64),
                                             'f0_max_norm': Array(6.68640647e-07, dtype=float64),
                                             'f0_mean': Array(81.07009268, dtype=float64),
                                             'f0_mean_norm': Array(1.90124475e-08, dtype=float64),
                                             'f0_min': Array(0.03514373, dtype=float64),
                                             'f0_min_norm': Array(8.24185913e-12, dtype=float64),
                                             'f_max': Array(2124.48992859, dtype=float64),
                                             'f_max_norm': Array(4.98232478e-07, dtype=float64),
                                             'f_mean': Array(80.55200774, dtype=float64),
                                             'f_mean_norm': Array(1.88909469e-08, dtype=float64),
                                             'f_min': Array(0.00269547, dtype=float64),
                                             'f_min_norm': Array(6.3213899e-13, dtype=float64)}],
                        'Plasma volume: ': [ { 'f': Array(515.37082508, dtype=float64),
                                               'f0': Array(511.64029215, dtype=float64),
                                               'f0_norm': Array(0., dtype=float64),
                                               'f_norm': Array(0., dtype=float64)}],
                        'QUADCOIL subproblem: ': [ { 'f0_max': Array(49.99999533, dtype=float64),
                                                     'f0_mean': Array(49.99999533, dtype=float64),
                                                     'f0_min': Array(49.99999533, dtype=float64),
                                                     'f_max': Array(23.41998382, dtype=float64),
                                                     'f_mean': Array(23.41998382, dtype=float64),
                                                     'f_min': Array(23.41998382, dtype=float64)}],
                        'Quasi-symmetry (1,0) Boozer error: ': [ { 'f0_max': Array(0.3015993, dtype=float64),
                                                                   'f0_max_norm': Array(0.04911851, dtype=float64),
                                                                   'f0_mean': Array(-0.00090906, dtype=float64),
                                                                   'f0_mean_norm': Array(-0.00014805, dtype=float64),
                                                                   'f0_min': Array(-0.66411831, dtype=float64),
                                                                   'f0_min_norm': Array(-0.10815842, dtype=float64),
                                                                   'f_max': Array(0.28733911, dtype=float64),
                                                                   'f_max_norm': Array(0.04679609, dtype=float64),
                                                                   'f_mean': Array(-0.00087698, dtype=float64),
                                                                   'f_mean_norm': Array(-0.00014282, dtype=float64),
                                                                   'f_min': Array(-0.64399496, dtype=float64),
                                                                   'f_min_norm': Array(-0.10488112, dtype=float64)}],
                        'R boundary error: ': [ { 'f': Array(0., dtype=float64),
                                                  'f0': Array(0., dtype=float64)}],
                        'Rotational transform: ': [ { 'f0_max': Array(-0.12248242, dtype=float64),
                                                      'f0_mean': Array(-0.12248242, dtype=float64),
                                                      'f0_min': Array(-0.12248242, dtype=float64),
                                                      'f_max': Array(-0.118838, dtype=float64),
                                                      'f_mean': Array(-0.118838, dtype=float64),
                                                      'f_min': Array(-0.118838, dtype=float64)},
                                                    { 'f0_max': Array(-0.13193312, dtype=float64),
                                                      'f0_mean': Array(-0.13193312, dtype=float64),
                                                      'f0_min': Array(-0.13193312, dtype=float64),
                                                      'f_max': Array(-0.12730393, dtype=float64),
                                                      'f_mean': Array(-0.12730393, dtype=float64),
                                                      'f_min': Array(-0.12730393, dtype=float64)}],
                        'Total (sum of squares)': { 'f': Array(2134.84017638, dtype=float64),
                                                    'f0': Array(3254.44907489, dtype=float64)},
                        'Z boundary error: ': [ { 'f': Array(0., dtype=float64),
                                                  'f0': Array(0., dtype=float64)}]},
  'alltr': [ Array(0.20127506, dtype=float64),
             np.float64(0.05031876515301391),
             np.float64(0.20127506061205563),
             np.float64(0.8051002424482224),
             np.float64(3.2204009697928897),
             np.float64(0.8051002424482223),
             np.float64(0.20127506061205558),
             np.float64(0.0503187651530139),
             np.float64(0.012579691288253474),
             np.float64(0.0031449228220633684),
             np.float64(0.0007862307055158422),
             np.float64(0.0031449228220633684)],
  'allx': [ Array([ 0. ,  0. ,  0. ,  0. ,  0. ,  0. ,  0. ,  0. ,  0. ,  0. , 50. ,
        0. ,  0. ,  0. ,  0. ,  0. ,  0. ,  0. ,  0. ,  0. ,  0. ,  0. ,
        0. ,  0. ,  0. ,  0. ,  0. ,  0. ,  0. ,  0. ,  0. ,  0. ,  0. ,
        0. ,  0. ,  0. ,  0. ,  0. ,  0. ,  0. ,  0. ,  0. ,  0. ,  0. ,
        0. ,  0. ,  0. ,  0. ,  0. ,  0. ,  0. ,  0. ,  0. ,  0. ,  0. ,
        0. ,  0. ,  0. ,  0. ,  0. ,  0. ,  0. ,  0. ,  0. ,  0. ,  0. ,
        0. ,  0. ,  0. ,  0. ,  0. ,  0. ,  0. ,  0. ,  0. ,  8. ,  1.8,
        0. ,  0. ,  0. ,  0. ,  0. ,  0. ,  0. ,  1.7,  0. ,  0. ,  0. ,
        0. ,  0. ,  0. ,  0. ,  0. ,  0. ,  0. ,  0. ,  0. ,  0. ,  0. ,
        0. ,  0. ,  0. ,  0. ,  0. ,  0. ,  0. ,  0. ,  0. ,  0. ,  0. ,
        0. ,  0. ,  0. ,  0. ,  0. ,  0. ,  0. ,  0. ,  0. ,  0. ,  0. ,
        0. ,  0. ,  0. ,  0. ,  0. ,  0. ,  0. ,  0. ,  0. ,  0. ,  0. ,
        0. ,  0. ,  0. ,  0. ,  0. ,  0. ,  0. ,  0. ,  0. ,  0. ,  0. ,
        0. ,  0. ,  0. ,  0. ,  0. ,  0. ,  0. ,  0. ,  0. ,  0. ,  0. ,
        0. ,  0. ,  0. ,  0. ,  0. ,  0. ,  0. ,  0. ,  0. ,  0. ,  0. ,
        0. ,  0. ,  0. ,  0. ,  0. ,  0. ,  0. ,  0. ,  0. ,  0. ,  0. ,
        0. ,  0. ,  0. ,  0. ,  0. ,  0. ,  0. ,  0. ,  0. ,  0. ,  0. ,
        0. ,  0. ,  0. ,  0. ,  0. ,  0. ,  0. ,  0. ,  0. ,  0. ,  0. ,
        0. ,  0. ,  0. ,  0. ,  0. ,  0. ,  0. ,  0. ,  0. ,  0. ,  0. ,
        0. ,  0. ,  0. ,  0. ,  0. ,  0. ,  0. ,  0. ,  0. ,  0. ,  1.7,
        0. ,  0. ,  0. ,  0. ,  0. ,  0. ,  0. ,  0. ,  0. ,  0. ,  0. ,
        0. ,  0. ,  0. ,  0. , -1.8,  0. ,  0. ,  0. ,  0. ,  0. ,  0. ,
        0. ,  0. ,  0. ,  0. ,  0. ,  0. ,  0. ,  0. ,  0. ,  0. ,  0. ,
        0. ,  0. ,  0. ,  0. ,  0. ,  0. ,  0. ,  0. ,  0. ,  0. ,  0. ,
        0. ,  0. ,  0. ,  0. ,  0. ,  0. ,  0. ,  0. ,  0. ,  0. ,  0. ,
        0. ,  0. ,  0. ,  0. ,  0. ,  0. ,  0. ,  0. ,  0. ,  0. ,  0. ,
        0. ,  0. ,  0. ,  0. ,  0. ,  0. ,  0. ,  0. ,  0. ,  0. ,  0. ,
        0. ,  0. ,  0. ], dtype=float64),
            Array([ 0.00000000e+00,  0.00000000e+00,  0.00000000e+00,  0.00000000e+00,
        0.00000000e+00,  0.00000000e+00,  0.00000000e+00,  0.00000000e+00,
        0.00000000e+00,  0.00000000e+00,  5.00000000e+01,  0.00000000e+00,
        0.00000000e+00,  0.00000000e+00,  0.00000000e+00,  0.00000000e+00,
        0.00000000e+00,  0.00000000e+00,  0.00000000e+00,  0.00000000e+00,
        0.00000000e+00,  0.00000000e+00,  0.00000000e+00,  0.00000000e+00,
        0.00000000e+00,  0.00000000e+00,  0.00000000e+00,  0.00000000e+00,
        0.00000000e+00,  0.00000000e+00,  0.00000000e+00,  0.00000000e+00,
        0.00000000e+00,  0.00000000e+00,  0.00000000e+00,  0.00000000e+00,
        0.00000000e+00,  0.00000000e+00,  0.00000000e+00,  0.00000000e+00,
        0.00000000e+00,  0.00000000e+00,  0.00000000e+00,  0.00000000e+00,
        0.00000000e+00,  0.00000000e+00,  0.00000000e+00, -3.76587856e-05,
       -2.66533858e-05, -1.00035465e-05, -4.21332921e-05,  0.00000000e+00,
        0.00000000e+00,  0.00000000e+00,  0.00000000e+00,  2.43582043e-05,
        9.29572786e-05,  6.25659693e-05,  5.89120491e-05,  0.00000000e+00,
        0.00000000e+00,  0.00000000e+00,  0.00000000e+00, -1.95428749e-04,
        3.30764535e-04, -4.40987219e-04,  5.13824329e-04,  0.00000000e+00,
        0.00000000e+00,  0.00000000e+00,  0.00000000e+00, -5.06508271e-04,
        9.77483895e-04,  1.25857451e-03,  1.15366461e-03,  8.00000000e+00,
        1.80124673e+00,  4.38589994e-04,  2.17982070e-04, -2.00493080e-04,
        0.00000000e+00,  0.00000000e+00,  0.00000000e+00,  0.00000000e+00,
        1.69812704e+00, -7.06892746e-05, -1.93091927e-03, -7.51782582e-04,
        4.43183657e-04,  0.00000000e+00,  0.00000000e+00,  0.00000000e+00,
        0.00000000e+00,  2.78112233e-04, -1.65325398e-05,  4.82054329e-04,
       -3.53723145e-04,  2.27183849e-04,  0.00000000e+00,  0.00000000e+00,
        0.00000000e+00,  0.00000000e+00, -3.01634041e-05,  1.62779344e-06,
       -6.16025614e-05, -9.15600130e-05,  8.95297198e-06,  0.00000000e+00,
        0.00000000e+00,  0.00000000e+00,  0.00000000e+00,  2.55012660e-06,
        7.18892800e-06,  9.07531698e-06,  2.43551234e-05,  5.01135130e-05,
        0.00000000e+00,  0.00000000e+00,  0.00000000e+00,  0.00000000e+00,
        0.00000000e+00,  0.00000000e+00,  0.00000000e+00,  0.00000000e+00,
        0.00000000e+00,  0.00000000e+00,  0.00000000e+00,  0.00000000e+00,
        0.00000000e+00,  0.00000000e+00,  0.00000000e+00,  0.00000000e+00,
        0.00000000e+00,  0.00000000e+00,  0.00000000e+00,  0.00000000e+00,
        0.00000000e+00,  0.00000000e+00,  0.00000000e+00,  0.00000000e+00,
        0.00000000e+00,  0.00000000e+00,  0.00000000e+00,  0.00000000e+00,
        0.00000000e+00,  0.00000000e+00,  0.00000000e+00,  0.00000000e+00,
        0.00000000e+00,  0.00000000e+00,  0.00000000e+00,  0.00000000e+00,
        0.00000000e+00,  0.00000000e+00,  0.00000000e+00,  0.00000000e+00,
        0.00000000e+00,  0.00000000e+00,  0.00000000e+00,  0.00000000e+00,
        0.00000000e+00,  0.00000000e+00,  0.00000000e+00,  0.00000000e+00,
        0.00000000e+00,  0.00000000e+00,  0.00000000e+00,  0.00000000e+00,
        0.00000000e+00,  0.00000000e+00,  0.00000000e+00,  0.00000000e+00,
        0.00000000e+00,  0.00000000e+00,  0.00000000e+00,  0.00000000e+00,
        0.00000000e+00,  0.00000000e+00,  0.00000000e+00,  0.00000000e+00,
        0.00000000e+00,  0.00000000e+00,  0.00000000e+00,  0.00000000e+00,
        0.00000000e+00,  0.00000000e+00,  0.00000000e+00,  0.00000000e+00,
        0.00000000e+00,  0.00000000e+00,  0.00000000e+00,  0.00000000e+00,
        2.55960365e-06,  4.26081066e-05,  1.24200496e-06, -3.86600208e-05,
       -1.08332246e-05,  0.00000000e+00,  0.00000000e+00,  0.00000000e+00,
        0.00000000e+00, -3.06035306e-05, -5.88335907e-05,  4.92789430e-05,
       -1.96841767e-06,  6.32398508e-05,  0.00000000e+00,  0.00000000e+00,
        0.00000000e+00,  0.00000000e+00,  2.68795180e-04, -5.13645966e-04,
       -3.88563329e-04,  3.17354330e-04, -3.60018546e-04,  0.00000000e+00,
        0.00000000e+00,  0.00000000e+00,  0.00000000e+00,  1.69831324e+00,
       -1.15357841e-03,  2.21069268e-03,  7.93399439e-04, -5.34466197e-04,
        0.00000000e+00,  0.00000000e+00,  0.00000000e+00,  0.00000000e+00,
        0.00000000e+00,  0.00000000e+00,  0.00000000e+00,  0.00000000e+00,
        1.43684178e-04, -1.53812290e-04, -7.62538385e-04, -1.80125764e+00,
        0.00000000e+00,  0.00000000e+00,  0.00000000e+00,  0.00000000e+00,
       -4.21055818e-04,  6.26424233e-04,  1.86314345e-03,  4.47677313e-05,
        0.00000000e+00,  0.00000000e+00,  0.00000000e+00,  0.00000000e+00,
       -2.39192564e-04,  3.22712640e-04, -3.74383112e-04, -4.93132914e-07,
        0.00000000e+00,  0.00000000e+00,  0.00000000e+00,  0.00000000e+00,
        9.86469713e-05, -4.99680965e-06,  4.92414903e-05, -4.06029908e-06,
        0.00000000e+00,  0.00000000e+00,  0.00000000e+00,  0.00000000e+00,
        3.13443474e-06, -4.00036102e-05,  3.00656005e-07,  1.12661022e-05,
        0.00000000e+00,  0.00000000e+00,  0.00000000e+00,  0.00000000e+00,
        0.00000000e+00,  0.00000000e+00,  0.00000000e+00,  0.00000000e+00,
        0.00000000e+00,  0.00000000e+00,  0.00000000e+00,  0.00000000e+00,
        0.00000000e+00,  0.00000000e+00,  0.00000000e+00,  0.00000000e+00,
        0.00000000e+00,  0.00000000e+00,  0.00000000e+00,  0.00000000e+00,
        0.00000000e+00,  0.00000000e+00,  0.00000000e+00,  0.00000000e+00,
        0.00000000e+00,  0.00000000e+00,  0.00000000e+00,  0.00000000e+00,
        0.00000000e+00,  0.00000000e+00,  0.00000000e+00,  0.00000000e+00],      dtype=float64),
            Array([ 0.00000000e+00,  0.00000000e+00,  0.00000000e+00,  0.00000000e+00,
        0.00000000e+00,  0.00000000e+00,  0.00000000e+00,  0.00000000e+00,
        0.00000000e+00,  0.00000000e+00,  5.00000000e+01,  0.00000000e+00,
        0.00000000e+00,  0.00000000e+00,  0.00000000e+00,  0.00000000e+00,
        0.00000000e+00,  0.00000000e+00,  0.00000000e+00,  0.00000000e+00,
        0.00000000e+00,  0.00000000e+00,  0.00000000e+00,  0.00000000e+00,
        0.00000000e+00,  0.00000000e+00,  0.00000000e+00,  0.00000000e+00,
        0.00000000e+00,  0.00000000e+00,  0.00000000e+00,  0.00000000e+00,
        0.00000000e+00,  0.00000000e+00,  0.00000000e+00,  0.00000000e+00,
        0.00000000e+00,  0.00000000e+00,  0.00000000e+00,  0.00000000e+00,
        0.00000000e+00,  0.00000000e+00,  0.00000000e+00,  0.00000000e+00,
        0.00000000e+00,  0.00000000e+00,  0.00000000e+00, -5.05811122e-05,
       -3.30990912e-05, -1.25256742e-05, -5.27632600e-05,  0.00000000e+00,
        0.00000000e+00,  0.00000000e+00,  0.00000000e+00,  2.44236025e-05,
        1.16872043e-04,  7.79716850e-05,  7.41202042e-05,  0.00000000e+00,
        0.00000000e+00,  0.00000000e+00,  0.00000000e+00, -2.49650496e-04,
        4.12102812e-04, -5.51000525e-04,  6.41460785e-04,  0.00000000e+00,
        0.00000000e+00,  0.00000000e+00,  0.00000000e+00, -6.47358459e-04,
        1.21001693e-03,  1.57594912e-03,  1.43912822e-03,  8.00000000e+00,
        1.80155934e+00,  5.49490649e-04,  2.73885919e-04, -2.50548222e-04,
        0.00000000e+00,  0.00000000e+00,  0.00000000e+00,  0.00000000e+00,
        1.69765924e+00, -8.81974321e-05, -2.41799984e-03, -9.35659038e-04,
        5.54903088e-04,  0.00000000e+00,  0.00000000e+00,  0.00000000e+00,
        0.00000000e+00,  3.47153630e-04, -2.06457572e-05,  6.02154823e-04,
       -4.40420527e-04,  2.69525748e-04,  0.00000000e+00,  0.00000000e+00,
        0.00000000e+00,  0.00000000e+00, -3.76069912e-05,  2.01887560e-06,
       -7.67301368e-05, -1.14927658e-04,  4.07809717e-06,  0.00000000e+00,
        0.00000000e+00,  0.00000000e+00,  0.00000000e+00,  3.14416973e-06,
        8.99140821e-06,  1.12237982e-05,  3.09682110e-05,  5.94560860e-05,
        0.00000000e+00,  0.00000000e+00,  0.00000000e+00,  0.00000000e+00,
        0.00000000e+00,  0.00000000e+00,  0.00000000e+00,  0.00000000e+00,
        0.00000000e+00,  0.00000000e+00,  0.00000000e+00,  0.00000000e+00,
        0.00000000e+00,  0.00000000e+00,  0.00000000e+00,  0.00000000e+00,
        0.00000000e+00,  0.00000000e+00,  0.00000000e+00,  0.00000000e+00,
        0.00000000e+00,  0.00000000e+00,  0.00000000e+00,  0.00000000e+00,
        0.00000000e+00,  0.00000000e+00,  0.00000000e+00,  0.00000000e+00,
        0.00000000e+00,  0.00000000e+00,  0.00000000e+00,  0.00000000e+00,
        0.00000000e+00,  0.00000000e+00,  0.00000000e+00,  0.00000000e+00,
        0.00000000e+00,  0.00000000e+00,  0.00000000e+00,  0.00000000e+00,
        0.00000000e+00,  0.00000000e+00,  0.00000000e+00,  0.00000000e+00,
        0.00000000e+00,  0.00000000e+00,  0.00000000e+00,  0.00000000e+00,
        0.00000000e+00,  0.00000000e+00,  0.00000000e+00,  0.00000000e+00,
        0.00000000e+00,  0.00000000e+00,  0.00000000e+00,  0.00000000e+00,
        0.00000000e+00,  0.00000000e+00,  0.00000000e+00,  0.00000000e+00,
        0.00000000e+00,  0.00000000e+00,  0.00000000e+00,  0.00000000e+00,
        0.00000000e+00,  0.00000000e+00,  0.00000000e+00,  0.00000000e+00,
        0.00000000e+00,  0.00000000e+00,  0.00000000e+00,  0.00000000e+00,
        0.00000000e+00,  0.00000000e+00,  0.00000000e+00,  0.00000000e+00,
        3.21927514e-06,  5.32278808e-05,  1.51217200e-06, -4.85946362e-05,
       -1.00607901e-05,  0.00000000e+00,  0.00000000e+00,  0.00000000e+00,
        0.00000000e+00, -3.81670659e-05, -7.42970385e-05,  6.15818907e-05,
       -2.08179155e-06,  8.37512777e-05,  0.00000000e+00,  0.00000000e+00,
        0.00000000e+00,  0.00000000e+00,  3.35679452e-04, -6.40473115e-04,
       -4.85373844e-04,  3.94400362e-04, -4.15151737e-04,  0.00000000e+00,
        0.00000000e+00,  0.00000000e+00,  0.00000000e+00,  1.69789147e+00,
       -1.44145991e-03,  2.76300518e-03,  9.92659899e-04, -6.46531362e-04,
        0.00000000e+00,  0.00000000e+00,  0.00000000e+00,  0.00000000e+00,
        0.00000000e+00,  0.00000000e+00,  0.00000000e+00,  0.00000000e+00,
        1.82447235e-04, -1.94193569e-04, -9.52549821e-04, -1.80157284e+00,
        0.00000000e+00,  0.00000000e+00,  0.00000000e+00,  0.00000000e+00,
       -5.27292573e-04,  7.83734087e-04,  2.33160584e-03,  5.58229258e-05,
        0.00000000e+00,  0.00000000e+00,  0.00000000e+00,  0.00000000e+00,
       -3.04658367e-04,  4.02749407e-04, -4.67616708e-04, -5.98054625e-07,
        0.00000000e+00,  0.00000000e+00,  0.00000000e+00,  0.00000000e+00,
        1.14615957e-04, -5.20840254e-06,  6.14296376e-05, -5.08477454e-06,
        0.00000000e+00,  0.00000000e+00,  0.00000000e+00,  0.00000000e+00,
        1.40741348e-06, -4.96190261e-05,  4.31289361e-07,  1.40729097e-05,
        0.00000000e+00,  0.00000000e+00,  0.00000000e+00,  0.00000000e+00,
        0.00000000e+00,  0.00000000e+00,  0.00000000e+00,  0.00000000e+00,
        0.00000000e+00,  0.00000000e+00,  0.00000000e+00,  0.00000000e+00,
        0.00000000e+00,  0.00000000e+00,  0.00000000e+00,  0.00000000e+00,
        0.00000000e+00,  0.00000000e+00,  0.00000000e+00,  0.00000000e+00,
        0.00000000e+00,  0.00000000e+00,  0.00000000e+00,  0.00000000e+00,
        0.00000000e+00,  0.00000000e+00,  0.00000000e+00,  0.00000000e+00,
        0.00000000e+00,  0.00000000e+00,  0.00000000e+00,  0.00000000e+00],      dtype=float64),
            Array([ 0.00000000e+00,  0.00000000e+00,  0.00000000e+00,  0.00000000e+00,
        0.00000000e+00,  0.00000000e+00,  0.00000000e+00,  0.00000000e+00,
        0.00000000e+00,  0.00000000e+00,  5.00000000e+01,  0.00000000e+00,
        0.00000000e+00,  0.00000000e+00,  0.00000000e+00,  0.00000000e+00,
        0.00000000e+00,  0.00000000e+00,  0.00000000e+00,  0.00000000e+00,
        0.00000000e+00,  0.00000000e+00,  0.00000000e+00,  0.00000000e+00,
        0.00000000e+00,  0.00000000e+00,  0.00000000e+00,  0.00000000e+00,
        0.00000000e+00,  0.00000000e+00,  0.00000000e+00,  0.00000000e+00,
        0.00000000e+00,  0.00000000e+00,  0.00000000e+00,  0.00000000e+00,
        0.00000000e+00,  0.00000000e+00,  0.00000000e+00,  0.00000000e+00,
        0.00000000e+00,  0.00000000e+00,  0.00000000e+00,  0.00000000e+00,
        0.00000000e+00,  0.00000000e+00,  0.00000000e+00, -9.65058559e-05,
       -5.73790380e-05, -2.18843129e-05, -9.43350104e-05,  0.00000000e+00,
        0.00000000e+00,  0.00000000e+00,  0.00000000e+00,  1.72665429e-05,
        2.12544437e-04,  1.38854522e-04,  1.34582807e-04,  0.00000000e+00,
        0.00000000e+00,  0.00000000e+00,  0.00000000e+00, -4.67539108e-04,
        7.38038563e-04, -9.91710044e-04,  1.15466856e-03,  0.00000000e+00,
        0.00000000e+00,  0.00000000e+00,  0.00000000e+00, -1.19628641e-03,
        2.14914957e-03,  2.84639050e-03,  2.58784968e-03,  8.00000000e+00,
        1.80280381e+00,  1.00591842e-03,  4.97843290e-04, -4.51579815e-04,
        0.00000000e+00,  0.00000000e+00,  0.00000000e+00,  0.00000000e+00,
        1.69578670e+00, -1.57900927e-04, -4.36920015e-03, -1.66669692e-03,
        1.01233070e-03,  0.00000000e+00,  0.00000000e+00,  0.00000000e+00,
        0.00000000e+00,  6.23010652e-04, -3.71804960e-05,  1.08269119e-03,
       -7.88945657e-04,  4.38410062e-04,  0.00000000e+00,  0.00000000e+00,
        0.00000000e+00,  0.00000000e+00, -6.71301239e-05,  3.55155174e-06,
       -1.36591980e-04, -2.09896586e-04, -1.55907544e-05,  0.00000000e+00,
        0.00000000e+00,  0.00000000e+00,  0.00000000e+00,  5.46343907e-06,
        1.64556210e-05,  2.00582497e-05,  5.86930953e-05,  9.44709165e-05,
        0.00000000e+00,  0.00000000e+00,  0.00000000e+00,  0.00000000e+00,
        0.00000000e+00,  0.00000000e+00,  0.00000000e+00,  0.00000000e+00,
        0.00000000e+00,  0.00000000e+00,  0.00000000e+00,  0.00000000e+00,
        0.00000000e+00,  0.00000000e+00,  0.00000000e+00,  0.00000000e+00,
        0.00000000e+00,  0.00000000e+00,  0.00000000e+00,  0.00000000e+00,
        0.00000000e+00,  0.00000000e+00,  0.00000000e+00,  0.00000000e+00,
        0.00000000e+00,  0.00000000e+00,  0.00000000e+00,  0.00000000e+00,
        0.00000000e+00,  0.00000000e+00,  0.00000000e+00,  0.00000000e+00,
        0.00000000e+00,  0.00000000e+00,  0.00000000e+00,  0.00000000e+00,
        0.00000000e+00,  0.00000000e+00,  0.00000000e+00,  0.00000000e+00,
        0.00000000e+00,  0.00000000e+00,  0.00000000e+00,  0.00000000e+00,
        0.00000000e+00,  0.00000000e+00,  0.00000000e+00,  0.00000000e+00,
        0.00000000e+00,  0.00000000e+00,  0.00000000e+00,  0.00000000e+00,
        0.00000000e+00,  0.00000000e+00,  0.00000000e+00,  0.00000000e+00,
        0.00000000e+00,  0.00000000e+00,  0.00000000e+00,  0.00000000e+00,
        0.00000000e+00,  0.00000000e+00,  0.00000000e+00,  0.00000000e+00,
        0.00000000e+00,  0.00000000e+00,  0.00000000e+00,  0.00000000e+00,
        0.00000000e+00,  0.00000000e+00,  0.00000000e+00,  0.00000000e+00,
        0.00000000e+00,  0.00000000e+00,  0.00000000e+00,  0.00000000e+00,
        5.69328971e-06,  9.51218590e-05,  2.65074040e-06, -8.85003419e-05,
       -1.00627950e-05,  0.00000000e+00,  0.00000000e+00,  0.00000000e+00,
        0.00000000e+00, -6.81322951e-05, -1.36596864e-04,  1.10449930e-04,
       -2.18124283e-06,  1.72481083e-04,  0.00000000e+00,  0.00000000e+00,
        0.00000000e+00,  0.00000000e+00,  6.03439548e-04, -1.14990282e-03,
       -8.72999682e-04,  7.03592617e-04, -6.37532338e-04,  0.00000000e+00,
        0.00000000e+00,  0.00000000e+00,  0.00000000e+00,  1.69620416e+00,
       -2.60268641e-03,  4.97481694e-03,  1.79853270e-03, -1.11724251e-03,
        0.00000000e+00,  0.00000000e+00,  0.00000000e+00,  0.00000000e+00,
        0.00000000e+00,  0.00000000e+00,  0.00000000e+00,  0.00000000e+00,
        3.42365333e-04, -3.57300718e-04, -1.72247619e-03, -1.80282705e+00,
        0.00000000e+00,  0.00000000e+00,  0.00000000e+00,  0.00000000e+00,
       -9.52880225e-04,  1.41981583e-03,  4.21232801e-03,  9.95567956e-05,
        0.00000000e+00,  0.00000000e+00,  0.00000000e+00,  0.00000000e+00,
       -5.69835739e-04,  7.23666861e-04, -8.40098681e-04, -1.02123712e-06,
        0.00000000e+00,  0.00000000e+00,  0.00000000e+00,  0.00000000e+00,
        1.73523758e-04, -6.01870450e-06,  1.09797095e-04, -9.17062050e-06,
        0.00000000e+00,  0.00000000e+00,  0.00000000e+00,  0.00000000e+00,
       -1.11338679e-05, -8.89316306e-05,  1.08543545e-06,  2.50271399e-05,
        0.00000000e+00,  0.00000000e+00,  0.00000000e+00,  0.00000000e+00,
        0.00000000e+00,  0.00000000e+00,  0.00000000e+00,  0.00000000e+00,
        0.00000000e+00,  0.00000000e+00,  0.00000000e+00,  0.00000000e+00,
        0.00000000e+00,  0.00000000e+00,  0.00000000e+00,  0.00000000e+00,
        0.00000000e+00,  0.00000000e+00,  0.00000000e+00,  0.00000000e+00,
        0.00000000e+00,  0.00000000e+00,  0.00000000e+00,  0.00000000e+00,
        0.00000000e+00,  0.00000000e+00,  0.00000000e+00,  0.00000000e+00,
        0.00000000e+00,  0.00000000e+00,  0.00000000e+00,  0.00000000e+00],      dtype=float64),
            Array([ 0.00000000e+00,  0.00000000e+00,  0.00000000e+00,  0.00000000e+00,
        0.00000000e+00,  0.00000000e+00,  0.00000000e+00,  0.00000000e+00,
        0.00000000e+00,  0.00000000e+00,  5.00000000e+01,  0.00000000e+00,
        0.00000000e+00,  0.00000000e+00,  0.00000000e+00,  0.00000000e+00,
        0.00000000e+00,  0.00000000e+00,  0.00000000e+00,  0.00000000e+00,
        0.00000000e+00,  0.00000000e+00,  0.00000000e+00,  0.00000000e+00,
        0.00000000e+00,  0.00000000e+00,  0.00000000e+00,  0.00000000e+00,
        0.00000000e+00,  0.00000000e+00,  0.00000000e+00,  0.00000000e+00,
        0.00000000e+00,  0.00000000e+00,  0.00000000e+00,  0.00000000e+00,
        0.00000000e+00,  0.00000000e+00,  0.00000000e+00,  0.00000000e+00,
        0.00000000e+00,  0.00000000e+00,  0.00000000e+00,  0.00000000e+00,
        0.00000000e+00,  0.00000000e+00,  0.00000000e+00, -2.93080748e-04,
       -1.78887601e-04, -6.23209995e-05, -2.88501660e-04,  0.00000000e+00,
        0.00000000e+00,  0.00000000e+00,  0.00000000e+00, -5.81784121e-05,
        6.77493453e-04,  4.22321312e-04,  4.06699035e-04,  0.00000000e+00,
        0.00000000e+00,  0.00000000e+00,  0.00000000e+00, -1.54734708e-03,
        2.38961032e-03, -3.13846303e-03,  3.81337396e-03,  0.00000000e+00,
        0.00000000e+00,  0.00000000e+00,  0.00000000e+00, -4.04160912e-03,
        7.15600663e-03,  7.60052458e-03,  8.69476657e-03,  8.00000000e+00,
        1.80585977e+00,  5.05154790e-03,  1.58059262e-03, -1.48434948e-03,
        0.00000000e+00,  0.00000000e+00,  0.00000000e+00,  0.00000000e+00,
        1.68810281e+00, -5.15725547e-04, -1.20833461e-02, -5.62049352e-03,
        3.39013718e-03,  0.00000000e+00,  0.00000000e+00,  0.00000000e+00,
        0.00000000e+00,  1.93899415e-03, -1.19838455e-04,  3.40382940e-03,
       -2.56896796e-03,  1.28441366e-03,  0.00000000e+00,  0.00000000e+00,
        0.00000000e+00,  0.00000000e+00, -2.05316258e-04,  1.06702297e-05,
       -4.14080185e-04, -6.77063113e-04, -1.94820906e-05,  0.00000000e+00,
        0.00000000e+00,  0.00000000e+00,  0.00000000e+00,  1.48315653e-05,
        5.26386354e-05,  5.69097518e-05,  1.89505649e-04,  2.02201177e-04,
        0.00000000e+00,  0.00000000e+00,  0.00000000e+00,  0.00000000e+00,
        0.00000000e+00,  0.00000000e+00,  0.00000000e+00,  0.00000000e+00,
        0.00000000e+00,  0.00000000e+00,  0.00000000e+00,  0.00000000e+00,
        0.00000000e+00,  0.00000000e+00,  0.00000000e+00,  0.00000000e+00,
        0.00000000e+00,  0.00000000e+00,  0.00000000e+00,  0.00000000e+00,
        0.00000000e+00,  0.00000000e+00,  0.00000000e+00,  0.00000000e+00,
        0.00000000e+00,  0.00000000e+00,  0.00000000e+00,  0.00000000e+00,
        0.00000000e+00,  0.00000000e+00,  0.00000000e+00,  0.00000000e+00,
        0.00000000e+00,  0.00000000e+00,  0.00000000e+00,  0.00000000e+00,
        0.00000000e+00,  0.00000000e+00,  0.00000000e+00,  0.00000000e+00,
        0.00000000e+00,  0.00000000e+00,  0.00000000e+00,  0.00000000e+00,
        0.00000000e+00,  0.00000000e+00,  0.00000000e+00,  0.00000000e+00,
        0.00000000e+00,  0.00000000e+00,  0.00000000e+00,  0.00000000e+00,
        0.00000000e+00,  0.00000000e+00,  0.00000000e+00,  0.00000000e+00,
        0.00000000e+00,  0.00000000e+00,  0.00000000e+00,  0.00000000e+00,
        0.00000000e+00,  0.00000000e+00,  0.00000000e+00,  0.00000000e+00,
        0.00000000e+00,  0.00000000e+00,  0.00000000e+00,  0.00000000e+00,
        0.00000000e+00,  0.00000000e+00,  0.00000000e+00,  0.00000000e+00,
        0.00000000e+00,  0.00000000e+00,  0.00000000e+00,  0.00000000e+00,
        1.55251537e-05,  2.92584707e-04,  1.16032267e-05, -2.73504972e-04,
       -3.53196843e-05,  0.00000000e+00,  0.00000000e+00,  0.00000000e+00,
        0.00000000e+00, -2.08234898e-04, -4.23102740e-04,  3.41854738e-04,
       -2.32134441e-05,  6.09618541e-04,  0.00000000e+00,  0.00000000e+00,
        0.00000000e+00,  0.00000000e+00,  1.89581906e-03, -3.77749708e-03,
       -2.72423232e-03,  2.29339463e-03, -1.77929312e-03,  0.00000000e+00,
        0.00000000e+00,  0.00000000e+00,  0.00000000e+00,  1.68949958e+00,
       -8.80875688e-03,  1.41203238e-02,  6.08527690e-03, -3.34872757e-03,
        0.00000000e+00,  0.00000000e+00,  0.00000000e+00,  0.00000000e+00,
        0.00000000e+00,  0.00000000e+00,  0.00000000e+00,  0.00000000e+00,
        1.00134023e-03, -1.12581369e-03, -7.13292359e-03, -1.80568580e+00,
        0.00000000e+00,  0.00000000e+00,  0.00000000e+00,  0.00000000e+00,
       -3.14343856e-03,  4.90664356e-03,  1.22262357e-02,  3.18034990e-04,
        0.00000000e+00,  0.00000000e+00,  0.00000000e+00,  0.00000000e+00,
       -1.94166650e-03,  2.38724094e-03, -2.59778544e-03, -5.76779282e-06,
        0.00000000e+00,  0.00000000e+00,  0.00000000e+00,  0.00000000e+00,
        5.05997947e-04, -2.92028933e-05,  3.38651217e-04, -2.80984199e-05,
        0.00000000e+00,  0.00000000e+00,  0.00000000e+00,  0.00000000e+00,
       -9.92966423e-05, -2.72714963e-04,  6.02200773e-06,  7.49422624e-05,
        0.00000000e+00,  0.00000000e+00,  0.00000000e+00,  0.00000000e+00,
        0.00000000e+00,  0.00000000e+00,  0.00000000e+00,  0.00000000e+00,
        0.00000000e+00,  0.00000000e+00,  0.00000000e+00,  0.00000000e+00,
        0.00000000e+00,  0.00000000e+00,  0.00000000e+00,  0.00000000e+00,
        0.00000000e+00,  0.00000000e+00,  0.00000000e+00,  0.00000000e+00,
        0.00000000e+00,  0.00000000e+00,  0.00000000e+00,  0.00000000e+00,
        0.00000000e+00,  0.00000000e+00,  0.00000000e+00,  0.00000000e+00,
        0.00000000e+00,  0.00000000e+00,  0.00000000e+00,  0.00000000e+00],      dtype=float64),
            Array([ 0.00000000e+00,  0.00000000e+00,  0.00000000e+00,  0.00000000e+00,
        0.00000000e+00,  0.00000000e+00,  0.00000000e+00,  0.00000000e+00,
        0.00000000e+00,  0.00000000e+00,  5.00000000e+01,  0.00000000e+00,
        0.00000000e+00,  0.00000000e+00,  0.00000000e+00,  0.00000000e+00,
        0.00000000e+00,  0.00000000e+00,  0.00000000e+00,  0.00000000e+00,
        0.00000000e+00,  0.00000000e+00,  0.00000000e+00,  0.00000000e+00,
        0.00000000e+00,  0.00000000e+00,  0.00000000e+00,  0.00000000e+00,
        0.00000000e+00,  0.00000000e+00,  0.00000000e+00,  0.00000000e+00,
        0.00000000e+00,  0.00000000e+00,  0.00000000e+00,  0.00000000e+00,
        0.00000000e+00,  0.00000000e+00,  0.00000000e+00,  0.00000000e+00,
        0.00000000e+00,  0.00000000e+00,  0.00000000e+00,  0.00000000e+00,
        0.00000000e+00,  0.00000000e+00,  0.00000000e+00, -2.93382976e-04,
       -1.79029087e-04, -6.23797688e-05, -2.88637039e-04,  0.00000000e+00,
        0.00000000e+00,  0.00000000e+00,  0.00000000e+00, -5.78232433e-05,
        6.78557070e-04,  4.22630653e-04,  4.07694617e-04,  0.00000000e+00,
        0.00000000e+00,  0.00000000e+00,  0.00000000e+00, -1.54888105e-03,
        2.38860261e-03, -3.14013281e-03,  3.81214134e-03,  0.00000000e+00,
        0.00000000e+00,  0.00000000e+00,  0.00000000e+00, -4.04616497e-03,
        7.15488650e-03,  7.60072464e-03,  8.69395680e-03,  8.00000000e+00,
        1.80585978e+00,  5.05131067e-03,  1.58336473e-03, -1.48757049e-03,
        0.00000000e+00,  0.00000000e+00,  0.00000000e+00,  0.00000000e+00,
        1.68810270e+00, -5.15596797e-04, -1.20835421e-02, -5.61936467e-03,
        3.39461375e-03,  0.00000000e+00,  0.00000000e+00,  0.00000000e+00,
        0.00000000e+00,  1.93977309e-03, -1.19843520e-04,  3.40549675e-03,
       -2.56806320e-03,  1.28591267e-03,  0.00000000e+00,  0.00000000e+00,
        0.00000000e+00,  0.00000000e+00, -2.05467574e-04,  1.06354931e-05,
       -4.14387958e-04, -6.78149406e-04, -1.97196136e-05,  0.00000000e+00,
        0.00000000e+00,  0.00000000e+00,  0.00000000e+00,  1.48376277e-05,
        5.26517677e-05,  5.69619031e-05,  1.89653931e-04,  2.02493977e-04,
        0.00000000e+00,  0.00000000e+00,  0.00000000e+00,  0.00000000e+00,
        0.00000000e+00,  0.00000000e+00,  0.00000000e+00,  0.00000000e+00,
        0.00000000e+00,  0.00000000e+00,  0.00000000e+00,  0.00000000e+00,
        0.00000000e+00,  0.00000000e+00,  0.00000000e+00,  0.00000000e+00,
        0.00000000e+00,  0.00000000e+00,  0.00000000e+00,  0.00000000e+00,
        0.00000000e+00,  0.00000000e+00,  0.00000000e+00,  0.00000000e+00,
        0.00000000e+00,  0.00000000e+00,  0.00000000e+00,  0.00000000e+00,
        0.00000000e+00,  0.00000000e+00,  0.00000000e+00,  0.00000000e+00,
        0.00000000e+00,  0.00000000e+00,  0.00000000e+00,  0.00000000e+00,
        0.00000000e+00,  0.00000000e+00,  0.00000000e+00,  0.00000000e+00,
        0.00000000e+00,  0.00000000e+00,  0.00000000e+00,  0.00000000e+00,
        0.00000000e+00,  0.00000000e+00,  0.00000000e+00,  0.00000000e+00,
        0.00000000e+00,  0.00000000e+00,  0.00000000e+00,  0.00000000e+00,
        0.00000000e+00,  0.00000000e+00,  0.00000000e+00,  0.00000000e+00,
        0.00000000e+00,  0.00000000e+00,  0.00000000e+00,  0.00000000e+00,
        0.00000000e+00,  0.00000000e+00,  0.00000000e+00,  0.00000000e+00,
        0.00000000e+00,  0.00000000e+00,  0.00000000e+00,  0.00000000e+00,
        0.00000000e+00,  0.00000000e+00,  0.00000000e+00,  0.00000000e+00,
        0.00000000e+00,  0.00000000e+00,  0.00000000e+00,  0.00000000e+00,
        1.55320650e-05,  2.92714973e-04,  1.16465903e-05, -2.73667055e-04,
       -3.55860631e-05,  0.00000000e+00,  0.00000000e+00,  0.00000000e+00,
        0.00000000e+00, -2.08388175e-04, -4.24104467e-04,  3.42104450e-04,
       -2.22497597e-05,  6.09595008e-04,  0.00000000e+00,  0.00000000e+00,
        0.00000000e+00,  0.00000000e+00,  1.89665028e-03, -3.77628209e-03,
       -2.72538746e-03,  2.29219999e-03, -1.78112518e-03,  0.00000000e+00,
        0.00000000e+00,  0.00000000e+00,  0.00000000e+00,  1.68949947e+00,
       -8.80789051e-03,  1.41205460e-02,  6.08412343e-03, -3.35251987e-03,
        0.00000000e+00,  0.00000000e+00,  0.00000000e+00,  0.00000000e+00,
        0.00000000e+00,  0.00000000e+00,  0.00000000e+00,  0.00000000e+00,
        1.00438197e-03, -1.12830501e-03, -7.13269868e-03, -1.80568581e+00,
        0.00000000e+00,  0.00000000e+00,  0.00000000e+00,  0.00000000e+00,
       -3.14773427e-03,  4.90543849e-03,  1.22264413e-02,  3.17871818e-04,
        0.00000000e+00,  0.00000000e+00,  0.00000000e+00,  0.00000000e+00,
       -1.94350261e-03,  2.38617232e-03, -2.59893273e-03, -5.63191600e-06,
        0.00000000e+00,  0.00000000e+00,  0.00000000e+00,  0.00000000e+00,
        5.06088226e-04, -2.82363929e-05,  3.38899547e-04, -2.81640624e-05,
        0.00000000e+00,  0.00000000e+00,  0.00000000e+00,  0.00000000e+00,
       -9.95307487e-05, -2.72887977e-04,  6.05975958e-06,  7.49578818e-05,
        0.00000000e+00,  0.00000000e+00,  0.00000000e+00,  0.00000000e+00,
        0.00000000e+00,  0.00000000e+00,  0.00000000e+00,  0.00000000e+00,
        0.00000000e+00,  0.00000000e+00,  0.00000000e+00,  0.00000000e+00,
        0.00000000e+00,  0.00000000e+00,  0.00000000e+00,  0.00000000e+00,
        0.00000000e+00,  0.00000000e+00,  0.00000000e+00,  0.00000000e+00,
        0.00000000e+00,  0.00000000e+00,  0.00000000e+00,  0.00000000e+00,
        0.00000000e+00,  0.00000000e+00,  0.00000000e+00,  0.00000000e+00,
        0.00000000e+00,  0.00000000e+00,  0.00000000e+00,  0.00000000e+00],      dtype=float64)],
  'constr_violation': Array(0., dtype=float64),
  'cost': Array(2134.84017638, dtype=float64),
  'f0se': Array([ 0.00000000e+00, -6.67447265e+00, -6.95799354e+00, -1.19848912e+01,
        1.36225290e+00, -1.13565510e-01,  0.00000000e+00,  0.00000000e+00,
        0.00000000e+00,  0.00000000e+00,  0.00000000e+00,  0.00000000e+00,
        0.00000000e+00,  0.00000000e+00,  0.00000000e+00,  0.00000000e+00,
        0.00000000e+00,  0.00000000e+00,  0.00000000e+00,  0.00000000e+00,
        0.00000000e+00,  0.00000000e+00,  0.00000000e+00,  0.00000000e+00,
        0.00000000e+00,  0.00000000e+00,  0.00000000e+00,  0.00000000e+00,
        0.00000000e+00,  6.53366109e-02, -4.10324448e-01,  1.86437508e+00,
       -7.36786781e+00,  2.45342557e+01, -5.40542081e+01,  1.37623751e+00,
       -1.07854492e-01,  7.48113945e-03,  0.00000000e+00,  0.00000000e+00,
        0.00000000e+00,  0.00000000e+00,  0.00000000e+00,  0.00000000e+00,
        0.00000000e+00,  0.00000000e+00,  0.00000000e+00,  0.00000000e+00,
        0.00000000e+00,  0.00000000e+00,  0.00000000e+00,  0.00000000e+00,
        0.00000000e+00,  0.00000000e+00,  0.00000000e+00,  0.00000000e+00,
        0.00000000e+00,  0.00000000e+00,  0.00000000e+00, -8.28181635e-03,
        9.13607857e-02, -3.34056295e-01,  9.39463732e-01, -2.15963521e+00,
        4.00060926e+00, -6.32869421e+00,  1.07876924e+01, -1.98336534e-01,
        1.64166129e-05,  0.00000000e+00,  0.00000000e+00,  0.00000000e+00,
        0.00000000e+00,  0.00000000e+00,  0.00000000e+00,  0.00000000e+00,
        0.00000000e+00,  0.00000000e+00,  0.00000000e+00,  0.00000000e+00,
        0.00000000e+00,  0.00000000e+00,  0.00000000e+00,  0.00000000e+00,
        0.00000000e+00,  0.00000000e+00,  0.00000000e+00,  0.00000000e+00,
        0.00000000e+00,  0.00000000e+00, -6.75112509e-03,  5.98708485e-02,
       -1.76333434e-01,  3.91092017e-01, -7.03998282e-01,  1.02286446e+00,
       -1.18760001e+00,  1.23283027e+00, -1.88194680e+00,  1.13315484e-02,
        0.00000000e+00,  0.00000000e+00,  0.00000000e+00,  0.00000000e+00,
        0.00000000e+00,  0.00000000e+00,  0.00000000e+00,  0.00000000e+00,
        0.00000000e+00,  0.00000000e+00,  0.00000000e+00,  0.00000000e+00,
        0.00000000e+00,  0.00000000e+00,  0.00000000e+00,  0.00000000e+00,
        0.00000000e+00,  0.00000000e+00,  0.00000000e+00,  0.00000000e+00,
        0.00000000e+00,  0.00000000e+00,  2.26680068e-02, -6.89077730e-02,
        1.37625580e-01, -2.18166835e-01,  2.82875687e-01, -2.98718096e-01,
        2.54708093e-01, -2.00095680e-01,  3.13017985e-01,  0.00000000e+00,
        0.00000000e+00,  0.00000000e+00,  0.00000000e+00,  0.00000000e+00,
        0.00000000e+00,  0.00000000e+00,  0.00000000e+00,  0.00000000e+00,
        0.00000000e+00,  0.00000000e+00,  0.00000000e+00,  0.00000000e+00,
        0.00000000e+00,  0.00000000e+00,  0.00000000e+00,  0.00000000e+00,
        0.00000000e+00,  0.00000000e+00,  0.00000000e+00,  0.00000000e+00,
        0.00000000e+00,  0.00000000e+00, -1.52870358e-02,  3.65842687e-02,
       -5.74156586e-02,  7.03946341e-02, -6.94683481e-02,  5.44119593e-02,
       -3.14141624e-02,  1.35326106e-02, -3.61214385e-02,  0.00000000e+00,
        0.00000000e+00,  0.00000000e+00,  0.00000000e+00,  0.00000000e+00,
        0.00000000e+00,  0.00000000e+00,  0.00000000e+00,  0.00000000e+00,
        0.00000000e+00,  0.00000000e+00,  0.00000000e+00,  0.00000000e+00,
        0.00000000e+00,  0.00000000e+00,  0.00000000e+00,  0.00000000e+00,
        0.00000000e+00,  0.00000000e+00,  0.00000000e+00,  0.00000000e+00,
        0.00000000e+00,  0.00000000e+00,  0.00000000e+00, -3.42824721e-03,
        5.84460486e-03, -4.14401768e-03,  0.00000000e+00,  0.00000000e+00,
        0.00000000e+00,  0.00000000e+00,  0.00000000e+00,  0.00000000e+00,
        0.00000000e+00,  0.00000000e+00,  0.00000000e+00,  0.00000000e+00,
        0.00000000e+00,  0.00000000e+00,  0.00000000e+00,  0.00000000e+00,
        0.00000000e+00,  0.00000000e+00,  0.00000000e+00,  0.00000000e+00,
        0.00000000e+00,  0.00000000e+00,  0.00000000e+00,  0.00000000e+00,
        0.00000000e+00,  0.00000000e+00,  0.00000000e+00,  0.00000000e+00,
        0.00000000e+00,  0.00000000e+00,  0.00000000e+00,  0.00000000e+00,
        0.00000000e+00,  0.00000000e+00,  0.00000000e+00,  0.00000000e+00,
        0.00000000e+00,  0.00000000e+00,  0.00000000e+00,  0.00000000e+00,
        0.00000000e+00,  0.00000000e+00,  0.00000000e+00,  0.00000000e+00,
        0.00000000e+00,  0.00000000e+00,  0.00000000e+00,  0.00000000e+00,
        0.00000000e+00,  0.00000000e+00,  0.00000000e+00,  0.00000000e+00,
        0.00000000e+00,  0.00000000e+00,  0.00000000e+00,  0.00000000e+00,
        0.00000000e+00,  0.00000000e+00,  0.00000000e+00,  0.00000000e+00,
        0.00000000e+00,  0.00000000e+00,  0.00000000e+00,  0.00000000e+00,
        0.00000000e+00,  0.00000000e+00,  0.00000000e+00,  0.00000000e+00,
        0.00000000e+00,  0.00000000e+00,  0.00000000e+00,  0.00000000e+00,
        0.00000000e+00,  0.00000000e+00,  0.00000000e+00,  0.00000000e+00,
        0.00000000e+00,  0.00000000e+00,  0.00000000e+00,  0.00000000e+00,
        0.00000000e+00,  0.00000000e+00,  0.00000000e+00,  0.00000000e+00,
        0.00000000e+00,  0.00000000e+00,  0.00000000e+00,  0.00000000e+00,
        0.00000000e+00,  0.00000000e+00,  0.00000000e+00,  0.00000000e+00,
        0.00000000e+00,  0.00000000e+00,  0.00000000e+00,  0.00000000e+00,
        0.00000000e+00,  0.00000000e+00,  0.00000000e+00,  0.00000000e+00,
        0.00000000e+00,  0.00000000e+00,  0.00000000e+00,  0.00000000e+00,
        0.00000000e+00,  0.00000000e+00,  0.00000000e+00,  0.00000000e+00,
        0.00000000e+00,  0.00000000e+00,  0.00000000e+00,  0.00000000e+00,
        0.00000000e+00,  0.00000000e+00,  0.00000000e+00,  0.00000000e+00,
        0.00000000e+00,  0.00000000e+00,  0.00000000e+00,  0.00000000e+00,
        0.00000000e+00,  0.00000000e+00,  0.00000000e+00,  0.00000000e+00,
        0.00000000e+00,  0.00000000e+00,  0.00000000e+00,  0.00000000e+00,
        0.00000000e+00,  0.00000000e+00,  0.00000000e+00,  0.00000000e+00,
        0.00000000e+00,  0.00000000e+00,  0.00000000e+00,  0.00000000e+00,
        0.00000000e+00,  0.00000000e+00,  0.00000000e+00,  0.00000000e+00,
        0.00000000e+00,  0.00000000e+00,  0.00000000e+00,  0.00000000e+00,
        0.00000000e+00,  0.00000000e+00,  0.00000000e+00,  0.00000000e+00,
        0.00000000e+00,  0.00000000e+00,  0.00000000e+00,  0.00000000e+00,
        0.00000000e+00,  0.00000000e+00,  0.00000000e+00,  0.00000000e+00,
        0.00000000e+00,  0.00000000e+00,  0.00000000e+00,  0.00000000e+00,
        0.00000000e+00,  0.00000000e+00,  0.00000000e+00,  0.00000000e+00,
        0.00000000e+00,  0.00000000e+00,  0.00000000e+00,  0.00000000e+00,
        0.00000000e+00,  0.00000000e+00,  0.00000000e+00,  0.00000000e+00,
        0.00000000e+00,  0.00000000e+00,  0.00000000e+00,  0.00000000e+00,
        0.00000000e+00,  0.00000000e+00,  0.00000000e+00,  0.00000000e+00,
        0.00000000e+00,  0.00000000e+00,  0.00000000e+00,  0.00000000e+00,
        0.00000000e+00,  0.00000000e+00,  0.00000000e+00,  0.00000000e+00,
        0.00000000e+00,  0.00000000e+00,  0.00000000e+00,  0.00000000e+00,
        0.00000000e+00,  0.00000000e+00,  0.00000000e+00,  0.00000000e+00,
        0.00000000e+00,  0.00000000e+00,  0.00000000e+00,  0.00000000e+00,
        0.00000000e+00,  0.00000000e+00,  0.00000000e+00,  0.00000000e+00,
        0.00000000e+00,  0.00000000e+00,  0.00000000e+00,  0.00000000e+00,
        0.00000000e+00,  0.00000000e+00,  0.00000000e+00,  0.00000000e+00,
        0.00000000e+00,  0.00000000e+00,  0.00000000e+00,  0.00000000e+00,
        0.00000000e+00,  0.00000000e+00,  0.00000000e+00,  0.00000000e+00,
        0.00000000e+00,  0.00000000e+00,  0.00000000e+00,  0.00000000e+00,
        0.00000000e+00,  0.00000000e+00,  0.00000000e+00,  0.00000000e+00,
        0.00000000e+00,  0.00000000e+00,  0.00000000e+00,  0.00000000e+00,
        0.00000000e+00,  0.00000000e+00,  0.00000000e+00,  0.00000000e+00,
        0.00000000e+00,  0.00000000e+00,  0.00000000e+00,  0.00000000e+00,
        0.00000000e+00,  0.00000000e+00,  0.00000000e+00,  0.00000000e+00,
        0.00000000e+00,  0.00000000e+00,  0.00000000e+00,  0.00000000e+00,
        0.00000000e+00,  0.00000000e+00,  0.00000000e+00,  0.00000000e+00,
        0.00000000e+00,  0.00000000e+00,  0.00000000e+00,  0.00000000e+00,
        0.00000000e+00,  0.00000000e+00,  0.00000000e+00,  0.00000000e+00,
        0.00000000e+00,  0.00000000e+00,  0.00000000e+00,  0.00000000e+00,
        0.00000000e+00,  0.00000000e+00,  0.00000000e+00,  0.00000000e+00,
        0.00000000e+00,  0.00000000e+00,  0.00000000e+00,  0.00000000e+00,
        0.00000000e+00,  0.00000000e+00,  0.00000000e+00,  0.00000000e+00,
        0.00000000e+00,  0.00000000e+00,  0.00000000e+00,  0.00000000e+00,
        0.00000000e+00,  0.00000000e+00,  0.00000000e+00,  0.00000000e+00,
        0.00000000e+00,  0.00000000e+00,  0.00000000e+00,  0.00000000e+00,
        0.00000000e+00,  0.00000000e+00,  0.00000000e+00,  0.00000000e+00,
        0.00000000e+00,  0.00000000e+00,  0.00000000e+00,  0.00000000e+00,
        0.00000000e+00,  0.00000000e+00,  0.00000000e+00,  0.00000000e+00,
        0.00000000e+00,  0.00000000e+00,  0.00000000e+00,  0.00000000e+00,
        0.00000000e+00,  0.00000000e+00,  0.00000000e+00,  0.00000000e+00,
        0.00000000e+00,  0.00000000e+00,  0.00000000e+00,  0.00000000e+00,
        0.00000000e+00,  0.00000000e+00,  0.00000000e+00,  0.00000000e+00,
        0.00000000e+00,  0.00000000e+00,  0.00000000e+00,  0.00000000e+00,
        0.00000000e+00,  0.00000000e+00,  0.00000000e+00,  0.00000000e+00,
        0.00000000e+00,  0.00000000e+00,  0.00000000e+00,  0.00000000e+00,
        0.00000000e+00,  0.00000000e+00,  0.00000000e+00,  0.00000000e+00,
        0.00000000e+00,  0.00000000e+00,  0.00000000e+00,  0.00000000e+00,
        0.00000000e+00,  0.00000000e+00,  0.00000000e+00,  0.00000000e+00,
        0.00000000e+00,  0.00000000e+00,  0.00000000e+00,  4.99999953e+01],      dtype=float64),
  'fse': Array([ 0.00000000e+00, -6.56514003e+00, -6.81911796e+00, -1.06643440e+01,
        1.14214791e+00, -1.04656502e-01,  3.90531855e-05,  0.00000000e+00,
        0.00000000e+00,  0.00000000e+00,  0.00000000e+00,  0.00000000e+00,
        0.00000000e+00,  0.00000000e+00,  0.00000000e+00,  0.00000000e+00,
        0.00000000e+00,  0.00000000e+00,  0.00000000e+00,  0.00000000e+00,
        0.00000000e+00,  0.00000000e+00,  0.00000000e+00,  0.00000000e+00,
        0.00000000e+00,  0.00000000e+00,  0.00000000e+00,  0.00000000e+00,
        0.00000000e+00,  4.09007780e-02, -3.25938050e-01,  1.59180218e+00,
       -6.68927446e+00,  2.33730472e+01, -5.24155619e+01,  1.03598037e+00,
       -3.15435142e-01,  0.00000000e+00,  0.00000000e+00,  0.00000000e+00,
        0.00000000e+00,  0.00000000e+00,  0.00000000e+00,  0.00000000e+00,
        0.00000000e+00,  0.00000000e+00,  0.00000000e+00,  0.00000000e+00,
        0.00000000e+00,  0.00000000e+00,  0.00000000e+00,  0.00000000e+00,
        0.00000000e+00,  0.00000000e+00,  0.00000000e+00,  0.00000000e+00,
        0.00000000e+00,  0.00000000e+00,  0.00000000e+00, -9.50606461e-04,
        7.51300063e-02, -3.02038359e-01,  8.87460643e-01, -2.07754728e+00,
        3.78307126e+00, -6.07820283e+00,  1.04491373e+01, -3.56799851e-02,
       -2.80387727e-02, -1.53328406e-02,  1.04466827e-02,  0.00000000e+00,
        0.00000000e+00,  0.00000000e+00,  0.00000000e+00,  0.00000000e+00,
        0.00000000e+00,  0.00000000e+00,  0.00000000e+00,  0.00000000e+00,
        0.00000000e+00,  0.00000000e+00,  0.00000000e+00,  0.00000000e+00,
        0.00000000e+00,  0.00000000e+00,  0.00000000e+00,  0.00000000e+00,
        0.00000000e+00,  0.00000000e+00, -1.74115247e-03,  4.99358101e-02,
       -1.57468406e-01,  3.55987759e-01, -6.41558047e-01,  9.34190641e-01,
       -1.12996062e+00,  1.27710093e+00, -1.94614936e+00,  1.55110450e-02,
        9.25222950e-03,  0.00000000e+00,  0.00000000e+00,  0.00000000e+00,
        0.00000000e+00,  0.00000000e+00,  0.00000000e+00,  0.00000000e+00,
        0.00000000e+00,  0.00000000e+00,  0.00000000e+00,  0.00000000e+00,
        0.00000000e+00,  0.00000000e+00,  0.00000000e+00,  0.00000000e+00,
        0.00000000e+00,  0.00000000e+00,  0.00000000e+00,  0.00000000e+00,
        0.00000000e+00,  0.00000000e+00,  1.63885725e-02, -5.75808792e-02,
        1.18845286e-01, -1.92111909e-01,  2.59148294e-01, -2.97854897e-01,
        2.80399141e-01, -2.43819983e-01,  3.64237882e-01,  0.00000000e+00,
        0.00000000e+00,  0.00000000e+00,  0.00000000e+00,  0.00000000e+00,
        0.00000000e+00,  0.00000000e+00,  0.00000000e+00,  0.00000000e+00,
        0.00000000e+00,  0.00000000e+00,  0.00000000e+00,  0.00000000e+00,
        0.00000000e+00,  0.00000000e+00,  0.00000000e+00,  0.00000000e+00,
        0.00000000e+00,  0.00000000e+00,  0.00000000e+00,  0.00000000e+00,
        0.00000000e+00,  0.00000000e+00, -9.53755284e-03,  2.85475171e-02,
       -4.88827819e-02,  6.64201263e-02, -7.76058037e-02,  7.95235306e-02,
       -6.70253312e-02,  3.25895687e-02, -5.77273796e-02,  0.00000000e+00,
        0.00000000e+00,  0.00000000e+00,  0.00000000e+00,  0.00000000e+00,
        0.00000000e+00,  0.00000000e+00,  0.00000000e+00,  0.00000000e+00,
        0.00000000e+00,  0.00000000e+00,  0.00000000e+00,  0.00000000e+00,
        0.00000000e+00,  0.00000000e+00,  0.00000000e+00,  0.00000000e+00,
        0.00000000e+00,  0.00000000e+00,  0.00000000e+00,  0.00000000e+00,
        0.00000000e+00,  0.00000000e+00,  0.00000000e+00, -1.32692181e-03,
        6.96788802e-03, -1.12212941e-02,  1.24377702e-02, -7.96107063e-03,
        0.00000000e+00,  0.00000000e+00,  0.00000000e+00,  0.00000000e+00,
        0.00000000e+00,  0.00000000e+00,  0.00000000e+00,  0.00000000e+00,
        0.00000000e+00,  0.00000000e+00,  0.00000000e+00,  0.00000000e+00,
        0.00000000e+00,  0.00000000e+00,  0.00000000e+00,  0.00000000e+00,
        0.00000000e+00,  0.00000000e+00,  0.00000000e+00,  0.00000000e+00,
        0.00000000e+00,  0.00000000e+00,  0.00000000e+00,  0.00000000e+00,
        0.00000000e+00,  0.00000000e+00,  0.00000000e+00,  0.00000000e+00,
        0.00000000e+00,  0.00000000e+00,  0.00000000e+00,  0.00000000e+00,
        0.00000000e+00,  0.00000000e+00,  0.00000000e+00,  0.00000000e+00,
        0.00000000e+00,  0.00000000e+00,  0.00000000e+00,  0.00000000e+00,
        0.00000000e+00,  0.00000000e+00,  0.00000000e+00,  0.00000000e+00,
        0.00000000e+00,  0.00000000e+00,  0.00000000e+00,  0.00000000e+00,
        0.00000000e+00,  0.00000000e+00,  0.00000000e+00,  0.00000000e+00,
        0.00000000e+00,  0.00000000e+00,  0.00000000e+00,  0.00000000e+00,
        0.00000000e+00,  0.00000000e+00,  0.00000000e+00,  0.00000000e+00,
        0.00000000e+00,  0.00000000e+00,  0.00000000e+00,  0.00000000e+00,
        0.00000000e+00,  0.00000000e+00,  0.00000000e+00,  0.00000000e+00,
        0.00000000e+00,  0.00000000e+00,  0.00000000e+00,  0.00000000e+00,
        0.00000000e+00,  0.00000000e+00,  0.00000000e+00,  0.00000000e+00,
        0.00000000e+00,  0.00000000e+00,  0.00000000e+00,  0.00000000e+00,
        0.00000000e+00,  0.00000000e+00,  0.00000000e+00,  0.00000000e+00,
        0.00000000e+00,  0.00000000e+00,  0.00000000e+00,  0.00000000e+00,
        0.00000000e+00,  0.00000000e+00,  0.00000000e+00,  0.00000000e+00,
        0.00000000e+00,  0.00000000e+00,  0.00000000e+00,  0.00000000e+00,
        0.00000000e+00,  0.00000000e+00,  0.00000000e+00,  0.00000000e+00,
        0.00000000e+00,  0.00000000e+00,  0.00000000e+00,  0.00000000e+00,
        0.00000000e+00,  0.00000000e+00,  0.00000000e+00,  0.00000000e+00,
        0.00000000e+00,  0.00000000e+00,  0.00000000e+00,  0.00000000e+00,
        0.00000000e+00,  0.00000000e+00,  0.00000000e+00,  0.00000000e+00,
        0.00000000e+00,  0.00000000e+00,  0.00000000e+00,  0.00000000e+00,
        0.00000000e+00,  0.00000000e+00,  0.00000000e+00,  0.00000000e+00,
        0.00000000e+00,  0.00000000e+00,  0.00000000e+00,  0.00000000e+00,
        0.00000000e+00,  0.00000000e+00,  0.00000000e+00,  0.00000000e+00,
        0.00000000e+00,  0.00000000e+00,  0.00000000e+00,  0.00000000e+00,
        0.00000000e+00,  0.00000000e+00,  0.00000000e+00,  0.00000000e+00,
        0.00000000e+00,  0.00000000e+00,  0.00000000e+00,  0.00000000e+00,
        0.00000000e+00,  0.00000000e+00,  0.00000000e+00,  0.00000000e+00,
        0.00000000e+00,  0.00000000e+00,  0.00000000e+00,  0.00000000e+00,
        0.00000000e+00,  0.00000000e+00,  0.00000000e+00,  0.00000000e+00,
        0.00000000e+00,  0.00000000e+00,  0.00000000e+00,  0.00000000e+00,
        0.00000000e+00,  0.00000000e+00,  0.00000000e+00,  0.00000000e+00,
        0.00000000e+00,  0.00000000e+00,  0.00000000e+00,  0.00000000e+00,
        0.00000000e+00,  0.00000000e+00,  0.00000000e+00,  0.00000000e+00,
        0.00000000e+00,  0.00000000e+00,  0.00000000e+00,  0.00000000e+00,
        0.00000000e+00,  0.00000000e+00,  0.00000000e+00,  0.00000000e+00,
        0.00000000e+00,  0.00000000e+00,  0.00000000e+00,  0.00000000e+00,
        0.00000000e+00,  0.00000000e+00,  0.00000000e+00,  0.00000000e+00,
        0.00000000e+00,  0.00000000e+00,  0.00000000e+00,  0.00000000e+00,
        0.00000000e+00,  0.00000000e+00,  0.00000000e+00,  0.00000000e+00,
        0.00000000e+00,  0.00000000e+00,  0.00000000e+00,  0.00000000e+00,
        0.00000000e+00,  0.00000000e+00,  0.00000000e+00,  0.00000000e+00,
        0.00000000e+00,  0.00000000e+00,  0.00000000e+00,  0.00000000e+00,
        0.00000000e+00,  0.00000000e+00,  0.00000000e+00,  0.00000000e+00,
        0.00000000e+00,  0.00000000e+00,  0.00000000e+00,  0.00000000e+00,
        0.00000000e+00,  0.00000000e+00,  0.00000000e+00,  0.00000000e+00,
        0.00000000e+00,  0.00000000e+00,  0.00000000e+00,  0.00000000e+00,
        0.00000000e+00,  0.00000000e+00,  0.00000000e+00,  0.00000000e+00,
        0.00000000e+00,  0.00000000e+00,  0.00000000e+00,  0.00000000e+00,
        0.00000000e+00,  0.00000000e+00,  0.00000000e+00,  0.00000000e+00,
        0.00000000e+00,  0.00000000e+00,  0.00000000e+00,  0.00000000e+00,
        0.00000000e+00,  0.00000000e+00,  0.00000000e+00,  0.00000000e+00,
        0.00000000e+00,  0.00000000e+00,  0.00000000e+00,  0.00000000e+00,
        0.00000000e+00,  0.00000000e+00,  0.00000000e+00,  0.00000000e+00,
        0.00000000e+00,  0.00000000e+00,  0.00000000e+00,  0.00000000e+00,
        0.00000000e+00,  0.00000000e+00,  0.00000000e+00,  0.00000000e+00,
        0.00000000e+00,  0.00000000e+00,  0.00000000e+00,  0.00000000e+00,
        0.00000000e+00,  0.00000000e+00,  0.00000000e+00,  0.00000000e+00,
        0.00000000e+00,  0.00000000e+00,  0.00000000e+00,  0.00000000e+00,
        0.00000000e+00,  0.00000000e+00,  0.00000000e+00,  0.00000000e+00,
        0.00000000e+00,  0.00000000e+00,  0.00000000e+00,  0.00000000e+00,
        0.00000000e+00,  0.00000000e+00,  0.00000000e+00,  0.00000000e+00,
        0.00000000e+00,  0.00000000e+00,  0.00000000e+00,  0.00000000e+00,
        0.00000000e+00,  0.00000000e+00,  0.00000000e+00,  0.00000000e+00,
        0.00000000e+00,  0.00000000e+00,  0.00000000e+00,  0.00000000e+00,
        0.00000000e+00,  0.00000000e+00,  0.00000000e+00,  0.00000000e+00,
        0.00000000e+00,  0.00000000e+00,  0.00000000e+00,  0.00000000e+00,
        0.00000000e+00,  0.00000000e+00,  0.00000000e+00,  0.00000000e+00,
        0.00000000e+00,  0.00000000e+00,  0.00000000e+00,  0.00000000e+00,
        0.00000000e+00,  0.00000000e+00,  0.00000000e+00,  0.00000000e+00,
        0.00000000e+00,  0.00000000e+00,  0.00000000e+00,  0.00000000e+00,
        0.00000000e+00,  0.00000000e+00,  0.00000000e+00,  0.00000000e+00,
        0.00000000e+00,  0.00000000e+00,  0.00000000e+00,  0.00000000e+00,
        0.00000000e+00,  0.00000000e+00,  0.00000000e+00,  0.00000000e+00,
        0.00000000e+00,  0.00000000e+00,  0.00000000e+00,  0.00000000e+00,
        0.00000000e+00,  0.00000000e+00,  0.00000000e+00,  2.34199838e+01],      dtype=float64),
  'fun': Array([ 0.00000000e+00, -6.56514003e+00, -6.81911796e+00, -1.06643440e+01,
        1.14214791e+00, -1.04656502e-01,  3.90531855e-05,  0.00000000e+00,
        0.00000000e+00,  0.00000000e+00,  0.00000000e+00,  0.00000000e+00,
        0.00000000e+00,  0.00000000e+00,  0.00000000e+00,  0.00000000e+00,
        0.00000000e+00,  0.00000000e+00,  0.00000000e+00,  0.00000000e+00,
        0.00000000e+00,  0.00000000e+00,  0.00000000e+00,  0.00000000e+00,
        0.00000000e+00,  0.00000000e+00,  0.00000000e+00,  0.00000000e+00,
        0.00000000e+00,  4.09007780e-02, -3.25938050e-01,  1.59180218e+00,
       -6.68927446e+00,  2.33730472e+01, -5.24155619e+01,  1.03598037e+00,
       -3.15435142e-01,  0.00000000e+00,  0.00000000e+00,  0.00000000e+00,
        0.00000000e+00,  0.00000000e+00,  0.00000000e+00,  0.00000000e+00,
        0.00000000e+00,  0.00000000e+00,  0.00000000e+00,  0.00000000e+00,
        0.00000000e+00,  0.00000000e+00,  0.00000000e+00,  0.00000000e+00,
        0.00000000e+00,  0.00000000e+00,  0.00000000e+00,  0.00000000e+00,
        0.00000000e+00,  0.00000000e+00,  0.00000000e+00, -9.50606461e-04,
        7.51300063e-02, -3.02038359e-01,  8.87460643e-01, -2.07754728e+00,
        3.78307126e+00, -6.07820283e+00,  1.04491373e+01, -3.56799851e-02,
       -2.80387727e-02, -1.53328406e-02,  1.04466827e-02,  0.00000000e+00,
        0.00000000e+00,  0.00000000e+00,  0.00000000e+00,  0.00000000e+00,
        0.00000000e+00,  0.00000000e+00,  0.00000000e+00,  0.00000000e+00,
        0.00000000e+00,  0.00000000e+00,  0.00000000e+00,  0.00000000e+00,
        0.00000000e+00,  0.00000000e+00,  0.00000000e+00,  0.00000000e+00,
        0.00000000e+00,  0.00000000e+00, -1.74115247e-03,  4.99358101e-02,
       -1.57468406e-01,  3.55987759e-01, -6.41558047e-01,  9.34190641e-01,
       -1.12996062e+00,  1.27710093e+00, -1.94614936e+00,  1.55110450e-02,
        9.25222950e-03,  0.00000000e+00,  0.00000000e+00,  0.00000000e+00,
        0.00000000e+00,  0.00000000e+00,  0.00000000e+00,  0.00000000e+00,
        0.00000000e+00,  0.00000000e+00,  0.00000000e+00,  0.00000000e+00,
        0.00000000e+00,  0.00000000e+00,  0.00000000e+00,  0.00000000e+00,
        0.00000000e+00,  0.00000000e+00,  0.00000000e+00,  0.00000000e+00,
        0.00000000e+00,  0.00000000e+00,  1.63885725e-02, -5.75808792e-02,
        1.18845286e-01, -1.92111909e-01,  2.59148294e-01, -2.97854897e-01,
        2.80399141e-01, -2.43819983e-01,  3.64237882e-01,  0.00000000e+00,
        0.00000000e+00,  0.00000000e+00,  0.00000000e+00,  0.00000000e+00,
        0.00000000e+00,  0.00000000e+00,  0.00000000e+00,  0.00000000e+00,
        0.00000000e+00,  0.00000000e+00,  0.00000000e+00,  0.00000000e+00,
        0.00000000e+00,  0.00000000e+00,  0.00000000e+00,  0.00000000e+00,
        0.00000000e+00,  0.00000000e+00,  0.00000000e+00,  0.00000000e+00,
        0.00000000e+00,  0.00000000e+00, -9.53755284e-03,  2.85475171e-02,
       -4.88827819e-02,  6.64201263e-02, -7.76058037e-02,  7.95235306e-02,
       -6.70253312e-02,  3.25895687e-02, -5.77273796e-02,  0.00000000e+00,
        0.00000000e+00,  0.00000000e+00,  0.00000000e+00,  0.00000000e+00,
        0.00000000e+00,  0.00000000e+00,  0.00000000e+00,  0.00000000e+00,
        0.00000000e+00,  0.00000000e+00,  0.00000000e+00,  0.00000000e+00,
        0.00000000e+00,  0.00000000e+00,  0.00000000e+00,  0.00000000e+00,
        0.00000000e+00,  0.00000000e+00,  0.00000000e+00,  0.00000000e+00,
        0.00000000e+00,  0.00000000e+00,  0.00000000e+00, -1.32692181e-03,
        6.96788802e-03, -1.12212941e-02,  1.24377702e-02, -7.96107063e-03,
        0.00000000e+00,  0.00000000e+00,  0.00000000e+00,  0.00000000e+00,
        0.00000000e+00,  0.00000000e+00,  0.00000000e+00,  0.00000000e+00,
        0.00000000e+00,  0.00000000e+00,  0.00000000e+00,  0.00000000e+00,
        0.00000000e+00,  0.00000000e+00,  0.00000000e+00,  0.00000000e+00,
        0.00000000e+00,  0.00000000e+00,  0.00000000e+00,  0.00000000e+00,
        0.00000000e+00,  0.00000000e+00,  0.00000000e+00,  0.00000000e+00,
        0.00000000e+00,  0.00000000e+00,  0.00000000e+00,  0.00000000e+00,
        0.00000000e+00,  0.00000000e+00,  0.00000000e+00,  0.00000000e+00,
        0.00000000e+00,  0.00000000e+00,  0.00000000e+00,  0.00000000e+00,
        0.00000000e+00,  0.00000000e+00,  0.00000000e+00,  0.00000000e+00,
        0.00000000e+00,  0.00000000e+00,  0.00000000e+00,  0.00000000e+00,
        0.00000000e+00,  0.00000000e+00,  0.00000000e+00,  0.00000000e+00,
        0.00000000e+00,  0.00000000e+00,  0.00000000e+00,  0.00000000e+00,
        0.00000000e+00,  0.00000000e+00,  0.00000000e+00,  0.00000000e+00,
        0.00000000e+00,  0.00000000e+00,  0.00000000e+00,  0.00000000e+00,
        0.00000000e+00,  0.00000000e+00,  0.00000000e+00,  0.00000000e+00,
        0.00000000e+00,  0.00000000e+00,  0.00000000e+00,  0.00000000e+00,
        0.00000000e+00,  0.00000000e+00,  0.00000000e+00,  0.00000000e+00,
        0.00000000e+00,  0.00000000e+00,  0.00000000e+00,  0.00000000e+00,
        0.00000000e+00,  0.00000000e+00,  0.00000000e+00,  0.00000000e+00,
        0.00000000e+00,  0.00000000e+00,  0.00000000e+00,  0.00000000e+00,
        0.00000000e+00,  0.00000000e+00,  0.00000000e+00,  0.00000000e+00,
        0.00000000e+00,  0.00000000e+00,  0.00000000e+00,  0.00000000e+00,
        0.00000000e+00,  0.00000000e+00,  0.00000000e+00,  0.00000000e+00,
        0.00000000e+00,  0.00000000e+00,  0.00000000e+00,  0.00000000e+00,
        0.00000000e+00,  0.00000000e+00,  0.00000000e+00,  0.00000000e+00,
        0.00000000e+00,  0.00000000e+00,  0.00000000e+00,  0.00000000e+00,
        0.00000000e+00,  0.00000000e+00,  0.00000000e+00,  0.00000000e+00,
        0.00000000e+00,  0.00000000e+00,  0.00000000e+00,  0.00000000e+00,
        0.00000000e+00,  0.00000000e+00,  0.00000000e+00,  0.00000000e+00,
        0.00000000e+00,  0.00000000e+00,  0.00000000e+00,  0.00000000e+00,
        0.00000000e+00,  0.00000000e+00,  0.00000000e+00,  0.00000000e+00,
        0.00000000e+00,  0.00000000e+00,  0.00000000e+00,  0.00000000e+00,
        0.00000000e+00,  0.00000000e+00,  0.00000000e+00,  0.00000000e+00,
        0.00000000e+00,  0.00000000e+00,  0.00000000e+00,  0.00000000e+00,
        0.00000000e+00,  0.00000000e+00,  0.00000000e+00,  0.00000000e+00,
        0.00000000e+00,  0.00000000e+00,  0.00000000e+00,  0.00000000e+00,
        0.00000000e+00,  0.00000000e+00,  0.00000000e+00,  0.00000000e+00,
        0.00000000e+00,  0.00000000e+00,  0.00000000e+00,  0.00000000e+00,
        0.00000000e+00,  0.00000000e+00,  0.00000000e+00,  0.00000000e+00,
        0.00000000e+00,  0.00000000e+00,  0.00000000e+00,  0.00000000e+00,
        0.00000000e+00,  0.00000000e+00,  0.00000000e+00,  0.00000000e+00,
        0.00000000e+00,  0.00000000e+00,  0.00000000e+00,  0.00000000e+00,
        0.00000000e+00,  0.00000000e+00,  0.00000000e+00,  0.00000000e+00,
        0.00000000e+00,  0.00000000e+00,  0.00000000e+00,  0.00000000e+00,
        0.00000000e+00,  0.00000000e+00,  0.00000000e+00,  0.00000000e+00,
        0.00000000e+00,  0.00000000e+00,  0.00000000e+00,  0.00000000e+00,
        0.00000000e+00,  0.00000000e+00,  0.00000000e+00,  0.00000000e+00,
        0.00000000e+00,  0.00000000e+00,  0.00000000e+00,  0.00000000e+00,
        0.00000000e+00,  0.00000000e+00,  0.00000000e+00,  0.00000000e+00,
        0.00000000e+00,  0.00000000e+00,  0.00000000e+00,  0.00000000e+00,
        0.00000000e+00,  0.00000000e+00,  0.00000000e+00,  0.00000000e+00,
        0.00000000e+00,  0.00000000e+00,  0.00000000e+00,  0.00000000e+00,
        0.00000000e+00,  0.00000000e+00,  0.00000000e+00,  0.00000000e+00,
        0.00000000e+00,  0.00000000e+00,  0.00000000e+00,  0.00000000e+00,
        0.00000000e+00,  0.00000000e+00,  0.00000000e+00,  0.00000000e+00,
        0.00000000e+00,  0.00000000e+00,  0.00000000e+00,  0.00000000e+00,
        0.00000000e+00,  0.00000000e+00,  0.00000000e+00,  0.00000000e+00,
        0.00000000e+00,  0.00000000e+00,  0.00000000e+00,  0.00000000e+00,
        0.00000000e+00,  0.00000000e+00,  0.00000000e+00,  0.00000000e+00,
        0.00000000e+00,  0.00000000e+00,  0.00000000e+00,  0.00000000e+00,
        0.00000000e+00,  0.00000000e+00,  0.00000000e+00,  0.00000000e+00,
        0.00000000e+00,  0.00000000e+00,  0.00000000e+00,  0.00000000e+00,
        0.00000000e+00,  0.00000000e+00,  0.00000000e+00,  0.00000000e+00,
        0.00000000e+00,  0.00000000e+00,  0.00000000e+00,  0.00000000e+00,
        0.00000000e+00,  0.00000000e+00,  0.00000000e+00,  0.00000000e+00,
        0.00000000e+00,  0.00000000e+00,  0.00000000e+00,  0.00000000e+00,
        0.00000000e+00,  0.00000000e+00,  0.00000000e+00,  0.00000000e+00,
        0.00000000e+00,  0.00000000e+00,  0.00000000e+00,  0.00000000e+00,
        0.00000000e+00,  0.00000000e+00,  0.00000000e+00,  0.00000000e+00,
        0.00000000e+00,  0.00000000e+00,  0.00000000e+00,  0.00000000e+00,
        0.00000000e+00,  0.00000000e+00,  0.00000000e+00,  0.00000000e+00,
        0.00000000e+00,  0.00000000e+00,  0.00000000e+00,  0.00000000e+00,
        0.00000000e+00,  0.00000000e+00,  0.00000000e+00,  0.00000000e+00,
        0.00000000e+00,  0.00000000e+00,  0.00000000e+00,  0.00000000e+00,
        0.00000000e+00,  0.00000000e+00,  0.00000000e+00,  0.00000000e+00,
        0.00000000e+00,  0.00000000e+00,  0.00000000e+00,  0.00000000e+00,
        0.00000000e+00,  0.00000000e+00,  0.00000000e+00,  0.00000000e+00,
        0.00000000e+00,  0.00000000e+00,  0.00000000e+00,  0.00000000e+00,
        0.00000000e+00,  0.00000000e+00,  0.00000000e+00,  0.00000000e+00,
        0.00000000e+00,  0.00000000e+00,  0.00000000e+00,  0.00000000e+00,
        0.00000000e+00,  0.00000000e+00,  0.00000000e+00,  0.00000000e+00,
        0.00000000e+00,  0.00000000e+00,  0.00000000e+00,  0.00000000e+00,
        0.00000000e+00,  0.00000000e+00,  0.00000000e+00,  0.00000000e+00,
        0.00000000e+00,  0.00000000e+00,  0.00000000e+00,  2.34199838e+01],      dtype=float64),
  'history': [ [ { 'G': Array([], shape=(0,), dtype=float64),
                   'I': Array([], shape=(0,), dtype=float64),
                   'L_lmn': Array([ 2.19094121e-07,  8.32978008e-07,  1.37772243e-07, -1.94397842e-06,
       -1.52575804e-06,  3.32275273e-07, -4.82646329e-07,  2.18717849e-06,
       -4.23317625e-07,  7.68678081e-07, -3.62631195e-07, -2.93020151e-07,
        1.31455784e-07, -2.47984774e-07,  4.02516337e-07,  1.36460091e-08,
       -7.56202158e-08,  2.10540413e-08,  3.21313366e-07, -2.13351042e-09,
       -1.64322501e-08,  1.12777812e-08, -8.56807402e-09,  1.54339227e-08,
       -1.78211538e-09,  4.10311764e-07, -2.74900981e-07,  1.02379693e-06,
        8.79490162e-07,  1.29336909e-06, -2.27054035e-06, -1.41110982e-06,
       -1.37150373e-06, -5.24671737e-07, -1.05447460e-06,  1.68100238e-06,
       -1.20895377e-08, -2.77384505e-08,  4.33312338e-07, -5.23789586e-07,
        7.07457401e-08,  4.73857893e-08,  1.50249281e-07, -4.42308360e-07,
        2.43418732e-08, -4.59440649e-09,  7.07574634e-09,  3.31156820e-08,
       -1.71837844e-08, -5.85790600e-09, -1.09443047e-06,  4.15462757e-06,
       -1.47326447e-06,  4.60925409e-07, -5.37677670e-06,  5.88717813e-06,
        2.82527350e-06,  5.72138654e-07,  2.76613024e-06,  1.43215138e-06,
       -1.30940189e-06, -4.36088790e-07, -1.48035522e-07,  9.51385813e-08,
        8.65350376e-07, -1.94129118e-07, -1.37382947e-07, -1.55593964e-07,
        5.43457551e-07,  2.33924459e-08,  2.33422906e-09, -1.52115562e-08,
        8.75099477e-09,  7.95032557e-09,  4.24803449e-10,  3.66167387e-06,
       -1.43323171e-05,  3.40705634e-06, -2.88829711e-05,  1.30859387e-05,
       -2.19595107e-05, -8.69194563e-06,  1.31499719e-05, -5.95966965e-06,
       -9.98413351e-07, -3.08199305e-06,  2.25655684e-06,  4.11606964e-07,
       -1.19952459e-06,  5.99762982e-07, -6.99069159e-09,  1.87911130e-07,
       -1.48966620e-07, -9.19887346e-07, -2.15638958e-08,  7.18725797e-08,
        2.80393996e-07,  2.14639739e-07, -6.42516875e-09,  2.06615593e-09,
        1.88370521e-03, -1.61010394e-03, -1.85575464e-03, -2.83705518e-04,
        1.66379211e-03,  7.63283810e-05, -2.14109411e-05,  4.31593127e-04,
       -5.52400623e-06, -1.81284529e-05, -6.17871602e-06, -2.00800354e-06,
        1.78449579e-06,  4.38351495e-06,  1.45347493e-06,  2.71071813e-07,
       -7.91250995e-07, -1.98006118e-07,  1.20300771e-06, -1.65985398e-08,
       -3.07721476e-07, -4.60136898e-07, -3.72346474e-07, -2.02554852e-08,
        5.39786263e-09,  1.72185182e-03, -3.93453448e-03, -1.51856700e-03,
       -1.00762161e-03,  3.39603389e-03, -4.95550105e-06, -1.19629468e-04,
        2.29870619e-04,  1.40549603e-05,  3.24026819e-06, -2.81614192e-05,
       -8.89229366e-07,  6.26334747e-06,  7.05628762e-06, -1.08634080e-06,
        1.12571101e-07, -4.77531152e-08, -1.94474730e-06,  2.21410221e-07,
        2.93699571e-08,  1.50229978e-07,  3.35905858e-07, -5.03120236e-09,
       -4.18850065e-08, -9.55803991e-09, -7.23521167e-03,  2.27579194e-03,
        1.73647648e-03,  1.63098746e-03,  3.44172681e-03, -9.93782272e-05,
        2.65783905e-04, -4.07251535e-05, -7.89808985e-06, -3.83827558e-05,
       -1.33079830e-05,  3.44871709e-06,  3.81255769e-06,  8.39255706e-06,
        1.85489139e-06, -1.35423125e-07, -2.72377400e-06, -4.14104690e-06,
       -6.34117173e-07, -8.35956541e-08, -1.78412900e-06, -1.42332928e-06,
        6.37319708e-07,  4.93452942e-08,  1.79807221e-08,  1.61108555e-01,
       -1.46740563e-02,  2.69611260e-03, -2.10247731e-03, -1.02929684e-02,
        4.30063944e-04, -5.98681053e-04, -3.37841517e-04, -6.91277981e-05,
        1.01508913e-04,  1.04352263e-04,  8.45946916e-06, -3.45500493e-05,
       -2.20823402e-05, -6.91652966e-07,  5.09102453e-07, -1.26140767e-06,
        1.81048323e-06,  1.98876901e-06,  1.97645128e-08,  5.84222594e-06,
        3.67356197e-06, -3.49364376e-07, -2.59596543e-07, -8.65589111e-09,
       -4.00959908e-03, -5.40230074e-03,  3.40381529e-04,  2.45180304e-02,
       -4.19855417e-05,  1.09619875e-03,  7.33852203e-07,  3.04989169e-05,
       -1.98932592e-04,  3.30886317e-09,  1.93956786e-05,  4.92864454e-05,
        2.22127002e-07,  3.15550616e-06,  1.57965824e-06,  6.09444081e-06,
       -1.72708972e-09, -1.57271904e-07, -2.08503835e-06, -1.64183398e-06,
       -4.76520458e-02,  5.36997733e-04,  3.37720484e-04,  1.42048486e-02,
       -4.55566371e-05, -1.08891547e-03,  7.86085463e-06, -3.99204455e-05,
       -1.43576251e-05,  3.27938376e-07, -2.18162768e-07,  2.09828903e-05,
       -4.04769806e-07, -3.55322256e-06, -1.54264410e-05, -3.42904907e-06,
        4.91736199e-09,  3.16929570e-08,  2.29077870e-06,  1.47929201e-06,
        9.77324126e-03,  1.09006117e-03, -7.96635713e-05, -2.72612137e-03,
       -7.47157392e-06,  2.01656441e-04,  2.12722857e-06,  1.11772523e-05,
        3.49692283e-05,  8.09068331e-08, -4.78934517e-06, -1.42550738e-05,
        2.02317963e-07,  2.56896995e-06,  4.02279986e-06,  4.36103903e-07,
        1.93308217e-09, -7.58039927e-08,  4.30494445e-07, -1.11487021e-06,
       -1.11721418e-03, -5.09276485e-04, -1.55986881e-05,  4.22039963e-04,
        1.81425288e-05, -2.20370147e-04, -1.87170035e-07, -2.67037926e-05,
       -2.10829667e-05,  4.23160438e-08, -4.30100041e-06,  4.48897277e-06,
       -7.43668899e-08, -7.78540902e-07, -1.37625490e-06,  2.86552425e-07,
       -2.49717654e-09, -1.82620075e-08,  6.61055369e-07, -3.63598326e-07,
        5.64868256e-04,  1.01605469e-04,  6.58972616e-05, -5.17580508e-04,
       -6.74155077e-06,  4.64042746e-05, -2.27953615e-06,  5.64683135e-06,
        8.26583107e-06,  2.44170428e-07,  2.32300176e-06, -1.68770075e-06,
        1.14552507e-08,  1.52773747e-06, -2.93174438e-07, -1.28244625e-06,
        3.23726825e-09, -1.03635961e-08, -2.29008316e-07,  1.67015368e-07,
       -1.02167735e-05, -2.25979776e-05, -1.95640987e-05,  4.39614272e-06,
       -4.55124031e-06,  4.74254955e-06,  2.27580845e-06, -6.06506410e-06,
        1.19018276e-06, -1.17407721e-09, -6.90641190e-07,  1.71170470e-06,
       -2.14940578e-08, -9.61738192e-07,  2.43701147e-07,  6.16048073e-07,
        2.19361648e-09, -5.93007352e-09, -3.90646500e-09,  8.64208994e-08,
        3.95279339e-07, -4.79614827e-07,  4.06999781e-06,  1.28524364e-06,
        2.27673456e-06,  2.53979620e-06, -4.20978179e-07,  5.62945344e-07,
       -7.38604395e-07, -1.93896568e-07,  1.35524143e-06, -9.65138741e-07,
        2.19420177e-08,  5.34094604e-07, -2.06098147e-07, -6.39395872e-07,
        4.42719129e-10,  5.75424055e-09,  1.08956084e-08, -4.02978517e-08,
        8.46892996e-07, -1.02746736e-07, -9.33949214e-07, -2.38797741e-06,
       -4.17371317e-07, -4.55012369e-07, -9.53456565e-08,  4.74681550e-07,
        1.18581007e-06,  6.97960961e-08, -6.07566136e-07,  4.76315375e-07,
        2.55738793e-08, -3.63626019e-07,  3.11338112e-08,  3.37431851e-07,
       -5.89534189e-09, -1.57528008e-08, -2.41290843e-08,  3.36227868e-08,
        2.72104740e-07, -1.23514539e-06,  4.63735003e-07, -1.01110595e-06,
       -5.42208852e-07,  1.60049418e-06, -2.02627272e-07, -4.87327285e-07,
        8.96887278e-07,  1.48086222e-08,  5.16404704e-07, -3.66290947e-07,
       -3.02840934e-09,  2.33880322e-07, -2.29784269e-09, -1.62030486e-07,
       -1.75223395e-09,  1.46343310e-08, -9.17037141e-09,  1.99726147e-09],      dtype=float64),
                   'Phi_mn': Array([], shape=(0,), dtype=float64),
                   'Psi': Array([50.], dtype=float64),
                   'R_lmn': Array([-1.55651634e-06, -5.91573079e-07,  1.18624497e-06,  6.59601809e-07,
       -6.30702513e-07,  1.24560617e-06,  3.29371287e-07, -1.64588714e-06,
        1.00447020e-06,  2.87696448e-07,  5.07638009e-07, -6.81475052e-07,
        0.00000000e+00, -3.29371287e-07,  4.59642176e-07, -1.07555665e-07,
        0.00000000e+00, -2.87696448e-07,  1.23064504e-07,  2.74419649e-08,
       -1.19158498e-07, -1.33360952e-06, -2.78580472e-07, -1.09248820e-06,
        1.99639471e-06,  1.33945634e-07, -3.09754243e-07,  5.85012424e-07,
        1.02257602e-06, -2.95722721e-07, -1.80472194e-06,  1.17763364e-06,
        0.00000000e+00,  3.09754243e-07, -3.06431952e-07,  1.89070681e-07,
        0.00000000e+00,  2.95722721e-07, -1.91672763e-07,  2.20302474e-08,
        1.92684795e-06, -1.57172039e-06, -1.14960940e-06, -8.42102242e-07,
       -1.89005490e-06,  3.29380762e-06,  4.89048354e-07,  4.86028946e-07,
       -1.59334602e-06,  3.79977832e-07,  1.53074980e-06, -1.78295739e-06,
        0.00000000e+00, -4.89048354e-07,  6.63580454e-07,  5.08600305e-07,
        0.00000000e+00, -3.79977832e-07,  3.59305105e-07,  6.08701580e-08,
       -1.43464876e-05,  1.80674534e-05,  1.11100066e-05,  8.57832323e-06,
       -4.83825666e-07, -2.10650562e-05,  1.02555042e-06, -9.79205742e-06,
        7.93581092e-06, -7.51699008e-07,  1.07323771e-06,  3.04093106e-06,
        0.00000000e+00, -1.02555042e-06, -1.31794913e-06, -2.16764657e-06,
        0.00000000e+00,  7.51699008e-07, -5.89412041e-07, -4.33282950e-08,
       -2.57346655e-03,  1.08533397e-03,  3.03051580e-04,  2.38780791e-03,
       -7.68029378e-06, -1.10820760e-03, -1.23698740e-07, -2.95118423e-04,
        1.89732248e-04,  9.09549620e-07,  9.58737696e-06,  2.23941963e-05,
        0.00000000e+00,  1.23698740e-07, -7.93315619e-06, -4.07361090e-06,
        0.00000000e+00, -9.09549620e-07, -1.90708318e-06,  4.79433243e-07,
       -1.87718455e-03,  2.39581697e-03,  1.46759296e-04,  1.69674886e-03,
       -1.17456014e-05, -2.37868158e-03, -8.32187825e-07, -1.27083111e-04,
        1.92091400e-04, -6.33326734e-08,  1.26297203e-05, -1.51794818e-05,
        0.00000000e+00,  8.32187825e-07, -1.96761849e-05, -1.16557031e-05,
        0.00000000e+00,  6.33326734e-08, -8.84118920e-07, -1.95591380e-06,
        2.43630444e-03,  2.17107734e-03, -5.07236323e-05, -2.19484348e-03,
       -2.16969161e-05, -2.17199955e-03,  1.38750511e-06,  5.09559989e-05,
       -2.38353826e-04, -1.67734542e-08,  2.24955703e-05,  5.26183382e-07,
        0.00000000e+00, -1.38750511e-06, -2.32366657e-07, -3.10713414e-06,
        0.00000000e+00,  1.67734542e-08, -7.98654227e-07,  3.96027802e-07,
        8.47476553e-04, -7.78596938e-03,  1.93555659e-04, -1.55329294e-03,
        4.38861089e-05,  7.79340119e-03, -1.09213626e-06, -2.20825718e-04,
        6.72654809e-04, -2.46417765e-07, -4.35046820e-05, -1.34028901e-05,
        0.00000000e+00,  1.09213626e-06,  2.72700583e-05,  3.31615755e-05,
        0.00000000e+00,  2.46417765e-07, -3.81426884e-07,  5.97108129e-06,
        7.93151311e+00,  1.79439833e+00,  7.50565597e-02, -1.12746328e-02,
        6.07644854e-03, -1.17404590e-03, -6.54024062e-03,  1.12872566e-02,
       -3.52715697e-06, -4.33061104e-04,  1.12662213e-03, -4.45570094e-06,
       -2.63879608e-05, -1.36561791e-05, -2.38369990e-06,  1.47390641e-07,
       -4.17168746e-05,  4.74237700e-05,  4.45570094e-06,  0.00000000e+00,
       -3.04286275e-06,  1.03242158e-06,  5.91085687e-06, -1.47390641e-07,
        0.00000000e+00,  1.64918982e+00,  2.29801281e-03,  5.64506995e-02,
       -9.94516988e-03, -2.47273343e-03,  6.97443724e-04, -5.66571349e-03,
        9.91076694e-03,  1.71681573e-05,  2.01829498e-04, -7.34180543e-04,
        1.47346233e-06,  2.59194367e-05,  3.34340440e-05, -1.71686028e-05,
        8.38961854e-07, -2.71088703e-05,  3.67368187e-05, -1.47346233e-06,
        0.00000000e+00, -7.24150688e-07,  9.68894013e-07,  4.45447485e-10,
       -8.38961854e-07,  0.00000000e+00,  8.87002226e-03,  1.60945469e-04,
       -9.78042091e-03,  2.06798887e-03, -1.64332038e-04, -1.40879728e-04,
        9.27784995e-04, -2.05676330e-03,  2.22189391e-05, -1.87828912e-05,
        1.27493315e-04, -1.60493362e-08, -1.84532690e-05, -1.03851055e-05,
       -2.09506672e-05, -1.08497197e-06,  2.21694605e-05,  1.33864120e-05,
        1.60493362e-08,  0.00000000e+00,  1.06691802e-06, -8.40465291e-07,
       -1.26827185e-06,  1.08497197e-06,  0.00000000e+00, -7.97017429e-04,
       -3.40208591e-04,  8.93510760e-04, -4.24321386e-04,  2.78855920e-04,
        1.56740187e-04, -9.95921246e-05,  4.21913348e-04,  1.18403118e-05,
        6.62630924e-05, -1.53003755e-04,  3.34789462e-06,  3.38552463e-06,
        1.11515027e-06, -1.26116403e-05,  5.42928872e-07, -4.91042128e-06,
       -3.73643251e-06, -3.34789462e-06,  0.00000000e+00, -2.86731370e-07,
        1.29288840e-06,  7.71328527e-07, -5.42928872e-07,  0.00000000e+00,
       -1.76880289e-04,  6.08158678e-05, -4.12275924e-05,  4.12438623e-04,
       -4.27673218e-05, -4.85689919e-05,  2.16676408e-04, -4.13556572e-04,
       -1.86482682e-06, -1.40359768e-05,  5.33053140e-05, -5.59961323e-07,
        1.04936045e-06,  2.19164866e-06,  2.84939650e-06, -1.14467345e-06,
       -4.01256919e-06, -4.73632213e-06,  5.59961323e-07,  0.00000000e+00,
        3.82112707e-07, -1.07369956e-06, -9.84569676e-07,  1.14467345e-06,
        0.00000000e+00, -2.89653035e-07,  2.04931557e-06, -2.47930692e-06,
       -3.60658222e-06,  4.09007005e-06, -1.09536581e-05,  7.66852106e-07,
       -4.64431623e-06,  1.02273874e-06, -5.23417931e-06,  1.18241572e-05,
        1.21082635e-07,  2.59759144e-06,  8.31324267e-06, -1.46430851e-06,
        7.62308104e-07, -9.05206313e-07, -8.70499059e-07, -1.21082635e-07,
        0.00000000e+00, -5.95483595e-07, -6.23442167e-08,  4.41569768e-07,
       -7.62308104e-07,  0.00000000e+00, -2.16863476e-07,  2.40306090e-06,
        6.05161107e-07, -1.85972400e-06, -1.85356515e-06,  3.19538898e-06,
       -1.83856134e-07,  4.31246366e-06,  9.67931767e-07, -2.76165059e-06,
       -3.62731045e-06, -8.37741448e-07, -5.62494573e-07, -2.32132807e-06,
       -8.31229263e-07, -3.66750526e-07,  2.21215484e-06,  4.31921461e-07,
        8.37741448e-07,  0.00000000e+00,  3.58053076e-07, -1.31411589e-07,
       -1.36702504e-07,  3.66750526e-07,  0.00000000e+00, -2.16670032e-06,
        3.60502966e-06,  1.87052018e-06, -1.27509284e-06, -4.29793367e-06,
        8.46122925e-08,  2.26576326e-06,  1.87063152e-06, -6.58134365e-07,
       -4.38280649e-08, -8.95365787e-07,  4.12649399e-07, -1.86555646e-06,
       -9.41135476e-07,  3.70801865e-07,  2.33428336e-07,  7.36732074e-07,
        8.10753495e-07, -4.12649399e-07,  0.00000000e+00, -1.04026660e-07,
        3.45596796e-07,  2.87332500e-07, -2.33428336e-07,  0.00000000e+00,
       -7.74800829e-07,  2.17145665e-06,  7.16666914e-07, -8.36551652e-07,
       -2.54466262e-06, -3.92682452e-07,  6.78311171e-07,  8.61037078e-07,
        7.70447518e-07,  9.08455973e-08,  8.38816153e-07, -4.17899356e-07,
       -7.08732666e-07, -1.78580663e-08, -7.44814642e-07, -2.17470644e-07,
        2.82360376e-07, -4.46133701e-07,  4.17899356e-07,  0.00000000e+00,
        8.85554106e-08, -6.62736017e-09, -2.56328756e-08,  2.17470644e-07,
        0.00000000e+00], dtype=float64),
                   'Ra_n': Array([ 7.84993966e+00,  1.58704676e+00,  1.95977484e-02, -1.79379257e-03,
        8.03564639e-05, -2.36569049e-07, -8.53330689e-08, -9.92743333e-09,
       -1.58684961e-08], dtype=float64),
                   'Rb_lmn': Array([0. , 0. , 0. , 0. , 0. , 0. , 0. , 0. , 0. , 0. , 0. , 0. , 0. ,
       0. , 0. , 0. , 0. , 0. , 0. , 0. , 0. , 0. , 0. , 0. , 0. , 0. ,
       0. , 0. , 0. , 0. , 0. , 0. , 0. , 0. , 0. , 0. , 0. , 0. , 0. ,
       0. , 0. , 0. , 0. , 0. , 0. , 0. , 0. , 0. , 0. , 0. , 0. , 0. ,
       0. , 0. , 0. , 0. , 0. , 0. , 0. , 0. , 0. , 0. , 0. , 0. , 8. ,
       1.8, 0. , 0. , 0. , 0. , 0. , 0. , 0. , 1.7, 0. , 0. , 0. , 0. ,
       0. , 0. , 0. , 0. , 0. , 0. , 0. , 0. , 0. , 0. , 0. , 0. , 0. ,
       0. , 0. , 0. , 0. , 0. , 0. , 0. , 0. , 0. , 0. , 0. , 0. , 0. ,
       0. , 0. , 0. , 0. , 0. , 0. , 0. , 0. , 0. , 0. , 0. , 0. , 0. ,
       0. , 0. , 0. , 0. , 0. , 0. , 0. , 0. , 0. , 0. , 0. , 0. , 0. ,
       0. , 0. , 0. , 0. , 0. , 0. , 0. , 0. , 0. , 0. , 0. , 0. , 0. ,
       0. , 0. ], dtype=float64),
                   'Te_l': Array([], shape=(0,), dtype=float64),
                   'Ti_l': Array([], shape=(0,), dtype=float64),
                   'Z_lmn': Array([-1.88323651e-07,  6.43773266e-07,  1.69967874e-07, -1.04650011e-06,
       -4.31211794e-07,  1.98109105e-06,  1.42550093e-07,  1.53599063e-06,
        1.22997958e-07, -1.46424726e-07, -2.06962181e-06,  3.63902117e-07,
       -1.63315526e-07, -5.15640973e-07, -1.79290218e-09,  2.63585912e-07,
       -6.61367452e-08,  8.85307640e-08, -3.63902117e-07,  0.00000000e+00,
        3.91212093e-08,  2.61504508e-08, -1.21205056e-07, -2.63585912e-07,
        0.00000000e+00,  1.10083016e-07, -1.94512107e-06, -4.04742627e-07,
        1.47126557e-06,  5.18891060e-07, -1.30099924e-06, -7.72016604e-08,
       -1.31354226e-06,  1.27339118e-06,  1.59600836e-06,  1.42504947e-06,
       -2.76167674e-07,  4.07307763e-07, -6.89221801e-08, -1.25567236e-06,
       -3.06997388e-07, -1.69778358e-07, -1.24050226e-07,  2.76167674e-07,
        0.00000000e+00, -3.54464917e-08, -8.88011262e-08, -1.77188205e-08,
        3.06997388e-07,  0.00000000e+00,  6.61587953e-07, -1.77077289e-06,
       -2.24556797e-08, -1.56961382e-06,  2.79575790e-06,  1.55664522e-06,
       -7.54752307e-07,  2.17461840e-06, -1.18726038e-06, -8.42059275e-07,
       -1.80509498e-06,  4.45191442e-07,  7.31568913e-08, -6.27698030e-07,
        1.08405945e-06,  3.91009859e-07, -1.82925740e-07,  2.48449757e-07,
       -4.45191442e-07,  0.00000000e+00,  4.24631424e-08,  2.26934433e-08,
        1.03200929e-07, -3.91009859e-07,  0.00000000e+00, -8.74789247e-06,
        1.56381868e-05,  3.16679650e-06, -2.70330007e-06, -1.28707664e-05,
        1.05607781e-05,  9.14977184e-06, -1.73222275e-06, -1.29305515e-06,
       -4.00544436e-06, -8.31774803e-06,  9.30306983e-07, -3.22433542e-06,
        3.88362564e-06,  1.21138431e-06, -7.57328637e-07,  1.23802394e-06,
       -2.24303011e-06, -9.30306983e-07,  0.00000000e+00, -3.44340445e-07,
        5.51897179e-07,  8.16708402e-08,  7.57328637e-07,  0.00000000e+00,
        7.59716150e-04, -1.92239334e-03, -2.49100550e-05,  1.13588206e-03,
        2.04789102e-03,  2.96317746e-04, -7.22532906e-04, -1.15551023e-03,
       -5.59548620e-06, -1.31528974e-04, -2.89198746e-04, -2.39763154e-07,
       -1.18934463e-05,  1.69007621e-05,  7.92207591e-06,  8.99161463e-07,
        6.03129759e-06, -7.11899965e-06,  2.39763153e-07,  0.00000000e+00,
       -3.79742783e-07,  2.72740625e-06, -2.32658971e-06, -8.99161463e-07,
        0.00000000e+00,  5.42139715e-04, -2.01822540e-03,  8.92520709e-04,
        2.32569255e-03,  2.02811119e-03,  1.61025002e-04, -1.41395365e-03,
       -2.32565376e-03, -1.43674305e-05, -2.10059212e-05, -1.40955350e-04,
       -8.28660050e-07, -2.02403856e-05, -1.38164359e-06,  1.46913700e-05,
       -1.43180821e-07,  1.11201312e-05, -2.00696523e-05,  8.28660050e-07,
        0.00000000e+00, -4.66384068e-07,  1.34285484e-06, -3.23939454e-07,
        1.43180821e-07,  0.00000000e+00,  1.19590321e-02,  2.47469453e-03,
       -1.00676761e-02,  2.22382700e-03, -2.36510924e-03, -7.73091178e-05,
       -1.91023482e-03, -2.21944072e-03, -1.67896331e-05, -1.14366381e-04,
        7.37327732e-05, -2.52864202e-07,  1.82970849e-05, -5.59648674e-06,
        1.86522747e-05,  1.92302050e-07,  4.78108533e-06,  3.57634462e-06,
        2.52864202e-07,  0.00000000e+00,  5.81684026e-07,  1.21021219e-06,
       -1.86264158e-06, -1.92302050e-07,  0.00000000e+00,  1.62791442e+00,
        5.91149753e-03,  6.59449860e-02, -8.13857988e-03, -6.29397437e-03,
        2.45955962e-04,  6.09157133e-03,  8.17210244e-03,  3.80246221e-05,
        4.12256193e-04, -2.80722710e-04, -2.31478662e-06,  5.33204026e-05,
       -3.56230455e-05, -4.20060425e-05, -3.60164160e-07, -2.97793501e-05,
        3.47667477e-05,  2.31478662e-06,  0.00000000e+00, -4.29557413e-06,
        2.10047778e-06,  3.98142045e-06,  3.60164160e-07,  0.00000000e+00,
       -1.79012345e+00,  1.12388780e-02,  1.19282569e-03, -9.05010823e-03,
        6.73763237e-06, -1.12274511e-02,  4.23914442e-06, -1.15735460e-03,
       -8.90165428e-04, -4.45215448e-07, -5.35724121e-06, -1.85338427e-05,
        0.00000000e+00, -4.23914442e-06, -3.54710943e-05,  6.37219778e-05,
        0.00000000e+00,  4.45215448e-07, -1.38039116e-06,  7.10696459e-06,
        1.27164582e-03,  9.50072145e-03, -6.51773386e-04, -1.57932913e-03,
       -2.59810453e-05, -9.48366068e-03, -2.06222901e-06,  6.88827477e-04,
        2.30612230e-04, -3.20868480e-07,  2.67098839e-05, -1.76454851e-05,
        0.00000000e+00,  2.06222901e-06, -3.70540905e-05,  7.70710824e-05,
        0.00000000e+00,  3.20868480e-07, -7.28838626e-07,  5.84709532e-07,
        2.16680710e-04, -2.01216107e-03,  1.10229753e-04, -1.47656339e-04,
       -1.49485650e-05,  1.99755011e-03, -2.03624961e-06, -1.02382032e-04,
       -6.60037896e-05,  8.34240875e-07,  1.36651467e-05,  1.77259075e-05,
        0.00000000e+00,  2.03624961e-06, -7.84772040e-06, -3.02058129e-06,
        0.00000000e+00, -8.34240875e-07,  1.28341833e-06, -3.11494906e-06,
       -4.38527923e-04,  3.53155718e-04, -1.47615273e-04,  3.63411499e-04,
       -1.55620059e-05, -3.73373407e-04, -3.24330838e-06,  1.43082379e-04,
        8.02407416e-05, -4.51011151e-07,  1.58525913e-05,  1.98673218e-05,
        0.00000000e+00,  3.24330838e-06,  4.53289423e-06, -5.12431820e-06,
        0.00000000e+00,  4.51011151e-07, -2.90585359e-07,  3.50367378e-07,
        1.01741443e-04, -3.57552158e-04,  4.30795256e-05, -7.98082156e-05,
        4.38549125e-06,  3.67404039e-04,  4.75469592e-07, -4.82191805e-05,
       -2.35589985e-05,  1.09158892e-06, -4.84746320e-06, -1.00264476e-05,
        0.00000000e+00, -4.75469592e-07,  5.13965489e-06,  1.62577093e-06,
        0.00000000e+00, -1.09158892e-06,  4.61971941e-07,  1.74567152e-07,
        8.03944274e-06, -2.15698353e-05,  8.58376768e-06, -1.01529686e-05,
       -1.84244725e-06,  2.84182761e-05, -2.28505706e-07, -9.37479047e-06,
        3.42475578e-06, -7.68591526e-07,  1.62307108e-06, -6.51424090e-06,
        0.00000000e+00,  2.28505706e-07,  7.91022797e-07, -1.31122991e-06,
        0.00000000e+00,  7.68591526e-07,  2.19376166e-07, -3.34199967e-07,
        6.96425064e-07,  4.98566385e-06,  1.60487385e-07, -1.42895208e-06,
       -2.86698366e-07, -7.74031660e-06,  7.97800046e-07,  9.13770886e-07,
        6.52971703e-07,  3.80302077e-07,  3.90424680e-07,  2.31425456e-06,
        0.00000000e+00, -7.97800046e-07, -1.07425827e-06,  7.95553131e-08,
        0.00000000e+00, -3.80302077e-07, -1.03726314e-07,  4.40398195e-07,
       -3.34389859e-06,  2.95198970e-06, -1.19630776e-06,  4.60644113e-06,
        6.03799563e-08, -3.26597187e-06, -3.79196307e-07,  1.71547647e-06,
       -4.93427825e-07, -2.46696524e-07,  8.97063756e-08,  4.45135357e-07,
        0.00000000e+00,  3.79196307e-07, -5.19168712e-07, -7.69114715e-07,
        0.00000000e+00,  2.46696524e-07, -1.50086332e-07, -1.31153185e-07,
       -5.99766131e-07,  4.42691197e-07,  1.36480228e-06,  1.45342229e-06,
       -1.51903993e-07, -7.68315810e-07,  4.51381645e-07, -1.38366453e-06,
       -8.14099254e-07,  1.94661845e-07,  3.29389728e-07,  2.46484981e-07,
        0.00000000e+00, -4.51381645e-07,  1.88622515e-08, -3.95569078e-08,
        0.00000000e+00, -1.94661845e-07, -1.77485735e-07,  7.91396316e-08],      dtype=float64),
                   'Za_n': Array([-1.33046963e-08, -5.13027180e-09, -1.01402423e-07,  1.15077849e-07,
        7.36070027e-05, -1.74456065e-03,  2.00987579e-02,  1.56800339e+00],      dtype=float64),
                   'Zb_lmn': Array([ 0. ,  0. ,  0. ,  0. ,  0. ,  0. ,  0. ,  0. ,  0. ,  0. ,  0. ,
        0. ,  0. ,  0. ,  0. ,  0. ,  0. ,  0. ,  0. ,  0. ,  0. ,  0. ,
        0. ,  0. ,  0. ,  0. ,  0. ,  0. ,  0. ,  0. ,  0. ,  0. ,  0. ,
        0. ,  0. ,  0. ,  0. ,  0. ,  0. ,  0. ,  0. ,  0. ,  0. ,  0. ,
        0. ,  0. ,  0. ,  0. ,  0. ,  0. ,  0. ,  0. ,  0. ,  0. ,  0. ,
        0. ,  0. ,  0. ,  0. ,  0. ,  0. ,  0. ,  0. ,  1.7,  0. ,  0. ,
        0. ,  0. ,  0. ,  0. ,  0. ,  0. ,  0. ,  0. ,  0. ,  0. ,  0. ,
        0. ,  0. , -1.8,  0. ,  0. ,  0. ,  0. ,  0. ,  0. ,  0. ,  0. ,
        0. ,  0. ,  0. ,  0. ,  0. ,  0. ,  0. ,  0. ,  0. ,  0. ,  0. ,
        0. ,  0. ,  0. ,  0. ,  0. ,  0. ,  0. ,  0. ,  0. ,  0. ,  0. ,
        0. ,  0. ,  0. ,  0. ,  0. ,  0. ,  0. ,  0. ,  0. ,  0. ,  0. ,
        0. ,  0. ,  0. ,  0. ,  0. ,  0. ,  0. ,  0. ,  0. ,  0. ,  0. ,
        0. ,  0. ,  0. ,  0. ,  0. ,  0. ,  0. ,  0. ,  0. ,  0. ,  0. ,
        0. ], dtype=float64),
                   'Zeff_l': Array([], shape=(0,), dtype=float64),
                   'a_lmn': Array([], shape=(0,), dtype=float64),
                   'c_l': Array([0., 0., 0., 0., 0.], dtype=float64),
                   'i_l': Array([], shape=(0,), dtype=float64),
                   'ne_l': Array([], shape=(0,), dtype=float64),
                   'ni_l': Array([], shape=(0,), dtype=float64),
                   'p_l': Array([0., 0., 0., 0., 0.], dtype=float64)}],
               [ { 'G': Array([], shape=(0,), dtype=float64),
                   'I': Array([], shape=(0,), dtype=float64),
                   'L_lmn': Array([ 2.19094121e-07,  8.32978008e-07,  1.37772243e-07, -1.94397842e-06,
       -1.52575804e-06,  3.32275273e-07, -4.82646329e-07,  2.18717849e-06,
       -4.23317625e-07,  7.68678081e-07, -3.62631195e-07, -2.93020151e-07,
        1.31455784e-07, -2.47984774e-07,  4.02516337e-07,  1.36460091e-08,
       -7.56202158e-08,  2.10540413e-08,  3.21313366e-07, -2.13351042e-09,
       -1.64322501e-08,  1.12777812e-08, -8.56807402e-09,  1.54339227e-08,
       -1.78211538e-09,  4.10311764e-07, -2.74900981e-07,  1.02379693e-06,
        8.79490162e-07,  1.29336909e-06, -2.27054035e-06, -1.41110982e-06,
       -1.37150373e-06, -5.24671737e-07, -1.05447460e-06,  1.68100238e-06,
       -1.20895377e-08, -2.77384505e-08,  4.33312338e-07, -5.23789586e-07,
        7.07457401e-08,  4.73857893e-08,  1.50249281e-07, -4.42308360e-07,
        2.43418732e-08, -4.59440649e-09,  7.07574634e-09,  3.31156820e-08,
       -1.71837844e-08, -5.85790600e-09, -1.09443047e-06,  4.15462757e-06,
       -1.47326447e-06,  4.60925409e-07, -5.37677670e-06,  5.88717813e-06,
        2.82527350e-06,  5.72138654e-07,  2.76613024e-06,  1.43215138e-06,
       -1.30940189e-06, -4.36088790e-07, -1.48035522e-07,  9.51385813e-08,
        8.65350376e-07, -1.94129118e-07, -1.37382947e-07, -1.55593964e-07,
        5.43457551e-07,  2.33924459e-08,  2.33422906e-09, -1.52115562e-08,
        8.75099477e-09,  7.95032557e-09,  4.24803449e-10,  3.66167387e-06,
       -1.43323171e-05,  3.40705634e-06, -2.88829711e-05,  1.30859387e-05,
       -2.19595107e-05, -8.69194563e-06,  1.31499719e-05, -5.95966965e-06,
       -9.98413351e-07, -3.08199305e-06,  2.25655684e-06,  4.11606964e-07,
       -1.19952459e-06,  5.99762982e-07, -6.99069159e-09,  1.87911130e-07,
       -1.48966620e-07, -9.19887346e-07, -2.15638958e-08,  7.18725797e-08,
        2.80393996e-07,  2.14639739e-07, -6.42516875e-09,  2.06615593e-09,
        1.88370521e-03, -1.61010394e-03, -1.85575464e-03, -2.83705518e-04,
        1.66379211e-03,  7.63283810e-05, -2.14109411e-05,  4.31593127e-04,
       -5.52400623e-06, -1.81284529e-05, -6.17871602e-06, -2.00800354e-06,
        1.78449579e-06,  4.38351495e-06,  1.45347493e-06,  2.71071813e-07,
       -7.91250995e-07, -1.98006118e-07,  1.20300771e-06, -1.65985398e-08,
       -3.07721476e-07, -4.60136898e-07, -3.72346474e-07, -2.02554852e-08,
        5.39786263e-09,  1.72185182e-03, -3.93453448e-03, -1.51856700e-03,
       -1.00762161e-03,  3.39603389e-03, -4.95550105e-06, -1.19629468e-04,
        2.29870619e-04,  1.40549603e-05,  3.24026819e-06, -2.81614192e-05,
       -8.89229366e-07,  6.26334747e-06,  7.05628762e-06, -1.08634080e-06,
        1.12571101e-07, -4.77531152e-08, -1.94474730e-06,  2.21410221e-07,
        2.93699571e-08,  1.50229978e-07,  3.35905858e-07, -5.03120236e-09,
       -4.18850065e-08, -9.55803991e-09, -7.23521167e-03,  2.27579194e-03,
        1.73647648e-03,  1.63098746e-03,  3.44172681e-03, -9.93782272e-05,
        2.65783905e-04, -4.07251535e-05, -7.89808985e-06, -3.83827558e-05,
       -1.33079830e-05,  3.44871709e-06,  3.81255769e-06,  8.39255706e-06,
        1.85489139e-06, -1.35423125e-07, -2.72377400e-06, -4.14104690e-06,
       -6.34117173e-07, -8.35956541e-08, -1.78412900e-06, -1.42332928e-06,
        6.37319708e-07,  4.93452942e-08,  1.79807221e-08,  1.61108555e-01,
       -1.46740563e-02,  2.69611260e-03, -2.10247731e-03, -1.02929684e-02,
        4.30063944e-04, -5.98681053e-04, -3.37841517e-04, -6.91277981e-05,
        1.01508913e-04,  1.04352263e-04,  8.45946916e-06, -3.45500493e-05,
       -2.20823402e-05, -6.91652966e-07,  5.09102453e-07, -1.26140767e-06,
        1.81048323e-06,  1.98876901e-06,  1.97645128e-08,  5.84222594e-06,
        3.67356197e-06, -3.49364376e-07, -2.59596543e-07, -8.65589111e-09,
       -4.00959908e-03, -5.40230074e-03,  3.40381529e-04,  2.45180304e-02,
       -4.19855417e-05,  1.09619875e-03,  7.33852203e-07,  3.04989169e-05,
       -1.98932592e-04,  3.30886317e-09,  1.93956786e-05,  4.92864454e-05,
        2.22127002e-07,  3.15550616e-06,  1.57965824e-06,  6.09444081e-06,
       -1.72708972e-09, -1.57271904e-07, -2.08503835e-06, -1.64183398e-06,
       -4.76520458e-02,  5.36997733e-04,  3.37720484e-04,  1.42048486e-02,
       -4.55566371e-05, -1.08891547e-03,  7.86085463e-06, -3.99204455e-05,
       -1.43576251e-05,  3.27938376e-07, -2.18162768e-07,  2.09828903e-05,
       -4.04769806e-07, -3.55322256e-06, -1.54264410e-05, -3.42904907e-06,
        4.91736199e-09,  3.16929570e-08,  2.29077870e-06,  1.47929201e-06,
        9.77324126e-03,  1.09006117e-03, -7.96635713e-05, -2.72612137e-03,
       -7.47157392e-06,  2.01656441e-04,  2.12722857e-06,  1.11772523e-05,
        3.49692283e-05,  8.09068331e-08, -4.78934517e-06, -1.42550738e-05,
        2.02317963e-07,  2.56896995e-06,  4.02279986e-06,  4.36103903e-07,
        1.93308217e-09, -7.58039927e-08,  4.30494445e-07, -1.11487021e-06,
       -1.11721418e-03, -5.09276485e-04, -1.55986881e-05,  4.22039963e-04,
        1.81425288e-05, -2.20370147e-04, -1.87170035e-07, -2.67037926e-05,
       -2.10829667e-05,  4.23160438e-08, -4.30100041e-06,  4.48897277e-06,
       -7.43668899e-08, -7.78540902e-07, -1.37625490e-06,  2.86552425e-07,
       -2.49717654e-09, -1.82620075e-08,  6.61055369e-07, -3.63598326e-07,
        5.64868256e-04,  1.01605469e-04,  6.58972616e-05, -5.17580508e-04,
       -6.74155077e-06,  4.64042746e-05, -2.27953615e-06,  5.64683135e-06,
        8.26583107e-06,  2.44170428e-07,  2.32300176e-06, -1.68770075e-06,
        1.14552507e-08,  1.52773747e-06, -2.93174438e-07, -1.28244625e-06,
        3.23726825e-09, -1.03635961e-08, -2.29008316e-07,  1.67015368e-07,
       -1.02167735e-05, -2.25979776e-05, -1.95640987e-05,  4.39614272e-06,
       -4.55124031e-06,  4.74254955e-06,  2.27580845e-06, -6.06506410e-06,
        1.19018276e-06, -1.17407721e-09, -6.90641190e-07,  1.71170470e-06,
       -2.14940578e-08, -9.61738192e-07,  2.43701147e-07,  6.16048073e-07,
        2.19361648e-09, -5.93007352e-09, -3.90646500e-09,  8.64208994e-08,
        3.95279339e-07, -4.79614827e-07,  4.06999781e-06,  1.28524364e-06,
        2.27673456e-06,  2.53979620e-06, -4.20978179e-07,  5.62945344e-07,
       -7.38604395e-07, -1.93896568e-07,  1.35524143e-06, -9.65138741e-07,
        2.19420177e-08,  5.34094604e-07, -2.06098147e-07, -6.39395872e-07,
        4.42719129e-10,  5.75424055e-09,  1.08956084e-08, -4.02978517e-08,
        8.46892996e-07, -1.02746736e-07, -9.33949214e-07, -2.38797741e-06,
       -4.17371317e-07, -4.55012369e-07, -9.53456565e-08,  4.74681550e-07,
        1.18581007e-06,  6.97960961e-08, -6.07566136e-07,  4.76315375e-07,
        2.55738793e-08, -3.63626019e-07,  3.11338112e-08,  3.37431851e-07,
       -5.89534189e-09, -1.57528008e-08, -2.41290843e-08,  3.36227868e-08,
        2.72104740e-07, -1.23514539e-06,  4.63735003e-07, -1.01110595e-06,
       -5.42208852e-07,  1.60049418e-06, -2.02627272e-07, -4.87327285e-07,
        8.96887278e-07,  1.48086222e-08,  5.16404704e-07, -3.66290947e-07,
       -3.02840934e-09,  2.33880322e-07, -2.29784269e-09, -1.62030486e-07,
       -1.75223395e-09,  1.46343310e-08, -9.17037141e-09,  1.99726147e-09],      dtype=float64),
                   'Phi_mn': Array([], shape=(0,), dtype=float64),
                   'Psi': Array([50.], dtype=float64),
                   'R_lmn': Array([-1.55651634e-06, -5.91573079e-07,  1.18624497e-06,  6.59601809e-07,
       -6.30702513e-07,  1.24560617e-06,  3.29371287e-07, -1.64588714e-06,
        1.00447020e-06,  2.87696448e-07,  5.07638009e-07, -6.81475052e-07,
        0.00000000e+00, -3.29371287e-07,  4.59642176e-07, -1.07555665e-07,
        0.00000000e+00, -2.87696448e-07,  1.23064504e-07,  2.74419649e-08,
       -1.19158498e-07, -1.33360952e-06, -2.78580472e-07, -1.09248820e-06,
        1.99639471e-06,  1.33945634e-07, -3.09754243e-07,  5.85012424e-07,
        1.02257602e-06, -2.95722721e-07, -1.80472194e-06,  1.17763364e-06,
        0.00000000e+00,  3.09754243e-07, -3.06431952e-07,  1.89070681e-07,
        0.00000000e+00,  2.95722721e-07, -1.91672763e-07,  2.20302474e-08,
        1.92684795e-06, -1.57172039e-06, -1.14960940e-06, -8.42102242e-07,
       -1.89005490e-06,  3.29380762e-06,  4.89048354e-07,  4.86028946e-07,
       -1.59334602e-06,  3.79977832e-07,  1.53074980e-06, -1.78295739e-06,
        0.00000000e+00, -4.89048354e-07,  6.63580454e-07,  5.08600305e-07,
        0.00000000e+00, -3.79977832e-07,  3.59305105e-07,  6.08701580e-08,
       -1.43464876e-05,  1.80674534e-05,  1.11100066e-05,  8.57832323e-06,
       -4.83825666e-07, -2.10650562e-05,  1.02555042e-06, -9.79205742e-06,
        7.93581092e-06, -7.51699008e-07,  1.07323771e-06,  3.04093106e-06,
        0.00000000e+00, -1.02555042e-06, -1.31794913e-06, -2.16764657e-06,
        0.00000000e+00,  7.51699008e-07, -5.89412041e-07, -4.33282950e-08,
       -2.57346655e-03,  1.08533397e-03,  3.03051580e-04,  2.38780791e-03,
       -7.68029378e-06, -1.10820760e-03, -1.23698740e-07, -2.95118423e-04,
        1.89732248e-04,  9.09549620e-07,  9.58737696e-06,  2.23941963e-05,
        0.00000000e+00,  1.23698740e-07, -7.93315619e-06, -4.07361090e-06,
        0.00000000e+00, -9.09549620e-07, -1.90708318e-06,  4.79433243e-07,
       -1.87718455e-03,  2.39581697e-03,  1.46759296e-04,  1.69674886e-03,
       -1.17456014e-05, -2.37868158e-03, -8.32187825e-07, -1.27083111e-04,
        1.92091400e-04, -6.33326734e-08,  1.26297203e-05, -1.51794818e-05,
        0.00000000e+00,  8.32187825e-07, -1.96761849e-05, -1.16557031e-05,
        0.00000000e+00,  6.33326734e-08, -8.84118920e-07, -1.95591380e-06,
        2.43630444e-03,  2.17107734e-03, -5.07236323e-05, -2.19484348e-03,
       -2.16969161e-05, -2.17199955e-03,  1.38750511e-06,  5.09559989e-05,
       -2.38353826e-04, -1.67734542e-08,  2.24955703e-05,  5.26183382e-07,
        0.00000000e+00, -1.38750511e-06, -2.32366657e-07, -3.10713414e-06,
        0.00000000e+00,  1.67734542e-08, -7.98654227e-07,  3.96027802e-07,
        8.47476553e-04, -7.78596938e-03,  1.93555659e-04, -1.55329294e-03,
        4.38861089e-05,  7.79340119e-03, -1.09213626e-06, -2.20825718e-04,
        6.72654809e-04, -2.46417765e-07, -4.35046820e-05, -1.34028901e-05,
        0.00000000e+00,  1.09213626e-06,  2.72700583e-05,  3.31615755e-05,
        0.00000000e+00,  2.46417765e-07, -3.81426884e-07,  5.97108129e-06,
        7.93151311e+00,  1.79439833e+00,  7.50565597e-02, -1.12746328e-02,
        6.07644854e-03, -1.17404590e-03, -6.54024062e-03,  1.12872566e-02,
       -3.52715697e-06, -4.33061104e-04,  1.12662213e-03, -4.45570094e-06,
       -2.63879608e-05, -1.36561791e-05, -2.38369990e-06,  1.47390641e-07,
       -4.17168746e-05,  4.74237700e-05,  4.45570094e-06,  0.00000000e+00,
       -3.04286275e-06,  1.03242158e-06,  5.91085687e-06, -1.47390641e-07,
        0.00000000e+00,  1.64918982e+00,  2.29801281e-03,  5.64506995e-02,
       -9.94516988e-03, -2.47273343e-03,  6.97443724e-04, -5.66571349e-03,
        9.91076694e-03,  1.71681573e-05,  2.01829498e-04, -7.34180543e-04,
        1.47346233e-06,  2.59194367e-05,  3.34340440e-05, -1.71686028e-05,
        8.38961854e-07, -2.71088703e-05,  3.67368187e-05, -1.47346233e-06,
        0.00000000e+00, -7.24150688e-07,  9.68894013e-07,  4.45447485e-10,
       -8.38961854e-07,  0.00000000e+00,  8.87002226e-03,  1.60945469e-04,
       -9.78042091e-03,  2.06798887e-03, -1.64332038e-04, -1.40879728e-04,
        9.27784995e-04, -2.05676330e-03,  2.22189391e-05, -1.87828912e-05,
        1.27493315e-04, -1.60493362e-08, -1.84532690e-05, -1.03851055e-05,
       -2.09506672e-05, -1.08497197e-06,  2.21694605e-05,  1.33864120e-05,
        1.60493362e-08,  0.00000000e+00,  1.06691802e-06, -8.40465291e-07,
       -1.26827185e-06,  1.08497197e-06,  0.00000000e+00, -7.97017429e-04,
       -3.40208591e-04,  8.93510760e-04, -4.24321386e-04,  2.78855920e-04,
        1.56740187e-04, -9.95921246e-05,  4.21913348e-04,  1.18403118e-05,
        6.62630924e-05, -1.53003755e-04,  3.34789462e-06,  3.38552463e-06,
        1.11515027e-06, -1.26116403e-05,  5.42928872e-07, -4.91042128e-06,
       -3.73643251e-06, -3.34789462e-06,  0.00000000e+00, -2.86731370e-07,
        1.29288840e-06,  7.71328527e-07, -5.42928872e-07,  0.00000000e+00,
       -1.76880289e-04,  6.08158678e-05, -4.12275924e-05,  4.12438623e-04,
       -4.27673218e-05, -4.85689919e-05,  2.16676408e-04, -4.13556572e-04,
       -1.86482682e-06, -1.40359768e-05,  5.33053140e-05, -5.59961323e-07,
        1.04936045e-06,  2.19164866e-06,  2.84939650e-06, -1.14467345e-06,
       -4.01256919e-06, -4.73632213e-06,  5.59961323e-07,  0.00000000e+00,
        3.82112707e-07, -1.07369956e-06, -9.84569676e-07,  1.14467345e-06,
        0.00000000e+00, -2.89653035e-07,  2.04931557e-06, -2.47930692e-06,
       -3.60658222e-06,  4.09007005e-06, -1.09536581e-05,  7.66852106e-07,
       -4.64431623e-06,  1.02273874e-06, -5.23417931e-06,  1.18241572e-05,
        1.21082635e-07,  2.59759144e-06,  8.31324267e-06, -1.46430851e-06,
        7.62308104e-07, -9.05206313e-07, -8.70499059e-07, -1.21082635e-07,
        0.00000000e+00, -5.95483595e-07, -6.23442167e-08,  4.41569768e-07,
       -7.62308104e-07,  0.00000000e+00, -2.16863476e-07,  2.40306090e-06,
        6.05161107e-07, -1.85972400e-06, -1.85356515e-06,  3.19538898e-06,
       -1.83856134e-07,  4.31246366e-06,  9.67931767e-07, -2.76165059e-06,
       -3.62731045e-06, -8.37741448e-07, -5.62494573e-07, -2.32132807e-06,
       -8.31229263e-07, -3.66750526e-07,  2.21215484e-06,  4.31921461e-07,
        8.37741448e-07,  0.00000000e+00,  3.58053076e-07, -1.31411589e-07,
       -1.36702504e-07,  3.66750526e-07,  0.00000000e+00, -2.16670032e-06,
        3.60502966e-06,  1.87052018e-06, -1.27509284e-06, -4.29793367e-06,
        8.46122925e-08,  2.26576326e-06,  1.87063152e-06, -6.58134365e-07,
       -4.38280649e-08, -8.95365787e-07,  4.12649399e-07, -1.86555646e-06,
       -9.41135476e-07,  3.70801865e-07,  2.33428336e-07,  7.36732074e-07,
        8.10753495e-07, -4.12649399e-07,  0.00000000e+00, -1.04026660e-07,
        3.45596796e-07,  2.87332500e-07, -2.33428336e-07,  0.00000000e+00,
       -7.74800829e-07,  2.17145665e-06,  7.16666914e-07, -8.36551652e-07,
       -2.54466262e-06, -3.92682452e-07,  6.78311171e-07,  8.61037078e-07,
        7.70447518e-07,  9.08455973e-08,  8.38816153e-07, -4.17899356e-07,
       -7.08732666e-07, -1.78580663e-08, -7.44814642e-07, -2.17470644e-07,
        2.82360376e-07, -4.46133701e-07,  4.17899356e-07,  0.00000000e+00,
        8.85554106e-08, -6.62736017e-09, -2.56328756e-08,  2.17470644e-07,
        0.00000000e+00], dtype=float64),
                   'Ra_n': Array([ 7.84993966e+00,  1.58704676e+00,  1.95977484e-02, -1.79379257e-03,
        8.03564639e-05, -2.36569049e-07, -8.53330689e-08, -9.92743333e-09,
       -1.58684961e-08], dtype=float64),
                   'Rb_lmn': Array([0. , 0. , 0. , 0. , 0. , 0. , 0. , 0. , 0. , 0. , 0. , 0. , 0. ,
       0. , 0. , 0. , 0. , 0. , 0. , 0. , 0. , 0. , 0. , 0. , 0. , 0. ,
       0. , 0. , 0. , 0. , 0. , 0. , 0. , 0. , 0. , 0. , 0. , 0. , 0. ,
       0. , 0. , 0. , 0. , 0. , 0. , 0. , 0. , 0. , 0. , 0. , 0. , 0. ,
       0. , 0. , 0. , 0. , 0. , 0. , 0. , 0. , 0. , 0. , 0. , 0. , 8. ,
       1.8, 0. , 0. , 0. , 0. , 0. , 0. , 0. , 1.7, 0. , 0. , 0. , 0. ,
       0. , 0. , 0. , 0. , 0. , 0. , 0. , 0. , 0. , 0. , 0. , 0. , 0. ,
       0. , 0. , 0. , 0. , 0. , 0. , 0. , 0. , 0. , 0. , 0. , 0. , 0. ,
       0. , 0. , 0. , 0. , 0. , 0. , 0. , 0. , 0. , 0. , 0. , 0. , 0. ,
       0. , 0. , 0. , 0. , 0. , 0. , 0. , 0. , 0. , 0. , 0. , 0. , 0. ,
       0. , 0. , 0. , 0. , 0. , 0. , 0. , 0. , 0. , 0. , 0. , 0. , 0. ,
       0. , 0. ], dtype=float64),
                   'Te_l': Array([], shape=(0,), dtype=float64),
                   'Ti_l': Array([], shape=(0,), dtype=float64),
                   'Z_lmn': Array([-1.88323651e-07,  6.43773266e-07,  1.69967874e-07, -1.04650011e-06,
       -4.31211794e-07,  1.98109105e-06,  1.42550093e-07,  1.53599063e-06,
        1.22997958e-07, -1.46424726e-07, -2.06962181e-06,  3.63902117e-07,
       -1.63315526e-07, -5.15640973e-07, -1.79290218e-09,  2.63585912e-07,
       -6.61367452e-08,  8.85307640e-08, -3.63902117e-07,  0.00000000e+00,
        3.91212093e-08,  2.61504508e-08, -1.21205056e-07, -2.63585912e-07,
        0.00000000e+00,  1.10083016e-07, -1.94512107e-06, -4.04742627e-07,
        1.47126557e-06,  5.18891060e-07, -1.30099924e-06, -7.72016604e-08,
       -1.31354226e-06,  1.27339118e-06,  1.59600836e-06,  1.42504947e-06,
       -2.76167674e-07,  4.07307763e-07, -6.89221801e-08, -1.25567236e-06,
       -3.06997388e-07, -1.69778358e-07, -1.24050226e-07,  2.76167674e-07,
        0.00000000e+00, -3.54464917e-08, -8.88011262e-08, -1.77188205e-08,
        3.06997388e-07,  0.00000000e+00,  6.61587953e-07, -1.77077289e-06,
       -2.24556797e-08, -1.56961382e-06,  2.79575790e-06,  1.55664522e-06,
       -7.54752307e-07,  2.17461840e-06, -1.18726038e-06, -8.42059275e-07,
       -1.80509498e-06,  4.45191442e-07,  7.31568913e-08, -6.27698030e-07,
        1.08405945e-06,  3.91009859e-07, -1.82925740e-07,  2.48449757e-07,
       -4.45191442e-07,  0.00000000e+00,  4.24631424e-08,  2.26934433e-08,
        1.03200929e-07, -3.91009859e-07,  0.00000000e+00, -8.74789247e-06,
        1.56381868e-05,  3.16679650e-06, -2.70330007e-06, -1.28707664e-05,
        1.05607781e-05,  9.14977184e-06, -1.73222275e-06, -1.29305515e-06,
       -4.00544436e-06, -8.31774803e-06,  9.30306983e-07, -3.22433542e-06,
        3.88362564e-06,  1.21138431e-06, -7.57328637e-07,  1.23802394e-06,
       -2.24303011e-06, -9.30306983e-07,  0.00000000e+00, -3.44340445e-07,
        5.51897179e-07,  8.16708402e-08,  7.57328637e-07,  0.00000000e+00,
        7.59716150e-04, -1.92239334e-03, -2.49100550e-05,  1.13588206e-03,
        2.04789102e-03,  2.96317746e-04, -7.22532906e-04, -1.15551023e-03,
       -5.59548620e-06, -1.31528974e-04, -2.89198746e-04, -2.39763154e-07,
       -1.18934463e-05,  1.69007621e-05,  7.92207591e-06,  8.99161463e-07,
        6.03129759e-06, -7.11899965e-06,  2.39763153e-07,  0.00000000e+00,
       -3.79742783e-07,  2.72740625e-06, -2.32658971e-06, -8.99161463e-07,
        0.00000000e+00,  5.42139715e-04, -2.01822540e-03,  8.92520709e-04,
        2.32569255e-03,  2.02811119e-03,  1.61025002e-04, -1.41395365e-03,
       -2.32565376e-03, -1.43674305e-05, -2.10059212e-05, -1.40955350e-04,
       -8.28660050e-07, -2.02403856e-05, -1.38164359e-06,  1.46913700e-05,
       -1.43180821e-07,  1.11201312e-05, -2.00696523e-05,  8.28660050e-07,
        0.00000000e+00, -4.66384068e-07,  1.34285484e-06, -3.23939454e-07,
        1.43180821e-07,  0.00000000e+00,  1.19590321e-02,  2.47469453e-03,
       -1.00676761e-02,  2.22382700e-03, -2.36510924e-03, -7.73091178e-05,
       -1.91023482e-03, -2.21944072e-03, -1.67896331e-05, -1.14366381e-04,
        7.37327732e-05, -2.52864202e-07,  1.82970849e-05, -5.59648674e-06,
        1.86522747e-05,  1.92302050e-07,  4.78108533e-06,  3.57634462e-06,
        2.52864202e-07,  0.00000000e+00,  5.81684026e-07,  1.21021219e-06,
       -1.86264158e-06, -1.92302050e-07,  0.00000000e+00,  1.62791442e+00,
        5.91149753e-03,  6.59449860e-02, -8.13857988e-03, -6.29397437e-03,
        2.45955962e-04,  6.09157133e-03,  8.17210244e-03,  3.80246221e-05,
        4.12256193e-04, -2.80722710e-04, -2.31478662e-06,  5.33204026e-05,
       -3.56230455e-05, -4.20060425e-05, -3.60164160e-07, -2.97793501e-05,
        3.47667477e-05,  2.31478662e-06,  0.00000000e+00, -4.29557413e-06,
        2.10047778e-06,  3.98142045e-06,  3.60164160e-07,  0.00000000e+00,
       -1.79012345e+00,  1.12388780e-02,  1.19282569e-03, -9.05010823e-03,
        6.73763237e-06, -1.12274511e-02,  4.23914442e-06, -1.15735460e-03,
       -8.90165428e-04, -4.45215448e-07, -5.35724121e-06, -1.85338427e-05,
        0.00000000e+00, -4.23914442e-06, -3.54710943e-05,  6.37219778e-05,
        0.00000000e+00,  4.45215448e-07, -1.38039116e-06,  7.10696459e-06,
        1.27164582e-03,  9.50072145e-03, -6.51773386e-04, -1.57932913e-03,
       -2.59810453e-05, -9.48366068e-03, -2.06222901e-06,  6.88827477e-04,
        2.30612230e-04, -3.20868480e-07,  2.67098839e-05, -1.76454851e-05,
        0.00000000e+00,  2.06222901e-06, -3.70540905e-05,  7.70710824e-05,
        0.00000000e+00,  3.20868480e-07, -7.28838626e-07,  5.84709532e-07,
        2.16680710e-04, -2.01216107e-03,  1.10229753e-04, -1.47656339e-04,
       -1.49485650e-05,  1.99755011e-03, -2.03624961e-06, -1.02382032e-04,
       -6.60037896e-05,  8.34240875e-07,  1.36651467e-05,  1.77259075e-05,
        0.00000000e+00,  2.03624961e-06, -7.84772040e-06, -3.02058129e-06,
        0.00000000e+00, -8.34240875e-07,  1.28341833e-06, -3.11494906e-06,
       -4.38527923e-04,  3.53155718e-04, -1.47615273e-04,  3.63411499e-04,
       -1.55620059e-05, -3.73373407e-04, -3.24330838e-06,  1.43082379e-04,
        8.02407416e-05, -4.51011151e-07,  1.58525913e-05,  1.98673218e-05,
        0.00000000e+00,  3.24330838e-06,  4.53289423e-06, -5.12431820e-06,
        0.00000000e+00,  4.51011151e-07, -2.90585359e-07,  3.50367378e-07,
        1.01741443e-04, -3.57552158e-04,  4.30795256e-05, -7.98082156e-05,
        4.38549125e-06,  3.67404039e-04,  4.75469592e-07, -4.82191805e-05,
       -2.35589985e-05,  1.09158892e-06, -4.84746320e-06, -1.00264476e-05,
        0.00000000e+00, -4.75469592e-07,  5.13965489e-06,  1.62577093e-06,
        0.00000000e+00, -1.09158892e-06,  4.61971941e-07,  1.74567152e-07,
        8.03944274e-06, -2.15698353e-05,  8.58376768e-06, -1.01529686e-05,
       -1.84244725e-06,  2.84182761e-05, -2.28505706e-07, -9.37479047e-06,
        3.42475578e-06, -7.68591526e-07,  1.62307108e-06, -6.51424090e-06,
        0.00000000e+00,  2.28505706e-07,  7.91022797e-07, -1.31122991e-06,
        0.00000000e+00,  7.68591526e-07,  2.19376166e-07, -3.34199967e-07,
        6.96425064e-07,  4.98566385e-06,  1.60487385e-07, -1.42895208e-06,
       -2.86698366e-07, -7.74031660e-06,  7.97800046e-07,  9.13770886e-07,
        6.52971703e-07,  3.80302077e-07,  3.90424680e-07,  2.31425456e-06,
        0.00000000e+00, -7.97800046e-07, -1.07425827e-06,  7.95553131e-08,
        0.00000000e+00, -3.80302077e-07, -1.03726314e-07,  4.40398195e-07,
       -3.34389859e-06,  2.95198970e-06, -1.19630776e-06,  4.60644113e-06,
        6.03799563e-08, -3.26597187e-06, -3.79196307e-07,  1.71547647e-06,
       -4.93427825e-07, -2.46696524e-07,  8.97063756e-08,  4.45135357e-07,
        0.00000000e+00,  3.79196307e-07, -5.19168712e-07, -7.69114715e-07,
        0.00000000e+00,  2.46696524e-07, -1.50086332e-07, -1.31153185e-07,
       -5.99766131e-07,  4.42691197e-07,  1.36480228e-06,  1.45342229e-06,
       -1.51903993e-07, -7.68315810e-07,  4.51381645e-07, -1.38366453e-06,
       -8.14099254e-07,  1.94661845e-07,  3.29389728e-07,  2.46484981e-07,
        0.00000000e+00, -4.51381645e-07,  1.88622515e-08, -3.95569078e-08,
        0.00000000e+00, -1.94661845e-07, -1.77485735e-07,  7.91396316e-08],      dtype=float64),
                   'Za_n': Array([-1.33046963e-08, -5.13027180e-09, -1.01402423e-07,  1.15077849e-07,
        7.36070027e-05, -1.74456065e-03,  2.00987579e-02,  1.56800339e+00],      dtype=float64),
                   'Zb_lmn': Array([ 0. ,  0. ,  0. ,  0. ,  0. ,  0. ,  0. ,  0. ,  0. ,  0. ,  0. ,
        0. ,  0. ,  0. ,  0. ,  0. ,  0. ,  0. ,  0. ,  0. ,  0. ,  0. ,
        0. ,  0. ,  0. ,  0. ,  0. ,  0. ,  0. ,  0. ,  0. ,  0. ,  0. ,
        0. ,  0. ,  0. ,  0. ,  0. ,  0. ,  0. ,  0. ,  0. ,  0. ,  0. ,
        0. ,  0. ,  0. ,  0. ,  0. ,  0. ,  0. ,  0. ,  0. ,  0. ,  0. ,
        0. ,  0. ,  0. ,  0. ,  0. ,  0. ,  0. ,  0. ,  1.7,  0. ,  0. ,
        0. ,  0. ,  0. ,  0. ,  0. ,  0. ,  0. ,  0. ,  0. ,  0. ,  0. ,
        0. ,  0. , -1.8,  0. ,  0. ,  0. ,  0. ,  0. ,  0. ,  0. ,  0. ,
        0. ,  0. ,  0. ,  0. ,  0. ,  0. ,  0. ,  0. ,  0. ,  0. ,  0. ,
        0. ,  0. ,  0. ,  0. ,  0. ,  0. ,  0. ,  0. ,  0. ,  0. ,  0. ,
        0. ,  0. ,  0. ,  0. ,  0. ,  0. ,  0. ,  0. ,  0. ,  0. ,  0. ,
        0. ,  0. ,  0. ,  0. ,  0. ,  0. ,  0. ,  0. ,  0. ,  0. ,  0. ,
        0. ,  0. ,  0. ,  0. ,  0. ,  0. ,  0. ,  0. ,  0. ,  0. ,  0. ,
        0. ], dtype=float64),
                   'Zeff_l': Array([], shape=(0,), dtype=float64),
                   'a_lmn': Array([], shape=(0,), dtype=float64),
                   'c_l': Array([0., 0., 0., 0., 0.], dtype=float64),
                   'i_l': Array([], shape=(0,), dtype=float64),
                   'ne_l': Array([], shape=(0,), dtype=float64),
                   'ni_l': Array([], shape=(0,), dtype=float64),
                   'p_l': Array([0., 0., 0., 0., 0.], dtype=float64)}],
               [ { 'G': Array([], shape=(0,), dtype=float64),
                   'I': Array([], shape=(0,), dtype=float64),
                   'L_lmn': Array([ 1.40797687e-07,  3.65529980e-07,  3.56397956e-07,  1.57080141e-07,
       -5.00380666e-07,  3.76705912e-07, -5.49961862e-07, -8.09907984e-08,
       -3.98710206e-07,  2.31702515e-07, -3.51835520e-07, -3.54784510e-07,
        6.32374504e-08, -6.21889050e-08,  3.95398772e-07,  1.13682063e-08,
       -9.15321629e-08, -5.61133520e-08,  3.78189543e-07, -1.48429610e-10,
       -1.34277684e-08, -2.10004684e-09, -2.60902294e-08,  1.30035403e-08,
       -1.64131143e-09, -9.27294712e-07, -3.39694930e-07,  1.37284527e-06,
        1.53379524e-06,  1.04243769e-06, -1.80524729e-06, -6.01540477e-07,
       -2.19694429e-06, -3.33033981e-07, -1.08173895e-06,  1.26607706e-06,
       -3.62039493e-08,  1.14637493e-07,  6.15611756e-07, -6.74876008e-07,
        4.67425630e-08,  3.17451364e-07,  1.64216261e-07, -4.29233384e-07,
        2.02935147e-08,  5.72759656e-09,  3.29067640e-08,  4.73791998e-08,
       -1.12951478e-08, -3.85487863e-09,  9.75838358e-07,  9.70650061e-07,
       -2.92187205e-06, -3.88865017e-06, -5.14183173e-07,  3.45570785e-06,
        2.52337890e-06,  4.92302727e-06,  2.56610626e-06,  2.02714627e-08,
        7.04365247e-07, -3.54922439e-07, -4.67615352e-08, -4.96295538e-08,
        1.09466698e-06, -1.81945966e-07, -3.46536862e-07, -2.07344803e-07,
        5.76039671e-07,  7.65604930e-09,  1.75762040e-08, -2.67265695e-09,
       -6.57508451e-08, -5.81227285e-09,  2.15161404e-09,  1.05113599e-05,
        6.14145694e-06,  5.45798584e-06, -1.59479428e-05, -1.11005806e-05,
       -2.17610676e-05, -1.72965224e-05,  1.92039911e-06, -6.35747578e-06,
        2.62859288e-06, -3.10722218e-06,  2.12750231e-06, -9.01118724e-08,
       -1.23121352e-06,  4.18141392e-07,  9.37092542e-08,  3.03717375e-07,
        2.00320607e-08, -9.50869149e-07, -2.06814855e-08,  1.63344677e-07,
        2.83894428e-07,  1.22332153e-07, -1.80370020e-08, -7.59364044e-11,
        8.36778141e-04, -1.27728683e-03, -8.61944087e-04, -1.52337729e-04,
        1.31303309e-03,  1.02318745e-04,  2.86113679e-05,  3.29559317e-04,
       -2.35915281e-06,  5.14979011e-06, -6.46846894e-06, -2.38306164e-06,
        6.52769178e-07,  2.75691627e-06, -1.27142703e-07,  1.86156116e-07,
       -1.23310089e-06, -4.51674339e-07,  1.52357134e-06, -2.92739348e-08,
       -1.00187633e-07, -2.89118010e-07, -4.24821406e-07, -7.97487599e-09,
        7.60814698e-09,  8.06063344e-04, -4.14249752e-03, -7.16198126e-04,
       -5.65977423e-04,  3.58017517e-03, -9.61617721e-05, -3.29996765e-05,
       -2.62170600e-04,  1.07622649e-05,  3.47596451e-07,  1.37612516e-05,
        9.14649341e-07,  7.04623528e-06,  3.72520725e-06,  1.01931369e-06,
        1.90655995e-07, -7.52281417e-07, -2.87947132e-06, -1.11528254e-06,
       -4.23136982e-08,  5.94759015e-07,  9.12383517e-07,  2.89595127e-07,
       -7.81293668e-09, -2.26917429e-08, -5.76998187e-03,  2.49410426e-03,
        3.78723482e-04,  1.15252373e-03,  3.58463486e-03,  2.06016529e-04,
        2.26581703e-04,  1.36565071e-04, -1.28891318e-05, -6.03822444e-05,
       -3.60100240e-07,  2.12058448e-06,  2.37142665e-06,  7.74634279e-06,
        1.52534518e-06,  1.26410612e-06, -2.32697751e-06, -4.04830122e-06,
        2.07643240e-07, -1.65431578e-07, -1.50473010e-06, -1.08108669e-06,
        2.40831788e-07,  6.27128171e-08,  5.20237664e-08,  1.60368593e-01,
       -1.73236170e-02,  3.46269041e-03, -3.61398534e-03, -9.58276599e-03,
        1.08354933e-03, -6.53805385e-04,  4.42733610e-05, -7.26359782e-05,
        1.77236305e-04,  6.06585985e-05,  4.82099809e-06, -3.17485369e-05,
       -2.00214965e-05, -4.40700009e-06,  1.76510031e-06, -8.14701462e-07,
       -8.58628762e-08,  1.20295199e-06, -1.80210196e-07,  5.07942829e-06,
        1.73947381e-06,  2.10682651e-07, -2.52737344e-07,  2.35320840e-08,
       -9.81549509e-04, -4.88960302e-03,  1.74793169e-04,  2.24951906e-02,
       -6.06518373e-05,  4.09747267e-04,  6.22581747e-07,  1.98533651e-05,
        1.74151791e-04,  8.01871968e-07,  2.40377694e-05,  3.94930740e-05,
        1.77538286e-07,  2.97895394e-06, -7.87426054e-07,  3.73647292e-06,
        8.34633269e-09, -1.46653238e-07, -1.66672586e-06, -4.20444335e-08,
       -4.94696476e-02,  1.61671568e-04,  8.42659808e-04,  1.38767922e-02,
       -4.87571254e-05, -1.47323041e-03,  8.23959908e-06, -4.17686444e-05,
       -5.73102055e-05,  1.73845100e-06,  5.90178032e-06,  1.05413803e-05,
       -7.12661636e-07, -3.49461495e-06, -1.42703912e-05, -2.78609597e-06,
        1.43446263e-08, -1.03857409e-08,  1.98102623e-06,  2.39780586e-06,
        1.02643936e-02,  7.70894895e-04,  2.20306502e-04, -2.83699904e-03,
       -1.66491554e-05,  1.59046866e-04, -2.16876242e-06, -1.61955685e-05,
        5.55525860e-05,  6.48609267e-07, -1.35501699e-06, -1.24148790e-05,
        5.26242291e-07,  4.14981660e-06,  3.47619656e-06,  4.89857866e-07,
        3.95436523e-09, -2.35120186e-07,  1.10204604e-08, -7.67204636e-07,
       -2.25006592e-04, -9.40267436e-04, -8.39609219e-05, -5.06427079e-04,
        1.92982568e-05,  1.57808895e-04, -6.97862959e-10, -1.05541398e-05,
       -2.28564672e-05,  1.63433809e-07, -5.46478502e-06,  4.91342393e-06,
       -1.43735661e-07, -1.05064713e-06, -2.54801339e-07,  4.28322873e-07,
       -1.66939933e-08, -1.07956119e-07,  4.09618978e-07, -4.91324414e-07,
        4.69544643e-04, -2.90185448e-04,  9.73187173e-05, -4.12436314e-04,
       -2.94833092e-06,  4.69565600e-04, -2.68054325e-06,  4.83789835e-08,
        1.20205363e-06,  1.51231521e-07,  6.83849401e-07, -2.26919097e-06,
       -8.93692431e-09,  1.45198545e-06,  4.01786835e-08, -9.53853713e-07,
        1.01709793e-08, -2.38517843e-08, -1.48396960e-07,  6.88772363e-09,
       -7.38201717e-06, -3.52665991e-05, -1.26611107e-05, -7.40332385e-07,
       -6.17547520e-06,  1.91700609e-05,  1.72956925e-06, -1.13920611e-05,
        4.24686196e-06,  1.07500455e-07,  2.53275081e-07,  1.11003929e-06,
       -3.06164772e-08, -5.81505287e-07, -6.42665944e-08,  9.36937024e-07,
        3.41342063e-09, -9.24014740e-09,  1.39945813e-07,  9.36645394e-08,
       -2.69961681e-07,  2.89455243e-06,  2.97954058e-06,  1.82254691e-06,
        2.09442151e-06, -2.00415661e-06, -2.92317192e-07,  1.22320135e-06,
       -6.41983392e-07, -1.77354057e-07,  1.57173709e-06, -5.56528635e-08,
        1.14501161e-08,  5.30524981e-07,  7.47320332e-08, -7.43349196e-07,
        2.81775774e-09, -3.48575983e-09, -7.82157469e-08, -8.16499928e-08,
        2.00540637e-06,  2.11912995e-07, -2.35027985e-06, -1.78096477e-06,
       -6.45451199e-07, -1.04699171e-06, -8.54572713e-08,  1.85729612e-06,
       -6.71092464e-07,  5.18967564e-08, -3.28577676e-07,  7.89531765e-07,
        2.87966600e-08, -3.84153618e-07,  8.07624530e-08,  3.80497230e-07,
       -3.75005596e-09, -1.30861169e-08, -2.48252039e-08,  2.45624609e-08,
        6.00031362e-07, -2.68592099e-07,  4.38675332e-07, -5.20714745e-07,
       -4.96677411e-07,  5.61211927e-07, -2.78641094e-07, -3.60622047e-07,
        1.28734942e-07,  1.39377840e-08,  4.97427746e-07, -2.73051738e-07,
       -7.15942652e-10,  3.04963009e-07, -1.17351421e-07, -2.02324094e-07,
       -1.64194591e-09,  1.18199446e-08, -4.53269609e-08, -1.40395065e-08],      dtype=float64),
                   'Phi_mn': Array([], shape=(0,), dtype=float64),
                   'Psi': Array([50.], dtype=float64),
                   'R_lmn': Array([-1.86197994e-07, -2.73707653e-07, -2.70952147e-07, -1.97403406e-07,
       -7.98804816e-07,  5.55234030e-07,  3.07087606e-07, -6.75782780e-08,
        3.75580851e-07,  3.43181226e-07,  6.79597442e-07, -2.58060317e-07,
        0.00000000e+00, -3.07087606e-07,  3.38530425e-07,  8.02054858e-09,
        0.00000000e+00, -3.43181226e-07,  1.19207374e-07, -2.34660600e-08,
        2.35106292e-06, -1.73159688e-06, -8.25439124e-08, -2.43871456e-06,
        1.32439809e-06,  1.10655887e-06, -2.85359130e-07,  3.16568650e-07,
       -1.82749816e-07, -2.93582444e-07, -8.99160510e-07,  9.39478559e-07,
        0.00000000e+00,  2.85359130e-07, -2.34024738e-07,  2.70401450e-07,
        0.00000000e+00,  2.93582444e-07, -4.25237581e-07, -3.14440550e-07,
       -1.67329269e-06, -2.60902432e-06,  2.40768724e-06,  1.71880509e-06,
       -1.01578701e-06,  2.76515826e-06,  5.28210659e-07, -3.30346724e-06,
       -5.14972302e-07,  4.30939946e-07,  8.89273366e-07, -1.41084618e-07,
        0.00000000e+00, -5.28210658e-07,  8.95779994e-07,  4.69459899e-07,
        0.00000000e+00, -4.30939946e-07,  1.26513648e-07, -1.50493211e-08,
       -2.20868686e-05,  4.03406381e-06,  3.37756432e-06,  7.51927346e-06,
        1.43114812e-06, -4.42436449e-06,  9.65414599e-07, -2.99856247e-06,
        1.56515066e-05, -8.51283981e-07, -1.09085177e-06,  1.75272459e-07,
        0.00000000e+00, -9.65414599e-07, -3.79001853e-07, -1.08391143e-06,
        0.00000000e+00,  8.51283981e-07, -3.40296352e-07,  2.15028223e-07,
       -1.26956208e-03,  8.47661756e-04,  2.03458830e-04,  1.13968762e-03,
       -4.46173343e-05, -8.61725258e-04, -6.01851343e-07, -2.21322019e-04,
        9.17527216e-05,  1.18696847e-06,  6.50322752e-06,  3.29285101e-06,
        0.00000000e+00,  6.01851343e-07, -8.79019616e-06, -4.01154856e-06,
        0.00000000e+00, -1.18696847e-06,  4.55321213e-07,  7.67104687e-07,
       -4.08304273e-04,  2.54354995e-03, -1.16058481e-04,  5.61483973e-04,
        4.65182585e-05, -2.47543405e-03, -8.03618629e-07,  2.26590281e-04,
       -7.99817629e-05, -7.10609856e-07, -2.24251436e-05, -3.57531524e-06,
        0.00000000e+00,  8.03618629e-07, -1.75745214e-05, -1.42858877e-05,
        0.00000000e+00,  7.10609856e-07,  2.65089460e-07, -1.97461165e-06,
        1.23759059e-03,  1.75424763e-03,  4.15493749e-04, -6.05228111e-04,
       -2.13957191e-04, -2.21040369e-03,  1.32677815e-06, -8.48567063e-05,
       -1.18510517e-04,  5.20687291e-07,  2.01529399e-05,  1.42274640e-05,
        0.00000000e+00, -1.32677815e-06,  1.27491747e-07, -2.76304642e-08,
        0.00000000e+00, -5.20687291e-07, -1.62449771e-06,  9.41373383e-07,
        2.93941336e-03, -6.07581434e-03,  1.44119727e-03, -2.69790499e-03,
       -5.02557516e-04,  7.36472334e-03, -1.81045005e-06, -4.82987544e-04,
        8.84877756e-04, -7.08443767e-07, -1.19982669e-06, -3.53476765e-05,
        0.00000000e+00,  1.81045005e-06,  1.92741677e-05,  2.72784784e-05,
        0.00000000e+00,  7.08443767e-07, -2.75092802e-06,  5.01317913e-06,
        7.93069272e+00,  1.79547152e+00,  7.55235382e-02, -1.00593369e-02,
        6.05434040e-03, -4.88996504e-04, -6.22205336e-03,  1.05134212e-02,
       -2.18078595e-04, -2.46261455e-04,  6.64271279e-04, -6.02307741e-06,
        7.40394843e-06, -1.66009810e-05,  1.32078430e-05,  6.48161921e-07,
       -3.28746135e-05,  4.27072951e-05,  6.02307741e-06,  0.00000000e+00,
       -1.60564532e-06,  1.10667518e-06,  4.37767195e-06, -6.48161921e-07,
        0.00000000e+00,  1.64648090e+00,  1.65356695e-03,  5.71272211e-02,
       -1.15408496e-02, -2.04630894e-03,  2.49999712e-04, -5.52363760e-03,
        9.60458332e-03,  4.62944788e-04,  3.44665193e-04, -1.03321703e-03,
       -5.74680266e-07,  4.16809515e-05,  5.24473115e-06, -1.92774836e-05,
        1.29782266e-06, -2.26124776e-05,  3.14347400e-05,  5.74680266e-07,
        0.00000000e+00,  8.70899002e-07,  1.02283245e-07, -4.83647285e-07,
       -1.29782266e-06,  0.00000000e+00,  9.18681691e-03,  3.88344351e-05,
       -9.86848017e-03,  2.64046208e-03, -7.00283183e-05, -4.70251195e-04,
        9.83771619e-04, -2.16490118e-03,  2.66609611e-04, -5.63657614e-06,
        1.05922599e-04, -3.55999152e-06, -2.47330202e-05,  8.22212230e-06,
       -3.71184357e-05, -2.24800138e-06,  2.02979196e-05,  1.06054506e-05,
        3.55999152e-06,  0.00000000e+00,  7.36887295e-07, -1.72869664e-06,
       -2.30732618e-06,  2.24800138e-06,  0.00000000e+00, -1.23555254e-03,
       -1.18570568e-04,  8.74772449e-04,  1.71821314e-04,  2.00749129e-04,
       -2.20973028e-04,  3.22235403e-04, -2.34112627e-04,  9.09867633e-06,
       -7.63047896e-05,  1.34689267e-04,  2.81665086e-06,  9.27942991e-06,
       -1.42155775e-07, -2.92368200e-06,  1.02200729e-06, -4.24597790e-06,
       -5.27625232e-06, -2.81665086e-06,  0.00000000e+00, -8.98144446e-07,
        8.30907010e-07,  2.77797765e-06, -1.02200729e-06,  0.00000000e+00,
       -1.30632279e-04,  3.19763654e-04, -3.84116327e-05,  3.45414056e-04,
       -1.44460703e-04, -3.28570687e-04,  1.70688167e-04, -3.36045114e-04,
        5.70697337e-05, -1.64634507e-04,  3.58422167e-04, -1.05014038e-06,
        1.19434222e-06,  1.86636120e-07, -8.54605026e-06, -9.89053351e-07,
       -3.47951605e-06, -5.49635645e-06,  1.05014038e-06,  0.00000000e+00,
       -2.88470655e-07, -4.80260748e-07,  1.58982959e-06,  9.89053351e-07,
        0.00000000e+00, -7.32516170e-08,  1.38840517e-05,  1.83308606e-06,
       -1.23905434e-05, -4.11208847e-06, -1.93273847e-05,  3.04582684e-07,
        3.54475410e-06,  5.29559362e-06, -9.73311758e-06,  1.98009621e-05,
       -7.24430627e-07, -1.12925461e-06,  8.57522933e-06, -6.01174751e-06,
        5.38847145e-07, -3.88456289e-08, -4.73577320e-07,  7.24430627e-07,
        0.00000000e+00, -9.35162517e-07,  2.70559955e-07,  7.16153887e-07,
       -5.38847145e-07,  0.00000000e+00,  2.49733571e-07,  9.10690511e-07,
        4.75180615e-08,  5.69735968e-07, -2.33846097e-06,  5.54714952e-06,
       -7.48294640e-07,  1.91451952e-06, -1.62453719e-08, -5.06509856e-07,
       -6.45128946e-06, -7.25763737e-07,  1.29828925e-08, -2.11314029e-06,
        2.27947000e-07, -4.22975165e-07,  1.93428032e-06,  9.04139947e-07,
        7.25763737e-07,  0.00000000e+00,  4.38060115e-07, -3.71115208e-07,
       -2.11701628e-07,  4.22975165e-07,  0.00000000e+00, -1.61797993e-06,
        1.97282080e-06,  4.03030762e-07,  2.00369695e-06, -1.77039204e-06,
        4.29340479e-07,  1.75267289e-06, -6.83178048e-07, -1.91234392e-06,
       -6.45081582e-07, -1.48973145e-06,  1.22996041e-07, -4.20047049e-07,
       -1.59667452e-06,  1.74022525e-06,  2.40342727e-07,  4.42652824e-07,
        1.06039097e-06, -1.22996041e-07,  0.00000000e+00, -1.17676676e-07,
        2.76155617e-07,  1.72118665e-07, -2.40342727e-07,  0.00000000e+00,
       -4.84492235e-07,  5.99934386e-07,  1.08150164e-07, -3.88579003e-08,
       -8.07838139e-07,  3.12743310e-07,  3.67998619e-07,  1.46939006e-07,
        7.49259305e-07,  1.07600038e-08,  1.07373223e-08, -3.67908316e-07,
       -1.01673976e-07, -6.85779804e-08, -5.84297428e-07, -2.85426750e-07,
        1.97143750e-07, -3.23480632e-07,  3.67908316e-07,  0.00000000e+00,
        1.10017428e-07, -3.95031250e-08, -1.64961877e-07,  2.85426750e-07,
        0.00000000e+00], dtype=float64),
                   'Ra_n': Array([ 7.84893812e+00,  1.58378923e+00,  2.00645386e-02, -1.79826716e-03,
        7.69847075e-05, -1.40766290e-06, -1.21001908e-07,  3.40325754e-08,
       -1.29523761e-08], dtype=float64),
                   'Rb_lmn': Array([ 0.00000000e+00,  0.00000000e+00,  0.00000000e+00,  0.00000000e+00,
        0.00000000e+00,  0.00000000e+00,  0.00000000e+00,  0.00000000e+00,
        0.00000000e+00,  0.00000000e+00,  0.00000000e+00,  0.00000000e+00,
        0.00000000e+00,  0.00000000e+00,  0.00000000e+00,  0.00000000e+00,
        0.00000000e+00,  0.00000000e+00,  0.00000000e+00,  0.00000000e+00,
        0.00000000e+00,  0.00000000e+00,  0.00000000e+00,  0.00000000e+00,
        0.00000000e+00,  0.00000000e+00,  0.00000000e+00,  0.00000000e+00,
        0.00000000e+00,  0.00000000e+00,  0.00000000e+00,  0.00000000e+00,
        0.00000000e+00,  0.00000000e+00,  0.00000000e+00,  0.00000000e+00,
       -3.76587856e-05, -2.66533858e-05, -1.00035465e-05, -4.21332921e-05,
        0.00000000e+00,  0.00000000e+00,  0.00000000e+00,  0.00000000e+00,
        2.43582043e-05,  9.29572786e-05,  6.25659693e-05,  5.89120491e-05,
        0.00000000e+00,  0.00000000e+00,  0.00000000e+00,  0.00000000e+00,
       -1.95428749e-04,  3.30764535e-04, -4.40987219e-04,  5.13824329e-04,
        0.00000000e+00,  0.00000000e+00,  0.00000000e+00,  0.00000000e+00,
       -5.06508271e-04,  9.77483895e-04,  1.25857451e-03,  1.15366461e-03,
        8.00000000e+00,  1.80124673e+00,  4.38589994e-04,  2.17982070e-04,
       -2.00493080e-04,  0.00000000e+00,  0.00000000e+00,  0.00000000e+00,
        0.00000000e+00,  1.69812704e+00, -7.06892746e-05, -1.93091927e-03,
       -7.51782582e-04,  4.43183657e-04,  0.00000000e+00,  0.00000000e+00,
        0.00000000e+00,  0.00000000e+00,  2.78112233e-04, -1.65325398e-05,
        4.82054329e-04, -3.53723145e-04,  2.27183849e-04,  0.00000000e+00,
        0.00000000e+00,  0.00000000e+00,  0.00000000e+00, -3.01634041e-05,
        1.62779344e-06, -6.16025614e-05, -9.15600130e-05,  8.95297198e-06,
        0.00000000e+00,  0.00000000e+00,  0.00000000e+00,  0.00000000e+00,
        2.55012660e-06,  7.18892800e-06,  9.07531698e-06,  2.43551234e-05,
        5.01135130e-05,  0.00000000e+00,  0.00000000e+00,  0.00000000e+00,
        0.00000000e+00,  0.00000000e+00,  0.00000000e+00,  0.00000000e+00,
        0.00000000e+00,  0.00000000e+00,  0.00000000e+00,  0.00000000e+00,
        0.00000000e+00,  0.00000000e+00,  0.00000000e+00,  0.00000000e+00,
        0.00000000e+00,  0.00000000e+00,  0.00000000e+00,  0.00000000e+00,
        0.00000000e+00,  0.00000000e+00,  0.00000000e+00,  0.00000000e+00,
        0.00000000e+00,  0.00000000e+00,  0.00000000e+00,  0.00000000e+00,
        0.00000000e+00,  0.00000000e+00,  0.00000000e+00,  0.00000000e+00,
        0.00000000e+00,  0.00000000e+00,  0.00000000e+00,  0.00000000e+00,
        0.00000000e+00,  0.00000000e+00,  0.00000000e+00,  0.00000000e+00,
        0.00000000e+00], dtype=float64),
                   'Te_l': Array([], shape=(0,), dtype=float64),
                   'Ti_l': Array([], shape=(0,), dtype=float64),
                   'Z_lmn': Array([-5.06646431e-08, -7.01374578e-07,  7.26951979e-09, -6.73652641e-07,
        7.63991552e-08,  4.09583676e-07, -2.21669544e-08,  6.66958853e-07,
        3.17783445e-08,  7.06980504e-07, -4.36283433e-07,  3.37356651e-07,
       -1.88726982e-09, -3.75070715e-08,  1.34865522e-07,  3.04674551e-07,
       -8.20050808e-08,  2.66997571e-08, -3.37356651e-07,  0.00000000e+00,
        6.74493476e-08,  4.42008596e-08, -1.66643866e-07, -3.04674551e-07,
        0.00000000e+00,  5.22388573e-07, -3.96023614e-07, -3.97061715e-07,
        1.12574405e-06, -1.26065086e-07, -1.29924871e-06, -4.54737830e-07,
       -6.54722353e-07,  8.02169950e-07,  1.04899664e-06,  1.26981074e-06,
       -3.51421743e-07,  3.86069602e-07, -2.15930879e-07, -5.60961799e-07,
       -3.12557555e-07, -5.26907944e-07,  2.94379764e-08,  3.51421743e-07,
        0.00000000e+00, -5.66586292e-08, -2.55090818e-07, -2.41208150e-07,
        3.12557555e-07,  0.00000000e+00,  1.48798402e-06, -1.53888024e-06,
       -5.93785183e-07,  5.43987810e-07,  3.94785989e-06,  4.98202872e-06,
       -1.75613398e-06, -6.29075894e-07, -2.93403815e-07, -2.05024029e-06,
       -5.52420786e-06,  2.84990176e-07,  6.25659962e-07, -1.46693727e-07,
        3.66602253e-07,  4.82372411e-07, -3.58739369e-07,  5.42179134e-07,
       -2.84990176e-07,  0.00000000e+00,  2.36275183e-07,  2.31781811e-07,
       -7.31984385e-08, -4.82372411e-07,  0.00000000e+00, -1.09526376e-05,
       -1.08659989e-05,  2.97848383e-06, -1.03503589e-05, -3.08650810e-06,
        2.29439822e-06,  1.18571838e-05,  1.05691991e-05,  1.95150501e-07,
        1.26027409e-05, -7.74236308e-07,  8.53160346e-07, -3.29425134e-06,
       -5.07102849e-07, -6.72854226e-07, -8.33729029e-07,  1.34976609e-06,
       -1.52016191e-06, -8.53160346e-07,  0.00000000e+00, -5.88778696e-07,
        2.88262651e-07,  4.77703725e-07,  8.33729029e-07,  0.00000000e+00,
        6.23265886e-04, -6.66156201e-04, -1.82937690e-05,  9.07796460e-04,
        8.59905137e-04,  1.83137783e-04, -5.89965396e-04, -9.10164013e-04,
       -1.60578282e-05, -1.57826659e-04, -2.14055566e-04, -1.06256912e-06,
       -1.25802436e-05,  2.39276635e-06,  5.48060976e-06,  1.23219077e-06,
        6.68582930e-06, -7.74223796e-06,  1.06256912e-06,  0.00000000e+00,
        1.33126482e-07,  1.21679137e-06, -2.56006199e-07, -1.23219077e-06,
        0.00000000e+00,  5.95347520e-04, -1.27203566e-03,  8.87710932e-04,
        2.50852648e-03,  1.13965060e-03, -1.99392698e-04, -1.49907195e-03,
       -2.44331470e-03,  8.15926128e-05,  6.27293380e-05,  2.14574831e-04,
       -4.57269692e-07, -1.52022932e-05, -1.50511516e-05, -1.94852860e-05,
       -9.57053334e-07,  1.08221283e-05, -1.71505512e-05,  4.57269692e-07,
        0.00000000e+00,  6.12258298e-07, -8.81683252e-07,  1.13252400e-06,
        9.57053334e-07,  0.00000000e+00,  1.24524479e-02,  2.94255786e-04,
       -1.02449554e-02,  2.02641837e-03, -6.78094266e-04,  3.63135074e-04,
       -1.95995251e-03, -2.41625549e-03, -3.65628637e-04, -1.34215412e-04,
       -5.30765156e-05, -5.64645132e-07,  2.07659036e-05, -6.78896572e-07,
        8.00528333e-06,  7.11268409e-07,  4.40792621e-06,  7.29577161e-06,
        5.64645132e-07,  0.00000000e+00,  4.89287623e-07,  1.95268825e-06,
       -2.39519254e-06, -7.11268409e-07,  0.00000000e+00,  1.62601725e+00,
        5.45806583e-03,  6.65561478e-02, -5.24483414e-03, -6.88010996e-03,
        1.29653187e-03,  5.69801519e-03,  7.50485543e-03, -5.29793376e-04,
        2.95209303e-04, -5.33914084e-04, -2.85163412e-06,  4.65208757e-05,
       -5.27961080e-05, -6.80519038e-06, -8.93952325e-07, -2.67435787e-05,
        3.07816512e-05,  2.85163412e-06,  0.00000000e+00, -4.69509435e-06,
        3.46749478e-06,  2.13236966e-06,  8.93952325e-07,  0.00000000e+00,
       -1.79159369e+00,  9.62135177e-03,  5.86096679e-04, -9.05487524e-03,
        1.70239401e-04, -1.03268595e-02,  4.69440663e-06, -7.12646616e-04,
       -6.63831102e-04, -9.19486554e-07, -2.74315152e-05, -6.04352871e-05,
        0.00000000e+00, -4.69440663e-06, -2.72623530e-05,  5.47580765e-05,
        0.00000000e+00,  9.19486554e-07,  8.76291693e-07,  3.40467273e-06,
        8.33685692e-04,  1.12167056e-02, -3.05110045e-04, -1.23585669e-03,
       -4.54218962e-04, -9.36533410e-03, -1.81030855e-07,  9.62565305e-04,
        3.78199150e-04, -6.71567617e-07,  3.13210491e-05,  1.41921913e-05,
        0.00000000e+00,  1.81030855e-07, -3.10310266e-05,  6.87395743e-05,
        0.00000000e+00,  6.71567617e-07,  1.84209480e-06, -2.42024928e-06,
        1.04729306e-04, -2.40399602e-03,  4.00425040e-04, -3.61552634e-05,
       -2.63849632e-04,  2.02090143e-03, -1.19312599e-07, -7.09159211e-05,
       -6.50861470e-05,  1.42145112e-06,  2.20579802e-05,  1.21050507e-05,
        0.00000000e+00,  1.19312599e-07, -6.79647918e-06, -3.98102833e-06,
        0.00000000e+00, -1.42145112e-06,  2.59908767e-06, -3.39358130e-06,
       -2.35540612e-04, -2.32113550e-04,  1.17230647e-04,  2.87706045e-04,
        9.39188173e-05,  2.69785522e-04, -4.99189403e-06, -1.28201420e-04,
       -4.49807812e-05, -9.46052206e-07,  6.15400283e-06,  1.00127064e-05,
        0.00000000e+00,  4.99189403e-06,  5.97396337e-06, -1.12449509e-05,
        0.00000000e+00,  9.46052206e-07, -1.42584884e-06,  1.55681253e-06,
        3.58301958e-04, -2.74039986e-04,  3.01510272e-04, -1.75296433e-04,
       -2.42755718e-06,  2.74854644e-04,  1.40676629e-07, -3.46955384e-04,
       -1.71464975e-04,  1.03278793e-06,  7.52707724e-06, -3.09454501e-06,
        0.00000000e+00, -1.40676629e-07,  5.44150169e-06, -2.74447982e-07,
        0.00000000e+00, -1.03278793e-06, -1.96508533e-06,  2.58054304e-06,
        1.14259567e-05, -9.86410783e-06,  1.74169148e-05, -6.47211840e-06,
       -5.81708032e-06,  1.47626310e-05,  7.74578076e-07, -1.68531026e-05,
       -3.85120745e-06, -5.21997692e-07,  5.94490997e-06, -5.08157683e-06,
        0.00000000e+00, -7.74578076e-07, -5.63812153e-07, -1.10263089e-06,
        0.00000000e+00,  5.21997692e-07, -1.27829657e-07,  1.83053696e-07,
       -3.49466917e-06,  2.94759740e-06, -2.17810276e-06,  2.42098796e-06,
        5.34069352e-07, -4.75533977e-06,  7.74997255e-07,  3.68466167e-06,
        1.39081579e-06,  4.36622181e-07, -5.30730830e-07,  1.62968106e-06,
        0.00000000e+00, -7.74997255e-07, -1.50655891e-06, -3.17134582e-07,
        0.00000000e+00, -4.36622181e-07, -3.33852170e-09,  1.78061306e-07,
       -1.16262580e-06,  1.19210503e-06, -1.10357742e-06,  1.71819729e-06,
        1.39409668e-06, -1.15316406e-06, -1.00739030e-07,  2.01499763e-06,
       -1.43618629e-08, -2.86663581e-07, -1.36919635e-06,  2.54500256e-07,
        0.00000000e+00,  1.00739030e-07, -9.11420205e-07, -5.41209632e-07,
        0.00000000e+00,  2.86663581e-07, -2.49003315e-08, -2.93441228e-07,
       -1.74041198e-07, -4.99848645e-07,  5.35832827e-07,  2.39001396e-07,
       -4.99468462e-08,  1.52649692e-08,  4.14004514e-07, -5.04349157e-07,
       -1.13243428e-07,  2.45863077e-07,  1.37068325e-07,  3.71752332e-07,
        0.00000000e+00, -4.14004514e-07, -3.14836703e-08,  4.82832300e-08,
        0.00000000e+00, -2.45863077e-07, -8.71214785e-08,  1.12831344e-07],      dtype=float64),
                   'Za_n': Array([-1.07644999e-08,  2.19842261e-08, -6.37495579e-08,  6.31535017e-07,
        6.43076288e-05, -1.77562081e-03,  2.07171742e-02,  1.56510790e+00],      dtype=float64),
                   'Zb_lmn': Array([ 0.00000000e+00,  0.00000000e+00,  0.00000000e+00,  0.00000000e+00,
        0.00000000e+00,  0.00000000e+00,  0.00000000e+00,  0.00000000e+00,
        0.00000000e+00,  0.00000000e+00,  0.00000000e+00,  0.00000000e+00,
        0.00000000e+00,  0.00000000e+00,  0.00000000e+00,  0.00000000e+00,
        0.00000000e+00,  0.00000000e+00,  0.00000000e+00,  0.00000000e+00,
        0.00000000e+00,  0.00000000e+00,  0.00000000e+00,  0.00000000e+00,
        0.00000000e+00,  0.00000000e+00,  0.00000000e+00,  0.00000000e+00,
        0.00000000e+00,  0.00000000e+00,  0.00000000e+00,  0.00000000e+00,
        0.00000000e+00,  0.00000000e+00,  0.00000000e+00,  0.00000000e+00,
        2.55960365e-06,  4.26081066e-05,  1.24200496e-06, -3.86600208e-05,
       -1.08332246e-05,  0.00000000e+00,  0.00000000e+00,  0.00000000e+00,
        0.00000000e+00, -3.06035306e-05, -5.88335907e-05,  4.92789430e-05,
       -1.96841767e-06,  6.32398508e-05,  0.00000000e+00,  0.00000000e+00,
        0.00000000e+00,  0.00000000e+00,  2.68795180e-04, -5.13645966e-04,
       -3.88563329e-04,  3.17354330e-04, -3.60018546e-04,  0.00000000e+00,
        0.00000000e+00,  0.00000000e+00,  0.00000000e+00,  1.69831324e+00,
       -1.15357841e-03,  2.21069268e-03,  7.93399439e-04, -5.34466197e-04,
        0.00000000e+00,  0.00000000e+00,  0.00000000e+00,  0.00000000e+00,
        0.00000000e+00,  0.00000000e+00,  0.00000000e+00,  0.00000000e+00,
        1.43684178e-04, -1.53812290e-04, -7.62538385e-04, -1.80125764e+00,
        0.00000000e+00,  0.00000000e+00,  0.00000000e+00,  0.00000000e+00,
       -4.21055818e-04,  6.26424233e-04,  1.86314345e-03,  4.47677313e-05,
        0.00000000e+00,  0.00000000e+00,  0.00000000e+00,  0.00000000e+00,
       -2.39192564e-04,  3.22712640e-04, -3.74383112e-04, -4.93132914e-07,
        0.00000000e+00,  0.00000000e+00,  0.00000000e+00,  0.00000000e+00,
        9.86469713e-05, -4.99680965e-06,  4.92414903e-05, -4.06029908e-06,
        0.00000000e+00,  0.00000000e+00,  0.00000000e+00,  0.00000000e+00,
        3.13443474e-06, -4.00036102e-05,  3.00656005e-07,  1.12661022e-05,
        0.00000000e+00,  0.00000000e+00,  0.00000000e+00,  0.00000000e+00,
        0.00000000e+00,  0.00000000e+00,  0.00000000e+00,  0.00000000e+00,
        0.00000000e+00,  0.00000000e+00,  0.00000000e+00,  0.00000000e+00,
        0.00000000e+00,  0.00000000e+00,  0.00000000e+00,  0.00000000e+00,
        0.00000000e+00,  0.00000000e+00,  0.00000000e+00,  0.00000000e+00,
        0.00000000e+00,  0.00000000e+00,  0.00000000e+00,  0.00000000e+00,
        0.00000000e+00,  0.00000000e+00,  0.00000000e+00,  0.00000000e+00,
        0.00000000e+00,  0.00000000e+00,  0.00000000e+00,  0.00000000e+00],      dtype=float64),
                   'Zeff_l': Array([], shape=(0,), dtype=float64),
                   'a_lmn': Array([], shape=(0,), dtype=float64),
                   'c_l': Array([0., 0., 0., 0., 0.], dtype=float64),
                   'i_l': Array([], shape=(0,), dtype=float64),
                   'ne_l': Array([], shape=(0,), dtype=float64),
                   'ni_l': Array([], shape=(0,), dtype=float64),
                   'p_l': Array([0., 0., 0., 0., 0.], dtype=float64)}],
               [ { 'G': Array([], shape=(0,), dtype=float64),
                   'I': Array([], shape=(0,), dtype=float64),
                   'L_lmn': Array([ 1.41027717e-07,  1.22556803e-06,  5.50949894e-07,  1.31154053e-06,
       -5.59019883e-07,  3.97491959e-07, -6.05398930e-07, -1.24577504e-06,
       -3.01703421e-07, -5.94676163e-07, -3.74287423e-07, -3.17368775e-07,
       -6.92886054e-08, -4.16300864e-08,  2.94789636e-07,  1.59923215e-08,
       -4.19572310e-08, -4.06225390e-08,  3.52803020e-07,  1.02493300e-09,
       -1.35038524e-08, -7.49737346e-09,  6.60009490e-09,  9.09530520e-09,
       -6.56806168e-10, -3.86339443e-07,  9.57066084e-07, -1.08435346e-06,
        3.89554595e-06, -1.05033122e-06, -4.04679659e-07,  1.04474906e-06,
       -3.96169615e-06, -5.65059784e-07, -1.61277807e-07, -9.11505222e-08,
       -5.79421110e-08,  3.75471649e-07,  1.57067051e-08, -4.19245307e-07,
        4.12465965e-08,  1.85332382e-07,  1.55007389e-07, -4.01764206e-07,
        2.28657367e-08,  5.96393327e-09,  8.63742131e-08,  4.62036353e-08,
       -3.01221143e-09, -3.40300019e-09,  8.02951085e-06,  5.86002091e-06,
       -3.64712399e-06, -9.36557939e-06, -4.55893050e-06, -4.82758821e-07,
       -3.14295692e-06,  9.89009001e-06,  2.57451708e-06, -1.04594113e-06,
        4.66495768e-06,  9.21695160e-08, -6.09522245e-07,  4.12441720e-07,
        1.11608614e-06, -1.71660263e-07, -8.74274902e-08, -2.72472354e-07,
        1.48605595e-07,  4.81697423e-09,  6.53949034e-09, -4.24813235e-08,
       -1.27556322e-07, -2.66243476e-09,  1.58198793e-09,  4.12887001e-05,
        8.09464147e-05,  8.85851188e-07,  3.69717733e-05, -8.52931304e-05,
       -1.75924080e-05, -4.35885591e-05, -5.17755084e-05, -8.09317254e-06,
        2.55723439e-06, -7.53725401e-06,  1.83075515e-06, -2.45734329e-08,
       -1.99207462e-08,  2.00520224e-06,  9.48650193e-08, -2.28477629e-07,
        5.25060717e-07, -7.63597765e-07, -2.48516575e-08,  1.03089348e-07,
        2.03978475e-07,  3.56650057e-08, -1.04256293e-08,  2.61508652e-09,
        1.57358814e-04, -1.22435702e-04, -2.27422261e-04, -2.98839999e-05,
        1.62766210e-04,  1.06358566e-04,  7.29529094e-05,  2.17648878e-04,
       -1.70545491e-06,  1.28078294e-07, -3.42245430e-06, -2.37691238e-06,
        3.39060057e-07, -8.62880707e-07, -5.16570567e-07,  1.23236720e-07,
        3.62333425e-07, -8.15042017e-07,  1.25768559e-06, -5.36663639e-08,
       -1.15218869e-07, -2.41295544e-07, -2.16073945e-07,  1.80224381e-08,
        1.14438413e-08,  4.59044830e-05, -1.84684540e-03,  2.65923345e-05,
       -8.01910346e-04,  1.28072085e-03, -1.10192040e-04, -1.54165254e-05,
       -3.77449870e-05,  1.23951647e-05, -3.16963774e-06,  1.25442669e-05,
        9.39156282e-07,  6.53213613e-07,  1.52329474e-06, -8.69076983e-07,
        1.05309654e-07, -4.09429282e-07,  7.18759009e-07, -1.09059433e-06,
       -3.34165052e-08,  4.27831132e-07,  7.88798843e-07,  1.87247699e-07,
       -1.81130038e-08, -1.57403302e-08, -4.79474020e-03,  2.29791175e-03,
       -4.93998496e-04,  1.10085500e-03,  3.84481860e-03,  2.85670107e-04,
        1.36419019e-04,  1.12469889e-04, -1.46213652e-05, -4.01069888e-05,
       -1.72022009e-05,  1.61723187e-07,  6.24657119e-06,  9.77321213e-06,
        1.25360690e-06,  1.18094751e-06, -1.36479665e-06, -4.81998278e-06,
        1.08153076e-06, -3.74133118e-08, -9.81265711e-07, -1.22369760e-06,
       -1.03045535e-07, -7.43801108e-09,  3.94332655e-08,  1.64376526e-01,
       -1.51241107e-02, -3.82125221e-04, -3.52903762e-03, -1.22445038e-02,
        1.22188839e-03, -8.18036894e-04, -2.92483814e-04, -7.11441980e-05,
        1.69142446e-04,  9.39509113e-05,  1.14478129e-05, -3.71780864e-05,
       -2.57219382e-05, -4.74701187e-06,  7.48030940e-07, -1.95816002e-06,
        4.78080986e-06,  5.68195834e-07, -4.50490862e-08,  5.72451867e-06,
        2.59097642e-06,  1.44610170e-07, -1.82927217e-07,  7.81451321e-10,
        3.82632938e-03, -5.39670519e-03,  1.39358024e-04,  1.80530868e-02,
       -4.72360941e-05,  9.60352951e-04,  9.02954200e-06,  7.11821581e-05,
        1.21528700e-04,  8.89186525e-08,  1.90565632e-05,  2.44260150e-05,
        2.59688606e-07,  2.74676164e-06,  2.15407194e-06,  5.68663989e-06,
        7.74672085e-10, -1.99778778e-07, -1.73730974e-06, -6.45006986e-07,
       -4.75186880e-02, -6.19688048e-04,  9.76384873e-04,  1.13592301e-02,
       -4.45471540e-05, -8.85650485e-04,  6.66847547e-06, -5.28699550e-05,
       -3.94549771e-05,  1.33484678e-06, -2.82625944e-06,  1.70482576e-05,
       -6.08029855e-07, -3.61715571e-06, -1.15843438e-05, -9.13749101e-07,
        9.06657855e-09,  5.63856165e-08,  1.76947429e-06,  2.32172328e-06,
        9.42137894e-03,  5.13188489e-04,  2.49401850e-04, -1.87461273e-03,
       -2.08207815e-05,  3.27738619e-04,  2.81283795e-07,  2.16318794e-05,
        3.55716574e-05,  7.67038254e-07,  1.20784260e-06, -1.25727411e-05,
        3.49098479e-07,  2.52020785e-06,  2.93357396e-06,  5.95321261e-08,
        1.69680891e-08, -1.34572002e-07, -3.66010375e-07, -1.83856226e-07,
       -1.39591013e-04, -8.21224761e-04, -9.36735230e-05, -6.06272149e-04,
        1.38940951e-05,  2.59153115e-05,  7.96011599e-08, -1.26486983e-05,
       -1.67672157e-05,  8.20027928e-08, -3.44362716e-07,  4.06444592e-06,
       -2.07990342e-07, -1.26282358e-06, -7.85901972e-07, -3.04118458e-07,
       -5.97574570e-09, -7.54978265e-08,  1.95365616e-07, -1.46170633e-07,
        4.91235525e-04, -9.69522414e-05,  1.15655696e-04, -4.33027124e-04,
       -2.39312925e-06,  2.80538494e-04, -2.34142786e-06, -1.24712540e-05,
        1.05915457e-07,  1.38018064e-07,  4.20675990e-07,  1.23957747e-06,
       -1.45880528e-08,  9.43789222e-07,  8.07367967e-08, -1.70420349e-07,
        9.18893918e-09, -4.00874503e-09, -8.87450334e-08, -4.88478973e-08,
       -3.39475082e-05, -5.63011634e-05, -9.79677854e-06,  3.68241434e-05,
       -7.84576722e-06,  4.28189986e-05,  1.44995325e-06, -1.45890240e-05,
       -5.76846941e-06,  1.05019755e-07,  1.80591613e-06, -1.06948198e-06,
       -3.09559844e-08, -3.98199630e-07,  4.16853833e-07,  2.16299174e-07,
        4.66386592e-09, -1.80668984e-08,  7.92538174e-09, -5.18406696e-09,
        4.28617250e-06,  7.41729332e-06,  9.66735697e-08, -6.80581905e-06,
        2.52386196e-06, -8.21360227e-06,  1.14225480e-07,  4.26780912e-06,
        2.82873035e-06, -1.74561180e-07,  1.12938717e-06,  1.54304946e-06,
        9.23912475e-09,  1.45478547e-07, -1.88137998e-07, -1.74099862e-07,
        2.34733096e-09,  1.39346888e-09, -4.06044894e-08,  1.47863900e-08,
        9.50441189e-07,  6.61967170e-07, -2.56272082e-06, -5.71434888e-07,
       -9.05765266e-07, -6.59356262e-07, -1.08124343e-07,  2.04895436e-06,
       -6.05498861e-07,  4.16475703e-08, -6.01315917e-08, -2.64990785e-08,
        2.68236033e-08, -3.57681066e-07,  1.35303672e-07,  1.62014663e-07,
       -2.65346319e-09, -3.06576448e-09, -1.21602406e-08,  1.94297001e-08,
       -2.36347030e-07,  1.94178353e-08,  1.57174682e-07,  7.84063132e-07,
       -4.45373427e-07, -3.85192090e-08, -2.70629358e-07, -1.06610538e-07,
       -3.86844122e-07,  1.72488306e-08,  4.47504965e-07,  4.12495801e-08,
        7.36204609e-10,  3.04254710e-07, -8.11905566e-08, -1.36132751e-07,
       -3.41258468e-10,  8.59552722e-09, -2.20360310e-08,  7.44453053e-09],      dtype=float64),
                   'Phi_mn': Array([], shape=(0,), dtype=float64),
                   'Psi': Array([50.], dtype=float64),
                   'R_lmn': Array([ 2.23795923e-07, -7.45471349e-07, -1.23612096e-06, -5.05931800e-07,
       -6.97629568e-07,  5.09985675e-07,  2.31796136e-07,  1.04663085e-06,
        2.18352983e-07,  3.16703667e-07,  5.16314955e-07,  2.29739196e-07,
        0.00000000e+00, -2.31796136e-07,  1.89490112e-07,  6.37828939e-08,
        0.00000000e+00, -3.16703667e-07,  1.81314612e-07,  5.74647814e-09,
        3.76286548e-06, -7.31093029e-07, -2.34886387e-06, -5.31210520e-07,
        4.50937217e-07,  7.78924574e-07, -1.14506334e-07,  2.42819595e-06,
       -2.92237643e-06, -2.74422787e-07, -1.75812665e-07,  5.00207444e-08,
        0.00000000e+00,  1.14506334e-07, -7.93320808e-08, -3.09278534e-07,
        0.00000000e+00,  2.74422787e-07, -2.75124552e-07, -9.78522898e-08,
       -1.71594717e-05, -8.59054994e-06,  6.27196229e-06,  8.25316318e-06,
        2.51451475e-06,  6.38236387e-06,  4.40468929e-07, -6.69407760e-06,
        7.92264246e-06,  1.32855665e-07, -2.78074339e-06,  2.17522660e-06,
        0.00000000e+00, -4.40468928e-07,  4.22115313e-07,  9.83666088e-07,
        0.00000000e+00, -1.32855665e-07,  2.66228635e-07,  3.29594723e-08,
       -4.38336783e-05, -4.23069642e-05, -3.71256379e-05,  1.68961496e-05,
       -1.58204557e-06,  4.54248260e-05,  1.81529895e-06,  3.65502275e-05,
        2.67235834e-05, -6.64932047e-07,  2.00488738e-06, -3.56005003e-06,
        0.00000000e+00, -1.81529895e-06,  5.75410410e-07,  2.13945279e-07,
        0.00000000e+00,  6.64932047e-07, -4.22841810e-07,  4.42188252e-07,
       -3.66518110e-04,  5.86760782e-05,  1.17865811e-04,  3.16901184e-04,
       -5.81431074e-05, -7.26450148e-05, -4.65045701e-07, -1.49802598e-04,
       -1.40691209e-06,  9.74822198e-07,  6.89353501e-06,  1.94577864e-06,
        0.00000000e+00,  4.65045701e-07, -1.16230419e-06, -1.73942135e-06,
        0.00000000e+00, -9.74822198e-07,  6.68460138e-07, -5.02516165e-07,
        3.87118857e-04,  9.98706004e-04,  9.83746899e-05, -2.90318613e-04,
        4.37444168e-05, -9.21393698e-04, -8.13326605e-07,  2.81972986e-05,
       -1.82654244e-05, -6.80985060e-07, -1.79182324e-05,  8.21588363e-07,
        0.00000000e+00,  8.13326605e-07, -9.69994554e-06, -4.41461508e-06,
        0.00000000e+00,  6.80985060e-07, -1.40258187e-06, -1.62208796e-07,
        1.97910806e-04,  1.83042833e-03,  4.62111165e-04,  4.70928864e-04,
       -2.75604905e-04, -2.38838806e-03,  1.37731437e-06, -5.61846768e-05,
       -2.82262770e-05,  1.11800724e-06,  2.65031084e-05,  7.28542201e-06,
        0.00000000e+00, -1.37731437e-06,  6.17632345e-06,  8.47390904e-07,
        0.00000000e+00, -1.11800724e-06, -5.48698770e-07, -3.26220365e-07,
       -1.27736633e-03, -7.53432487e-03,  1.37718445e-03,  1.80182424e-03,
       -6.23663986e-04,  9.12398948e-03,  1.53376893e-06, -1.86319308e-04,
        8.84192354e-04, -5.63996398e-07, -2.32126609e-05, -2.02310079e-05,
        0.00000000e+00, -1.53376893e-06,  1.91517907e-05,  3.04779580e-05,
        0.00000000e+00,  5.63996398e-07, -4.81811849e-07,  6.51552191e-06,
        7.92867996e+00,  1.79614890e+00,  7.55820061e-02, -7.04645996e-03,
        5.84370240e-03, -8.17948602e-04, -4.26484973e-03,  7.60720003e-03,
       -2.71622224e-04, -4.04934142e-04,  1.06614017e-03, -5.91883811e-06,
        4.79686269e-06, -1.12066120e-05,  1.67737299e-05,  1.17562282e-07,
       -2.83306705e-05,  2.56943555e-05,  5.91883811e-06,  0.00000000e+00,
       -1.91784879e-06, -4.28086859e-08,  4.30027255e-06, -1.17562282e-07,
        0.00000000e+00,  1.64472143e+00,  1.91631369e-03,  5.73114340e-02,
       -1.03373406e-02, -2.12766516e-03, -3.46971421e-04, -4.40560872e-03,
        7.89756315e-03,  5.85425105e-04,  1.36277182e-04, -6.13586721e-04,
        4.91899507e-07,  3.29331972e-05,  2.00099404e-05, -3.17881224e-05,
        1.34696076e-06, -1.31231463e-05,  2.48991039e-05, -4.91899507e-07,
        0.00000000e+00, -9.55989327e-07,  1.76767549e-06,  1.26610494e-06,
       -1.34696076e-06,  0.00000000e+00,  9.69350291e-03,  1.03727466e-04,
       -9.90746343e-03,  2.21671021e-03, -8.50332834e-05, -6.62773894e-04,
        5.69658215e-04, -1.61391689e-03,  2.81655341e-04, -6.23551839e-05,
        2.11455196e-04, -4.70212794e-06, -9.72268182e-06,  6.57367202e-08,
       -1.12407032e-05, -1.35658622e-06,  2.30152439e-05,  1.08981707e-05,
        4.70212794e-06,  0.00000000e+00,  1.17861969e-06, -7.04232133e-07,
       -8.88889229e-07,  1.35658622e-06,  0.00000000e+00, -1.28233096e-03,
       -2.05171777e-04,  8.72938269e-04,  2.25631900e-04,  2.47581915e-04,
       -1.60988094e-04,  3.64105425e-04, -3.06854602e-04,  3.71288227e-06,
       -3.16680257e-05,  5.34253458e-05, -3.77277447e-07,  7.96712624e-06,
        3.94814533e-06, -1.30841061e-06,  9.62822348e-07, -8.72323732e-06,
       -7.36490946e-06,  3.77277447e-07,  0.00000000e+00, -2.86853952e-07,
        5.44420509e-07,  1.67362552e-06, -9.62822348e-07,  0.00000000e+00,
       -1.42336187e-04,  2.10778168e-04, -3.53915956e-05,  3.41072499e-04,
       -1.03816592e-04, -1.77212401e-04,  1.82302301e-04, -3.28745645e-04,
        7.34146889e-05, -9.64279748e-05,  2.09187440e-04, -9.15569970e-07,
       -1.06860767e-06, -5.50174294e-07, -1.39375743e-05, -6.69892965e-07,
       -1.54219267e-06, -1.00682847e-06,  9.15569970e-07,  0.00000000e+00,
       -3.61740731e-07, -5.52881749e-07, -2.10286118e-08,  6.69892965e-07,
        0.00000000e+00,  1.17522102e-05,  2.84894662e-05, -1.62390035e-06,
       -3.72581974e-05, -1.36491113e-05, -2.91722111e-05, -1.21340134e-05,
        3.52957975e-05,  7.89695934e-06, -1.57419723e-05,  3.05457365e-05,
       -1.75718979e-06,  2.46428301e-06,  2.25598553e-06, -8.46971272e-06,
        4.05142742e-07,  9.01617448e-07, -1.37352538e-06,  1.75718979e-06,
        0.00000000e+00, -4.58579434e-07, -2.93585554e-07,  5.72753386e-07,
       -4.05142742e-07,  0.00000000e+00, -1.49275186e-06, -4.38226522e-06,
        1.24134995e-06,  6.40438408e-06,  2.26189925e-06,  6.67084265e-06,
        1.18679698e-06, -6.57701875e-06, -2.25382525e-06,  2.24652577e-06,
       -7.72504602e-06, -4.05005762e-07, -1.18180798e-06, -2.47772768e-08,
        2.34816147e-06, -1.49148155e-07, -1.26159803e-07,  1.05420336e-06,
        4.05005762e-07,  0.00000000e+00,  2.46412911e-07,  1.97411953e-07,
       -9.43362129e-08,  1.49148155e-07,  0.00000000e+00, -5.11750352e-07,
       -3.35374870e-07, -2.12339815e-07,  2.25218404e-06,  1.68225480e-07,
        3.69371281e-07,  5.95575205e-07, -1.22164156e-06, -2.12026820e-06,
        1.95265463e-07, -3.79295672e-07, -1.19212404e-07,  1.83907294e-07,
       -1.06484177e-06,  1.98402551e-06,  2.26881213e-07, -2.81160735e-08,
        9.92439090e-09,  1.19212404e-07,  0.00000000e+00, -5.53923310e-08,
        3.42992908e-08,  1.36242687e-07, -2.26881213e-07,  0.00000000e+00,
        9.07857389e-08, -1.18187653e-07, -2.16455421e-07, -2.33834577e-07,
        9.38670499e-08,  3.87368921e-07, -1.50152863e-07,  4.86829843e-07,
        4.79099348e-07,  7.72636399e-08, -2.38664703e-07, -3.30734344e-07,
        2.17075890e-07, -1.91026893e-07, -2.91068846e-07, -2.79704951e-07,
       -5.29430372e-08, -1.48704218e-07,  3.30734344e-07,  0.00000000e+00,
        5.87466553e-08, -6.19683728e-08, -1.88030502e-07,  2.79704951e-07,
        0.00000000e+00], dtype=float64),
                   'Ra_n': Array([ 7.84882639e+00,  1.58297050e+00,  2.01815259e-02, -1.79941778e-03,
        7.60645764e-05, -1.68076533e-06, -1.19083940e-07,  5.68650431e-08,
       -1.24093695e-09], dtype=float64),
                   'Rb_lmn': Array([ 0.00000000e+00,  0.00000000e+00,  0.00000000e+00,  0.00000000e+00,
        0.00000000e+00,  0.00000000e+00,  0.00000000e+00,  0.00000000e+00,
        0.00000000e+00,  0.00000000e+00,  0.00000000e+00,  0.00000000e+00,
        0.00000000e+00,  0.00000000e+00,  0.00000000e+00,  0.00000000e+00,
        0.00000000e+00,  0.00000000e+00,  0.00000000e+00,  0.00000000e+00,
        0.00000000e+00,  0.00000000e+00,  0.00000000e+00,  0.00000000e+00,
        0.00000000e+00,  0.00000000e+00,  0.00000000e+00,  0.00000000e+00,
        0.00000000e+00,  0.00000000e+00,  0.00000000e+00,  0.00000000e+00,
        0.00000000e+00,  0.00000000e+00,  0.00000000e+00,  0.00000000e+00,
       -5.05811122e-05, -3.30990912e-05, -1.25256742e-05, -5.27632600e-05,
        0.00000000e+00,  0.00000000e+00,  0.00000000e+00,  0.00000000e+00,
        2.44236025e-05,  1.16872043e-04,  7.79716850e-05,  7.41202042e-05,
        0.00000000e+00,  0.00000000e+00,  0.00000000e+00,  0.00000000e+00,
       -2.49650496e-04,  4.12102812e-04, -5.51000525e-04,  6.41460785e-04,
        0.00000000e+00,  0.00000000e+00,  0.00000000e+00,  0.00000000e+00,
       -6.47358459e-04,  1.21001693e-03,  1.57594912e-03,  1.43912822e-03,
        8.00000000e+00,  1.80155934e+00,  5.49490649e-04,  2.73885919e-04,
       -2.50548222e-04,  0.00000000e+00,  0.00000000e+00,  0.00000000e+00,
        0.00000000e+00,  1.69765924e+00, -8.81974321e-05, -2.41799984e-03,
       -9.35659038e-04,  5.54903088e-04,  0.00000000e+00,  0.00000000e+00,
        0.00000000e+00,  0.00000000e+00,  3.47153630e-04, -2.06457572e-05,
        6.02154823e-04, -4.40420527e-04,  2.69525748e-04,  0.00000000e+00,
        0.00000000e+00,  0.00000000e+00,  0.00000000e+00, -3.76069912e-05,
        2.01887560e-06, -7.67301368e-05, -1.14927658e-04,  4.07809717e-06,
        0.00000000e+00,  0.00000000e+00,  0.00000000e+00,  0.00000000e+00,
        3.14416973e-06,  8.99140821e-06,  1.12237982e-05,  3.09682110e-05,
        5.94560860e-05,  0.00000000e+00,  0.00000000e+00,  0.00000000e+00,
        0.00000000e+00,  0.00000000e+00,  0.00000000e+00,  0.00000000e+00,
        0.00000000e+00,  0.00000000e+00,  0.00000000e+00,  0.00000000e+00,
        0.00000000e+00,  0.00000000e+00,  0.00000000e+00,  0.00000000e+00,
        0.00000000e+00,  0.00000000e+00,  0.00000000e+00,  0.00000000e+00,
        0.00000000e+00,  0.00000000e+00,  0.00000000e+00,  0.00000000e+00,
        0.00000000e+00,  0.00000000e+00,  0.00000000e+00,  0.00000000e+00,
        0.00000000e+00,  0.00000000e+00,  0.00000000e+00,  0.00000000e+00,
        0.00000000e+00,  0.00000000e+00,  0.00000000e+00,  0.00000000e+00,
        0.00000000e+00,  0.00000000e+00,  0.00000000e+00,  0.00000000e+00,
        0.00000000e+00], dtype=float64),
                   'Te_l': Array([], shape=(0,), dtype=float64),
                   'Ti_l': Array([], shape=(0,), dtype=float64),
                   'Z_lmn': Array([-5.30895784e-07, -1.43874648e-06, -3.04369616e-07, -1.36781629e-06,
        9.80393083e-08, -6.61153850e-07,  4.98143085e-07,  8.27841679e-07,
        4.42537904e-08,  1.23436069e-06,  7.45604087e-07,  2.86460470e-07,
        3.05641492e-07,  5.12278820e-07,  4.34126398e-08,  2.81301192e-07,
        1.06346476e-07, -8.44502370e-08, -2.86460470e-07,  0.00000000e+00,
        3.14808232e-08,  2.76957946e-08, -8.76664301e-08, -2.81301192e-07,
        0.00000000e+00, -2.99792875e-07, -8.52381828e-07,  4.74411712e-08,
       -3.18053044e-07,  1.40390381e-06, -3.00651376e-06,  3.58159401e-07,
        6.69403472e-07, -2.14875839e-07, -1.01614750e-07,  2.97559421e-06,
       -9.44227648e-08, -6.45370546e-08, -2.04799883e-07,  3.13511129e-07,
       -3.02247301e-07, -4.49907236e-07,  3.09195478e-08,  9.44227648e-08,
        0.00000000e+00, -4.12706421e-08, -1.46550545e-07, -9.86352893e-08,
        3.02247301e-07,  0.00000000e+00, -2.64508762e-06, -8.37415457e-06,
       -9.24400166e-07, -1.60628981e-06,  6.67042912e-06,  9.05803994e-06,
        2.62024807e-06,  1.53489926e-06,  2.60605800e-06,  1.48137753e-06,
       -9.15853404e-06,  3.00970336e-07,  9.51285897e-07, -8.92087888e-08,
       -2.82570802e-06,  1.50901720e-07,  2.22347921e-07,  1.00494107e-07,
       -3.00970336e-07,  0.00000000e+00, -2.04618418e-09,  1.60599338e-07,
        2.19650015e-07, -1.50901720e-07,  0.00000000e+00, -3.85119875e-05,
       -1.03716716e-04,  1.48018735e-06, -6.26992832e-05,  3.92958915e-05,
       -3.48977105e-05,  3.90656553e-05,  6.30995013e-05, -2.25021004e-06,
        6.43018596e-05,  3.61027558e-05,  1.81020808e-06, -1.85658082e-06,
       -3.27430732e-07,  2.11726705e-06, -6.56651770e-07,  1.18964392e-07,
       -1.20504537e-06, -1.81020808e-06,  0.00000000e+00, -1.77274312e-07,
       -7.27873712e-08,  1.32942985e-07,  6.56651770e-07,  0.00000000e+00,
        1.17836866e-04,  8.21076654e-05, -2.72506289e-05,  1.25316635e-04,
        1.23243123e-04,  9.27355024e-05, -8.52745044e-05, -1.28631333e-04,
       -1.65543885e-05, -1.53739533e-04, -1.40502992e-04, -6.65437704e-07,
       -2.16470690e-06,  4.36836433e-06,  6.45662116e-06,  1.06110969e-06,
        1.61662530e-06, -8.27146695e-07,  6.65437703e-07,  0.00000000e+00,
        7.22497355e-08,  4.58505788e-07,  3.69771983e-08, -1.06110969e-06,
        0.00000000e+00, -4.37453554e-04, -2.50385472e-04,  8.73477391e-04,
        9.58989051e-04,  2.10755238e-04, -1.26116295e-05, -4.73631793e-04,
       -8.88393555e-04,  9.86975978e-05, -3.96315576e-05,  2.02916186e-05,
       -8.30016652e-07, -1.00650402e-06, -8.56252023e-06, -1.42946412e-05,
       -9.77280154e-07,  4.96475386e-06, -9.76178061e-06,  8.30016652e-07,
        0.00000000e+00,  4.47393888e-07, -4.51085278e-07, -6.51678884e-07,
        9.77280154e-07,  0.00000000e+00,  1.26564449e-02, -1.12266571e-03,
       -1.02682000e-02,  2.13088063e-03,  4.72984779e-04,  4.08995515e-04,
       -2.05294223e-03, -2.62061209e-03, -4.26466103e-04,  1.07103106e-05,
       -2.54594813e-05, -1.11135832e-06,  9.17193650e-07,  3.08979861e-06,
        1.31390631e-05,  1.28556278e-06, -1.50249366e-06,  1.08643284e-05,
        1.11135832e-06,  0.00000000e+00, -5.40453717e-07,  1.26781273e-06,
       -1.82469701e-06, -1.28556278e-06,  0.00000000e+00,  1.62423225e+00,
        1.97178971e-05,  6.67228009e-02, -6.40455159e-03, -2.04898184e-03,
        1.19605382e-03,  6.91919409e-03,  9.17991168e-03, -6.37236622e-04,
        6.07556911e-04, -2.29865885e-04,  2.30321346e-07,  2.14994728e-05,
       -1.43509242e-05, -1.28721264e-05, -7.41464024e-07, -1.97528755e-05,
        2.64719661e-05, -2.30321346e-07,  0.00000000e+00, -4.26906223e-06,
        1.99601164e-06,  3.57738617e-06,  7.41464024e-07,  0.00000000e+00,
       -1.79162643e+00,  6.49607304e-03,  9.05592050e-04, -9.18141993e-03,
        1.99934643e-04, -7.44052127e-03,  4.98844533e-06, -1.09011717e-03,
       -7.97501354e-04, -4.08889669e-07, -1.67348980e-05, -1.38287324e-05,
        0.00000000e+00, -4.98844533e-06, -9.66844713e-06,  3.25164444e-05,
        0.00000000e+00,  4.08889669e-07, -7.52510050e-07,  5.72714067e-06,
        1.04544247e-03,  1.00458142e-02,  2.66718435e-04, -1.23570992e-03,
       -5.71874168e-04, -7.72516588e-03, -8.10284841e-07,  5.45473376e-04,
        2.10558675e-04, -7.44595386e-07,  4.49735436e-05,  1.04856834e-05,
        0.00000000e+00,  8.10284841e-07, -2.84577246e-05,  3.55316985e-05,
        0.00000000e+00,  7.44595386e-07, -3.91948277e-07,  4.71821829e-07,
        1.83301176e-04, -1.86920346e-03,  5.92388451e-04, -6.67275536e-05,
       -3.05065336e-04,  1.40400799e-03,  9.30393048e-07, -1.80948903e-04,
       -1.13673911e-04,  8.42411431e-07, -2.98444761e-07, -2.49221910e-08,
        0.00000000e+00, -9.30393048e-07, -8.69014178e-06, -3.49776613e-06,
        0.00000000e+00, -8.42411431e-07,  7.05413194e-07, -2.39631892e-06,
       -2.94943510e-04, -2.92218482e-04,  3.75926431e-05,  3.00225029e-04,
        1.09889766e-04,  3.49018139e-04, -1.43683423e-06, -4.93934153e-05,
       -4.73946831e-06, -9.55957126e-07,  5.26815111e-06,  3.91915624e-06,
        0.00000000e+00,  1.43683423e-06,  6.59236965e-06, -5.62682507e-06,
        0.00000000e+00,  9.55957126e-07, -5.41960041e-07,  7.10824122e-07,
        2.38953703e-04, -2.88505868e-04,  1.47635826e-04, -1.20137357e-04,
       -1.26785896e-05,  2.79476873e-04,  3.27130491e-07, -1.97684011e-04,
       -1.02327013e-04,  6.74920517e-07,  1.42964041e-05,  8.23414930e-06,
        0.00000000e+00, -3.27130491e-07,  4.29158282e-07, -2.41642390e-06,
        0.00000000e+00, -6.74920517e-07, -2.10401022e-07,  1.22613570e-06,
        2.09500507e-05,  8.36734817e-06,  3.10908813e-05, -7.92859533e-06,
       -7.89740058e-06, -1.38193245e-05,  1.75755821e-06, -3.07249570e-05,
       -1.25615555e-05, -3.82421779e-07,  8.09996893e-06,  5.13934952e-06,
        0.00000000e+00, -1.75755821e-06, -3.65924303e-07, -4.59899831e-07,
        0.00000000e+00,  3.82421779e-07, -2.02568350e-07,  3.12626770e-07,
       -4.66975492e-06,  5.59105200e-07, -3.92549167e-06,  3.05630003e-06,
        2.35335515e-06,  1.73884167e-06,  3.86396030e-07,  5.33933537e-06,
        2.08972556e-06,  1.46983443e-07, -2.38384761e-06, -2.26353734e-06,
        0.00000000e+00, -3.86396030e-07, -1.41384371e-06, -4.76270675e-07,
        0.00000000e+00, -1.46983443e-07,  3.04924643e-08, -3.44095304e-08,
       -3.07542021e-07,  7.03699967e-07, -4.98823935e-07,  9.76429236e-08,
        1.51011827e-06, -1.42684405e-07,  1.65743503e-07,  5.37974204e-07,
        2.07306790e-07, -2.70096357e-07, -1.51713451e-06, -3.89487134e-07,
        0.00000000e+00, -1.65743503e-07, -3.91502696e-08,  2.59230808e-09,
        0.00000000e+00,  2.70096357e-07,  7.01623827e-09, -1.71528428e-07,
        9.61056802e-09, -5.75673791e-08,  4.12610822e-07, -7.62299595e-09,
        1.89158415e-07, -3.83243590e-07,  3.87977114e-07, -2.31520043e-07,
       -1.06070253e-08,  2.42710642e-07, -1.30183378e-07,  3.45307359e-07,
        0.00000000e+00, -3.87977114e-07, -1.81090778e-07,  8.61945327e-09,
        0.00000000e+00, -2.42710642e-07, -5.89750370e-08,  9.55036098e-08],      dtype=float64),
                   'Za_n': Array([-2.54375143e-09,  3.41917668e-08, -5.37714605e-08,  7.52786934e-07,
        6.20499466e-05, -1.78310884e-03,  2.08702450e-02,  1.56440287e+00],      dtype=float64),
                   'Zb_lmn': Array([ 0.00000000e+00,  0.00000000e+00,  0.00000000e+00,  0.00000000e+00,
        0.00000000e+00,  0.00000000e+00,  0.00000000e+00,  0.00000000e+00,
        0.00000000e+00,  0.00000000e+00,  0.00000000e+00,  0.00000000e+00,
        0.00000000e+00,  0.00000000e+00,  0.00000000e+00,  0.00000000e+00,
        0.00000000e+00,  0.00000000e+00,  0.00000000e+00,  0.00000000e+00,
        0.00000000e+00,  0.00000000e+00,  0.00000000e+00,  0.00000000e+00,
        0.00000000e+00,  0.00000000e+00,  0.00000000e+00,  0.00000000e+00,
        0.00000000e+00,  0.00000000e+00,  0.00000000e+00,  0.00000000e+00,
        0.00000000e+00,  0.00000000e+00,  0.00000000e+00,  0.00000000e+00,
        3.21927514e-06,  5.32278808e-05,  1.51217200e-06, -4.85946362e-05,
       -1.00607901e-05,  0.00000000e+00,  0.00000000e+00,  0.00000000e+00,
        0.00000000e+00, -3.81670659e-05, -7.42970385e-05,  6.15818907e-05,
       -2.08179155e-06,  8.37512777e-05,  0.00000000e+00,  0.00000000e+00,
        0.00000000e+00,  0.00000000e+00,  3.35679452e-04, -6.40473115e-04,
       -4.85373844e-04,  3.94400362e-04, -4.15151737e-04,  0.00000000e+00,
        0.00000000e+00,  0.00000000e+00,  0.00000000e+00,  1.69789147e+00,
       -1.44145991e-03,  2.76300518e-03,  9.92659899e-04, -6.46531362e-04,
        0.00000000e+00,  0.00000000e+00,  0.00000000e+00,  0.00000000e+00,
        0.00000000e+00,  0.00000000e+00,  0.00000000e+00,  0.00000000e+00,
        1.82447235e-04, -1.94193569e-04, -9.52549821e-04, -1.80157284e+00,
        0.00000000e+00,  0.00000000e+00,  0.00000000e+00,  0.00000000e+00,
       -5.27292573e-04,  7.83734087e-04,  2.33160584e-03,  5.58229258e-05,
        0.00000000e+00,  0.00000000e+00,  0.00000000e+00,  0.00000000e+00,
       -3.04658367e-04,  4.02749407e-04, -4.67616708e-04, -5.98054625e-07,
        0.00000000e+00,  0.00000000e+00,  0.00000000e+00,  0.00000000e+00,
        1.14615957e-04, -5.20840254e-06,  6.14296376e-05, -5.08477454e-06,
        0.00000000e+00,  0.00000000e+00,  0.00000000e+00,  0.00000000e+00,
        1.40741348e-06, -4.96190261e-05,  4.31289361e-07,  1.40729097e-05,
        0.00000000e+00,  0.00000000e+00,  0.00000000e+00,  0.00000000e+00,
        0.00000000e+00,  0.00000000e+00,  0.00000000e+00,  0.00000000e+00,
        0.00000000e+00,  0.00000000e+00,  0.00000000e+00,  0.00000000e+00,
        0.00000000e+00,  0.00000000e+00,  0.00000000e+00,  0.00000000e+00,
        0.00000000e+00,  0.00000000e+00,  0.00000000e+00,  0.00000000e+00,
        0.00000000e+00,  0.00000000e+00,  0.00000000e+00,  0.00000000e+00,
        0.00000000e+00,  0.00000000e+00,  0.00000000e+00,  0.00000000e+00,
        0.00000000e+00,  0.00000000e+00,  0.00000000e+00,  0.00000000e+00],      dtype=float64),
                   'Zeff_l': Array([], shape=(0,), dtype=float64),
                   'a_lmn': Array([], shape=(0,), dtype=float64),
                   'c_l': Array([0., 0., 0., 0., 0.], dtype=float64),
                   'i_l': Array([], shape=(0,), dtype=float64),
                   'ne_l': Array([], shape=(0,), dtype=float64),
                   'ni_l': Array([], shape=(0,), dtype=float64),
                   'p_l': Array([0., 0., 0., 0., 0.], dtype=float64)}],
               [ { 'G': Array([], shape=(0,), dtype=float64),
                   'I': Array([], shape=(0,), dtype=float64),
                   'L_lmn': Array([ 1.00067628e-06,  2.36316980e-06, -4.82249980e-09,  2.21038940e-06,
       -1.55906231e-06,  1.96735276e-06, -8.67665529e-07, -1.85567202e-06,
       -2.39262790e-08, -5.96451431e-07, -2.05310859e-06, -2.99813532e-07,
       -1.27385431e-07, -2.91685145e-07,  4.10271776e-08,  2.79570218e-08,
       -1.92619855e-07,  8.15674011e-08,  3.57086696e-07,  3.19866626e-09,
       -3.52804525e-08, -2.55064312e-08,  1.66148992e-08,  6.88263245e-09,
       -9.62519537e-10,  5.50337799e-06,  1.06999834e-05, -1.96412597e-06,
        3.72579814e-06, -1.11009874e-05, -2.11021983e-07, -4.10359570e-06,
       -3.66927899e-06, -2.72046569e-07,  5.62616035e-09, -1.73572546e-07,
       -1.50928736e-07,  4.75637576e-07, -8.00997241e-08, -6.58543750e-07,
        2.84417028e-08,  2.51445351e-07,  1.04571345e-07, -3.07273707e-07,
        2.97769808e-08,  7.35681214e-10,  9.28167931e-08,  6.30697380e-08,
       -1.20162563e-10, -2.65690430e-09,  8.34058836e-06,  1.71857245e-05,
        2.45592760e-06, -6.10450140e-06, -1.80715265e-05,  2.27358991e-06,
       -8.94826877e-06,  6.66226703e-06,  2.29288241e-06,  1.40170229e-06,
        1.63904354e-06,  3.12512579e-07, -8.40211126e-07,  1.09064524e-07,
        1.38266362e-06, -1.72352286e-07, -2.87332220e-07, -1.66906868e-07,
        4.34357684e-08,  1.89421095e-09, -1.41670185e-08, -2.04991215e-08,
       -7.57051816e-08, -9.34063304e-09, -1.19773806e-09,  6.56580352e-05,
        1.73758483e-04,  2.67308123e-05,  3.63657988e-05, -1.72734070e-04,
       -1.87632434e-05, -9.37118935e-05, -5.07089252e-05, -8.42163892e-06,
       -3.17116431e-06, -4.77186123e-06,  1.27854704e-06, -2.61766404e-07,
        1.11449393e-06,  1.83115122e-06,  1.40107534e-07,  2.27442431e-07,
        2.13690489e-07, -3.28825648e-07, -1.04426622e-08,  9.59250557e-08,
        1.48246615e-07,  3.14813683e-08, -4.19750126e-09,  5.18407769e-09,
       -1.32803264e-04,  1.69534740e-04,  1.82131308e-05,  5.11991906e-05,
       -1.31929690e-04,  1.37398127e-04,  1.13439198e-04,  1.63453127e-04,
        9.88387099e-07,  7.19304174e-06, -9.68555826e-06, -2.14397803e-06,
        5.71166003e-07, -1.15085317e-06, -1.71196214e-06,  4.24578567e-08,
        1.00296097e-07, -1.29198124e-07,  7.70580726e-07, -8.15559215e-08,
       -1.44903678e-07, -3.47824631e-07, -7.39689086e-08, -4.18401705e-08,
        1.54492943e-08,  3.78660437e-04, -1.52434162e-03, -3.91184852e-04,
       -7.65746754e-04,  9.40429573e-04, -1.61089269e-04,  4.36137533e-05,
       -1.24867325e-04,  8.59045368e-06, -1.27595873e-05,  1.65181131e-05,
        1.59242270e-06,  9.77754356e-07, -1.43719340e-06,  3.14378416e-06,
       -2.36199017e-07,  1.66531180e-07,  4.81123043e-07, -1.01661543e-06,
       -3.10495808e-08,  4.29412246e-07,  9.66301505e-07,  2.04191479e-07,
       -4.79261904e-08, -1.49773446e-08, -4.57975277e-03,  2.37765843e-03,
       -5.29722633e-04,  7.18687182e-04,  4.10278372e-03,  5.44400258e-04,
        2.55587247e-05,  1.89362918e-04, -1.68746294e-05, -3.98943111e-05,
       -2.52109988e-05, -1.22678986e-06,  5.65646303e-06,  1.66518593e-05,
        1.73125526e-06,  6.13944274e-07, -2.74960383e-06, -3.36924683e-06,
        1.13936325e-06, -1.16978900e-08, -5.36224014e-07, -5.48941022e-07,
       -2.60458811e-07, -1.20509741e-07,  3.48299226e-08,  1.68246618e-01,
       -1.74502651e-02, -4.50357909e-03, -4.69523110e-03, -1.17957965e-02,
        1.88499793e-03, -5.97323489e-04, -2.22103347e-04, -7.70392240e-05,
        2.27967414e-04,  3.83269916e-05,  1.44144363e-05, -3.82446466e-05,
       -3.15029265e-05,  1.54866417e-07, -6.91356996e-07, -2.77947247e-06,
        4.18203843e-06,  1.87194310e-07,  8.15678753e-08,  4.22902095e-06,
        5.11528514e-07,  3.89514799e-07, -2.78288779e-08, -9.00840320e-09,
        3.81461667e-03, -5.65547340e-03, -1.97681748e-05,  1.92918119e-02,
       -4.57460266e-05,  1.12392717e-03,  1.59517565e-05,  6.64966305e-05,
        5.67769550e-04, -2.01410438e-07,  6.71516428e-06,  5.99474604e-06,
        2.74299924e-07,  7.28419430e-07,  1.52014775e-06,  5.76866063e-06,
       -6.31786276e-09, -1.17993651e-07, -1.29989648e-06,  1.65877615e-06,
       -5.08934824e-02, -2.03820621e-03,  1.48600686e-03,  1.25984119e-02,
       -4.66686123e-05, -2.28179987e-04,  4.88337514e-06, -5.09687254e-05,
       -1.05063071e-04,  1.19490643e-07,  5.04339494e-06,  7.12908814e-06,
       -4.83316206e-07, -2.53086590e-06, -7.61782861e-06, -3.17774747e-09,
        1.60835211e-09,  1.18355090e-07,  7.00040829e-07,  3.60323775e-06,
        9.46719162e-03,  3.07697577e-04,  4.85444209e-04, -1.53610346e-03,
       -2.42550336e-05,  1.72216541e-04,  2.60328757e-07,  3.99764161e-05,
        4.98239556e-05,  5.93622000e-07,  6.73919509e-08, -7.92606675e-06,
        3.88681431e-07,  2.46143461e-06,  1.86681032e-06,  1.82149000e-07,
        2.16612850e-08, -1.33785995e-07, -7.18684451e-07,  1.57028954e-08,
       -3.03794943e-05, -7.12457633e-04, -1.52132208e-04, -7.60150111e-04,
        1.13631196e-05, -1.38043196e-04,  1.52696116e-06, -2.86803374e-07,
       -8.69628733e-06, -2.89212066e-07,  1.96774675e-06,  4.13607668e-06,
       -2.83896387e-07, -1.44029479e-06, -6.86564032e-07, -3.42078326e-07,
       -1.00929495e-09, -7.69399245e-08,  1.71367470e-07, -2.71413967e-08,
       -1.38914799e-04, -1.11232502e-05,  1.33783068e-04,  2.05747321e-04,
       -1.09073381e-06,  2.27330896e-04, -1.97490139e-06, -5.62932288e-06,
       -5.10047583e-06,  2.15595720e-08,  8.77165664e-08,  5.83057325e-07,
        3.47716530e-09,  6.95758056e-07,  3.12115088e-07, -6.89433919e-08,
        9.08476947e-09, -2.72230943e-08, -4.90399939e-08,  6.79091431e-08,
        4.65116778e-06,  2.87801561e-05, -1.15128101e-05, -1.16275667e-06,
       -7.37316092e-06, -4.15100659e-05,  1.06073783e-06, -1.19839685e-05,
       -5.33873919e-06,  1.54033268e-07,  8.35913510e-07, -3.75200770e-07,
       -2.71645004e-08, -1.17816149e-07,  8.10145344e-08,  1.79203622e-07,
        5.66159803e-09, -9.39463878e-09,  1.63675756e-08, -1.97427983e-08,
       -1.33843433e-05, -9.37275684e-06, -3.59732693e-07,  9.22248158e-06,
        2.14376626e-06,  9.40960062e-06,  2.42901278e-07,  4.10186778e-06,
        4.27336472e-06, -1.78448805e-07,  1.50129446e-06,  5.65826066e-07,
        7.09528391e-09,  1.17678281e-07, -3.63887346e-08, -1.07881225e-07,
       -1.03243398e-09, -7.91408446e-09, -2.80682341e-08, -1.54170598e-08,
        1.69346105e-06,  8.47706884e-07, -1.04330320e-06, -2.37757792e-06,
       -1.55350654e-07, -7.02507069e-07, -1.26387909e-07,  7.62924119e-07,
        4.68833086e-07,  2.80516348e-08, -7.60563363e-07, -1.38120136e-07,
        2.96485295e-08, -3.37163448e-07, -1.12772834e-08,  8.93498784e-08,
       -2.36082199e-09, -9.00039137e-11,  1.78579358e-08, -2.88627248e-09,
        1.02250715e-06,  2.10196795e-06,  1.69227530e-06, -1.37694049e-07,
       -6.29172934e-08, -1.72141691e-06, -2.73473634e-07, -1.79013423e-06,
       -7.33587736e-07,  2.78896185e-08,  8.05470374e-08, -3.26443365e-07,
        2.99984921e-09,  3.27548031e-07,  8.88093982e-08, -1.17976179e-07,
       -9.94673684e-10,  7.35428292e-09,  9.62707140e-09, -5.86432848e-09],      dtype=float64),
                   'Phi_mn': Array([], shape=(0,), dtype=float64),
                   'Psi': Array([50.], dtype=float64),
                   'R_lmn': Array([-4.27830669e-07, -3.44650096e-07, -1.75122136e-06,  2.80347809e-07,
       -1.84900052e-06,  3.85604636e-07,  2.47335286e-08,  1.48342434e-06,
        1.57806175e-07,  3.12345523e-07,  1.75163497e-06, -1.53691130e-07,
        0.00000000e+00, -2.47335286e-08,  2.67797017e-07, -1.03233158e-08,
        0.00000000e+00, -3.12345523e-07,  9.73655447e-08,  1.12736590e-07,
       -6.86665602e-06, -7.27929427e-06, -1.91699914e-06,  4.47307413e-06,
        5.28416020e-07,  7.35252512e-06, -2.87483502e-07,  2.03509939e-06,
        2.82487506e-06, -2.01334252e-07, -3.96086818e-07,  2.10604664e-08,
        0.00000000e+00,  2.87483502e-07, -1.18100252e-07, -4.31293175e-07,
        0.00000000e+00,  2.01334252e-07, -1.32329202e-07, -9.42913178e-08,
       -1.75589912e-05, -1.28950525e-05,  2.49608873e-06,  4.31942553e-06,
       -4.82681826e-08,  1.28886401e-05,  7.02237745e-07, -2.97919821e-06,
        1.23054387e-05,  3.91596147e-08, -2.92849119e-08, -2.63000340e-07,
        0.00000000e+00, -7.02237745e-07,  4.83109476e-07,  9.34126896e-07,
        0.00000000e+00, -3.91596147e-08,  7.75530946e-08,  2.69412726e-07,
       -1.10628562e-04, -1.06851990e-04, -3.18778889e-05,  2.36541254e-05,
       -6.70263694e-07,  1.07069183e-04,  1.69536126e-06,  3.03806049e-05,
        8.52569073e-05, -3.11671955e-07,  8.20824144e-07, -4.44797067e-07,
        0.00000000e+00, -1.69536126e-06,  1.49728399e-06,  1.71752938e-06,
        0.00000000e+00,  3.11671955e-07, -1.50560451e-07,  2.27604647e-07,
       -2.23346563e-06, -1.47253680e-04,  5.74666392e-05, -2.25421019e-05,
       -1.08148659e-04,  1.29147342e-04, -5.99076470e-07, -1.13899190e-04,
       -6.76230589e-05,  4.94793384e-07,  1.14166594e-05, -3.50732927e-06,
        0.00000000e+00,  5.99076470e-07, -9.46487121e-07, -1.93638401e-06,
        0.00000000e+00, -4.94793384e-07,  2.26144024e-07, -2.70645160e-07,
        1.19917811e-04,  8.26354868e-04,  1.31344923e-04,  1.36975665e-04,
        3.82939109e-05, -6.93396335e-04,  2.35625638e-06,  8.88153682e-05,
       -1.15802287e-04, -6.44963024e-07, -1.92494410e-05,  6.69526103e-06,
        0.00000000e+00, -2.35625638e-06, -7.61585412e-06, -6.50838314e-06,
        0.00000000e+00,  6.44963024e-07, -1.77792695e-06, -7.99272371e-07,
        4.85787567e-04,  1.50088297e-03,  8.60597275e-04,  5.32696010e-04,
       -4.96745580e-04, -2.50878391e-03,  5.02336476e-07, -1.24840268e-04,
        1.30847594e-04,  7.68190204e-07,  3.02389919e-05,  1.51963946e-05,
        0.00000000e+00, -5.02336476e-07,  2.28155579e-06,  5.33738411e-06,
        0.00000000e+00, -7.68190204e-07, -1.03251976e-06,  9.94500010e-07,
       -4.37266489e-03, -5.99061699e-03,  2.35914890e-03,  6.24028786e-03,
       -1.20985082e-03,  8.84996042e-03,  7.42717797e-06, -2.36625480e-04,
        6.90844508e-04, -1.88299560e-07,  1.28554398e-05, -1.82218911e-05,
        0.00000000e+00, -7.42717797e-06,  2.66261449e-05,  2.93821996e-05,
        0.00000000e+00,  1.88299560e-07,  7.08971032e-07,  5.26896747e-06,
        7.92923620e+00,  1.79768944e+00,  7.57958745e-02, -7.70269952e-03,
        5.58515069e-03, -6.74832396e-04, -5.07771215e-03,  8.71618000e-03,
       -4.79981928e-04, -4.43806070e-04,  1.14459354e-03, -2.43619993e-06,
        4.76211630e-05, -8.04357011e-06,  2.47939250e-05, -5.97027847e-07,
       -2.69769716e-05,  2.80821497e-05,  2.43619993e-06,  0.00000000e+00,
       -1.97868175e-06,  4.81511290e-07,  3.60818835e-06,  5.97027847e-07,
        0.00000000e+00,  1.64268832e+00,  1.91982851e-03,  5.79832124e-02,
       -1.29576067e-02, -1.97023789e-03, -1.52916654e-03, -4.94830886e-03,
        8.60417658e-03,  1.04146163e-03, -9.50254058e-05, -1.68385353e-04,
       -2.43854833e-06,  6.51680429e-05, -1.75211710e-05, -3.28318247e-05,
        1.60095719e-06, -1.24661461e-05,  3.08549766e-05,  2.43854833e-06,
        0.00000000e+00, -1.68866505e-06,  1.75110434e-06,  3.70089752e-06,
       -1.60095719e-06,  0.00000000e+00,  1.02062072e-02, -9.16755844e-05,
       -1.00026931e-02,  2.54764284e-03,  3.74390551e-05, -9.08153240e-04,
        4.28532140e-04, -1.47815756e-03,  4.37234501e-04, -2.11801478e-06,
        1.07063104e-04, -2.18805498e-06, -9.56686787e-06,  1.40080795e-05,
        2.24427187e-06, -1.59850611e-06,  1.91740480e-05,  1.21444793e-05,
        2.18805498e-06,  0.00000000e+00,  5.31201955e-07, -8.02176153e-07,
       -1.06871129e-06,  1.59850611e-06,  0.00000000e+00, -1.36623063e-03,
       -3.12732945e-04,  8.64192705e-04,  2.71591144e-04,  3.02117351e-04,
       -1.48077728e-04,  4.30594471e-04, -4.09006268e-04, -2.53979223e-05,
        2.32556136e-05, -5.40619931e-05, -1.61026063e-06,  4.05269465e-06,
        2.49974159e-07,  8.39018988e-06,  1.14062706e-06, -9.08846736e-06,
       -7.75686497e-06,  1.61026063e-06,  0.00000000e+00,  2.60633954e-07,
        5.73169990e-07,  1.41697802e-06, -1.14062706e-06,  0.00000000e+00,
        1.39136493e-04,  1.81531198e-04, -3.36252883e-05, -6.44291609e-05,
       -9.11750911e-05, -1.05407995e-04, -9.97740370e-05,  8.91795644e-05,
        1.02785802e-04, -7.29975992e-05,  1.64507530e-04, -7.49015845e-07,
        1.68770634e-07, -3.96965559e-06, -8.69616892e-06, -4.93367134e-07,
       -9.02887020e-07, -4.06439962e-07,  7.49015845e-07,  0.00000000e+00,
       -4.42499335e-07, -7.22498222e-07,  3.81283670e-07,  4.93367134e-07,
        0.00000000e+00, -4.03069906e-06, -1.81922297e-05, -3.59885006e-07,
       -1.23728591e-05,  5.24624777e-06,  2.88310324e-05,  3.02921191e-06,
        1.15527877e-05,  6.51917211e-06,  1.26151395e-05, -2.90114218e-05,
       -9.25249575e-07,  1.72594288e-06,  1.03015258e-06, -6.72553590e-06,
        1.71860124e-07,  3.30842384e-07,  1.80389339e-07,  9.25249575e-07,
        0.00000000e+00, -3.64570725e-07, -2.10081193e-07,  2.06363793e-07,
       -1.71860124e-07,  0.00000000e+00,  5.92576238e-06,  4.94550979e-06,
        1.45258214e-06, -5.31812794e-06, -2.08494234e-06, -4.04078418e-06,
       -6.32574101e-06,  4.15520633e-06, -1.90791941e-06, -3.25860941e-06,
        3.90526147e-06, -8.18039143e-07, -1.36372042e-06,  8.96918769e-07,
        1.93498501e-06, -1.07041053e-07,  3.98041957e-07,  1.35522716e-07,
        8.18039143e-07,  0.00000000e+00,  3.11116914e-07,  2.66002839e-07,
       -2.70656006e-08,  1.07041053e-07,  0.00000000e+00, -8.32651973e-07,
       -4.13576814e-07,  1.98462529e-07,  1.74907220e-06,  2.23647663e-07,
       -3.02388717e-07,  9.28525795e-07, -1.84322904e-06, -1.15418891e-06,
        2.65056627e-07,  2.37776316e-07,  3.91167378e-07, -2.35555776e-07,
        6.94402212e-08,  1.08488376e-06,  2.21898093e-07, -7.51274766e-08,
        6.46124004e-08, -3.91167378e-07,  0.00000000e+00, -5.87805760e-08,
        2.47166173e-08,  6.93051494e-08, -2.21898093e-07,  0.00000000e+00,
       -4.82795035e-07, -1.34809595e-06, -4.10073348e-07, -3.73833254e-07,
        3.27800757e-07,  1.68727998e-06,  4.39293478e-07,  4.08645840e-07,
        1.63328052e-06,  8.58628838e-07, -1.38679767e-06, -4.60539301e-08,
        4.14068025e-07,  6.95628822e-08, -1.55588179e-06, -2.91361760e-07,
        1.61666354e-07, -3.00482309e-07,  4.60539301e-08,  0.00000000e+00,
        3.95068799e-08, -1.04375469e-07, -7.73987268e-08,  2.91361760e-07,
        0.00000000e+00], dtype=float64),
                   'Ra_n': Array([ 7.84831301e+00,  1.57968994e+00,  2.06475305e-02, -1.80362092e-03,
        7.23764745e-05, -2.73211575e-06, -1.77723425e-07,  7.41864937e-08,
       -7.98935378e-09], dtype=float64),
                   'Rb_lmn': Array([ 0.00000000e+00,  0.00000000e+00,  0.00000000e+00,  0.00000000e+00,
        0.00000000e+00,  0.00000000e+00,  0.00000000e+00,  0.00000000e+00,
        0.00000000e+00,  0.00000000e+00,  0.00000000e+00,  0.00000000e+00,
        0.00000000e+00,  0.00000000e+00,  0.00000000e+00,  0.00000000e+00,
        0.00000000e+00,  0.00000000e+00,  0.00000000e+00,  0.00000000e+00,
        0.00000000e+00,  0.00000000e+00,  0.00000000e+00,  0.00000000e+00,
        0.00000000e+00,  0.00000000e+00,  0.00000000e+00,  0.00000000e+00,
        0.00000000e+00,  0.00000000e+00,  0.00000000e+00,  0.00000000e+00,
        0.00000000e+00,  0.00000000e+00,  0.00000000e+00,  0.00000000e+00,
       -9.65058559e-05, -5.73790380e-05, -2.18843129e-05, -9.43350104e-05,
        0.00000000e+00,  0.00000000e+00,  0.00000000e+00,  0.00000000e+00,
        1.72665429e-05,  2.12544437e-04,  1.38854522e-04,  1.34582807e-04,
        0.00000000e+00,  0.00000000e+00,  0.00000000e+00,  0.00000000e+00,
       -4.67539108e-04,  7.38038563e-04, -9.91710044e-04,  1.15466856e-03,
        0.00000000e+00,  0.00000000e+00,  0.00000000e+00,  0.00000000e+00,
       -1.19628641e-03,  2.14914957e-03,  2.84639050e-03,  2.58784968e-03,
        8.00000000e+00,  1.80280381e+00,  1.00591842e-03,  4.97843290e-04,
       -4.51579815e-04,  0.00000000e+00,  0.00000000e+00,  0.00000000e+00,
        0.00000000e+00,  1.69578670e+00, -1.57900927e-04, -4.36920015e-03,
       -1.66669692e-03,  1.01233070e-03,  0.00000000e+00,  0.00000000e+00,
        0.00000000e+00,  0.00000000e+00,  6.23010652e-04, -3.71804960e-05,
        1.08269119e-03, -7.88945657e-04,  4.38410062e-04,  0.00000000e+00,
        0.00000000e+00,  0.00000000e+00,  0.00000000e+00, -6.71301239e-05,
        3.55155174e-06, -1.36591980e-04, -2.09896586e-04, -1.55907544e-05,
        0.00000000e+00,  0.00000000e+00,  0.00000000e+00,  0.00000000e+00,
        5.46343907e-06,  1.64556210e-05,  2.00582497e-05,  5.86930953e-05,
        9.44709165e-05,  0.00000000e+00,  0.00000000e+00,  0.00000000e+00,
        0.00000000e+00,  0.00000000e+00,  0.00000000e+00,  0.00000000e+00,
        0.00000000e+00,  0.00000000e+00,  0.00000000e+00,  0.00000000e+00,
        0.00000000e+00,  0.00000000e+00,  0.00000000e+00,  0.00000000e+00,
        0.00000000e+00,  0.00000000e+00,  0.00000000e+00,  0.00000000e+00,
        0.00000000e+00,  0.00000000e+00,  0.00000000e+00,  0.00000000e+00,
        0.00000000e+00,  0.00000000e+00,  0.00000000e+00,  0.00000000e+00,
        0.00000000e+00,  0.00000000e+00,  0.00000000e+00,  0.00000000e+00,
        0.00000000e+00,  0.00000000e+00,  0.00000000e+00,  0.00000000e+00,
        0.00000000e+00,  0.00000000e+00,  0.00000000e+00,  0.00000000e+00,
        0.00000000e+00], dtype=float64),
                   'Te_l': Array([], shape=(0,), dtype=float64),
                   'Ti_l': Array([], shape=(0,), dtype=float64),
                   'Z_lmn': Array([-1.09421380e-06, -3.22189487e-06, -3.54079707e-07, -3.26925036e-06,
        1.01521100e-06, -1.65651023e-06,  1.00783190e-06,  2.14663475e-06,
       -1.18809776e-06,  1.92243590e-06,  1.50850132e-06,  6.52325637e-08,
        3.64272433e-07,  1.05564630e-06,  1.33962536e-06,  2.79216839e-07,
        2.84247962e-07,  1.48008915e-07, -6.52325637e-08,  0.00000000e+00,
        7.61891729e-08,  6.69693032e-08, -1.51527603e-07, -2.79216839e-07,
        0.00000000e+00, -4.95019394e-06, -1.07436230e-05,  1.32781814e-07,
       -6.69934141e-06,  5.92300693e-06, -2.81668876e-06,  5.11313672e-06,
        7.11259798e-06, -4.81601418e-09,  5.32479988e-06,  2.72589824e-06,
       -2.79389164e-07, -1.58421553e-07, -2.35613860e-07, -1.81896867e-08,
       -2.47364172e-07, -5.04183806e-07,  9.07905146e-08,  2.79389164e-07,
        0.00000000e+00, -1.37303038e-07, -1.77642704e-07,  2.30057009e-08,
        2.47364172e-07,  0.00000000e+00, -8.54289582e-06, -1.39681476e-05,
       -1.96199409e-07, -1.11191318e-05,  4.12854406e-06,  5.31910833e-06,
        8.55364719e-06,  1.11442768e-05, -1.76260715e-08,  9.07171862e-06,
       -5.36881458e-06,  5.96843058e-07,  1.96659022e-07, -4.22106805e-07,
       -9.35915434e-08,  5.75040558e-08,  7.67884875e-07,  4.97062492e-08,
       -5.96843058e-07,  0.00000000e+00, -1.12109827e-08,  3.96961716e-07,
        1.11217615e-07, -5.75040558e-08,  0.00000000e+00, -7.64925884e-05,
       -1.64995685e-04, -1.69134602e-06, -1.22248042e-04,  4.63885216e-05,
       -3.03147521e-05,  7.76285187e-05,  1.20805298e-04, -1.47172972e-07,
        1.19748372e-04,  3.04713648e-05,  1.54325191e-06,  1.11788700e-06,
        1.56652818e-06, -4.47902665e-08, -3.59400258e-07, -1.14120865e-06,
       -1.56612765e-07, -1.54325191e-06,  0.00000000e+00, -5.62471235e-07,
       -1.23783771e-07,  1.91963239e-07,  3.59400258e-07,  0.00000000e+00,
       -1.68320451e-05,  4.47883775e-04, -2.01175137e-05, -7.39655396e-05,
       -1.76758402e-04,  1.18637589e-05,  4.56383764e-05,  7.23087773e-05,
       -2.19942804e-05, -1.76610575e-04, -9.99715819e-05, -1.50823410e-06,
       -3.53384992e-06,  4.26833410e-06,  1.18892853e-05,  5.87443950e-07,
        6.07060905e-07, -3.92518886e-07,  1.50823410e-06,  0.00000000e+00,
        5.38321990e-07,  3.91685763e-08,  4.22000460e-08, -5.87443950e-07,
        0.00000000e+00, -6.18410225e-04, -7.62172262e-04,  8.68646671e-04,
        7.81634066e-04,  6.91974857e-04, -8.10058268e-05, -3.22409387e-04,
       -6.66682592e-04,  1.87307432e-04, -7.09526539e-05,  8.80055547e-05,
        1.07185124e-06,  3.54155661e-06, -3.45161328e-06, -1.43655204e-05,
       -1.05234296e-06,  4.55319421e-06, -9.18097071e-06, -1.07185124e-06,
        0.00000000e+00,  4.99088585e-07, -1.04993145e-06, -4.60828072e-07,
        1.05234296e-06,  0.00000000e+00,  1.31682308e-02, -1.90999415e-03,
       -1.04318107e-02,  1.97778414e-03,  6.60987477e-04,  7.70332990e-04,
       -2.12349863e-03, -2.86114772e-03, -6.49288276e-04,  1.01982291e-04,
       -7.56830111e-05, -1.55125233e-06, -8.92562118e-06,  8.22724220e-06,
        1.25949593e-05,  1.15110377e-06, -2.87843616e-06,  8.94263857e-06,
        1.55125233e-06,  0.00000000e+00, -5.56333708e-07,  2.13666078e-06,
       -8.39021127e-07, -1.15110377e-06,  0.00000000e+00,  1.62218278e+00,
       -5.99241989e-03,  6.73034830e-02, -3.73947242e-03,  3.03630078e-03,
        2.03001181e-03,  6.71026132e-03,  8.69944683e-03, -1.15654179e-03,
        3.73435508e-04, -2.61882848e-04,  7.57788889e-06,  1.22844269e-05,
        1.25992484e-05,  3.56245437e-05, -4.43046927e-07, -2.00028050e-05,
        3.04037428e-05, -7.57788889e-06,  0.00000000e+00, -4.64217943e-06,
        2.24328050e-06,  3.67472977e-06,  4.43046927e-07,  0.00000000e+00,
       -1.79257538e+00,  6.74294299e-03,  8.05089029e-04, -9.46397262e-03,
        3.61008232e-04, -8.44239915e-03,  1.01658604e-06, -1.14862804e-03,
       -8.26726499e-04,  3.84262821e-07, -1.42250377e-05, -2.90621266e-05,
        0.00000000e+00, -1.01658604e-06, -1.37617025e-05,  3.90318449e-05,
        0.00000000e+00, -3.84262822e-07, -4.41786140e-06,  6.04209315e-06,
        1.31249979e-03,  1.28037536e-02,  1.37457116e-03, -1.21276499e-03,
       -9.99887502e-04, -8.63316866e-03,  5.20045536e-06,  7.94115916e-05,
       -4.58426491e-05, -1.08487894e-06,  4.82161228e-05,  3.76321565e-05,
        0.00000000e+00, -5.20045536e-06, -3.41669296e-05,  4.56646504e-05,
        0.00000000e+00,  1.08487894e-06, -1.20884549e-06,  4.11086939e-06,
        1.39844787e-06, -1.95153673e-03,  8.03068929e-04,  7.20890694e-05,
       -5.54191319e-04,  1.14360048e-03, -7.57946351e-07, -7.18634065e-05,
       -7.24285262e-05,  1.31056652e-06, -1.65580428e-05, -3.07330804e-05,
        0.00000000e+00,  7.57946351e-07, -7.53866094e-06, -2.08022826e-06,
        0.00000000e+00, -1.31056652e-06,  9.13623291e-07, -1.42934561e-06,
       -4.12294737e-04, -3.28842045e-04, -7.68268437e-05,  3.55676796e-04,
        1.77557093e-04,  4.41098002e-04, -1.21421591e-07,  6.37551938e-05,
        5.22095379e-05, -1.13697625e-06, -4.26892789e-06, -1.63216637e-06,
        0.00000000e+00,  1.21421591e-07,  7.05294543e-06, -4.76221784e-06,
        0.00000000e+00,  1.13697625e-06,  2.35592585e-07, -8.26695547e-07,
        2.16410651e-04,  1.41926975e-04,  6.24839411e-05, -1.10152059e-04,
       -1.97439708e-05, -1.50247080e-04, -3.13017933e-08, -1.51443321e-04,
       -8.13365485e-05,  4.65526799e-07,  9.09247994e-06,  8.35261869e-06,
        0.00000000e+00,  3.13017933e-08,  2.77494402e-08,  1.05095570e-07,
        0.00000000e+00, -4.65526799e-07, -4.82377023e-07,  1.05292202e-06,
       -2.11011372e-05, -1.10609666e-05, -2.83105907e-05,  7.46367833e-06,
       -5.65992569e-06,  5.80996348e-06,  8.12896907e-07,  2.96154086e-05,
        1.32874326e-05, -1.90589817e-07,  5.63423835e-06,  5.00728697e-06,
        0.00000000e+00, -8.12896907e-07, -1.30481790e-06,  3.50026253e-07,
        0.00000000e+00,  1.90589817e-07,  2.56873380e-08,  2.43716163e-07,
        3.60437071e-06,  1.04954425e-05,  7.11269495e-06, -4.93262287e-07,
        2.05982589e-06, -7.44290736e-06,  7.11315761e-07, -6.44303460e-06,
       -2.83730122e-06,  1.15559532e-07, -2.07251852e-06, -2.80681191e-06,
        0.00000000e+00, -7.11315761e-07, -6.69660350e-07, -2.73807200e-07,
        0.00000000e+00, -1.15559532e-07,  1.26926292e-08, -2.45723214e-07,
       -1.25744867e-07, -1.55942917e-07, -7.00915646e-07, -9.11782836e-08,
        5.91832020e-07,  9.85121146e-07, -3.84649777e-07,  4.73933544e-07,
        1.81516232e-07, -2.68043665e-07, -6.86168980e-07, -7.87240592e-07,
        0.00000000e+00,  3.84649777e-07,  2.26982102e-07,  3.54069187e-08,
        0.00000000e+00,  2.68043665e-07,  9.43369592e-08, -4.19376376e-08,
       -1.38141104e-06, -2.17483309e-06, -1.52897513e-06,  3.68439714e-07,
       -1.01131785e-06,  1.15443386e-06,  8.80718165e-08,  1.35804027e-06,
        8.80662101e-07,  2.58350548e-07,  1.17330304e-06,  9.65034807e-07,
        0.00000000e+00, -8.80718165e-08,  1.70934860e-07,  1.32309223e-07,
        0.00000000e+00, -2.58350548e-07, -1.61985191e-07,  5.53644189e-08],      dtype=float64),
                   'Za_n': Array([-2.03854520e-08,  5.12794791e-08, -9.19226055e-10,  1.14691803e-06,
        5.29960170e-05, -1.81250875e-03,  2.14849121e-02,  1.56157263e+00],      dtype=float64),
                   'Zb_lmn': Array([ 0.00000000e+00,  0.00000000e+00,  0.00000000e+00,  0.00000000e+00,
        0.00000000e+00,  0.00000000e+00,  0.00000000e+00,  0.00000000e+00,
        0.00000000e+00,  0.00000000e+00,  0.00000000e+00,  0.00000000e+00,
        0.00000000e+00,  0.00000000e+00,  0.00000000e+00,  0.00000000e+00,
        0.00000000e+00,  0.00000000e+00,  0.00000000e+00,  0.00000000e+00,
        0.00000000e+00,  0.00000000e+00,  0.00000000e+00,  0.00000000e+00,
        0.00000000e+00,  0.00000000e+00,  0.00000000e+00,  0.00000000e+00,
        0.00000000e+00,  0.00000000e+00,  0.00000000e+00,  0.00000000e+00,
        0.00000000e+00,  0.00000000e+00,  0.00000000e+00,  0.00000000e+00,
        5.69328971e-06,  9.51218590e-05,  2.65074040e-06, -8.85003419e-05,
       -1.00627950e-05,  0.00000000e+00,  0.00000000e+00,  0.00000000e+00,
        0.00000000e+00, -6.81322951e-05, -1.36596864e-04,  1.10449930e-04,
       -2.18124283e-06,  1.72481083e-04,  0.00000000e+00,  0.00000000e+00,
        0.00000000e+00,  0.00000000e+00,  6.03439548e-04, -1.14990282e-03,
       -8.72999682e-04,  7.03592617e-04, -6.37532338e-04,  0.00000000e+00,
        0.00000000e+00,  0.00000000e+00,  0.00000000e+00,  1.69620416e+00,
       -2.60268641e-03,  4.97481694e-03,  1.79853270e-03, -1.11724251e-03,
        0.00000000e+00,  0.00000000e+00,  0.00000000e+00,  0.00000000e+00,
        0.00000000e+00,  0.00000000e+00,  0.00000000e+00,  0.00000000e+00,
        3.42365333e-04, -3.57300718e-04, -1.72247619e-03, -1.80282705e+00,
        0.00000000e+00,  0.00000000e+00,  0.00000000e+00,  0.00000000e+00,
       -9.52880225e-04,  1.41981583e-03,  4.21232801e-03,  9.95567956e-05,
        0.00000000e+00,  0.00000000e+00,  0.00000000e+00,  0.00000000e+00,
       -5.69835739e-04,  7.23666861e-04, -8.40098681e-04, -1.02123712e-06,
        0.00000000e+00,  0.00000000e+00,  0.00000000e+00,  0.00000000e+00,
        1.73523758e-04, -6.01870450e-06,  1.09797095e-04, -9.17062050e-06,
        0.00000000e+00,  0.00000000e+00,  0.00000000e+00,  0.00000000e+00,
       -1.11338679e-05, -8.89316306e-05,  1.08543545e-06,  2.50271399e-05,
        0.00000000e+00,  0.00000000e+00,  0.00000000e+00,  0.00000000e+00,
        0.00000000e+00,  0.00000000e+00,  0.00000000e+00,  0.00000000e+00,
        0.00000000e+00,  0.00000000e+00,  0.00000000e+00,  0.00000000e+00,
        0.00000000e+00,  0.00000000e+00,  0.00000000e+00,  0.00000000e+00,
        0.00000000e+00,  0.00000000e+00,  0.00000000e+00,  0.00000000e+00,
        0.00000000e+00,  0.00000000e+00,  0.00000000e+00,  0.00000000e+00,
        0.00000000e+00,  0.00000000e+00,  0.00000000e+00,  0.00000000e+00,
        0.00000000e+00,  0.00000000e+00,  0.00000000e+00,  0.00000000e+00],      dtype=float64),
                   'Zeff_l': Array([], shape=(0,), dtype=float64),
                   'a_lmn': Array([], shape=(0,), dtype=float64),
                   'c_l': Array([0., 0., 0., 0., 0.], dtype=float64),
                   'i_l': Array([], shape=(0,), dtype=float64),
                   'ne_l': Array([], shape=(0,), dtype=float64),
                   'ni_l': Array([], shape=(0,), dtype=float64),
                   'p_l': Array([0., 0., 0., 0., 0.], dtype=float64)}],
               [ { 'G': Array([], shape=(0,), dtype=float64),
                   'I': Array([], shape=(0,), dtype=float64),
                   'L_lmn': Array([ 2.61808077e-07,  2.17998715e-08,  2.50087399e-09,  8.80330281e-09,
        2.03456574e-08,  8.85427857e-07, -2.48766339e-07, -3.97879961e-08,
       -7.86395044e-08,  3.26844883e-07, -1.11947910e-06, -2.96596041e-07,
       -1.83529016e-08,  1.12858507e-07,  5.77091594e-08,  2.83577370e-08,
       -2.83419645e-07,  1.95506926e-07,  3.44673094e-07,  2.37386583e-10,
       -1.00832406e-08,  4.45139852e-09,  2.06365673e-08,  3.52865642e-09,
        1.75179003e-10,  1.35668773e-06,  8.76753115e-07, -8.03319945e-07,
       -2.42757729e-07, -2.13737370e-06,  9.05847964e-07,  9.06971342e-08,
       -4.43268486e-07,  4.98793084e-08,  5.68215757e-07, -1.08988191e-06,
       -2.08061853e-07, -8.74636413e-07,  7.83898668e-07, -6.59209261e-07,
       -2.99257270e-08,  2.53192044e-07,  6.11551963e-08, -2.71152281e-07,
        4.61544945e-08,  3.39306917e-08,  2.38191408e-08,  1.57133000e-08,
        1.61423226e-08,  3.91638944e-09,  5.73605305e-06,  4.05810936e-06,
        3.57390015e-06, -6.68524494e-06, -5.84735659e-06,  2.85447292e-06,
       -7.11723441e-06,  7.95048446e-06,  3.55467227e-06,  3.15367018e-06,
        3.90585997e-07,  5.73271846e-07,  6.76496957e-07, -1.87761897e-06,
        3.60777618e-08, -2.06746663e-07, -6.47920551e-07, -2.81420129e-07,
        1.40319364e-07, -8.93831093e-10, -2.81346816e-08,  2.36112387e-10,
       -2.22505138e-07,  4.28334803e-08,  4.09167790e-09,  3.37785029e-05,
        7.24294172e-05,  1.24853882e-05, -7.21813998e-06, -8.25417328e-05,
       -1.15395054e-05, -4.50570101e-05, -2.37778205e-06, -6.58571217e-06,
        7.68558228e-06, -4.81139854e-06, -8.77494596e-08, -3.35472216e-06,
        4.01825310e-06, -7.06389926e-07,  3.09567605e-07,  1.15428569e-06,
       -5.59384258e-07, -1.18032107e-07,  9.04950991e-08, -3.64902032e-08,
        1.80098414e-07, -8.98223430e-08,  5.81235069e-08,  7.15024001e-09,
       -3.47884255e-04,  2.33890193e-04,  2.81763917e-04,  1.78596674e-04,
       -2.00806006e-04,  2.51281155e-04,  4.29150640e-05,  1.62646030e-04,
        9.15664201e-06,  2.79870764e-05, -2.88690922e-06, -1.86038093e-06,
        1.91559950e-06, -2.22988514e-06, -7.73543952e-06, -6.34776114e-07,
       -6.57355723e-07,  1.07371908e-06,  7.60745602e-07, -5.09603919e-08,
        3.73966538e-08, -3.89994580e-07,  8.95310815e-08,  2.47264830e-08,
        2.05105680e-08,  1.14238941e-03, -1.94059929e-03, -1.36488676e-03,
       -6.92339312e-04,  1.21744203e-03, -3.23319303e-04,  1.28334156e-04,
       -4.41926342e-04, -3.64010920e-07,  4.57344626e-06, -2.81969665e-05,
        7.21818563e-06, -5.14745701e-06,  6.51766846e-07,  1.09906809e-05,
       -3.09384855e-06,  2.07563999e-07, -7.08663829e-07,  1.02157364e-07,
       -9.33774750e-07,  8.67562542e-07,  3.64397891e-07,  1.25794928e-07,
        1.12052978e-07,  1.04869790e-07, -3.41555857e-03,  5.28904512e-03,
       -1.46688341e-03, -6.44310063e-04,  2.76968217e-03,  1.80090514e-03,
        1.13833738e-04,  7.05901181e-06, -2.09187689e-05, -1.28813954e-05,
       -3.52825596e-05, -7.53134135e-06,  6.95265569e-06,  5.52209859e-06,
        7.10846076e-06,  1.78104158e-06, -3.37531745e-06, -4.86463400e-07,
       -3.28240844e-07, -8.25174583e-07,  7.39229120e-08, -8.69642701e-07,
       -4.77100266e-07,  2.00453616e-07,  6.24362119e-08,  1.68435551e-01,
       -2.08804599e-02, -4.70043314e-03, -1.09401403e-02, -1.56610663e-02,
        4.97906866e-03, -5.67700873e-04,  1.20493481e-04, -7.83146710e-05,
        3.02998749e-04, -3.63797357e-05, -1.55327473e-05, -4.37213260e-05,
       -4.20970426e-05, -8.03115069e-06,  3.44366228e-06, -1.66687556e-06,
        4.40766715e-06, -1.05754732e-07,  5.34053553e-07, -2.96859060e-06,
       -3.27241933e-06,  1.07361989e-06, -2.58887686e-07, -7.63151620e-08,
        1.88638495e-02, -6.02914708e-03, -7.33499000e-04,  1.31996084e-02,
       -8.21808943e-05,  6.49161597e-04,  1.53157756e-05, -6.13721974e-05,
        9.32803245e-04, -3.93243462e-06, -2.31784527e-05, -3.71234972e-05,
       -1.00702176e-07,  2.55923744e-06, -2.45783252e-06,  1.77286061e-05,
        9.64448888e-09, -1.02559819e-07, -1.65224543e-07,  9.77293109e-07,
       -5.15585979e-02, -6.46329903e-03,  4.25984549e-03,  4.11742640e-03,
       -3.67543646e-05,  6.74706163e-05, -1.65071991e-05, -1.47029769e-04,
       -6.66954765e-05,  6.99519192e-06,  1.97235231e-05, -2.64988361e-05,
        7.71380637e-07,  1.04766909e-06, -1.14665965e-07, -3.91890420e-06,
       -1.34388526e-07, -2.39388971e-07,  1.01322033e-06,  8.13743898e-07,
        1.54499231e-02, -6.34783469e-04,  1.77433736e-03, -5.66911673e-03,
       -2.78250926e-05, -7.58847938e-04, -6.42941012e-06,  1.63942023e-05,
        1.13616883e-04,  1.87390073e-06, -6.56437119e-06, -1.41801088e-05,
       -7.73116104e-07,  1.89200156e-06,  1.09187989e-06,  2.21146035e-06,
        7.35853355e-08,  1.89135417e-07, -6.82668130e-08, -1.76242022e-06,
        2.19850460e-03, -8.92971708e-04, -3.35784526e-04, -3.15648804e-03,
        1.40008684e-06, -1.97805391e-04,  1.02659570e-05, -1.77686694e-05,
       -5.60314813e-06, -3.33354161e-06,  8.77817776e-06,  7.77446447e-07,
       -1.08479144e-06, -9.85088170e-07,  5.73908703e-07, -3.77116555e-06,
        1.35614624e-07,  1.33084759e-07, -8.62404922e-08, -1.77064931e-07,
       -5.41888708e-04,  3.09272585e-04,  2.12950684e-04,  6.21665399e-04,
       -1.96507578e-06,  5.22638544e-05,  1.81792228e-06,  1.85739142e-05,
       -4.04051764e-06, -8.94321272e-07,  2.57515583e-07,  2.13274014e-06,
       -1.24045547e-07, -3.51925711e-07, -2.93332489e-07,  3.46117128e-07,
        3.07052411e-08,  2.14027877e-07, -1.07170151e-07,  1.43856384e-07,
       -2.27859693e-05,  3.67691541e-05,  1.24101632e-05,  2.50238827e-05,
       -7.28657203e-06, -4.21929666e-05, -4.21483920e-07, -3.12332190e-05,
        1.65346333e-06,  3.25244144e-07,  1.84903283e-07, -2.61627329e-07,
        9.59468375e-08,  2.40420920e-07, -3.70971278e-07, -4.46806111e-07,
       -1.36668563e-08,  4.41322592e-08, -6.03260697e-08,  2.56792315e-07,
       -1.02353504e-05, -4.36151549e-07,  5.05419432e-07,  1.02410618e-05,
        4.20116394e-06,  6.91385935e-07,  4.38496559e-07,  2.95545346e-07,
       -9.04388611e-07, -2.09581834e-07, -7.01698680e-07, -4.15871133e-07,
       -5.62466051e-09,  2.28586805e-07, -1.12858455e-08,  2.57695640e-08,
        1.97150694e-09,  2.78156300e-09,  1.69660205e-08,  4.24587814e-08,
       -8.68955090e-07,  9.21604123e-07,  1.95518070e-06,  3.54310625e-07,
       -2.72848860e-07, -1.22905368e-06, -5.26491413e-07, -1.87477264e-06,
        6.76430824e-07, -3.14533787e-08, -3.35094452e-07,  4.36764156e-07,
        3.88427386e-08,  3.64102828e-08,  5.78897135e-08, -5.38423298e-07,
        4.08816670e-09, -3.65103731e-09, -2.38560793e-08, -1.55379157e-08,
       -1.19632206e-07,  1.05129454e-06,  7.79958034e-07,  1.12877473e-06,
       -1.87695809e-07, -9.34807004e-07, -3.05620393e-07, -9.76437720e-07,
       -8.48563991e-07,  1.95181258e-08,  1.81750755e-07, -3.74683700e-08,
        7.30400761e-09,  3.42855861e-07,  1.43771800e-07, -1.22552718e-07,
        8.54245976e-10,  3.22328502e-09, -2.49636317e-08,  8.32069350e-09],      dtype=float64),
                   'Phi_mn': Array([], shape=(0,), dtype=float64),
                   'Psi': Array([50.], dtype=float64),
                   'R_lmn': Array([-5.00802550e-07,  6.93370595e-07, -6.89006510e-10,  1.56813131e-07,
       -9.72231390e-07, -5.20254986e-07,  5.83517434e-08,  5.24287746e-08,
        3.15762702e-07,  2.73113222e-07,  9.99637380e-07, -3.53511009e-07,
        0.00000000e+00, -5.83517434e-08, -5.17397683e-08,  2.82267173e-08,
        0.00000000e+00, -2.73113222e-07, -2.74059900e-08,  1.80395399e-07,
       -2.73058711e-06, -4.41331693e-07,  6.03318554e-07,  8.27108572e-07,
       -3.47330893e-07,  8.23640934e-07, -5.11817915e-07,  2.64055402e-07,
        8.38724437e-07, -1.76528936e-07,  3.85766837e-07, -2.18971823e-07,
        0.00000000e+00,  5.11817915e-07, -8.67373956e-07,  1.06475410e-06,
        0.00000000e+00,  1.76528936e-07, -3.84359439e-08, -1.63337418e-07,
       -1.01636172e-05, -9.99646398e-07,  4.31995751e-06,  3.10251238e-06,
       -1.00797262e-06,  2.86651847e-06, -8.63670481e-07, -5.22078061e-06,
        8.35384724e-06,  5.79067219e-08,  9.03745502e-07, -2.27879762e-06,
        0.00000000e+00,  8.63670481e-07,  9.00823106e-07, -1.29274238e-06,
        0.00000000e+00, -5.79067219e-08,  1.04227117e-07,  4.11925543e-07,
       -8.94664036e-05, -4.20042535e-05,  9.83954881e-06,  2.32265048e-05,
       -2.85231440e-06,  5.06304202e-05, -8.20020344e-07, -9.62632379e-06,
        5.94758992e-05, -1.60058295e-07,  2.65970467e-06, -8.15511151e-06,
        0.00000000e+00,  8.20020344e-07, -2.13225020e-07,  6.76399969e-06,
        0.00000000e+00,  1.60058295e-07,  1.92609730e-07, -4.71055271e-07,
        4.65783345e-05, -2.33035645e-04, -5.91575597e-05, -3.12990406e-04,
       -2.95395156e-04,  1.88709826e-04, -5.67416913e-06, -1.14567074e-04,
       -1.58432078e-05,  1.91503282e-07,  2.21470908e-06, -1.84921992e-05,
        0.00000000e+00,  5.67416913e-06, -5.16296790e-06, -6.24638081e-06,
        0.00000000e+00, -1.91503282e-07,  9.96990642e-08,  4.97017796e-07,
       -3.79849790e-04,  1.36413818e-03,  3.56632276e-04,  1.12058536e-03,
       -6.14258878e-05, -9.10518416e-04,  4.23278896e-06,  3.32989577e-04,
       -3.31526981e-04, -7.99528925e-09,  4.34243461e-06, -2.77620536e-05,
        0.00000000e+00, -4.23278896e-06, -1.21283996e-05, -2.50955236e-06,
        0.00000000e+00,  7.99528925e-09, -1.09495895e-06, -3.53639989e-06,
        2.77954236e-03, -1.76965684e-03,  2.38662541e-03,  1.06562263e-03,
       -1.58308069e-03, -1.35479458e-03, -6.60725364e-07, -8.03821858e-06,
       -3.65170663e-05,  9.68235236e-07,  3.65037071e-05, -1.51590144e-05,
        0.00000000e+00,  6.60725364e-07,  1.10231367e-05,  4.72603324e-06,
        0.00000000e+00, -9.68235236e-07, -7.70093671e-07,  1.14740061e-06,
        3.08126734e-03, -4.32129748e-03,  7.63430848e-03,  4.78799639e-03,
       -4.11901770e-03,  1.19469034e-02,  1.64548695e-05, -5.10218561e-04,
        7.88555084e-04,  2.16064105e-06,  7.42810042e-05, -3.09379961e-05,
        0.00000000e+00, -1.64548695e-05,  3.19167033e-05,  3.69477576e-05,
        0.00000000e+00, -2.16064105e-06,  3.12757640e-06,  5.85662140e-06,
        7.92734696e+00,  1.80166235e+00,  7.57377539e-02, -5.44142322e-04,
        4.55682446e-03,  7.08585243e-04, -3.14848542e-03,  5.61352267e-03,
       -1.46694411e-03, -3.35169002e-04,  8.75421227e-04,  3.18422395e-06,
        6.48613594e-05, -1.85376737e-05, -1.90114339e-05, -7.96060983e-07,
       -2.42433857e-05, -3.41385171e-06, -3.18422395e-06,  0.00000000e+00,
       -1.08793408e-06,  7.05216055e-07,  1.60606857e-06,  7.96060983e-07,
        0.00000000e+00,  1.62874061e+00,  5.41044517e-05,  6.05828048e-02,
       -1.46018768e-02, -4.02303445e-04, -5.62182161e-03, -1.26757194e-03,
        2.48778344e-03,  3.49561229e-03, -1.74850544e-04,  4.91510022e-06,
       -8.31083999e-06,  4.55296037e-05,  3.12944741e-05, -1.06337945e-04,
       -1.55992613e-06,  7.32398986e-06, -3.58700685e-06,  8.31083999e-06,
        0.00000000e+00,  1.43809753e-06, -5.47208496e-07,  8.62830862e-07,
        1.55992613e-06,  0.00000000e+00,  1.00870420e-02, -1.21654935e-03,
       -1.04229738e-02,  7.77656382e-03,  7.26417372e-04, -1.99572921e-03,
        2.30968199e-03, -4.44510868e-03,  1.30527289e-03,  3.32692088e-04,
       -5.72758202e-04,  8.18940325e-06, -3.46709455e-05,  7.14766526e-05,
       -1.50293481e-05, -2.81018979e-06,  3.76014345e-05, -4.80548701e-07,
       -8.18940325e-06,  0.00000000e+00, -8.51005146e-08,  8.97620824e-07,
       -5.82988486e-06,  2.81018979e-06,  0.00000000e+00, -2.52440064e-03,
       -4.15325752e-04,  8.03232288e-04,  1.60779773e-03,  3.94287683e-04,
       -5.77747817e-04,  1.50487280e-03, -2.03545699e-03, -1.20914362e-05,
        3.78984618e-05, -8.74841866e-05, -5.33367975e-06,  8.58366815e-06,
        1.48093363e-05, -7.69721046e-06,  1.10881689e-06, -6.19016285e-06,
       -1.18311086e-05,  5.33367975e-06,  0.00000000e+00,  2.39562477e-06,
       -1.23025292e-06,  3.06556148e-07, -1.10881689e-06,  0.00000000e+00,
        3.27047485e-04,  9.04718275e-05, -1.80819816e-05, -2.72214779e-04,
       -3.93317148e-05,  1.51685433e-04, -2.91513351e-04,  3.34264736e-04,
        1.90199926e-04,  4.44085609e-06,  3.72412586e-05,  1.25578561e-06,
       -1.86584334e-06, -5.32564474e-06,  1.07842405e-05,  5.71075113e-07,
       -2.94233341e-06,  5.78957503e-07, -1.25578561e-06,  0.00000000e+00,
       -7.54743408e-07,  1.85439754e-07,  1.21701032e-06, -5.71075113e-07,
        0.00000000e+00,  1.04618739e-05, -1.52887974e-05,  5.76402028e-06,
       -4.25141749e-05,  3.44759999e-06,  3.07279196e-05, -1.42829901e-05,
        3.53600502e-05,  2.30682906e-05,  1.27455780e-05, -3.33101349e-05,
        9.37656486e-08, -1.84490471e-06,  7.59995351e-06, -2.26594498e-05,
        1.28092023e-08, -9.04380547e-07,  2.58221526e-06, -9.37656486e-08,
        0.00000000e+00, -9.79993267e-08, -4.45828848e-07, -4.08840783e-07,
       -1.28092023e-08,  0.00000000e+00,  3.25789377e-06,  4.76606321e-07,
       -5.14658350e-07, -5.82236457e-06, -1.06013697e-06,  1.68325244e-07,
       -3.60266457e-06,  6.65596512e-06,  6.03018254e-07,  1.78220582e-07,
       -6.68277626e-07,  9.53868330e-07,  7.51429406e-07, -9.61144423e-07,
       -4.26617255e-07, -1.81757539e-07,  4.05310065e-07,  4.99952382e-07,
       -9.53868330e-07,  0.00000000e+00,  1.07999743e-07,  1.27543875e-07,
       -1.76400999e-07,  1.81757539e-07,  0.00000000e+00,  9.91274812e-08,
       -4.88213931e-07, -1.81686005e-07, -8.73020695e-07,  4.37185916e-07,
       -6.75436232e-08, -2.71093329e-07,  4.75464463e-07,  1.36843425e-06,
        1.82502426e-07, -5.49538817e-08,  1.80854999e-07,  1.06853326e-07,
        7.08349695e-07, -1.40422380e-06, -5.94544626e-08, -1.31474410e-07,
        1.22497505e-07, -1.80854999e-07,  0.00000000e+00,  2.46798527e-07,
       -3.10793463e-07,  3.57895506e-08,  5.94544626e-08,  0.00000000e+00,
        4.38259290e-08, -5.96113501e-07, -4.21140156e-07, -5.81038117e-07,
        1.75227336e-07,  8.46505851e-07, -8.74185232e-08,  1.01508014e-06,
        8.96870257e-07,  3.78414710e-07, -7.68537469e-07, -8.08650190e-08,
        4.38427602e-07, -2.96440278e-07, -8.99428046e-07, -2.96492401e-07,
        4.24714546e-08, -7.79683823e-08,  8.08650190e-08,  0.00000000e+00,
        2.63051485e-08, -1.37601741e-07,  2.55778939e-09,  2.96492401e-07,
        0.00000000e+00], dtype=float64),
                   'Ra_n': Array([ 7.84839477e+00,  1.56684614e+00,  2.28542836e-02, -1.82894817e-03,
        5.47272151e-05, -7.83823114e-06, -4.73542111e-07,  1.49665357e-07,
       -3.45748915e-08], dtype=float64),
                   'Rb_lmn': Array([ 0.00000000e+00,  0.00000000e+00,  0.00000000e+00,  0.00000000e+00,
        0.00000000e+00,  0.00000000e+00,  0.00000000e+00,  0.00000000e+00,
        0.00000000e+00,  0.00000000e+00,  0.00000000e+00,  0.00000000e+00,
        0.00000000e+00,  0.00000000e+00,  0.00000000e+00,  0.00000000e+00,
        0.00000000e+00,  0.00000000e+00,  0.00000000e+00,  0.00000000e+00,
        0.00000000e+00,  0.00000000e+00,  0.00000000e+00,  0.00000000e+00,
        0.00000000e+00,  0.00000000e+00,  0.00000000e+00,  0.00000000e+00,
        0.00000000e+00,  0.00000000e+00,  0.00000000e+00,  0.00000000e+00,
        0.00000000e+00,  0.00000000e+00,  0.00000000e+00,  0.00000000e+00,
       -2.93080748e-04, -1.78887601e-04, -6.23209995e-05, -2.88501660e-04,
        0.00000000e+00,  0.00000000e+00,  0.00000000e+00,  0.00000000e+00,
       -5.81784121e-05,  6.77493453e-04,  4.22321312e-04,  4.06699035e-04,
        0.00000000e+00,  0.00000000e+00,  0.00000000e+00,  0.00000000e+00,
       -1.54734708e-03,  2.38961032e-03, -3.13846303e-03,  3.81337396e-03,
        0.00000000e+00,  0.00000000e+00,  0.00000000e+00,  0.00000000e+00,
       -4.04160912e-03,  7.15600663e-03,  7.60052458e-03,  8.69476657e-03,
        8.00000000e+00,  1.80585977e+00,  5.05154790e-03,  1.58059262e-03,
       -1.48434948e-03,  0.00000000e+00,  0.00000000e+00,  0.00000000e+00,
        0.00000000e+00,  1.68810281e+00, -5.15725547e-04, -1.20833461e-02,
       -5.62049352e-03,  3.39013718e-03,  0.00000000e+00,  0.00000000e+00,
        0.00000000e+00,  0.00000000e+00,  1.93899415e-03, -1.19838455e-04,
        3.40382940e-03, -2.56896796e-03,  1.28441366e-03,  0.00000000e+00,
        0.00000000e+00,  0.00000000e+00,  0.00000000e+00, -2.05316258e-04,
        1.06702297e-05, -4.14080185e-04, -6.77063113e-04, -1.94820906e-05,
        0.00000000e+00,  0.00000000e+00,  0.00000000e+00,  0.00000000e+00,
        1.48315653e-05,  5.26386354e-05,  5.69097518e-05,  1.89505649e-04,
        2.02201177e-04,  0.00000000e+00,  0.00000000e+00,  0.00000000e+00,
        0.00000000e+00,  0.00000000e+00,  0.00000000e+00,  0.00000000e+00,
        0.00000000e+00,  0.00000000e+00,  0.00000000e+00,  0.00000000e+00,
        0.00000000e+00,  0.00000000e+00,  0.00000000e+00,  0.00000000e+00,
        0.00000000e+00,  0.00000000e+00,  0.00000000e+00,  0.00000000e+00,
        0.00000000e+00,  0.00000000e+00,  0.00000000e+00,  0.00000000e+00,
        0.00000000e+00,  0.00000000e+00,  0.00000000e+00,  0.00000000e+00,
        0.00000000e+00,  0.00000000e+00,  0.00000000e+00,  0.00000000e+00,
        0.00000000e+00,  0.00000000e+00,  0.00000000e+00,  0.00000000e+00,
        0.00000000e+00,  0.00000000e+00,  0.00000000e+00,  0.00000000e+00,
        0.00000000e+00], dtype=float64),
                   'Te_l': Array([], shape=(0,), dtype=float64),
                   'Ti_l': Array([], shape=(0,), dtype=float64),
                   'Z_lmn': Array([ 8.79812679e-08, -4.72926077e-07,  2.81038005e-08, -8.37349387e-07,
        2.21079989e-07,  7.78628460e-08, -2.36859935e-07,  6.19402091e-07,
       -3.62789141e-07,  2.62362203e-07,  9.01675330e-08,  6.41658532e-08,
       -1.67571577e-08,  1.61630168e-07,  6.04582854e-07,  2.79267378e-07,
       -1.05161146e-08, -1.68030379e-07, -6.41658532e-08,  0.00000000e+00,
        1.37532025e-07,  5.63171277e-08, -2.41793713e-07, -2.79267378e-07,
        0.00000000e+00, -1.28576930e-06, -1.47568589e-06,  4.43772204e-07,
       -7.95577130e-08,  5.37745369e-07,  5.19832240e-08,  1.45809701e-06,
        3.48176338e-07, -8.83492595e-07,  2.36247323e-07,  5.50296113e-07,
       -3.48324200e-07, -5.42796675e-07,  4.72309667e-09,  7.98754715e-07,
       -1.91080634e-07,  7.01693196e-07, -6.02279337e-07,  3.48324200e-07,
        0.00000000e+00, -7.33032359e-08, -2.73341722e-07,  8.47378795e-08,
        1.91080634e-07,  0.00000000e+00, -2.70831916e-06, -6.17962375e-06,
        3.57229454e-07, -1.52127928e-06,  5.52439599e-07,  2.45125107e-06,
        2.56255982e-06,  3.27184420e-06, -9.70494621e-07,  5.62453622e-06,
       -4.38508816e-06,  8.39119011e-08, -4.01912374e-07, -2.36746782e-06,
        9.02711053e-07,  2.20813451e-07,  2.64793571e-09,  1.93383709e-06,
       -8.39119011e-08,  0.00000000e+00,  1.90442264e-07,  6.16902897e-07,
        6.77835686e-08, -2.20813451e-07,  0.00000000e+00, -2.17811078e-05,
       -6.46576316e-05,  1.41806391e-06, -5.22650012e-05,  1.30265733e-05,
        6.17547973e-06,  2.42513172e-05,  5.82623289e-05, -2.04320289e-06,
        5.18009185e-05, -6.27624672e-06,  1.04229203e-07, -2.82117978e-06,
       -6.25656992e-06,  2.06030644e-06, -8.90501407e-08, -1.69860170e-07,
        1.00766986e-07, -1.04229203e-07,  0.00000000e+00, -1.06709346e-06,
        2.59242207e-07, -1.71035467e-08,  8.90501407e-08,  0.00000000e+00,
       -5.02305796e-05,  8.17186030e-04,  1.57586881e-05, -1.00301947e-04,
       -4.25727558e-04, -1.80984877e-04,  6.18429413e-05,  1.19754926e-04,
       -4.04056509e-05, -1.01636129e-04, -9.00193963e-05, -4.73333441e-06,
       -1.24921286e-05, -7.62390891e-06,  5.90185321e-06,  2.62192006e-07,
        2.76236472e-06, -2.50069927e-06,  4.73333441e-06,  0.00000000e+00,
        6.46232498e-07, -2.25843205e-07, -8.15886548e-07, -2.62192007e-07,
        0.00000000e+00, -6.17770430e-04, -2.29738200e-03,  8.80736696e-04,
        1.15583482e-03,  1.88954799e-03, -3.50971373e-04, -4.67110394e-04,
       -8.08996325e-04,  5.92544330e-04, -2.91170906e-05,  3.43341669e-04,
       -2.82521958e-07, -5.39390328e-06, -2.17801611e-06,  1.69143451e-05,
        3.43413267e-07,  1.38483700e-05, -1.55837398e-05,  2.82521958e-07,
        0.00000000e+00,  1.30313304e-06, -2.80574195e-06,  1.59866300e-07,
       -3.43413267e-07,  0.00000000e+00,  1.47211489e-02, -6.09510699e-03,
       -1.12830798e-02, -4.28526102e-04,  2.22843227e-03,  2.16362962e-03,
       -1.52367265e-03, -2.28705603e-03, -1.77794068e-03,  9.43831395e-05,
        1.10112639e-04, -7.06727308e-06, -1.82169401e-05, -9.24915827e-06,
       -1.33974660e-06,  1.73975777e-06, -5.20549194e-06,  1.96523680e-05,
        7.06727308e-06,  0.00000000e+00, -3.60495310e-07,  5.98965919e-07,
       -1.26894986e-08, -1.73975777e-06,  0.00000000e+00,  1.61206979e+00,
       -1.39876420e-02,  6.90854376e-02,  3.48306988e-03,  5.01982618e-03,
        6.49165403e-03,  8.33429182e-03,  1.06224310e-02, -3.45716843e-03,
        1.74859232e-04, -4.35212702e-04,  1.50057109e-05,  1.52456653e-05,
        1.30644745e-05,  1.05766531e-04,  8.82560775e-07, -1.58003209e-05,
        2.88355721e-05, -1.50057109e-05,  0.00000000e+00, -5.18422433e-06,
        1.75844269e-06,  2.67433722e-06, -8.82560775e-07,  0.00000000e+00,
       -1.79484695e+00, -2.28731191e-03, -3.03947609e-04, -1.02686493e-02,
        1.00018722e-03, -4.76973969e-03, -3.12652945e-06, -8.30638848e-04,
       -5.84013097e-04,  1.04040353e-06,  4.99067845e-06, -7.69426246e-05,
        0.00000000e+00,  3.12652945e-06,  8.77277005e-06,  1.38179146e-05,
        0.00000000e+00, -1.04040353e-06, -3.83767128e-06,  1.07063797e-06,
        3.91546179e-04,  1.55819479e-02,  5.10225938e-03, -3.01995785e-06,
       -3.28678127e-03, -3.43786059e-03,  1.22175513e-05, -1.90547086e-04,
       -7.61236991e-05, -3.58302766e-08,  1.41937286e-04,  7.72628793e-05,
        0.00000000e+00, -1.22175513e-05, -5.06874072e-06,  5.63246789e-06,
        0.00000000e+00,  3.58302766e-08,  1.40542109e-06,  4.88554511e-06,
       -1.18160041e-03, -6.16522251e-03,  1.77736378e-03,  9.35873889e-04,
       -1.92255742e-03,  3.62908243e-03, -1.14887767e-05,  6.05019905e-04,
        2.64646277e-04,  3.47036362e-06, -2.36892816e-05, -5.61756992e-05,
        0.00000000e+00,  1.14887767e-05,  4.85725499e-06, -2.46875460e-05,
        0.00000000e+00, -3.47036362e-06,  4.58019698e-06, -5.46966041e-06,
       -5.83197682e-04, -1.74822799e-03, -1.49224543e-04,  4.73286685e-04,
        4.93378467e-04,  2.07802863e-03,  1.97612906e-06,  1.12063398e-04,
        9.19720752e-05, -7.16586045e-07,  1.16019718e-05,  9.42239053e-06,
        0.00000000e+00, -1.97612906e-06,  7.95825136e-06, -1.01594977e-05,
        0.00000000e+00,  7.16586045e-07,  1.01750886e-06, -5.71820420e-07,
        1.44296404e-04,  4.51642616e-04, -2.46258189e-04, -6.79193232e-05,
       -8.47008525e-05, -4.45733724e-04,  1.93523247e-07, -2.49683070e-05,
       -5.87236430e-06, -3.85549001e-07, -1.31507625e-05, -8.27945950e-07,
        0.00000000e+00, -1.93523247e-07, -1.48846761e-06,  4.43754600e-06,
        0.00000000e+00,  3.85549001e-07, -1.44502726e-06,  9.41061823e-07,
       -1.06076476e-06,  2.01719272e-06, -2.84356326e-05, -5.94748716e-06,
       -2.18760863e-05, -1.29230530e-05,  8.77150748e-07,  3.19480095e-05,
        3.98454954e-06,  4.02561328e-08,  2.16727642e-05,  9.95010905e-06,
        0.00000000e+00, -8.77150748e-07, -3.51237685e-06,  3.02370238e-06,
        0.00000000e+00, -4.02561328e-08,  2.03322064e-07,  9.55751191e-07,
       -2.83303404e-06,  6.61739199e-06, -3.25562991e-06,  1.63273824e-06,
       -2.79369491e-07, -6.48201726e-06, -7.26378868e-07,  2.48476719e-06,
        7.62779625e-07,  2.98477376e-07,  2.04414924e-07,  8.82100052e-08,
        0.00000000e+00,  7.26378868e-07,  7.70862719e-07,  4.37516174e-07,
        0.00000000e+00, -2.98477376e-07,  7.49545672e-08, -2.23584735e-07,
       -8.81361736e-07, -2.86207177e-07,  2.39036117e-07,  4.66580854e-07,
       -1.27564994e-06,  6.42807154e-08, -2.02183357e-07, -1.89018363e-07,
        8.98932705e-07,  5.48684409e-08,  1.32995537e-06, -6.01619138e-08,
        0.00000000e+00,  2.02183357e-07, -5.00177544e-08, -4.84151823e-07,
        0.00000000e+00, -5.48684410e-08, -5.43054250e-08,  2.82088376e-07,
       -7.36093219e-07, -7.86100361e-07, -5.86716846e-07,  3.11507405e-07,
       -2.97925811e-07,  2.63477055e-09,  1.53741063e-07,  6.17687760e-07,
        4.09700352e-07,  2.74976811e-07,  5.36983658e-07,  7.57266476e-07,
        0.00000000e+00, -1.53741063e-07, -3.09709142e-08,  1.48854618e-08,
        0.00000000e+00, -2.74976811e-07, -2.39057846e-07,  2.61991140e-08],      dtype=float64),
                   'Za_n': Array([-2.26932856e-08,  1.98048942e-07,  8.93658386e-08,  2.80623174e-06,
        8.99203456e-06, -1.95892048e-03,  2.44984125e-02,  1.55129821e+00],      dtype=float64),
                   'Zb_lmn': Array([ 0.00000000e+00,  0.00000000e+00,  0.00000000e+00,  0.00000000e+00,
        0.00000000e+00,  0.00000000e+00,  0.00000000e+00,  0.00000000e+00,
        0.00000000e+00,  0.00000000e+00,  0.00000000e+00,  0.00000000e+00,
        0.00000000e+00,  0.00000000e+00,  0.00000000e+00,  0.00000000e+00,
        0.00000000e+00,  0.00000000e+00,  0.00000000e+00,  0.00000000e+00,
        0.00000000e+00,  0.00000000e+00,  0.00000000e+00,  0.00000000e+00,
        0.00000000e+00,  0.00000000e+00,  0.00000000e+00,  0.00000000e+00,
        0.00000000e+00,  0.00000000e+00,  0.00000000e+00,  0.00000000e+00,
        0.00000000e+00,  0.00000000e+00,  0.00000000e+00,  0.00000000e+00,
        1.55251537e-05,  2.92584707e-04,  1.16032267e-05, -2.73504972e-04,
       -3.53196843e-05,  0.00000000e+00,  0.00000000e+00,  0.00000000e+00,
        0.00000000e+00, -2.08234898e-04, -4.23102740e-04,  3.41854738e-04,
       -2.32134441e-05,  6.09618541e-04,  0.00000000e+00,  0.00000000e+00,
        0.00000000e+00,  0.00000000e+00,  1.89581906e-03, -3.77749708e-03,
       -2.72423232e-03,  2.29339463e-03, -1.77929312e-03,  0.00000000e+00,
        0.00000000e+00,  0.00000000e+00,  0.00000000e+00,  1.68949958e+00,
       -8.80875688e-03,  1.41203238e-02,  6.08527690e-03, -3.34872757e-03,
        0.00000000e+00,  0.00000000e+00,  0.00000000e+00,  0.00000000e+00,
        0.00000000e+00,  0.00000000e+00,  0.00000000e+00,  0.00000000e+00,
        1.00134023e-03, -1.12581369e-03, -7.13292359e-03, -1.80568580e+00,
        0.00000000e+00,  0.00000000e+00,  0.00000000e+00,  0.00000000e+00,
       -3.14343856e-03,  4.90664356e-03,  1.22262357e-02,  3.18034990e-04,
        0.00000000e+00,  0.00000000e+00,  0.00000000e+00,  0.00000000e+00,
       -1.94166650e-03,  2.38724094e-03, -2.59778544e-03, -5.76779282e-06,
        0.00000000e+00,  0.00000000e+00,  0.00000000e+00,  0.00000000e+00,
        5.05997947e-04, -2.92028933e-05,  3.38651217e-04, -2.80984199e-05,
        0.00000000e+00,  0.00000000e+00,  0.00000000e+00,  0.00000000e+00,
       -9.92966423e-05, -2.72714963e-04,  6.02200773e-06,  7.49422624e-05,
        0.00000000e+00,  0.00000000e+00,  0.00000000e+00,  0.00000000e+00,
        0.00000000e+00,  0.00000000e+00,  0.00000000e+00,  0.00000000e+00,
        0.00000000e+00,  0.00000000e+00,  0.00000000e+00,  0.00000000e+00,
        0.00000000e+00,  0.00000000e+00,  0.00000000e+00,  0.00000000e+00,
        0.00000000e+00,  0.00000000e+00,  0.00000000e+00,  0.00000000e+00,
        0.00000000e+00,  0.00000000e+00,  0.00000000e+00,  0.00000000e+00,
        0.00000000e+00,  0.00000000e+00,  0.00000000e+00,  0.00000000e+00,
        0.00000000e+00,  0.00000000e+00,  0.00000000e+00,  0.00000000e+00],      dtype=float64),
                   'Zeff_l': Array([], shape=(0,), dtype=float64),
                   'a_lmn': Array([], shape=(0,), dtype=float64),
                   'c_l': Array([0., 0., 0., 0., 0.], dtype=float64),
                   'i_l': Array([], shape=(0,), dtype=float64),
                   'ne_l': Array([], shape=(0,), dtype=float64),
                   'ni_l': Array([], shape=(0,), dtype=float64),
                   'p_l': Array([0., 0., 0., 0., 0.], dtype=float64)}],
               [ { 'G': Array([], shape=(0,), dtype=float64),
                   'I': Array([], shape=(0,), dtype=float64),
                   'L_lmn': Array([ 2.70865853e-07,  3.72530008e-08,  2.08451255e-08,  6.99267763e-09,
        2.94472040e-08,  8.79009979e-07, -2.84106017e-07, -3.00896759e-08,
       -6.89458041e-08,  3.03118050e-07, -1.09657902e-06, -2.92718575e-07,
       -9.64803071e-09,  1.04407634e-07,  4.87674104e-08,  2.86206392e-08,
       -2.84563218e-07,  1.79159103e-07,  3.40126763e-07,  4.28315936e-10,
       -9.05408783e-09,  4.37131923e-09,  1.94768880e-08,  3.49370804e-09,
        3.19871714e-10,  1.38384723e-06,  8.71626123e-07, -7.17991548e-07,
       -2.77109387e-07, -2.08119779e-06,  9.91465917e-07, -3.68588360e-08,
       -3.86439025e-07,  1.02531344e-07,  5.41603918e-07, -1.19912886e-06,
       -2.06632914e-07, -8.59174779e-07,  7.61720723e-07, -7.10610421e-07,
       -3.05377688e-08,  2.27718515e-07,  8.42845095e-08, -2.72656190e-07,
        4.52675861e-08,  3.24284109e-08,  2.21859224e-08,  1.21269396e-08,
        1.64832942e-08,  3.38855443e-09,  5.60566539e-06,  4.03017744e-06,
        3.94862790e-06, -6.65668037e-06, -5.86635259e-06,  2.74615875e-06,
       -7.39768871e-06,  7.99981767e-06,  3.52114716e-06,  3.20070951e-06,
        5.30954791e-07,  5.52294805e-07,  7.13925190e-07, -1.95401480e-06,
        6.76878206e-08, -2.06921947e-07, -6.47584552e-07, -3.15754710e-07,
        1.63254928e-07, -2.00832632e-09, -2.79495832e-08, -8.33688373e-09,
       -2.17257075e-07,  4.14857372e-08,  3.99004424e-09,  3.23300809e-05,
        7.18850828e-05,  1.63168941e-05, -7.46881499e-06, -8.20976881e-05,
       -1.05728125e-05, -4.73716765e-05, -2.17599027e-06, -6.54201705e-06,
        7.82518664e-06, -5.83742799e-06, -8.50980019e-08, -3.43564909e-06,
        4.07351303e-06, -7.54269961e-07,  3.12929636e-07,  1.11187841e-06,
       -4.88397254e-07, -1.16643118e-07,  8.92670524e-08, -3.95816247e-08,
        1.80969931e-07, -7.99916240e-08,  5.54925343e-08,  6.41752801e-09,
       -3.30877229e-04,  2.16273195e-04,  2.68822031e-04,  1.74775797e-04,
       -1.82975664e-04,  2.52031617e-04,  3.88779146e-05,  1.66545666e-04,
        9.17765641e-06,  2.77993340e-05, -3.27947963e-06, -1.88387057e-06,
        1.90234453e-06, -2.19278810e-06, -7.74542352e-06, -6.26777394e-07,
       -6.61182642e-07,  1.01266804e-06,  7.88127030e-07, -4.91914889e-08,
        4.28044375e-08, -3.75372216e-07,  9.50047950e-08,  2.26100957e-08,
        2.02864048e-08,  1.14299605e-03, -1.92832851e-03, -1.37857789e-03,
       -6.85369935e-04,  1.20550657e-03, -3.24413773e-04,  1.41463251e-04,
       -4.49727931e-04, -6.07681374e-07,  3.88089789e-06, -2.72666994e-05,
        7.31881141e-06, -5.22485233e-06,  4.84609520e-07,  1.12161466e-05,
       -3.08421001e-06,  2.59526759e-07, -7.18932099e-07,  2.21026488e-08,
       -9.43519821e-07,  8.52968305e-07,  3.52114440e-07,  1.34221290e-07,
        1.16937110e-07,  1.05105242e-07, -3.41371838e-03,  5.37575650e-03,
       -1.45177309e-03, -6.53038176e-04,  2.68541146e-03,  1.80205350e-03,
        9.72663564e-05,  1.69555837e-05, -2.07644454e-05, -1.39460926e-05,
       -3.46764103e-05, -7.51746075e-06,  6.76850636e-06,  5.64498594e-06,
        6.98659214e-06,  1.79969134e-06, -3.38050366e-06, -4.89227650e-07,
       -3.92413776e-07, -8.08095956e-07,  3.41625963e-08, -8.32895105e-07,
       -5.10641291e-07,  2.01799363e-07,  6.33420588e-08,  1.68424890e-01,
       -2.08268256e-02, -4.70545417e-03, -1.09266834e-02, -1.57126546e-02,
        4.98109596e-03, -5.51791955e-04,  1.08145390e-04, -7.88676708e-05,
        3.01410612e-04, -3.30589894e-05, -1.55519248e-05, -4.37551735e-05,
       -4.22424935e-05, -7.98381468e-06,  3.47706754e-06, -1.63172238e-06,
        4.33731495e-06, -9.00604436e-08,  5.22114310e-07, -2.97686243e-06,
       -3.26903135e-06,  1.05188840e-06, -2.56706265e-07, -7.61692449e-08,
        1.89795257e-02, -6.02143132e-03, -7.37611494e-04,  1.30887831e-02,
       -8.27631223e-05,  6.43552383e-04,  1.52728954e-05, -5.92657324e-05,
        9.30268303e-04, -3.96320176e-06, -2.34944689e-05, -3.64812131e-05,
       -1.11100945e-07,  2.60597486e-06, -2.51176582e-06,  1.79239655e-05,
        1.03136970e-08, -9.74677197e-08, -1.72279889e-07,  9.60347650e-07,
       -5.14969073e-02, -6.46099510e-03,  4.26729258e-03,  4.05286529e-03,
       -3.69413725e-05,  6.78383743e-05, -1.65032648e-05, -1.49870970e-04,
       -6.39029015e-05,  6.97881499e-06,  1.99946832e-05, -2.74111977e-05,
        7.93094532e-07,  1.00728980e-06,  4.01684411e-08, -4.09622953e-06,
       -1.36457237e-07, -2.46325281e-07,  1.03016448e-06,  8.08139898e-07,
        1.53478030e-02, -6.27757827e-04,  1.77398899e-03, -5.56377804e-03,
       -2.78532125e-05, -7.65358706e-04, -6.37583085e-06,  1.87994052e-05,
        1.11680846e-04,  1.88018175e-06, -6.61944359e-06, -1.37587575e-05,
       -7.84776643e-07,  1.81107421e-06,  9.55292470e-07,  2.37397252e-06,
        7.49164018e-08,  1.91274975e-07, -5.47319731e-08, -1.74258992e-06,
        2.11255065e-03, -9.09754325e-04, -3.36385587e-04, -3.07275953e-03,
        1.31473290e-06, -1.81969532e-04,  1.02196196e-05, -1.73364670e-05,
       -3.58611732e-06, -3.31596010e-06,  8.89318384e-06,  6.53605119e-07,
       -1.07404036e-06, -9.32189564e-07,  5.37925724e-07, -3.85644120e-06,
        1.34311299e-07,  1.32471530e-07, -1.16529469e-07, -1.44268043e-07,
       -5.37333813e-04,  3.08740043e-04,  2.11701870e-04,  6.18663017e-04,
       -1.74875544e-06,  5.27134403e-05,  1.85910352e-06,  2.01048147e-05,
       -5.66464736e-06, -8.87399357e-07,  4.03965289e-08,  2.36531700e-06,
       -1.25987836e-07, -3.88289552e-07, -3.00960927e-07,  4.26369492e-07,
        3.14925759e-08,  2.13496383e-07, -9.71246504e-08,  1.38331698e-07,
       -2.37868616e-05,  3.54678930e-05,  1.26038115e-05,  2.58014078e-05,
       -7.33550772e-06, -4.09884220e-05, -4.42948676e-07, -3.13933026e-05,
        1.95911211e-06,  3.28505494e-07,  2.32158354e-07, -1.56142106e-07,
        9.63991763e-08,  2.65828283e-07, -3.91427721e-07, -5.27778087e-07,
       -1.38440192e-08,  4.37426783e-08, -5.91320894e-08,  2.51897609e-07,
       -9.96188259e-06, -3.79134660e-07,  5.24595150e-07,  1.00396611e-05,
        4.22939756e-06,  6.36908634e-07,  4.42748271e-07,  2.83244000e-07,
       -1.05384135e-06, -2.09515889e-07, -7.28246689e-07, -4.20584753e-07,
       -6.85199545e-09,  2.27182917e-07, -2.05405699e-08,  1.05440037e-07,
        2.34050739e-09,  2.62098430e-09,  1.61267644e-08,  4.51295551e-08,
       -7.82489494e-07,  9.00055553e-07,  1.97848650e-06,  3.33092127e-07,
       -2.38439929e-07, -1.23210444e-06, -5.16687936e-07, -1.90376402e-06,
        6.48477375e-07, -3.18033636e-08, -3.70524248e-07,  4.62184609e-07,
        3.79659153e-08,  2.75945307e-08,  6.35374455e-08, -5.78214745e-07,
        3.71395490e-09, -3.09892184e-09, -1.97435769e-08, -1.84196647e-08,
       -1.18114901e-07,  1.02916793e-06,  7.89156062e-07,  1.16018015e-06,
       -1.87718154e-07, -8.94161841e-07, -3.02253413e-07, -9.86283810e-07,
       -9.03414482e-07,  1.97947243e-08,  1.82055260e-07, -5.64434691e-08,
        7.36034454e-09,  3.39600019e-07,  1.44427910e-07, -1.00710523e-07,
        1.08933176e-09,  2.93903816e-09, -2.49234463e-08,  6.67093950e-09],      dtype=float64),
                   'Phi_mn': Array([], shape=(0,), dtype=float64),
                   'Psi': Array([50.], dtype=float64),
                   'R_lmn': Array([-5.28242471e-07,  6.74529110e-07,  7.26855449e-09,  1.66691932e-07,
       -9.67195355e-07, -5.13411114e-07,  5.11940458e-08,  4.23912830e-08,
        3.44877578e-07,  2.70560853e-07,  9.84376422e-07, -3.36105719e-07,
        0.00000000e+00, -5.11940458e-08, -4.96598375e-08,  1.66729605e-08,
        0.00000000e+00, -2.70560853e-07, -1.71810669e-08,  1.74987724e-07,
       -2.83149064e-06, -4.03227773e-07,  6.71410014e-07,  8.23542852e-07,
       -4.12630863e-07,  7.71103365e-07, -5.48556643e-07,  1.87818672e-07,
        9.63923498e-07, -1.75843929e-07,  4.66672411e-07, -2.22213974e-07,
        0.00000000e+00,  5.48556643e-07, -8.59228685e-07,  1.04402429e-06,
        0.00000000e+00,  1.75843929e-07, -5.40415488e-08, -1.45661618e-07,
       -1.01496149e-05, -1.11957482e-06,  4.26870399e-06,  2.88296160e-06,
       -9.46495652e-07,  2.98040474e-06, -8.34436417e-07, -5.24176903e-06,
        8.62634574e-06,  7.53372864e-08,  8.15645670e-07, -2.26565781e-06,
        0.00000000e+00,  8.34436417e-07,  9.73065046e-07, -1.35969247e-06,
        0.00000000e+00, -7.53372864e-08,  1.30849982e-07,  4.04827887e-07,
       -8.91738202e-05, -4.10832970e-05,  9.97152880e-06,  2.03719611e-05,
       -3.60075457e-06,  4.99657402e-05, -8.28617022e-07, -9.66917632e-06,
        6.20004835e-05, -1.64648609e-07,  3.45771408e-06, -8.45876661e-06,
        0.00000000e+00,  8.28617022e-07, -3.02352479e-07,  6.80137561e-06,
        0.00000000e+00,  1.64648609e-07,  1.43040490e-07, -4.23676653e-07,
        2.03904662e-05, -2.20854130e-04, -5.63278263e-05, -2.93435694e-04,
       -2.95997131e-04,  1.76446037e-04, -5.66592920e-06, -1.17584701e-04,
       -9.44395115e-06,  2.12175728e-07,  2.46819015e-06, -1.84574676e-05,
        0.00000000e+00,  5.66592920e-06, -5.11655986e-06, -6.14786064e-06,
        0.00000000e+00, -2.12175728e-07,  1.45965532e-07,  4.85791761e-07,
       -3.68057733e-04,  1.35496666e-03,  3.52384532e-04,  1.12586117e-03,
       -6.03101745e-05, -9.01922712e-04,  4.37677312e-06,  3.37957231e-04,
       -3.47719653e-04, -6.38392813e-08,  3.63332179e-06, -2.68853775e-05,
        0.00000000e+00, -4.37677312e-06, -1.17846932e-05, -2.38916652e-06,
        0.00000000e+00,  6.38392813e-08, -1.14639062e-06, -3.52792060e-06,
        2.76157538e-03, -1.82928750e-03,  2.39243601e-03,  1.06138759e-03,
       -1.58431213e-03, -1.29720929e-03, -7.53268487e-07, -1.46394079e-05,
       -1.58386729e-05,  9.38348796e-07,  3.61712824e-05, -1.47719034e-05,
        0.00000000e+00,  7.53268487e-07,  1.08060128e-05,  5.01703923e-06,
        0.00000000e+00, -9.38348796e-07, -7.40210856e-07,  1.13588236e-06,
        3.11426234e-03, -4.36014437e-03,  7.62175193e-03,  4.77870202e-03,
       -4.12121605e-03,  1.19848608e-02,  1.64359870e-05, -4.98485971e-04,
        7.64375762e-04,  2.13578071e-06,  7.19099289e-05, -2.98587068e-05,
        0.00000000e+00, -1.64359870e-05,  3.16205453e-05,  3.66166701e-05,
        0.00000000e+00, -2.13578071e-06,  3.14115457e-06,  5.86687415e-06,
        7.92729456e+00,  1.80166057e+00,  7.57349795e-02, -4.64325452e-04,
        4.55585212e-03,  7.15441717e-04, -3.09359327e-03,  5.53395333e-03,
       -1.47050526e-03, -3.32460275e-04,  8.71471011e-04,  3.23361721e-06,
        6.51449692e-05, -1.91054130e-05, -1.86042070e-05, -7.94437816e-07,
       -2.41738953e-05, -3.54800095e-06, -3.23361721e-06,  0.00000000e+00,
       -1.08886245e-06,  7.88205403e-07,  1.53897744e-06,  7.94437816e-07,
        0.00000000e+00,  1.62871252e+00,  5.37938289e-05,  6.05845981e-02,
       -1.45617179e-02, -4.02603262e-04, -5.62061344e-03, -1.24010450e-03,
        2.44523367e-03,  3.50226604e-03, -1.74338076e-04,  5.65518154e-06,
       -8.55574326e-06,  4.41756538e-05,  3.36800163e-05, -1.08579986e-04,
       -1.56751355e-06,  7.55071139e-06, -4.40641500e-06,  8.55574326e-06,
        0.00000000e+00,  1.50930307e-06, -7.37941237e-07,  9.27691251e-07,
        1.56751355e-06,  0.00000000e+00,  1.01350455e-02, -1.22067182e-03,
       -1.04243734e-02,  7.71074854e-03,  7.28281482e-04, -1.98934406e-03,
        2.26325546e-03, -4.37602074e-03,  1.30461552e-03,  3.35157538e-04,
       -5.78873282e-04,  8.38265701e-06, -3.39718162e-05,  6.97708236e-05,
       -1.29112329e-05, -2.75569453e-06,  3.73892816e-05,  1.54141241e-07,
       -8.38265701e-06,  0.00000000e+00, -1.82640098e-07,  9.98129198e-07,
       -5.79161542e-06,  2.75569453e-06,  0.00000000e+00, -2.48640777e-03,
       -4.06217060e-04,  8.03898130e-04,  1.54951478e-03,  3.90589456e-04,
       -5.88969712e-04,  1.46667565e-03, -1.97844490e-03, -1.27667229e-05,
        3.23054166e-05, -7.76381320e-05, -5.38244973e-06,  7.91260890e-06,
        1.57980441e-05, -7.24418448e-06,  1.06468925e-06, -6.04231913e-06,
       -1.15415614e-05,  5.38244973e-06,  0.00000000e+00,  2.45381335e-06,
       -1.25587934e-06,  2.91293826e-07, -1.06468925e-06,  0.00000000e+00,
        3.24959441e-04,  9.12688324e-05, -1.87824395e-05, -2.67941248e-04,
       -3.94692049e-05,  1.50859105e-04, -2.89369898e-04,  3.31159830e-04,
        1.89382821e-04,  3.92885397e-06,  3.80380318e-05,  1.41800569e-06,
       -1.15833199e-06, -6.46427882e-06,  1.18762452e-05,  5.90865628e-07,
       -3.07671380e-06,  7.56794413e-07, -1.41800569e-06,  0.00000000e+00,
       -8.11143713e-07,  2.07599799e-07,  1.23491040e-06, -5.90865628e-07,
        0.00000000e+00,  1.08461164e-05, -1.45377492e-05,  5.79890882e-06,
       -4.30381954e-05,  3.20249249e-06,  2.95959639e-05, -1.47141053e-05,
        3.56962963e-05,  2.32386106e-05,  1.22774839e-05, -3.20752244e-05,
        5.15690348e-08, -1.87885855e-06,  7.82157892e-06, -2.28019863e-05,
       -9.26159509e-10, -9.42227169e-07,  2.47926049e-06, -5.15690348e-08,
        0.00000000e+00, -5.20613231e-08, -4.79679880e-07, -4.36624275e-07,
        9.26159509e-10,  0.00000000e+00,  3.14814285e-06,  4.40077870e-07,
       -5.32165186e-07, -5.60454672e-06, -1.08297955e-06,  1.55934779e-07,
       -3.46361952e-06,  6.49481422e-06,  6.14257014e-07,  2.16400936e-07,
       -6.53434697e-07,  9.80604452e-07,  7.69052399e-07, -1.06679974e-06,
       -4.30927749e-07, -1.79824536e-07,  4.26500745e-07,  4.97499917e-07,
       -9.80604452e-07,  0.00000000e+00,  7.85894563e-08,  1.76532242e-07,
       -1.83329264e-07,  1.79824536e-07,  0.00000000e+00,  5.95472588e-08,
       -4.58564458e-07, -2.01051208e-07, -8.34825520e-07,  4.23139388e-07,
       -9.95152992e-08, -2.47790177e-07,  4.88170139e-07,  1.38475830e-06,
        1.70160946e-07, -5.44141428e-08,  2.02775252e-07,  1.26808965e-07,
        6.79735052e-07, -1.42458308e-06, -5.30309474e-08, -1.34735876e-07,
        1.53929442e-07, -2.02775252e-07,  0.00000000e+00,  2.62485162e-07,
       -3.33079671e-07,  3.98247812e-08,  5.30309474e-08,  0.00000000e+00,
        4.46039358e-08, -5.87610782e-07, -4.38352025e-07, -5.71133383e-07,
        1.65279336e-07,  8.30419878e-07, -7.87068762e-08,  1.01459455e-06,
        9.01416404e-07,  3.71743027e-07, -7.40669323e-07, -8.27732950e-08,
        4.55800116e-07, -3.18520167e-07, -9.04783416e-07, -2.93941104e-07,
        5.05884188e-08, -8.97505547e-08,  8.27732950e-08,  0.00000000e+00,
        1.66548495e-08, -1.24941002e-07,  3.36701207e-09,  2.93941104e-07,
        0.00000000e+00], dtype=float64),
                   'Ra_n': Array([ 7.84839975e+00,  1.56684515e+00,  2.28564636e-02, -1.82908905e-03,
        5.47191707e-05, -7.84010053e-06, -4.73774426e-07,  1.48484486e-07,
       -3.48961818e-08], dtype=float64),
                   'Rb_lmn': Array([ 0.00000000e+00,  0.00000000e+00,  0.00000000e+00,  0.00000000e+00,
        0.00000000e+00,  0.00000000e+00,  0.00000000e+00,  0.00000000e+00,
        0.00000000e+00,  0.00000000e+00,  0.00000000e+00,  0.00000000e+00,
        0.00000000e+00,  0.00000000e+00,  0.00000000e+00,  0.00000000e+00,
        0.00000000e+00,  0.00000000e+00,  0.00000000e+00,  0.00000000e+00,
        0.00000000e+00,  0.00000000e+00,  0.00000000e+00,  0.00000000e+00,
        0.00000000e+00,  0.00000000e+00,  0.00000000e+00,  0.00000000e+00,
        0.00000000e+00,  0.00000000e+00,  0.00000000e+00,  0.00000000e+00,
        0.00000000e+00,  0.00000000e+00,  0.00000000e+00,  0.00000000e+00,
       -2.93382976e-04, -1.79029087e-04, -6.23797688e-05, -2.88637039e-04,
        0.00000000e+00,  0.00000000e+00,  0.00000000e+00,  0.00000000e+00,
       -5.78232433e-05,  6.78557070e-04,  4.22630653e-04,  4.07694617e-04,
        0.00000000e+00,  0.00000000e+00,  0.00000000e+00,  0.00000000e+00,
       -1.54888105e-03,  2.38860261e-03, -3.14013281e-03,  3.81214134e-03,
        0.00000000e+00,  0.00000000e+00,  0.00000000e+00,  0.00000000e+00,
       -4.04616497e-03,  7.15488650e-03,  7.60072464e-03,  8.69395680e-03,
        8.00000000e+00,  1.80585978e+00,  5.05131067e-03,  1.58336473e-03,
       -1.48757049e-03,  0.00000000e+00,  0.00000000e+00,  0.00000000e+00,
        0.00000000e+00,  1.68810270e+00, -5.15596797e-04, -1.20835421e-02,
       -5.61936467e-03,  3.39461375e-03,  0.00000000e+00,  0.00000000e+00,
        0.00000000e+00,  0.00000000e+00,  1.93977309e-03, -1.19843520e-04,
        3.40549675e-03, -2.56806320e-03,  1.28591267e-03,  0.00000000e+00,
        0.00000000e+00,  0.00000000e+00,  0.00000000e+00, -2.05467574e-04,
        1.06354931e-05, -4.14387958e-04, -6.78149406e-04, -1.97196136e-05,
        0.00000000e+00,  0.00000000e+00,  0.00000000e+00,  0.00000000e+00,
        1.48376277e-05,  5.26517677e-05,  5.69619031e-05,  1.89653931e-04,
        2.02493977e-04,  0.00000000e+00,  0.00000000e+00,  0.00000000e+00,
        0.00000000e+00,  0.00000000e+00,  0.00000000e+00,  0.00000000e+00,
        0.00000000e+00,  0.00000000e+00,  0.00000000e+00,  0.00000000e+00,
        0.00000000e+00,  0.00000000e+00,  0.00000000e+00,  0.00000000e+00,
        0.00000000e+00,  0.00000000e+00,  0.00000000e+00,  0.00000000e+00,
        0.00000000e+00,  0.00000000e+00,  0.00000000e+00,  0.00000000e+00,
        0.00000000e+00,  0.00000000e+00,  0.00000000e+00,  0.00000000e+00,
        0.00000000e+00,  0.00000000e+00,  0.00000000e+00,  0.00000000e+00,
        0.00000000e+00,  0.00000000e+00,  0.00000000e+00,  0.00000000e+00,
        0.00000000e+00,  0.00000000e+00,  0.00000000e+00,  0.00000000e+00,
        0.00000000e+00], dtype=float64),
                   'Te_l': Array([], shape=(0,), dtype=float64),
                   'Ti_l': Array([], shape=(0,), dtype=float64),
                   'Z_lmn': Array([ 7.48917401e-08, -4.98799281e-07,  1.88579229e-08, -8.40955623e-07,
        2.17055889e-07,  6.68588234e-08, -2.24042348e-07,  5.97049547e-07,
       -3.63727107e-07,  2.96950024e-07,  9.17209441e-08,  5.58977259e-08,
       -7.42916144e-09,  1.81408632e-07,  5.94482684e-07,  2.75470000e-07,
       -1.52066314e-08, -1.58579767e-07, -5.58977259e-08,  0.00000000e+00,
        1.37721846e-07,  6.24974445e-08, -2.30755577e-07, -2.75470000e-07,
        0.00000000e+00, -1.25627226e-06, -1.56123342e-06,  4.20529781e-07,
       -1.77790588e-07,  5.17854134e-07,  4.18697974e-08,  1.41410715e-06,
        4.03938135e-07, -9.37730819e-07,  3.52678467e-07,  5.24339222e-07,
       -3.92344036e-07, -5.19401371e-07,  4.57818785e-08,  8.67537822e-07,
       -1.91647109e-07,  6.90700819e-07, -5.66209020e-07,  3.92344036e-07,
        0.00000000e+00, -5.89633065e-08, -2.71929425e-07,  7.01929974e-08,
        1.91647109e-07,  0.00000000e+00, -2.65584691e-06, -6.27351670e-06,
        3.64925943e-07, -1.41160517e-06,  3.11745660e-07,  2.48207081e-06,
        2.51232190e-06,  3.20931724e-06, -8.82151816e-07,  5.95979176e-06,
       -4.44783331e-06,  9.28170242e-08, -4.08703852e-07, -2.42110577e-06,
        7.87059158e-07,  2.39621083e-07,  1.97928157e-09,  1.96576250e-06,
       -9.28170242e-08,  0.00000000e+00,  1.87302922e-07,  6.23393706e-07,
        9.50926575e-08, -2.39621083e-07,  0.00000000e+00, -2.18039375e-05,
       -6.38674159e-05,  1.47557824e-06, -5.23525724e-05,  9.87194391e-06,
        6.23975136e-06,  2.42596557e-05,  5.81183797e-05, -2.79630160e-06,
        5.40410088e-05, -6.24923904e-06,  7.74820180e-08, -2.87862844e-06,
       -6.02650955e-06,  2.85614884e-06, -9.00816322e-08, -4.55367611e-08,
        9.48767999e-09, -7.74820180e-08,  0.00000000e+00, -1.05266797e-06,
        2.60702211e-07, -5.98472371e-08,  9.00816322e-08,  0.00000000e+00,
       -4.26689943e-05,  7.96732053e-04,  1.59116968e-05, -8.79832604e-05,
       -4.08275348e-04, -1.78450361e-04,  5.42796393e-05,  1.07271231e-04,
       -4.10215843e-05, -9.85032101e-05, -9.27884316e-05, -4.72076689e-06,
       -1.26186549e-05, -7.44068491e-06,  6.19824979e-06,  2.80388379e-07,
        2.76147833e-06, -2.42826219e-06,  4.72076689e-06,  0.00000000e+00,
        6.28378175e-07, -2.00695255e-07, -7.62728653e-07, -2.80388380e-07,
        0.00000000e+00, -6.24052050e-04, -2.29700612e-03,  8.80059937e-04,
        1.14857780e-03,  1.89902010e-03, -3.55381277e-04, -4.60904166e-04,
       -8.01558204e-04,  5.93176720e-04, -3.98668433e-05,  3.48404066e-04,
       -1.27050331e-07, -4.78256844e-06, -2.11811187e-06,  1.62825936e-05,
        2.88596243e-07,  1.37483939e-05, -1.52725491e-05,  1.27050331e-07,
        0.00000000e+00,  1.29067210e-06, -2.79703827e-06,  1.35693981e-07,
       -2.88596243e-07,  0.00000000e+00,  1.46852332e-02, -6.09967070e-03,
       -1.12841470e-02, -4.88420449e-04,  2.21991765e-03,  2.16983129e-03,
       -1.48642486e-03, -2.22927996e-03, -1.77937704e-03,  1.08582955e-04,
        1.02902139e-04, -7.21098607e-06, -1.76622700e-05, -8.29666947e-06,
       -1.70861884e-06,  1.68328049e-06, -5.11199190e-06,  1.94665597e-05,
        7.21098607e-06,  0.00000000e+00, -3.48707988e-07,  6.09619097e-07,
       -3.95246231e-08, -1.68328049e-06,  0.00000000e+00,  1.61204637e+00,
       -1.39721510e-02,  6.90844471e-02,  3.44738837e-03,  5.01702070e-03,
        6.48142234e-03,  8.35764304e-03,  1.06579349e-02, -3.45869749e-03,
        1.62793297e-04, -4.25620163e-04,  1.49942581e-05,  1.61466377e-05,
        1.35934987e-05,  1.03436442e-04,  8.77906335e-07, -1.55534813e-05,
        2.83212575e-05, -1.49942581e-05,  0.00000000e+00, -5.13607139e-06,
        1.62925812e-06,  2.74117787e-06, -8.77906335e-07,  0.00000000e+00,
       -1.79485020e+00, -2.36703344e-03, -3.10492566e-04, -1.02681140e-02,
        1.00373343e-03, -4.69082573e-03, -3.16261836e-06, -8.26700540e-04,
       -5.80855128e-04,  1.04884938e-06,  4.36911320e-06, -7.57516500e-05,
        0.00000000e+00,  3.16261836e-06,  8.88810097e-06,  1.33552937e-05,
        0.00000000e+00, -1.04884938e-06, -3.72057109e-06,  9.12137124e-07,
        3.89767418e-04,  1.55403997e-02,  5.10100089e-03, -2.57301187e-06,
       -3.29318953e-03, -3.39559489e-03,  1.24202937e-05, -1.91269357e-04,
       -7.50931865e-05, -3.69797050e-08,  1.44171740e-04,  7.66926949e-05,
        0.00000000e+00, -1.24202937e-05, -4.29304710e-06,  5.77059809e-06,
        0.00000000e+00,  3.69797050e-08,  1.28351950e-06,  4.94379634e-06,
       -1.18390629e-03, -6.09529940e-03,  1.77154714e-03,  9.36167683e-04,
       -1.92231625e-03,  3.55787086e-03, -1.16969184e-05,  6.10323937e-04,
        2.66437295e-04,  3.41571328e-06, -2.57615743e-05, -5.60125260e-05,
        0.00000000e+00,  1.16969184e-05,  4.30123988e-06, -2.43305991e-05,
        0.00000000e+00, -3.41571328e-06,  4.57521859e-06, -5.49166045e-06,
       -5.72841566e-04, -1.69028683e-03, -1.37333704e-04,  4.68541669e-04,
        4.93958248e-04,  2.02162215e-03,  2.05472781e-06,  1.01484632e-04,
        8.58591966e-05, -6.91864213e-07,  1.11531836e-05,  8.06396011e-06,
        0.00000000e+00, -2.05472781e-06,  7.61267920e-06, -9.72336270e-06,
        0.00000000e+00,  6.91864213e-07,  9.76794555e-07, -4.99730681e-07,
        1.45455628e-04,  4.49668349e-04, -2.45976122e-04, -6.80654371e-05,
       -8.39098475e-05, -4.43910945e-04,  5.65914902e-08, -2.53789678e-05,
       -6.69691913e-06, -4.03305040e-07, -1.41689877e-05, -6.50538327e-07,
        0.00000000e+00, -5.65914902e-08, -1.53288729e-06,  4.26461010e-06,
        0.00000000e+00,  4.03305040e-07, -1.45191350e-06,  9.52893906e-07,
       -8.77812041e-07,  2.56223037e-06, -2.73233938e-05, -5.73790471e-06,
       -2.20268945e-05, -1.33684223e-05,  9.37438345e-07,  3.07736102e-05,
        3.74471143e-06,  5.80812998e-08,  2.17989397e-05,  9.82039487e-06,
        0.00000000e+00, -9.37438345e-07, -3.45021640e-06,  2.87100532e-06,
        0.00000000e+00, -5.80812998e-08,  2.27954821e-07,  9.85797030e-07,
       -2.96233809e-06,  6.46667448e-06, -3.25280205e-06,  1.74981594e-06,
       -2.97545454e-07, -6.37556954e-06, -7.58002937e-07,  2.48131045e-06,
        8.00160360e-07,  2.97884721e-07,  2.05360434e-07,  1.87664009e-07,
        0.00000000e+00,  7.58002937e-07,  7.71491600e-07,  4.12361793e-07,
        0.00000000e+00, -2.97884721e-07,  9.21850201e-08, -2.78768951e-07,
       -8.72976939e-07, -3.67985794e-07,  2.07008867e-07,  4.72320726e-07,
       -1.29321442e-06,  8.21204651e-08, -2.27357935e-07, -1.40066322e-07,
        8.88526079e-07,  4.86908990e-08,  1.34661593e-06, -1.60634078e-08,
        0.00000000e+00,  2.27357935e-07, -6.69425452e-08, -4.87869866e-07,
        0.00000000e+00, -4.86908990e-08, -5.34015120e-08,  3.01928737e-07,
       -7.17106782e-07, -8.02452409e-07, -5.77516409e-07,  2.85324137e-07,
       -3.05682488e-07,  7.05656444e-09,  1.53048243e-07,  5.94708991e-07,
        4.09962908e-07,  2.71595062e-07,  5.44664818e-07,  7.82050854e-07,
        0.00000000e+00, -1.53048243e-07, -1.71925824e-08,  2.18197373e-08,
        0.00000000e+00, -2.71595062e-07, -2.38982330e-07,  1.33449908e-08],      dtype=float64),
                   'Za_n': Array([-2.28575230e-08,  1.97743179e-07,  8.75558176e-08,  2.80610040e-06,
        8.94598130e-06, -1.95894291e-03,  2.45002689e-02,  1.55129828e+00],      dtype=float64),
                   'Zb_lmn': Array([ 0.00000000e+00,  0.00000000e+00,  0.00000000e+00,  0.00000000e+00,
        0.00000000e+00,  0.00000000e+00,  0.00000000e+00,  0.00000000e+00,
        0.00000000e+00,  0.00000000e+00,  0.00000000e+00,  0.00000000e+00,
        0.00000000e+00,  0.00000000e+00,  0.00000000e+00,  0.00000000e+00,
        0.00000000e+00,  0.00000000e+00,  0.00000000e+00,  0.00000000e+00,
        0.00000000e+00,  0.00000000e+00,  0.00000000e+00,  0.00000000e+00,
        0.00000000e+00,  0.00000000e+00,  0.00000000e+00,  0.00000000e+00,
        0.00000000e+00,  0.00000000e+00,  0.00000000e+00,  0.00000000e+00,
        0.00000000e+00,  0.00000000e+00,  0.00000000e+00,  0.00000000e+00,
        1.55320650e-05,  2.92714973e-04,  1.16465903e-05, -2.73667055e-04,
       -3.55860631e-05,  0.00000000e+00,  0.00000000e+00,  0.00000000e+00,
        0.00000000e+00, -2.08388175e-04, -4.24104467e-04,  3.42104450e-04,
       -2.22497597e-05,  6.09595008e-04,  0.00000000e+00,  0.00000000e+00,
        0.00000000e+00,  0.00000000e+00,  1.89665028e-03, -3.77628209e-03,
       -2.72538746e-03,  2.29219999e-03, -1.78112518e-03,  0.00000000e+00,
        0.00000000e+00,  0.00000000e+00,  0.00000000e+00,  1.68949947e+00,
       -8.80789051e-03,  1.41205460e-02,  6.08412343e-03, -3.35251987e-03,
        0.00000000e+00,  0.00000000e+00,  0.00000000e+00,  0.00000000e+00,
        0.00000000e+00,  0.00000000e+00,  0.00000000e+00,  0.00000000e+00,
        1.00438197e-03, -1.12830501e-03, -7.13269868e-03, -1.80568581e+00,
        0.00000000e+00,  0.00000000e+00,  0.00000000e+00,  0.00000000e+00,
       -3.14773427e-03,  4.90543849e-03,  1.22264413e-02,  3.17871818e-04,
        0.00000000e+00,  0.00000000e+00,  0.00000000e+00,  0.00000000e+00,
       -1.94350261e-03,  2.38617232e-03, -2.59893273e-03, -5.63191600e-06,
        0.00000000e+00,  0.00000000e+00,  0.00000000e+00,  0.00000000e+00,
        5.06088226e-04, -2.82363929e-05,  3.38899547e-04, -2.81640624e-05,
        0.00000000e+00,  0.00000000e+00,  0.00000000e+00,  0.00000000e+00,
       -9.95307487e-05, -2.72887977e-04,  6.05975958e-06,  7.49578818e-05,
        0.00000000e+00,  0.00000000e+00,  0.00000000e+00,  0.00000000e+00,
        0.00000000e+00,  0.00000000e+00,  0.00000000e+00,  0.00000000e+00,
        0.00000000e+00,  0.00000000e+00,  0.00000000e+00,  0.00000000e+00,
        0.00000000e+00,  0.00000000e+00,  0.00000000e+00,  0.00000000e+00,
        0.00000000e+00,  0.00000000e+00,  0.00000000e+00,  0.00000000e+00,
        0.00000000e+00,  0.00000000e+00,  0.00000000e+00,  0.00000000e+00,
        0.00000000e+00,  0.00000000e+00,  0.00000000e+00,  0.00000000e+00,
        0.00000000e+00,  0.00000000e+00,  0.00000000e+00,  0.00000000e+00],      dtype=float64),
                   'Zeff_l': Array([], shape=(0,), dtype=float64),
                   'a_lmn': Array([], shape=(0,), dtype=float64),
                   'c_l': Array([0., 0., 0., 0., 0.], dtype=float64),
                   'i_l': Array([], shape=(0,), dtype=float64),
                   'ne_l': Array([], shape=(0,), dtype=float64),
                   'ni_l': Array([], shape=(0,), dtype=float64),
                   'p_l': Array([0., 0., 0., 0., 0.], dtype=float64)}]],
  'message': 'Optimization terminated successfully.\n'
             '`xtol` condition satisfied. (xtol=1.00e-06)',
  'nfev': 12,
  'nit': 5,
  'njev': 5,
  'optimality': Array(13.77879701, dtype=float64),
  'penalty_param': Array([10.], dtype=float64),
  's': Array([], shape=(0,), dtype=float64),
  'success': True,
  'v': Array([1., 1., 1., 1., 1., 1., 1., 1., 1., 1., 1., 1., 1., 1., 1., 1., 1.,
       1., 1., 1., 1., 1., 1., 1., 1., 1., 1., 1., 1., 1., 1., 1., 1., 1.,
       1., 1., 1., 1., 1., 1., 1., 1., 1., 1., 1., 1., 1., 1., 1., 1., 1.,
       1., 1., 1., 1., 1., 1., 1., 1., 1., 1., 1., 1., 1., 1., 1., 1., 1.,
       1., 1., 1., 1., 1., 1., 1., 1., 1., 1., 1., 1.], dtype=float64),
  'x': Array([-2.93382976e-04, -1.79029087e-04, -6.23797688e-05, -2.88637039e-04,
       -5.78232433e-05,  6.78557070e-04,  4.22630653e-04,  4.07694617e-04,
       -1.54888105e-03,  2.38860261e-03, -3.14013281e-03,  3.81214134e-03,
       -4.04616497e-03,  7.15488650e-03,  7.60072464e-03,  8.69395680e-03,
        1.80585978e+00,  5.05131067e-03,  1.58336473e-03, -1.48757049e-03,
        1.68810270e+00, -5.15596797e-04, -1.20835421e-02, -5.61936467e-03,
        3.39461375e-03,  1.93977309e-03, -1.19843520e-04,  3.40549675e-03,
       -2.56806320e-03,  1.28591267e-03, -2.05467574e-04,  1.06354931e-05,
       -4.14387958e-04, -6.78149406e-04, -1.97196136e-05,  1.48376277e-05,
        5.26517677e-05,  5.69619031e-05,  1.89653931e-04,  2.02493977e-04,
        1.55320650e-05,  2.92714973e-04,  1.16465903e-05, -2.73667055e-04,
       -3.55860631e-05, -2.08388175e-04, -4.24104467e-04,  3.42104450e-04,
       -2.22497597e-05,  6.09595008e-04,  1.89665028e-03, -3.77628209e-03,
       -2.72538746e-03,  2.29219999e-03, -1.78112518e-03,  1.68949947e+00,
       -8.80789051e-03,  1.41205460e-02,  6.08412343e-03, -3.35251987e-03,
        1.00438197e-03, -1.12830501e-03, -7.13269868e-03, -1.80568581e+00,
       -3.14773427e-03,  4.90543849e-03,  1.22264413e-02,  3.17871818e-04,
       -1.94350261e-03,  2.38617232e-03, -2.59893273e-03, -5.63191600e-06,
        5.06088226e-04, -2.82363929e-05,  3.38899547e-04, -2.81640624e-05,
       -9.95307487e-05, -2.72887977e-04,  6.05975958e-06,  7.49578818e-05],      dtype=float64),
  'x_scale': 'auto',
  'y': Array([0.], dtype=float64)}
