Pre-optimization QS value:1.1044914264791028Pre-optimization quadcoil value:44.510298912420154Post-optimization QS value:0.7473632730987836Post-optimization quadcoil value:41.08472399115985=== Optimization Result ===
{ 'Objective values': { 'Fixed Psi error: ': [ { 'f': Array(0., dtype=float64),
                                                 'f0': Array(0., dtype=float64)}],
                        'Fixed current profile error: ': [ { 'f': Array(0., dtype=float64),
                                                             'f0': Array(0., dtype=float64)}],
                        'Force error: ': [ { 'f0_max': Array(4198650.06447995, dtype=float64),
                                             'f0_max_norm': Array(0.00113371, dtype=float64),
                                             'f0_mean': Array(149305.19154087, dtype=float64),
                                             'f0_mean_norm': Array(4.03149148e-05, dtype=float64),
                                             'f0_min': Array(35.0457453, dtype=float64),
                                             'f0_min_norm': Array(9.46294112e-09, dtype=float64),
                                             'f_max': Array(7946650.39557019, dtype=float64),
                                             'f_max_norm': Array(0.00214573, dtype=float64),
                                             'f_mean': Array(262151.3113293, dtype=float64),
                                             'f_mean_norm': Array(7.07852665e-05, dtype=float64),
                                             'f_min': Array(106.39164319, dtype=float64),
                                             'f_min_norm': Array(2.87275344e-08, dtype=float64)}],
                        'Plasma volume: ': [ { 'f': Array(584.06140429, dtype=float64),
                                               'f0': Array(583.20285284, dtype=float64),
                                               'f0_norm': Array(0.04954669, dtype=float64),
                                               'f_norm': Array(0.08151873, dtype=float64)}],
                        'QUADCOIL subproblem: ': [ { 'f0_max': Array(9.43505878, dtype=float64),
                                                     'f0_mean': Array(9.43505878, dtype=float64),
                                                     'f0_min': Array(9.43505878, dtype=float64),
                                                     'f_max': Array(9.06473651, dtype=float64),
                                                     'f_mean': Array(9.06473651, dtype=float64),
                                                     'f_min': Array(9.06473651, dtype=float64)}],
                        'Quasi-symmetry error: ': [ { 'f0_max': Array(0.04345105, dtype=float64),
                                                      'f0_max_norm': Array(0.00032549, dtype=float64),
                                                      'f0_mean': Array(-0.00012726, dtype=float64),
                                                      'f0_mean_norm': Array(-9.53281118e-07, dtype=float64),
                                                      'f0_min': Array(-0.0462737, dtype=float64),
                                                      'f0_min_norm': Array(-0.00034663, dtype=float64),
                                                      'f_max': Array(0.07493439, dtype=float64),
                                                      'f_max_norm': Array(0.00056133, dtype=float64),
                                                      'f_mean': Array(-0.0002872, dtype=float64),
                                                      'f_mean_norm': Array(-2.15138075e-06, dtype=float64),
                                                      'f_min': Array(-0.08038466, dtype=float64),
                                                      'f_min_norm': Array(-0.00060216, dtype=float64)}],
                        'R boundary error: ': [ { 'f': Array(2.11784085e-22, dtype=float64),
                                                  'f0': Array(2.11784085e-22, dtype=float64)}],
                        'Rotational transform: ': [ { 'f0_max': Array(0.3798408, dtype=float64),
                                                      'f0_mean': Array(0.3798408, dtype=float64),
                                                      'f0_min': Array(0.3798408, dtype=float64),
                                                      'f_max': Array(0.36679189, dtype=float64),
                                                      'f_mean': Array(0.36679189, dtype=float64),
                                                      'f_min': Array(0.36679189, dtype=float64)},
                                                    { 'f0_max': Array(0.42841606, dtype=float64),
                                                      'f0_mean': Array(0.42841606, dtype=float64),
                                                      'f0_min': Array(0.42841606, dtype=float64),
                                                      'f_max': Array(0.4162916, dtype=float64),
                                                      'f_mean': Array(0.4162916, dtype=float64),
                                                      'f_min': Array(0.4162916, dtype=float64)}],
                        'Total (sum of squares)': { 'f': Array(41.9552451, dtype=float64),
                                                    'f0': Array(45.63537902, dtype=float64)},
                        'Z boundary error: ': [ { 'f': Array(6.77626358e-21, dtype=float64),
                                                  'f0': Array(3.38813179e-21, dtype=float64)}]},
  'alltr': [ Array(0.05030766, dtype=float64),
             np.float64(0.20123064350084371),
             np.float64(0.8049225740033749),
             np.float64(0.20123064350084371),
             np.float64(0.05030766087521093),
             np.float64(0.20123064350084371),
             np.float64(0.05030766087521093),
             np.float64(0.20123064350084371),
             np.float64(0.20123064350084371),
             np.float64(0.20123064350084371),
             np.float64(0.8049225740033749),
             np.float64(0.20123064350084371),
             np.float64(0.05030766087521093),
             np.float64(0.05030766087521093),
             np.float64(0.012576915218802734),
             np.float64(0.05030766087521093),
             np.float64(0.012576915218802732),
             np.float64(0.003144228804700683),
             np.float64(0.0007860572011751708),
             np.float64(0.0001965143002937927),
             np.float64(4.912857507344817e-05),
             np.float64(1.2282143768362043e-05),
             np.float64(3.0705359420905108e-06),
             np.float64(7.676339855226277e-07),
             np.float64(1.9190849638065692e-07),
             np.float64(4.797712409516423e-08),
             np.float64(1.1994281023791058e-08),
             np.float64(2.9985702559477644e-09),
             np.float64(7.496425639869411e-10),
             np.float64(1.8741064099673528e-10),
             np.float64(4.685266024918382e-11),
             np.float64(1.1713165062295955e-11),
             np.float64(2.9282912655739887e-12),
             np.float64(7.320728163934972e-13),
             np.float64(1.830182040983743e-13),
             np.float64(4.5754551024593574e-14),
             np.float64(1.1438637756148393e-14),
             np.float64(2.8596594390370983e-15),
             np.float64(7.149148597592746e-16),
             np.float64(1.7872871493981865e-16),
             np.float64(4.468217873495466e-17)],
  'allx': [ Array([ 0.00000000e+00,  0.00000000e+00,  0.00000000e+00,  0.00000000e+00,
        0.00000000e+00,  5.02041313e+01,  4.11273173e+03, -1.05914500e+04,
       -1.58146960e+03, -1.16159581e+03, -2.75910487e+02,  2.13487014e+20,
       -6.05569701e-22, -4.74179069e-22, -3.48086552e-22, -2.77436572e-22,
       -3.86262456e+20,  3.42100376e+03, -1.07434623e+04, -1.33188693e+03,
       -8.98804595e+02, -3.46265082e+02,  1.12104938e+00,  4.25934580e-01,
        1.31647586e-01,  5.33052824e-02,  2.38067575e-02, -7.36358192e-09,
       -2.01436610e-08, -2.40843781e-08, -4.44338448e-10, -1.72757938e-08,
        3.90612572e-08,  1.18035005e-08,  5.02929924e-08,  3.95592910e-08,
       -4.48348087e-07,  2.91773553e-07,  6.02273595e-07, -1.03115983e-07,
        2.50761260e-07,  1.73539979e-07,  2.70248261e-07, -2.62397635e-07,
        1.76295799e-06,  7.67389285e-06,  5.65954421e-07, -1.78126575e-06,
        8.82057087e-06, -4.00622350e-06,  5.08799462e-06,  1.79961820e-07,
        1.41095229e-06,  1.68252170e-06,  5.55361327e-05,  1.26851242e-04,
       -2.87517740e-04, -8.05656610e-05,  8.24847893e-05,  4.11316250e-07,
        6.57429840e-06, -9.47060842e-06,  8.75191317e-04, -1.37179566e-03,
        3.89558300e-05,  6.42602950e-05, -1.11455083e-03,  7.85516721e-07,
        5.83648524e-07, -7.31550418e-05, -3.55515689e-04, -6.00397383e-04,
        3.10535215e-03,  7.26815280e-03, -2.17372109e-02,  3.12576019e-07,
       -4.52644125e-06, -5.66772190e-05,  2.51428168e-03,  6.80819830e-05,
       -1.20245203e-02,  1.38108622e-01, -2.82681112e-01,  5.33933641e-07,
        3.76205481e-06,  5.67798141e-04, -4.36610384e-03, -3.71038954e-03,
        7.50413326e-02,  6.21018315e-02, -1.46557240e+00,  9.89647447e+00,
        1.69302371e+00,  3.27986859e-01, -2.89733638e-02, -2.18433571e-02,
       -4.03841178e-04, -7.53429700e-05, -1.01392829e-05, -1.37361371e-06,
        1.92899503e+00, -7.58830821e-01,  4.84467856e-02,  1.96427387e-02,
       -1.00265386e-02, -2.76078071e-03,  1.43373884e-04, -1.86039886e-05,
       -1.85142547e-06,  9.98046925e-02, -1.50900848e-01,  1.43758482e-01,
       -2.44948482e-02, -3.72691435e-03,  1.17490333e-03,  2.21604141e-04,
       -1.77716764e-05,  1.09196208e-06, -5.21404459e-04, -7.19210333e-03,
        8.65471592e-03, -1.72633125e-03, -7.91364959e-04, -2.99763149e-04,
       -1.75228015e-05, -1.09118017e-06,  1.32472812e-06, -8.82541752e-05,
       -2.93393578e-04,  8.03365080e-04, -7.90795074e-04, -1.41872204e-03,
        8.99094593e-04,  2.53931022e-05,  2.51667473e-06,  1.48360610e-06,
       -4.23077844e-06,  1.12854552e-04,  7.08099284e-06, -3.32904433e-04,
        9.02427527e-05,  5.81680988e-05,  1.91950906e-05,  3.38193793e-06,
       -7.05269840e-07,  1.93109115e-06, -6.14536275e-07, -5.23696042e-06,
       -2.34188412e-06,  5.58461493e-06,  3.65041976e-06,  1.12679333e-05,
       -6.23305555e-08, -3.01173574e-08,  2.06894914e-07, -1.23118783e-08,
        1.42802785e-08, -4.25795169e-08,  2.62939756e-07, -3.66185193e-07,
        4.35464864e-07,  3.97484912e-07, -4.36903764e-07,  1.51994928e-08,
       -1.66853412e-08, -5.32862302e-09,  2.49384079e-08, -1.45868349e-08,
        2.48452998e-08,  5.78710267e-08, -2.31279196e-08, -5.00079178e-08,
       -3.05394012e-08, -6.16440230e-10, -7.49578132e-09,  3.33702675e-08,
       -6.62745854e-09,  9.20473031e-09,  5.00177700e-08, -3.86465617e-08,
        6.67861106e-10,  1.70343581e-07, -4.52145851e-10, -8.54965817e-08,
       -1.12558827e-08, -1.66425389e-07, -1.75986651e-07,  4.10593569e-07,
       -6.28097362e-07,  1.01218931e-07, -1.08628045e-06,  3.12777741e-06,
        4.59345009e-06,  2.05370560e-06, -6.69419757e-07, -5.39479921e-07,
       -3.54043373e-06,  9.77583701e-08, -2.18333742e-07, -1.89804855e-05,
       -1.67276607e-05, -8.68004134e-06,  6.17852482e-05,  1.01276114e-04,
       -4.29943967e-05, -3.73029321e-05,  1.67758755e-06,  1.69259584e-07,
        2.79117757e-04, -3.15452043e-04, -4.79872518e-04,  1.13293351e-03,
        4.32647813e-04, -1.59281683e-04, -6.54114784e-05,  2.80661878e-06,
       -7.97767962e-07, -2.90634713e-04,  1.18983039e-02, -1.89418905e-02,
        9.51210003e-03,  3.01209056e-03, -1.32191518e-03, -5.76823543e-05,
        4.93742710e-07,  5.31329350e-07, -9.37985093e-02,  1.26103650e-01,
       -7.52166607e-02,  3.48062319e-03,  8.70209885e-03,  1.31960210e-03,
       -1.31999196e-04, -8.44289910e-06,  1.61386969e-06, -1.34618152e+00,
        5.07251117e-01, -6.00640909e-02,  9.49697571e-04, -3.03592457e-03,
       -1.08254563e-03, -1.10665301e-04,  4.20413498e-07, -2.93315065e-06,
        2.37015518e-06, -2.44435602e-05,  6.13273427e-04,  1.22496877e-03,
        9.77599991e-03,  2.18666094e-02, -2.85094641e-01, -2.13784315e+00,
       -2.11018435e-07,  8.77350041e-06, -2.97642528e-04,  4.10930774e-03,
        1.33423382e-02,  7.74996486e-02,  1.46641201e-01, -1.24326047e+00,
       -2.78839241e-06,  1.26875131e-05, -1.82905970e-04, -1.71450619e-04,
       -6.54361862e-03,  1.17109020e-02,  7.29366711e-02, -2.35174859e-01,
       -9.65354071e-07, -9.41548526e-07, -2.15571398e-05,  1.20144648e-03,
       -2.96893883e-03, -4.60886064e-03,  1.67676761e-02, -2.77396938e-02,
        3.79900140e-07, -8.96800032e-07,  1.66392241e-05,  1.51738938e-04,
       -3.78017313e-04, -4.94503845e-04,  3.46229022e-05, -7.54952421e-04,
       -2.71825669e-08, -1.04689042e-06,  2.43919015e-05,  3.40158142e-05,
       -8.39338770e-05,  2.71578688e-05, -1.06598578e-04,  3.52010439e-05,
        1.18892031e-07,  7.47708178e-08, -1.73289715e-06, -6.97263737e-07,
       -5.11102313e-06,  4.27718697e-07, -1.72921050e-06, -3.21352352e-06,
        1.87579844e-07, -7.71283820e-07, -9.40963079e-09, -3.55337373e-07,
        2.11102909e-07, -2.01724470e-07, -6.05639149e-08, -8.17418315e-08,
       -1.34574245e-08, -1.20721454e-08,  3.70256651e-08, -9.99218583e-10,
        9.82317966e-09,  1.10056177e-09, -2.08444139e-08,  3.06390232e-09],      dtype=float64),
            Array([ 0.00000000e+00,  0.00000000e+00,  0.00000000e+00,  0.00000000e+00,
        0.00000000e+00,  5.02041313e+01,  4.08629696e+03, -1.06266361e+04,
       -1.60294165e+03, -1.16391917e+03, -2.71263541e+02,  2.12990021e+20,
       -6.37079597e-22, -5.09430801e-22, -3.84175940e-22, -3.15327193e-22,
       -3.86819790e+20,  3.38331043e+03, -1.08108414e+04, -1.40347385e+03,
       -9.23925849e+02, -3.44459067e+02,  1.10842791e+00,  4.10376582e-01,
        1.27780537e-01,  5.38214326e-02,  2.55654738e-02, -7.36358192e-09,
       -2.01436610e-08, -2.40843781e-08, -4.44338448e-10, -1.72757938e-08,
        3.90612572e-08,  1.18035005e-08,  5.02929924e-08,  3.95592910e-08,
       -4.48348087e-07,  2.91773553e-07,  6.02273595e-07, -1.03115983e-07,
        2.50761260e-07,  1.73539979e-07,  2.70248261e-07, -2.62397635e-07,
        1.76295799e-06,  7.83530309e-06,  6.09806606e-07, -1.93310568e-06,
        9.06619118e-06, -4.19939872e-06,  5.18287353e-06,  1.79961820e-07,
        1.41095229e-06,  9.11114993e-07,  5.51871113e-05,  1.27441591e-04,
       -2.87733464e-04, -8.01649081e-05,  8.22877329e-05,  4.11316250e-07,
        6.57429840e-06, -8.08353841e-06,  8.75965019e-04, -1.37303912e-03,
        3.92419805e-05,  6.45967514e-05, -1.11483652e-03,  7.85516721e-07,
        5.83648524e-07, -7.55224021e-05, -3.54236367e-04, -5.98628764e-04,
        3.10608309e-03,  7.26736039e-03, -2.17358963e-02,  3.12576019e-07,
       -4.52644125e-06, -5.12404985e-05,  2.50504042e-03,  6.36579081e-05,
       -1.20234863e-02,  1.38112398e-01, -2.82683143e-01,  5.33933641e-07,
        3.76205481e-06,  5.60085958e-04, -4.35754476e-03, -3.70829214e-03,
        7.50314850e-02,  6.20958433e-02, -1.46555176e+00,  9.89647447e+00,
        1.69302996e+00,  3.28049761e-01, -2.89982020e-02, -2.17813388e-02,
       -3.92011946e-04, -8.29908455e-05, -1.01392829e-05, -1.37361371e-06,
        1.92900374e+00, -7.58837003e-01,  4.84372541e-02,  1.96563752e-02,
       -1.00325786e-02, -2.76958641e-03,  1.49946119e-04, -1.86039886e-05,
       -1.85142547e-06,  9.98029645e-02, -1.50901150e-01,  1.43760039e-01,
       -2.44954278e-02, -3.72422792e-03,  1.18316943e-03,  2.17258152e-04,
       -1.77716764e-05,  1.09196208e-06, -5.20579198e-04, -7.19295973e-03,
        8.65390103e-03, -1.72544245e-03, -7.91948907e-04, -3.02932567e-04,
       -1.49333584e-05, -1.09118017e-06,  1.32472812e-06, -8.86864553e-05,
       -2.92605669e-04,  8.02057209e-04, -7.92305042e-04, -1.41695028e-03,
        9.00218985e-04,  2.35437236e-05,  2.51667473e-06,  1.48360610e-06,
       -4.10451986e-06,  1.12751455e-04,  7.46886123e-06, -3.32497583e-04,
        8.90561516e-05,  5.85554415e-05,  1.98728503e-05,  3.38193793e-06,
       -7.05269840e-07,  1.96725151e-06, -6.45424299e-07, -5.48816527e-06,
       -2.29252672e-06,  6.07330962e-06,  3.27926937e-06,  1.09591214e-05,
       -6.23305555e-08, -3.01173574e-08,  2.06894914e-07, -1.23118783e-08,
        1.42802785e-08, -4.25795169e-08,  2.62939756e-07, -3.66185193e-07,
        4.35464864e-07,  3.97484912e-07, -4.36903764e-07,  1.51994928e-08,
       -1.66853412e-08, -5.32862302e-09,  2.49384079e-08, -1.45868349e-08,
        2.48452998e-08,  5.78710267e-08, -2.31279196e-08, -5.00079178e-08,
       -3.05394012e-08, -6.16440230e-10, -7.49578132e-09,  3.33702675e-08,
       -6.62745854e-09,  9.20473031e-09,  5.00177700e-08, -3.86465617e-08,
        6.67861106e-10,  1.70343581e-07, -4.52145851e-10, -8.54965817e-08,
       -1.12558827e-08, -1.66425389e-07, -1.75986651e-07,  4.10593569e-07,
       -6.28097362e-07,  1.01218931e-07, -1.06382266e-06,  3.36948072e-06,
        4.56057982e-06,  1.89085544e-06, -6.52381672e-07, -2.25862103e-07,
       -3.91175037e-06,  9.77583701e-08, -2.18333742e-07, -1.91071035e-05,
       -1.69219854e-05, -8.61249432e-06,  6.17235614e-05,  1.01319126e-04,
       -4.33046943e-05, -3.69404072e-05,  1.67758755e-06,  1.69259584e-07,
        2.79396002e-04, -3.15433768e-04, -4.79880864e-04,  1.13248884e-03,
        4.32521035e-04, -1.58334487e-04, -6.58171011e-05,  2.80661878e-06,
       -7.97767962e-07, -2.91078696e-04,  1.18996168e-02, -1.89423397e-02,
        9.51352787e-03,  3.01234516e-03, -1.32355826e-03, -5.71507427e-05,
        4.93742710e-07,  5.31329350e-07, -9.37981610e-02,  1.26102272e-01,
       -7.52159746e-02,  3.47932175e-03,  8.70200897e-03,  1.32175184e-03,
       -1.30841019e-04, -8.44289910e-06,  1.61386969e-06, -1.34618202e+00,
        5.07250938e-01, -6.00645704e-02,  9.47018971e-04, -3.03261745e-03,
       -1.08768737e-03, -1.09380784e-04,  4.20413498e-07, -2.93315065e-06,
        2.37015518e-06, -2.44435602e-05,  6.10656196e-04,  1.24688948e-03,
        9.77437335e-03,  2.18727049e-02, -2.85100321e-01, -2.13789606e+00,
       -2.11018435e-07,  8.77350041e-06, -2.91695274e-04,  4.11002730e-03,
        1.33445658e-02,  7.74899151e-02,  1.46651829e-01, -1.24325646e+00,
       -2.78839241e-06,  1.26875131e-05, -1.83958023e-04, -1.70161664e-04,
       -6.54408148e-03,  1.17116764e-02,  7.29383343e-02, -2.35175755e-01,
       -9.65354071e-07, -9.41548526e-07, -2.12824109e-05,  1.20029603e-03,
       -2.96828578e-03, -4.60878546e-03,  1.67668100e-02, -2.77392632e-02,
        3.79900140e-07, -8.96800032e-07,  1.66713975e-05,  1.52628362e-04,
       -3.78610579e-04, -4.94466488e-04,  3.49566155e-05, -7.55172978e-04,
       -2.71825669e-08, -1.04689042e-06,  2.48377484e-05,  3.35860603e-05,
       -8.35931371e-05,  2.72115652e-05, -1.06733698e-04,  3.51889255e-05,
        1.18892031e-07,  7.47708178e-08, -2.15227573e-06, -5.03896354e-07,
       -5.10925758e-06,  3.49502933e-07, -1.65747171e-06, -3.16895921e-06,
        1.87579844e-07, -7.71283820e-07, -9.40963079e-09, -3.55337373e-07,
        2.11102909e-07, -2.01724470e-07, -6.05639149e-08, -8.17418315e-08,
       -1.34574245e-08, -1.20721454e-08,  3.70256651e-08, -9.99218583e-10,
        9.82317966e-09,  1.10056177e-09, -2.08444139e-08,  3.06390232e-09],      dtype=float64),
            Array([ 0.00000000e+00,  0.00000000e+00,  0.00000000e+00,  0.00000000e+00,
        0.00000000e+00,  5.02041313e+01,  3.92269782e+03, -1.08296519e+04,
       -1.71324734e+03, -1.16187933e+03, -2.34751669e+02,  2.09641037e+20,
       -8.45637360e-22, -7.35957739e-22, -6.12532835e-22, -5.51110539e-22,
       -3.90187220e+20,  3.14091324e+03, -1.12203686e+04, -1.81272236e+03,
       -1.04402577e+03, -3.10254771e+02,  1.03061185e+00,  3.18944885e-01,
        1.09909598e-01,  6.05528968e-02,  3.72055244e-02, -7.36358192e-09,
       -2.01436610e-08, -2.40843781e-08, -4.44338448e-10, -1.72757938e-08,
        3.90612572e-08,  1.18035005e-08,  5.02929924e-08,  3.95592910e-08,
       -4.48348087e-07,  2.91773553e-07,  6.02273595e-07, -1.03115983e-07,
        2.50761260e-07,  1.73539979e-07,  2.70248261e-07, -2.62397635e-07,
        1.76295799e-06,  8.15845374e-06,  3.82254376e-07, -2.29270780e-06,
        9.69329348e-06, -5.18790739e-06,  5.82330103e-06,  1.79961820e-07,
        1.41095229e-06, -1.60218854e-06,  5.35104835e-05,  1.29022602e-04,
       -2.87849431e-04, -7.84435294e-05,  8.14150408e-05,  4.11316250e-07,
        6.57429840e-06, -3.36772791e-06,  8.78918616e-04, -1.37622549e-03,
        4.01807727e-05,  6.57321433e-05, -1.11591019e-03,  7.85516721e-07,
        5.83648524e-07, -8.43550117e-05, -3.49609163e-04, -5.92857803e-04,
        3.11214935e-03,  7.26377530e-03, -2.17320198e-02,  3.12576019e-07,
       -4.52644125e-06, -3.32103294e-05,  2.46478455e-03,  5.33042175e-05,
       -1.20217042e-02,  1.38129011e-01, -2.82683275e-01,  5.33933641e-07,
        3.76205481e-06,  5.36621993e-04, -4.33739153e-03, -3.71457785e-03,
        7.49887870e-02,  6.20698555e-02, -1.46543579e+00,  9.89647447e+00,
        1.69307470e+00,  3.28306504e-01, -2.90499313e-02, -2.15256357e-02,
       -3.59999269e-04, -1.10690004e-04, -1.01392829e-05, -1.37361371e-06,
        1.92901172e+00, -7.58862509e-01,  4.84210720e-02,  1.97171549e-02,
       -1.00573801e-02, -2.79259870e-03,  1.72691923e-04, -1.86039886e-05,
       -1.85142547e-06,  9.97974512e-02, -1.50906492e-01,  1.43765479e-01,
       -2.44853373e-02, -3.72546191e-03,  1.21460901e-03,  2.02319443e-04,
       -1.77716764e-05,  1.09196208e-06, -5.17431622e-04, -7.19710929e-03,
        8.64957617e-03, -1.72520170e-03, -7.90796930e-04, -3.15891357e-04,
       -5.65107467e-06, -1.09118017e-06,  1.32472812e-06, -9.01210731e-05,
       -2.89496866e-04,  7.94992042e-04, -7.98453598e-04, -1.41170997e-03,
        9.05279002e-04,  1.67197108e-05,  2.51667473e-06,  1.48360610e-06,
       -3.73464769e-06,  1.12716136e-04,  9.24914284e-06, -3.31611690e-04,
        8.50454599e-05,  6.05404300e-05,  2.19724027e-05,  3.38193793e-06,
       -7.05269840e-07,  2.14693585e-06, -8.26514268e-07, -6.19258931e-06,
       -1.98441559e-06,  7.85984303e-06,  2.38716983e-06,  9.99529256e-06,
       -6.23305555e-08, -3.01173574e-08,  2.06894914e-07, -1.23118783e-08,
        1.42802785e-08, -4.25795169e-08,  2.62939756e-07, -3.66185193e-07,
        4.35464864e-07,  3.97484912e-07, -4.36903764e-07,  1.51994928e-08,
       -1.66853412e-08, -5.32862302e-09,  2.49384079e-08, -1.45868349e-08,
        2.48452998e-08,  5.78710267e-08, -2.31279196e-08, -5.00079178e-08,
       -3.05394012e-08, -6.16440230e-10, -7.49578132e-09,  3.33702675e-08,
       -6.62745854e-09,  9.20473031e-09,  5.00177700e-08, -3.86465617e-08,
        6.67861106e-10,  1.70343581e-07, -4.52145851e-10, -8.54965817e-08,
       -1.12558827e-08, -1.66425389e-07, -1.75986651e-07,  4.10593569e-07,
       -6.28097362e-07,  1.01218931e-07, -9.54061173e-07,  4.23219791e-06,
        4.37025986e-06,  1.87271049e-06, -6.48732973e-07,  7.69731760e-07,
       -5.30068228e-06,  9.77583701e-08, -2.18333742e-07, -1.96785122e-05,
       -1.78977515e-05, -8.28562764e-06,  6.12220843e-05,  1.01497259e-04,
       -4.39062730e-05, -3.58450006e-05,  1.67758755e-06,  1.69259584e-07,
        2.80877880e-04, -3.14266237e-04, -4.80196404e-04,  1.12958580e-03,
        4.32556760e-04, -1.54920361e-04, -6.75662331e-05,  2.80661878e-06,
       -7.97767962e-07, -2.92203627e-04,  1.19050939e-02, -1.89441074e-02,
        9.51799895e-03,  3.01272193e-03, -1.32856820e-03, -5.64184305e-05,
        4.93742710e-07,  5.31329350e-07, -9.38006562e-02,  1.26094997e-01,
       -7.52124498e-02,  3.47329571e-03,  8.70268206e-03,  1.32642260e-03,
       -1.24168177e-04, -8.44289910e-06,  1.61386969e-06, -1.34620075e+00,
        5.07240388e-01, -6.00544899e-02,  9.39721481e-04, -3.02577749e-03,
       -1.09712613e-03, -1.07430835e-04,  4.20413498e-07, -2.93315065e-06,
        2.37015518e-06, -2.44435602e-05,  5.98800278e-04,  1.34507788e-03,
        9.77040498e-03,  2.18975316e-02, -2.85121648e-01, -2.13810430e+00,
       -2.11018435e-07,  8.77350041e-06, -2.70579480e-04,  4.12183207e-03,
        1.33478075e-02,  7.74598229e-02,  1.46711501e-01, -1.24324906e+00,
       -2.78839241e-06,  1.26875131e-05, -1.86079148e-04, -1.67411753e-04,
       -6.54436334e-03,  1.17073454e-02,  7.29462099e-02, -2.35178495e-01,
       -9.65354071e-07, -9.41548526e-07, -2.03325792e-05,  1.19730943e-03,
       -2.96752095e-03, -4.60936550e-03,  1.67647164e-02, -2.77371962e-02,
        3.79900140e-07, -8.96800032e-07,  1.71643073e-05,  1.55485722e-04,
       -3.80118805e-04, -4.94296801e-04,  3.56673766e-05, -7.55982223e-04,
       -2.71825669e-08, -1.04689042e-06,  2.61763350e-05,  3.21940674e-05,
       -8.21071391e-05,  2.74879604e-05, -1.07202789e-04,  3.49413815e-05,
        1.18892031e-07,  7.47708178e-08, -3.83689680e-06,  1.61429600e-07,
       -5.12544081e-06,  1.54838443e-07, -1.54128045e-06, -2.96647209e-06,
        1.87579844e-07, -7.71283820e-07, -9.40963079e-09, -3.55337373e-07,
        2.11102909e-07, -2.01724470e-07, -6.05639149e-08, -8.17418315e-08,
       -1.34574245e-08, -1.20721454e-08,  3.70256651e-08, -9.99218583e-10,
        9.82317966e-09,  1.10056177e-09, -2.08444139e-08,  3.06390232e-09],      dtype=float64),
            Array([ 0.00000000e+00,  0.00000000e+00,  0.00000000e+00,  0.00000000e+00,
        0.00000000e+00,  5.02041313e+01,  3.69917761e+03, -1.10367191e+04,
       -1.77602586e+03, -1.15943080e+03, -2.16198408e+02,  2.03787095e+20,
       -1.19569480e-21, -1.09295575e-21, -9.62643516e-22, -9.05003085e-22,
       -3.94162487e+20,  2.76136876e+03, -1.17319318e+04, -2.10833721e+03,
       -1.10159715e+03, -2.95221021e+02,  9.68298661e-01,  2.71706356e-01,
        1.01717008e-01,  6.25973811e-02,  4.14999675e-02, -7.36358192e-09,
       -2.01436610e-08, -2.40843781e-08, -4.44338448e-10, -1.72757938e-08,
        3.90612572e-08,  1.18035005e-08,  5.02929924e-08,  3.95592910e-08,
       -4.48348087e-07,  2.91773553e-07,  6.02273595e-07, -1.03115983e-07,
        2.50761260e-07,  1.73539979e-07,  2.70248261e-07, -2.62397635e-07,
        1.76295799e-06,  7.82709665e-06, -3.46730389e-07, -1.28969505e-06,
        9.84752278e-06, -6.98540745e-06,  7.25856366e-06,  1.79961820e-07,
        1.41095229e-06, -3.06481478e-06,  5.26599674e-05,  1.27868429e-04,
       -2.86625326e-04, -7.56469152e-05,  7.98035723e-05,  4.11316250e-07,
        6.57429840e-06, -1.84391385e-06,  8.84470124e-04, -1.37704534e-03,
        3.90990240e-05,  6.71445622e-05, -1.11649281e-03,  7.85516721e-07,
        5.83648524e-07, -8.80943916e-05, -3.51071088e-04, -5.95896316e-04,
        3.12330296e-03,  7.26162458e-03, -2.17311512e-02,  3.12576019e-07,
       -4.52644125e-06, -2.40230571e-05,  2.44224736e-03,  6.99710838e-05,
       -1.20379376e-02,  1.38143979e-01, -2.82654244e-01,  5.33933641e-07,
        3.76205481e-06,  5.18740770e-04, -4.34440353e-03, -3.79885671e-03,
        7.49976601e-02,  6.19926872e-02, -1.46538194e+00,  9.89647447e+00,
        1.69314719e+00,  3.28501283e-01, -2.90300310e-02, -2.12692142e-02,
       -3.56258373e-04, -1.29087348e-04, -1.01392829e-05, -1.37361371e-06,
        1.92896910e+00, -7.58887620e-01,  4.84554771e-02,  1.97290309e-02,
       -1.00181501e-02, -2.77403543e-03,  1.92145822e-04, -1.86039886e-05,
       -1.85142547e-06,  9.98035918e-02, -1.50915947e-01,  1.43757116e-01,
       -2.44468128e-02, -3.74911397e-03,  1.22462940e-03,  1.93176655e-04,
       -1.77716764e-05,  1.09196208e-06, -5.17900254e-04, -7.19929600e-03,
        8.64780139e-03, -1.73624105e-03, -7.83122122e-04, -3.15603426e-04,
       -6.83215170e-07, -1.09118017e-06,  1.32472812e-06, -9.07040237e-05,
       -2.87339446e-04,  7.91152673e-04, -8.02232024e-04, -1.40961132e-03,
        9.05485063e-04,  1.28363243e-05,  2.51667473e-06,  1.48360610e-06,
       -3.80004055e-06,  1.13229587e-04,  1.09323421e-05, -3.31861916e-04,
        8.28016161e-05,  6.18565130e-05,  2.26777018e-05,  3.38193793e-06,
       -7.05269840e-07,  2.65697110e-06, -1.55929887e-06, -6.65621362e-06,
       -2.51251082e-07,  8.75011812e-06,  2.19506617e-06,  9.76804719e-06,
       -6.23305555e-08, -3.01173574e-08,  2.06894914e-07, -1.23118783e-08,
        1.42802785e-08, -4.25795169e-08,  2.62939756e-07, -3.66185193e-07,
        4.35464864e-07,  3.97484912e-07, -4.36903764e-07,  1.51994928e-08,
       -1.66853412e-08, -5.32862302e-09,  2.49384079e-08, -1.45868349e-08,
        2.48452998e-08,  5.78710267e-08, -2.31279196e-08, -5.00079178e-08,
       -3.05394012e-08, -6.16440230e-10, -7.49578132e-09,  3.33702675e-08,
       -6.62745854e-09,  9.20473031e-09,  5.00177700e-08, -3.86465617e-08,
        6.67861106e-10,  1.70343581e-07, -4.52145851e-10, -8.54965817e-08,
       -1.12558827e-08, -1.66425389e-07, -1.75986651e-07,  4.10593569e-07,
       -6.28097362e-07,  1.01218931e-07, -6.71580590e-07,  5.80590522e-06,
        3.90140157e-06,  2.48663103e-06, -4.06169154e-07,  1.06885176e-06,
       -5.64078649e-06,  9.77583701e-08, -2.18333742e-07, -2.03571818e-05,
       -1.97510926e-05, -7.75174794e-06,  5.97516526e-05,  1.01588170e-04,
       -4.27992878e-05, -3.56629231e-05,  1.67758755e-06,  1.69259584e-07,
        2.81897379e-04, -3.12726538e-04, -4.80566592e-04,  1.12836076e-03,
        4.32905065e-04, -1.54598966e-04, -6.83417577e-05,  2.80661878e-06,
       -7.97767962e-07, -2.94080029e-04,  1.19080535e-02, -1.89446845e-02,
        9.52148929e-03,  3.00930197e-03, -1.32788702e-03, -5.56880202e-05,
        4.93742710e-07,  5.31329350e-07, -9.37969776e-02,  1.26092113e-01,
       -7.52148877e-02,  3.46888876e-03,  8.71303137e-03,  1.32191128e-03,
       -1.26254720e-04, -8.44289910e-06,  1.61386969e-06, -1.34626510e+00,
        5.07220758e-01, -6.00165173e-02,  9.45187711e-04, -3.04198014e-03,
       -1.09387756e-03, -9.76569734e-05,  4.20413498e-07, -2.93315065e-06,
        2.37015518e-06, -2.44435602e-05,  5.81293586e-04,  1.38799800e-03,
        9.80577931e-03,  2.18877141e-02, -2.85109271e-01, -2.13828414e+00,
       -2.11018435e-07,  8.77350041e-06, -2.52836250e-04,  4.14975792e-03,
        1.33273778e-02,  7.74587140e-02,  1.46770168e-01, -1.24325338e+00,
       -2.78839241e-06,  1.26875131e-05, -1.92051261e-04, -1.75301875e-04,
       -6.53579248e-03,  1.16985346e-02,  7.29422382e-02, -2.35177186e-01,
       -9.65354071e-07, -9.41548526e-07, -1.99193670e-05,  1.19659709e-03,
       -2.97102371e-03, -4.60730525e-03,  1.67651309e-02, -2.77364187e-02,
        3.79900140e-07, -8.96800032e-07,  1.74849676e-05,  1.56680269e-04,
       -3.79647267e-04, -4.94533927e-04,  3.48110773e-05, -7.56137203e-04,
       -2.71825669e-08, -1.04689042e-06,  2.64835054e-05,  3.20174521e-05,
       -8.19170102e-05,  2.73617337e-05, -1.06705421e-04,  3.43683473e-05,
        1.18892031e-07,  7.47708178e-08, -4.37107053e-06,  4.53596417e-07,
       -4.74616025e-06,  2.70202638e-08, -1.90798138e-06, -2.55383335e-06,
        1.87579844e-07, -7.71283820e-07, -9.40963079e-09, -3.55337373e-07,
        2.11102909e-07, -2.01724470e-07, -6.05639149e-08, -8.17418315e-08,
       -1.34574245e-08, -1.20721454e-08,  3.70256651e-08, -9.99218583e-10,
        9.82317966e-09,  1.10056177e-09, -2.08444139e-08,  3.06390232e-09],      dtype=float64),
            Array([ 0.00000000e+00,  0.00000000e+00,  0.00000000e+00,  0.00000000e+00,
        0.00000000e+00,  5.02041313e+01,  3.66716731e+03, -1.10578181e+04,
       -1.78080217e+03, -1.15497159e+03, -2.09851777e+02,  2.02673896e+20,
       -1.26226361e-21, -1.15797523e-21, -1.02374614e-21, -9.66938568e-22,
       -3.94588841e+20,  2.71335436e+03, -1.17814301e+04, -2.14042627e+03,
       -1.10509117e+03, -2.87398499e+02,  9.62459442e-01,  2.66637758e-01,
        1.00937379e-01,  6.34103876e-02,  4.26865754e-02, -7.36358192e-09,
       -2.01436610e-08, -2.40843781e-08, -4.44338448e-10, -1.72757938e-08,
        3.90612572e-08,  1.18035005e-08,  5.02929924e-08,  3.95592910e-08,
       -4.48348087e-07,  2.91773553e-07,  6.02273595e-07, -1.03115983e-07,
        2.50761260e-07,  1.73539979e-07,  2.70248261e-07, -2.62397635e-07,
        1.76295799e-06,  7.70408156e-06, -5.83164864e-07, -1.04673808e-06,
        1.00550797e-05, -7.25646479e-06,  7.32993119e-06,  1.79961820e-07,
        1.41095229e-06, -3.42831903e-06,  5.26544300e-05,  1.27883494e-04,
       -2.87151603e-04, -7.51030205e-05,  7.96215953e-05,  4.11316250e-07,
        6.57429840e-06, -1.05717720e-06,  8.85929251e-04, -1.37835042e-03,
        3.97828879e-05,  6.77966211e-05, -1.11721306e-03,  7.85516721e-07,
        5.83648524e-07, -8.84641364e-05, -3.49582406e-04, -5.94895125e-04,
        3.12348875e-03,  7.26099718e-03, -2.17295897e-02,  3.12576019e-07,
       -4.52644125e-06, -2.17772720e-05,  2.43762630e-03,  7.16484975e-05,
       -1.20384895e-02,  1.38142276e-01, -2.82652128e-01,  5.33933641e-07,
        3.76205481e-06,  5.12153805e-04, -4.33692355e-03, -3.82586650e-03,
        7.50036863e-02,  6.19802535e-02, -1.46538542e+00,  9.89647447e+00,
        1.69314907e+00,  3.28560380e-01, -2.90432817e-02, -2.12254498e-02,
       -3.46149283e-04, -1.36337402e-04, -1.01392829e-05, -1.37361371e-06,
        1.92895709e+00, -7.58899336e-01,  4.84600391e-02,  1.97287318e-02,
       -9.99646972e-03, -2.77884293e-03,  1.96648442e-04, -1.86039886e-05,
       -1.85142547e-06,  9.98070925e-02, -1.50918097e-01,  1.43755629e-01,
       -2.44439862e-02, -3.74867928e-03,  1.22639342e-03,  1.91450544e-04,
       -1.77716764e-05,  1.09196208e-06, -5.18000155e-04, -7.19930160e-03,
        8.64701918e-03, -1.73678680e-03, -7.84108034e-04, -3.16290562e-04,
        5.71759808e-07, -1.09118017e-06,  1.32472812e-06, -9.11494549e-05,
       -2.86605282e-04,  7.91050039e-04, -8.03661389e-04, -1.40807849e-03,
        9.05668067e-04,  1.18542263e-05,  2.51667473e-06,  1.48360610e-06,
       -3.58852986e-06,  1.13034321e-04,  1.12151445e-05, -3.31366562e-04,
        8.18440377e-05,  6.21591076e-05,  2.28524402e-05,  3.38193793e-06,
       -7.05269840e-07,  2.71748506e-06, -1.64567171e-06, -6.86121462e-06,
        1.32901864e-08,  8.87401536e-06,  2.02282930e-06,  9.83751130e-06,
       -6.23305555e-08, -3.01173574e-08,  2.06894914e-07, -1.23118783e-08,
        1.42802785e-08, -4.25795169e-08,  2.62939756e-07, -3.66185193e-07,
        4.35464864e-07,  3.97484912e-07, -4.36903764e-07,  1.51994928e-08,
       -1.66853412e-08, -5.32862302e-09,  2.49384079e-08, -1.45868349e-08,
        2.48452998e-08,  5.78710267e-08, -2.31279196e-08, -5.00079178e-08,
       -3.05394012e-08, -6.16440230e-10, -7.49578132e-09,  3.33702675e-08,
       -6.62745854e-09,  9.20473031e-09,  5.00177700e-08, -3.86465617e-08,
        6.67861106e-10,  1.70343581e-07, -4.52145851e-10, -8.54965817e-08,
       -1.12558827e-08, -1.66425389e-07, -1.75986651e-07,  4.10593569e-07,
       -6.28097362e-07,  1.01218931e-07, -7.29434173e-07,  6.33271189e-06,
        3.90906857e-06,  2.43717308e-06, -4.61236615e-07,  1.13532725e-06,
       -5.66594921e-06,  9.77583701e-08, -2.18333742e-07, -2.03700391e-05,
       -2.00056111e-05, -7.74226559e-06,  5.94790031e-05,  1.01767703e-04,
       -4.25980311e-05, -3.57156359e-05,  1.67758755e-06,  1.69259584e-07,
        2.81861860e-04, -3.13260652e-04, -4.80304822e-04,  1.12844679e-03,
        4.32323634e-04, -1.54371988e-04, -6.83099232e-05,  2.80661878e-06,
       -7.97767962e-07, -2.94126408e-04,  1.19094941e-02, -1.89452269e-02,
        9.52222465e-03,  3.00969198e-03, -1.32836988e-03, -5.64230529e-05,
        4.93742710e-07,  5.31329350e-07, -9.37935381e-02,  1.26092780e-01,
       -7.52164810e-02,  3.46935308e-03,  8.71399488e-03,  1.32212896e-03,
       -1.24831932e-04, -8.44289910e-06,  1.61386969e-06, -1.34629145e+00,
        5.07216100e-01, -6.00037796e-02,  9.40413231e-04, -3.04041346e-03,
       -1.09733589e-03, -9.64984189e-05,  4.20413498e-07, -2.93315065e-06,
        2.37015518e-06, -2.44435602e-05,  5.76664356e-04,  1.39609213e-03,
        9.81561866e-03,  2.18838077e-02, -2.85103326e-01, -2.13833543e+00,
       -2.11018435e-07,  8.77350041e-06, -2.48372965e-04,  4.15317353e-03,
        1.33262417e-02,  7.74496530e-02,  1.46791313e-01, -1.24325282e+00,
       -2.78839241e-06,  1.26875131e-05, -1.92839676e-04, -1.75640151e-04,
       -6.53585213e-03,  1.16986702e-02,  7.29403762e-02, -2.35176464e-01,
       -9.65354071e-07, -9.41548526e-07, -2.04668878e-05,  1.19527540e-03,
       -2.96995843e-03, -4.60622559e-03,  1.67639454e-02, -2.77363908e-02,
        3.79900140e-07, -8.96800032e-07,  1.77254067e-05,  1.57362791e-04,
       -3.80371030e-04, -4.94608911e-04,  3.53069245e-05, -7.56318993e-04,
       -2.71825669e-08, -1.04689042e-06,  2.65087855e-05,  3.19664818e-05,
       -8.17196434e-05,  2.72970867e-05, -1.06820027e-04,  3.43784257e-05,
        1.18892031e-07,  7.47708178e-08, -4.47167943e-06,  5.05060548e-07,
       -4.72807005e-06, -2.26058398e-08, -1.84686685e-06, -2.48795861e-06,
        1.87579844e-07, -7.71283820e-07, -9.40963079e-09, -3.55337373e-07,
        2.11102909e-07, -2.01724470e-07, -6.05639149e-08, -8.17418315e-08,
       -1.34574245e-08, -1.20721454e-08,  3.70256651e-08, -9.99218583e-10,
        9.82317966e-09,  1.10056177e-09, -2.08444139e-08,  3.06390232e-09],      dtype=float64),
            Array([ 0.00000000e+00,  0.00000000e+00,  0.00000000e+00,  0.00000000e+00,
        0.00000000e+00,  5.02041313e+01,  3.50834029e+03, -1.11849221e+04,
       -1.82762195e+03, -1.14948799e+03, -1.89381187e+02,  1.97987886e+20,
       -1.55864819e-21, -1.45951049e-21, -1.32514251e-21, -1.28312476e-21,
       -3.96875873e+20,  2.48418842e+03, -1.20548289e+04, -2.33987496e+03,
       -1.15412880e+03, -2.70509170e+02,  9.27467677e-01,  2.35781080e-01,
        9.30537906e-02,  6.48453956e-02,  4.67780446e-02, -7.36358192e-09,
       -2.01436610e-08, -2.40843781e-08, -4.44338448e-10, -1.72757938e-08,
        3.90612572e-08,  1.18035005e-08,  5.02929924e-08,  3.95592910e-08,
       -4.48348087e-07,  2.91773553e-07,  6.02273595e-07, -1.03115983e-07,
        2.50761260e-07,  1.73539979e-07,  2.70248261e-07, -2.62397635e-07,
        1.76295799e-06,  7.17052843e-06, -2.07108337e-06,  1.40089487e-07,
        1.10032895e-05, -8.38478910e-06,  7.73858161e-06,  1.79961820e-07,
        1.41095229e-06, -4.57663855e-06,  5.32894602e-05,  1.27306155e-04,
       -2.89182682e-04, -7.30563032e-05,  7.89980686e-05,  4.11316250e-07,
        6.57429840e-06,  8.50720567e-07,  8.90555805e-04, -1.38221512e-03,
        4.20478943e-05,  7.03876452e-05, -1.12052908e-03,  7.85516721e-07,
        5.83648524e-07, -8.85976476e-05, -3.46102189e-04, -5.92741364e-04,
        3.12516311e-03,  7.25843825e-03, -2.17231806e-02,  3.12576019e-07,
       -4.52644125e-06, -1.56208539e-05,  2.42477360e-03,  8.46615974e-05,
       -1.20414545e-02,  1.38132221e-01, -2.82640900e-01,  5.33933641e-07,
        3.76205481e-06,  4.87302596e-04, -4.32255965e-03, -3.94654110e-03,
        7.50310385e-02,  6.19381685e-02, -1.46540908e+00,  9.89647447e+00,
        1.69315428e+00,  3.28767285e-01, -2.90706005e-02, -2.10439988e-02,
       -3.09796660e-04, -1.59705892e-04, -1.01392829e-05, -1.37361371e-06,
        1.92889762e+00, -7.58947066e-01,  4.84803801e-02,  1.97225670e-02,
       -9.91065967e-03, -2.78796952e-03,  2.11788267e-04, -1.86039886e-05,
       -1.85142547e-06,  9.98232117e-02, -1.50926578e-01,  1.43750803e-01,
       -2.44284038e-02, -3.75517051e-03,  1.22744293e-03,  1.86712168e-04,
       -1.77716764e-05,  1.09196208e-06, -5.18864281e-04, -7.19913244e-03,
        8.64376377e-03, -1.74117750e-03, -7.85140985e-04, -3.16799997e-04,
        4.46169896e-06, -1.09118017e-06,  1.32472812e-06, -9.28452538e-05,
       -2.83742497e-04,  7.91283252e-04, -8.08545479e-04, -1.40350138e-03,
        9.07096971e-04,  8.89717963e-06,  2.51667473e-06,  1.48360610e-06,
       -2.73149005e-06,  1.12311998e-04,  1.18488661e-05, -3.29881486e-04,
        7.92023188e-05,  6.30067402e-05,  2.32312096e-05,  3.38193793e-06,
       -7.05269840e-07,  2.96148345e-06, -1.96051373e-06, -7.40337739e-06,
        9.72247664e-07,  8.92730219e-06,  1.78337866e-06,  1.02577589e-05,
       -6.23305555e-08, -3.01173574e-08,  2.06894914e-07, -1.23118783e-08,
        1.42802785e-08, -4.25795169e-08,  2.62939756e-07, -3.66185193e-07,
        4.35464864e-07,  3.97484912e-07, -4.36903764e-07,  1.51994928e-08,
       -1.66853412e-08, -5.32862302e-09,  2.49384079e-08, -1.45868349e-08,
        2.48452998e-08,  5.78710267e-08, -2.31279196e-08, -5.00079178e-08,
       -3.05394012e-08, -6.16440230e-10, -7.49578132e-09,  3.33702675e-08,
       -6.62745854e-09,  9.20473031e-09,  5.00177700e-08, -3.86465617e-08,
        6.67861106e-10,  1.70343581e-07, -4.52145851e-10, -8.54965817e-08,
       -1.12558827e-08, -1.66425389e-07, -1.75986651e-07,  4.10593569e-07,
       -6.28097362e-07,  1.01218931e-07, -9.90607806e-07,  8.18602181e-06,
        3.94052244e-06,  2.67856609e-06, -7.78287609e-07,  1.12209206e-06,
       -5.61316683e-06,  9.77583701e-08, -2.18333742e-07, -2.02774263e-05,
       -2.07584735e-05, -7.77473422e-06,  5.80329170e-05,  1.02579291e-04,
       -4.13344447e-05, -3.63506635e-05,  1.67758755e-06,  1.69259584e-07,
        2.81441829e-04, -3.15319878e-04, -4.79163686e-04,  1.12871974e-03,
        4.30143580e-04, -1.54096191e-04, -6.76990197e-05,  2.80661878e-06,
       -7.97767962e-07, -2.93394586e-04,  1.19149528e-02, -1.89475650e-02,
        9.52431370e-03,  3.01123698e-03, -1.32879080e-03, -6.00289522e-05,
        4.93742710e-07,  5.31329350e-07, -9.37834400e-02,  1.26095308e-01,
       -7.52227624e-02,  3.47248409e-03,  8.71811461e-03,  1.31942596e-03,
       -1.19975047e-04, -8.44289910e-06,  1.61386969e-06, -1.34637934e+00,
        5.07198457e-01, -5.99522979e-02,  9.19234228e-04, -3.03653861e-03,
       -1.10265962e-03, -8.79021867e-05,  4.20413498e-07, -2.93315065e-06,
        2.37015518e-06, -2.44435602e-05,  5.60472047e-04,  1.42188062e-03,
        9.85839138e-03,  2.18673870e-02, -2.85082881e-01, -2.13853849e+00,
       -2.11018435e-07,  8.77350041e-06, -2.31798558e-04,  4.17276401e-03,
        1.33191505e-02,  7.74140647e-02,  1.46880603e-01, -1.24325153e+00,
       -2.78839241e-06,  1.26875131e-05, -1.97021930e-04, -1.79365719e-04,
       -6.53525549e-03,  1.16986409e-02,  7.29333255e-02, -2.35173311e-01,
       -9.65354071e-07, -9.41548526e-07, -2.28031451e-05,  1.19175448e-03,
       -2.96662428e-03, -4.60205912e-03,  1.67599640e-02, -2.77362597e-02,
        3.79900140e-07, -8.96800032e-07,  1.92970298e-05,  1.59204005e-04,
       -3.83112703e-04, -4.94828243e-04,  3.71691961e-05, -7.57049382e-04,
       -2.71825669e-08, -1.04689042e-06,  2.61978820e-05,  3.22166683e-05,
       -8.07984211e-05,  2.68801692e-05, -1.07167202e-04,  3.44422596e-05,
        1.18892031e-07,  7.47708178e-08, -4.75485752e-06,  6.04158203e-07,
       -4.77527557e-06, -1.19060343e-07, -1.76314381e-06, -2.25233169e-06,
        1.87579844e-07, -7.71283820e-07, -9.40963079e-09, -3.55337373e-07,
        2.11102909e-07, -2.01724470e-07, -6.05639149e-08, -8.17418315e-08,
       -1.34574245e-08, -1.20721454e-08,  3.70256651e-08, -9.99218583e-10,
        9.82317966e-09,  1.10056177e-09, -2.08444139e-08,  3.06390232e-09],      dtype=float64),
            Array([ 0.00000000e+00,  0.00000000e+00,  0.00000000e+00,  0.00000000e+00,
        0.00000000e+00,  5.02041313e+01,  3.49815766e+03, -1.11813770e+04,
       -1.81455927e+03, -1.13346007e+03, -1.74101554e+02,  1.97118532e+20,
       -1.61261742e-21, -1.50259814e-21, -1.35367851e-21, -1.30636915e-21,
       -3.96908086e+20,  2.46214554e+03, -1.20666934e+04, -2.33411984e+03,
       -1.13584372e+03, -2.48829112e+02,  9.25803118e-01,  2.35697374e-01,
        9.46490836e-02,  6.70294569e-02,  4.88253594e-02, -7.36358192e-09,
       -2.01436610e-08, -2.40843781e-08, -4.44338448e-10, -1.72757938e-08,
        3.90612572e-08,  1.18035005e-08,  5.02929924e-08,  3.95592910e-08,
       -4.48348087e-07,  2.91773553e-07,  6.02273595e-07, -1.03115983e-07,
        2.50761260e-07,  1.73539979e-07,  2.70248261e-07, -2.62397635e-07,
        1.76295799e-06,  7.19021084e-06, -2.29649161e-06,  4.49182263e-07,
        1.10588809e-05, -8.57261094e-06,  7.81628948e-06,  1.79961820e-07,
        1.41095229e-06, -4.72946013e-06,  5.35580705e-05,  1.26547335e-04,
       -2.89231949e-04, -7.22660920e-05,  7.84510998e-05,  4.11316250e-07,
        6.57429840e-06,  9.78116235e-07,  8.91310883e-04, -1.38241684e-03,
        4.21877916e-05,  7.04789789e-05, -1.12041680e-03,  7.85516721e-07,
        5.83648524e-07, -8.85021628e-05, -3.46118538e-04, -5.92618143e-04,
        3.12675743e-03,  7.25750384e-03, -2.17213523e-02,  3.12576019e-07,
       -4.52644125e-06, -1.63171339e-05,  2.42367693e-03,  8.74904199e-05,
       -1.20452058e-02,  1.38133431e-01, -2.82640743e-01,  5.33933641e-07,
        3.76205481e-06,  4.81427625e-04, -4.32703849e-03, -3.97117232e-03,
        7.50410853e-02,  6.19200406e-02, -1.46541231e+00,  9.89647447e+00,
        1.69315567e+00,  3.28820218e-01, -2.90865982e-02, -2.10038227e-02,
       -2.99760542e-04, -1.65423246e-04, -1.01392829e-05, -1.37361371e-06,
        1.92888256e+00, -7.58956313e-01,  4.84883825e-02,  1.97171962e-02,
       -9.89071573e-03, -2.78683814e-03,  2.13973602e-04, -1.86039886e-05,
       -1.85142547e-06,  9.98270834e-02, -1.50928428e-01,  1.43747492e-01,
       -2.44214581e-02, -3.75729230e-03,  1.22661575e-03,  1.86775893e-04,
       -1.77716764e-05,  1.09196208e-06, -5.18774792e-04, -7.19924996e-03,
        8.64355464e-03, -1.74270120e-03, -7.85142701e-04, -3.15194941e-04,
        5.32615925e-06, -1.09118017e-06,  1.32472812e-06, -9.32435294e-05,
       -2.83133287e-04,  7.91862350e-04, -8.09772298e-04, -1.40267363e-03,
        9.08395175e-04,  7.89836131e-06,  2.51667473e-06,  1.48360610e-06,
       -2.77182060e-06,  1.12396306e-04,  1.20857152e-05, -3.29869131e-04,
        7.88726118e-05,  6.31833424e-05,  2.32185369e-05,  3.38193793e-06,
       -7.05269840e-07,  3.13391400e-06, -2.18320878e-06, -7.84585914e-06,
        1.48444674e-06,  8.89670984e-06,  1.43679708e-06,  1.04512254e-05,
       -6.23305555e-08, -3.01173574e-08,  2.06894914e-07, -1.23118783e-08,
        1.42802785e-08, -4.25795169e-08,  2.62939756e-07, -3.66185193e-07,
        4.35464864e-07,  3.97484912e-07, -4.36903764e-07,  1.51994928e-08,
       -1.66853412e-08, -5.32862302e-09,  2.49384079e-08, -1.45868349e-08,
        2.48452998e-08,  5.78710267e-08, -2.31279196e-08, -5.00079178e-08,
       -3.05394012e-08, -6.16440230e-10, -7.49578132e-09,  3.33702675e-08,
       -6.62745854e-09,  9.20473031e-09,  5.00177700e-08, -3.86465617e-08,
        6.67861106e-10,  1.70343581e-07, -4.52145851e-10, -8.54965817e-08,
       -1.12558827e-08, -1.66425389e-07, -1.75986651e-07,  4.10593569e-07,
       -6.28097362e-07,  1.01218931e-07, -9.84035865e-07,  8.65061390e-06,
        3.90968134e-06,  2.54056555e-06, -7.58347150e-07,  1.21001176e-06,
       -5.63708640e-06,  9.77583701e-08, -2.18333742e-07, -2.03809377e-05,
       -2.10396180e-05, -7.65545355e-06,  5.75090543e-05,  1.02571568e-04,
       -4.07655550e-05, -3.63684158e-05,  1.67758755e-06,  1.69259584e-07,
        2.81522766e-04, -3.15555893e-04, -4.79132727e-04,  1.12947036e-03,
        4.29859865e-04, -1.54427337e-04, -6.76614656e-05,  2.80661878e-06,
       -7.97767962e-07, -2.93371996e-04,  1.19156807e-02, -1.89479463e-02,
        9.52529091e-03,  3.01117131e-03, -1.32885490e-03, -6.09163408e-05,
        4.93742710e-07,  5.31329350e-07, -9.37804924e-02,  1.26096189e-01,
       -7.52241314e-02,  3.47040920e-03,  8.72103948e-03,  1.31884221e-03,
       -1.18903583e-04, -8.44289910e-06,  1.61386969e-06, -1.34640182e+00,
        5.07193998e-01, -5.99426830e-02,  9.17586176e-04, -3.03840711e-03,
       -1.10518871e-03, -8.47658556e-05,  4.20413498e-07, -2.93315065e-06,
        2.37015518e-06, -2.44435602e-05,  5.56055018e-04,  1.43618944e-03,
        9.86681001e-03,  2.18616571e-02, -2.85074290e-01, -2.13858436e+00,
       -2.11018435e-07,  8.77350041e-06, -2.28511588e-04,  4.17811729e-03,
        1.33140057e-02,  7.74101952e-02,  1.46894486e-01, -1.24325158e+00,
       -2.78839241e-06,  1.26875131e-05, -1.98497532e-04, -1.80817446e-04,
       -6.53256383e-03,  1.16967177e-02,  7.29321560e-02, -2.35172432e-01,
       -9.65354071e-07, -9.41548526e-07, -2.30886040e-05,  1.19091459e-03,
       -2.96605442e-03, -4.60106335e-03,  1.67590714e-02, -2.77362708e-02,
        3.79900140e-07, -8.96800032e-07,  1.96293451e-05,  1.59407400e-04,
       -3.83664172e-04, -4.94639455e-04,  3.71723208e-05, -7.57168817e-04,
       -2.71825669e-08, -1.04689042e-06,  2.62392208e-05,  3.24167268e-05,
       -8.09647829e-05,  2.68017390e-05, -1.06992340e-04,  3.43469007e-05,
        1.18892031e-07,  7.47708178e-08, -4.87656128e-06,  6.49568874e-07,
       -4.56769580e-06, -2.23919495e-07, -1.83610887e-06, -2.13259622e-06,
        1.87579844e-07, -7.71283820e-07, -9.40963079e-09, -3.55337373e-07,
        2.11102909e-07, -2.01724470e-07, -6.05639149e-08, -8.17418315e-08,
       -1.34574245e-08, -1.20721454e-08,  3.70256651e-08, -9.99218583e-10,
        9.82317966e-09,  1.10056177e-09, -2.08444139e-08,  3.06390232e-09],      dtype=float64),
            Array([ 0.00000000e+00,  0.00000000e+00,  0.00000000e+00,  0.00000000e+00,
        0.00000000e+00,  5.02041313e+01,  3.38240078e+03, -1.12356569e+04,
       -1.81268972e+03, -1.10361958e+03, -1.36209018e+02,  1.91367012e+20,
       -1.97733497e-21, -1.83688802e-21, -1.65336888e-21, -1.60028947e-21,
       -3.98193965e+20,  2.27263142e+03, -1.22244341e+04, -2.40359825e+03,
       -1.12841367e+03, -2.05561407e+02,  9.07732301e-01,  2.25001265e-01,
        9.35202505e-02,  7.08717716e-02,  5.39424194e-02, -7.36358192e-09,
       -2.01436610e-08, -2.40843781e-08, -4.44338448e-10, -1.72757938e-08,
        3.90612572e-08,  1.18035005e-08,  5.02929924e-08,  3.95592910e-08,
       -4.48348087e-07,  2.91773553e-07,  6.02273595e-07, -1.03115983e-07,
        2.50761260e-07,  1.73539979e-07,  2.70248261e-07, -2.62397635e-07,
        1.76295799e-06,  7.06691789e-06, -3.56965969e-06,  1.92293226e-06,
        1.16633073e-05, -9.52813580e-06,  8.28470943e-06,  1.79961820e-07,
        1.41095229e-06, -5.12161732e-06,  5.38391948e-05,  1.23805538e-04,
       -2.89072410e-04, -6.95652935e-05,  7.66596669e-05,  4.11316250e-07,
        6.57429840e-06,  1.98592625e-06,  8.94241859e-04, -1.38263567e-03,
        4.22489834e-05,  7.08225007e-05, -1.12048256e-03,  7.85516721e-07,
        5.83648524e-07, -8.90707127e-05, -3.44850204e-04, -5.95242367e-04,
        3.13332619e-03,  7.25482637e-03, -2.17168988e-02,  3.12576019e-07,
       -4.52644125e-06, -1.70340357e-05,  2.41695909e-03,  9.98036543e-05,
       -1.20635013e-02,  1.38139071e-01, -2.82630727e-01,  5.33933641e-07,
        3.76205481e-06,  4.59792688e-04, -4.33762863e-03, -4.07413980e-03,
        7.50873841e-02,  6.18449547e-02, -1.46544666e+00,  9.89647447e+00,
        1.69317802e+00,  3.29018512e-01, -2.91623368e-02, -2.08102020e-02,
       -2.65391146e-04, -1.92459847e-04, -1.01392829e-05, -1.37361371e-06,
        1.92884226e+00, -7.58989408e-01,  4.84982655e-02,  1.96862651e-02,
       -9.80564549e-03, -2.78189063e-03,  2.25702658e-04, -1.86039886e-05,
       -1.85142547e-06,  9.98390837e-02, -1.50932863e-01,  1.43741209e-01,
       -2.43922544e-02, -3.77061263e-03,  1.22579855e-03,  1.84169570e-04,
       -1.77716764e-05,  1.09196208e-06, -5.18950452e-04, -7.19998761e-03,
        8.64140410e-03, -1.74850993e-03, -7.82270396e-04, -3.13107209e-04,
        9.53512220e-06, -1.09118017e-06,  1.32472812e-06, -9.45790490e-05,
       -2.80888361e-04,  7.93353746e-04, -8.13765377e-04, -1.40003026e-03,
        9.11774683e-04,  4.63073763e-06,  2.51667473e-06,  1.48360610e-06,
       -2.73252516e-06,  1.12530603e-04,  1.32794193e-05, -3.29845010e-04,
        7.72078161e-05,  6.44197416e-05,  2.32430906e-05,  3.38193793e-06,
       -7.05269840e-07,  3.78200044e-06, -2.98811069e-06, -9.64719643e-06,
        3.18620134e-06,  9.07295440e-06,  7.38315757e-07,  1.09700487e-05,
       -6.23305555e-08, -3.01173574e-08,  2.06894914e-07, -1.23118783e-08,
        1.42802785e-08, -4.25795169e-08,  2.62939756e-07, -3.66185193e-07,
        4.35464864e-07,  3.97484912e-07, -4.36903764e-07,  1.51994928e-08,
       -1.66853412e-08, -5.32862302e-09,  2.49384079e-08, -1.45868349e-08,
        2.48452998e-08,  5.78710267e-08, -2.31279196e-08, -5.00079178e-08,
       -3.05394012e-08, -6.16440230e-10, -7.49578132e-09,  3.33702675e-08,
       -6.62745854e-09,  9.20473031e-09,  5.00177700e-08, -3.86465617e-08,
        6.67861106e-10,  1.70343581e-07, -4.52145851e-10, -8.54965817e-08,
       -1.12558827e-08, -1.66425389e-07, -1.75986651e-07,  4.10593569e-07,
       -6.28097362e-07,  1.01218931e-07, -1.00240310e-06,  1.08944045e-05,
        3.75239546e-06,  2.41532233e-06, -7.35656184e-07,  1.38795429e-06,
       -5.59198357e-06,  9.77583701e-08, -2.18333742e-07, -2.06432609e-05,
       -2.20509615e-05, -7.31202046e-06,  5.54385150e-05,  1.02765145e-04,
       -3.82998728e-05, -3.67135998e-05,  1.67758755e-06,  1.69259584e-07,
        2.81868582e-04, -3.16492873e-04, -4.78863713e-04,  1.13165682e-03,
        4.28743764e-04, -1.55856673e-04, -6.76983795e-05,  2.80661878e-06,
       -7.97767962e-07, -2.93972643e-04,  1.19183706e-02, -1.89489813e-02,
        9.52778920e-03,  3.01005696e-03, -1.32803033e-03, -6.39000504e-05,
        4.93742710e-07,  5.31329350e-07, -9.37705174e-02,  1.26097657e-01,
       -7.52298094e-02,  3.46819280e-03,  8.73243752e-03,  1.31398126e-03,
       -1.12664197e-04, -8.44289910e-06,  1.61386969e-06, -1.34643777e+00,
        5.07184004e-01, -5.99091443e-02,  9.08502576e-04, -3.04936954e-03,
       -1.10930107e-03, -7.57113057e-05,  4.20413498e-07, -2.93315065e-06,
        2.37015518e-06, -2.44435602e-05,  5.29654283e-04,  1.48555969e-03,
        9.91696915e-03,  2.18397822e-02, -2.85069406e-01, -2.13879644e+00,
       -2.11018435e-07,  8.77350041e-06, -2.09097499e-04,  4.20055666e-03,
        1.32909317e-02,  7.73917052e-02,  1.46951459e-01, -1.24324502e+00,
       -2.78839241e-06,  1.26875131e-05, -2.04231836e-04, -1.89098570e-04,
       -6.52230177e-03,  1.16949337e-02,  7.29232546e-02, -2.35171378e-01,
       -9.65354071e-07, -9.41548526e-07, -2.45349121e-05,  1.18875909e-03,
       -2.96488465e-03, -4.59771018e-03,  1.67567656e-02, -2.77359389e-02,
        3.79900140e-07, -8.96800032e-07,  2.08204886e-05,  1.60280294e-04,
       -3.85541401e-04, -4.94380199e-04,  3.75359510e-05, -7.57556955e-04,
       -2.71825669e-08, -1.04689042e-06,  2.61276301e-05,  3.32005726e-05,
       -8.12448627e-05,  2.64782319e-05, -1.06490120e-04,  3.39526791e-05,
        1.18892031e-07,  7.47708178e-08, -5.24320069e-06,  8.56913391e-07,
       -3.87898014e-06, -5.78404451e-07, -2.18904740e-06, -1.62318085e-06,
        1.87579844e-07, -7.71283820e-07, -9.40963079e-09, -3.55337373e-07,
        2.11102909e-07, -2.01724470e-07, -6.05639149e-08, -8.17418315e-08,
       -1.34574245e-08, -1.20721454e-08,  3.70256651e-08, -9.99218583e-10,
        9.82317966e-09,  1.10056177e-09, -2.08444139e-08,  3.06390232e-09],      dtype=float64),
            Array([ 0.00000000e+00,  0.00000000e+00,  0.00000000e+00,  0.00000000e+00,
        0.00000000e+00,  5.02041313e+01,  3.23386400e+03, -1.12968907e+04,
       -1.81575636e+03, -1.08217217e+03, -1.08255862e+02,  1.82950279e+20,
       -2.50930871e-21, -2.31472556e-21, -2.07516621e-21, -2.00553293e-21,
       -3.99868377e+20,  2.02259284e+03, -1.23967151e+04, -2.47765371e+03,
       -1.12990489e+03, -1.75406388e+02,  8.90052237e-01,  2.13760791e-01,
        9.10758883e-02,  7.31901015e-02,  5.75849411e-02, -7.36358192e-09,
       -2.01436610e-08, -2.40843781e-08, -4.44338448e-10, -1.72757938e-08,
        3.90612572e-08,  1.18035005e-08,  5.02929924e-08,  3.95592910e-08,
       -4.48348087e-07,  2.91773553e-07,  6.02273595e-07, -1.03115983e-07,
        2.50761260e-07,  1.73539979e-07,  2.70248261e-07, -2.62397635e-07,
        1.76295799e-06,  7.54948132e-06, -5.19319302e-06,  3.71899791e-06,
        1.17702653e-05, -1.02977532e-05,  8.48945550e-06,  1.79961820e-07,
        1.41095229e-06, -5.05489820e-06,  5.45573364e-05,  1.20082088e-04,
       -2.88083846e-04, -6.70534333e-05,  7.48644861e-05,  4.11316250e-07,
        6.57429840e-06,  2.09059944e-06,  8.94080100e-04, -1.38128223e-03,
        4.27267636e-05,  7.14521239e-05, -1.12069237e-03,  7.85516721e-07,
        5.83648524e-07, -8.92115691e-05, -3.38368649e-04, -5.98563789e-04,
        3.13760277e-03,  7.25316519e-03, -2.17099531e-02,  3.12576019e-07,
       -4.52644125e-06, -2.28391696e-05,  2.41267862e-03,  1.05346661e-04,
       -1.20782617e-02,  1.38153622e-01, -2.82623600e-01,  5.33933641e-07,
        3.76205481e-06,  4.49278981e-04, -4.35530577e-03, -4.17732192e-03,
        7.51147144e-02,  6.17967988e-02, -1.46547017e+00,  9.89647447e+00,
        1.69322217e+00,  3.29167081e-01, -2.92594725e-02, -2.06355936e-02,
       -2.49860851e-04, -2.04298014e-04, -1.01392829e-05, -1.37361371e-06,
        1.92881666e+00, -7.59008305e-01,  4.84931091e-02,  1.96621481e-02,
       -9.71774628e-03, -2.76903985e-03,  2.31656978e-04, -1.86039886e-05,
       -1.85142547e-06,  9.98460806e-02, -1.50935074e-01,  1.43737210e-01,
       -2.43637356e-02, -3.78192948e-03,  1.22759499e-03,  1.85715340e-04,
       -1.77716764e-05,  1.09196208e-06, -5.17951602e-04, -7.20247265e-03,
        8.63612549e-03, -1.75109348e-03, -7.78671204e-04, -3.12014777e-04,
        1.24471046e-05, -1.09118017e-06,  1.32472812e-06, -9.62147824e-05,
       -2.78680460e-04,  7.96770282e-04, -8.18087574e-04, -1.40003187e-03,
        9.15799644e-04,  1.38485216e-06,  2.51667473e-06,  1.48360610e-06,
       -2.63605379e-06,  1.12585848e-04,  1.45740903e-05, -3.29955137e-04,
        7.71639139e-05,  6.46806183e-05,  2.25742699e-05,  3.38193793e-06,
       -7.05269840e-07,  4.34604992e-06, -3.79611487e-06, -1.06964113e-05,
        4.78762261e-06,  8.89536526e-06,  7.26193890e-07,  1.15381334e-05,
       -6.23305555e-08, -3.01173574e-08,  2.06894914e-07, -1.23118783e-08,
        1.42802785e-08, -4.25795169e-08,  2.62939756e-07, -3.66185193e-07,
        4.35464864e-07,  3.97484912e-07, -4.36903764e-07,  1.51994928e-08,
       -1.66853412e-08, -5.32862302e-09,  2.49384079e-08, -1.45868349e-08,
        2.48452998e-08,  5.78710267e-08, -2.31279196e-08, -5.00079178e-08,
       -3.05394012e-08, -6.16440230e-10, -7.49578132e-09,  3.33702675e-08,
       -6.62745854e-09,  9.20473031e-09,  5.00177700e-08, -3.86465617e-08,
        6.67861106e-10,  1.70343581e-07, -4.52145851e-10, -8.54965817e-08,
       -1.12558827e-08, -1.66425389e-07, -1.75986651e-07,  4.10593569e-07,
       -6.28097362e-07,  1.01218931e-07, -1.01956087e-06,  1.29048845e-05,
        3.59330432e-06,  2.24596077e-06, -7.59426286e-07,  1.49669413e-06,
       -5.26756769e-06,  9.77583701e-08, -2.18333742e-07, -2.08514931e-05,
       -2.32042878e-05, -6.99568419e-06,  5.36271246e-05,  1.02954969e-04,
       -3.49157644e-05, -3.74452612e-05,  1.67758755e-06,  1.69259584e-07,
        2.81820388e-04, -3.17611672e-04, -4.78319196e-04,  1.13406731e-03,
        4.27433369e-04, -1.58589525e-04, -6.70365373e-05,  2.80661878e-06,
       -7.97767962e-07, -2.94048870e-04,  1.19210951e-02, -1.89504792e-02,
        9.53028636e-03,  3.01006947e-03, -1.32710289e-03, -6.67330661e-05,
        4.93742710e-07,  5.31329350e-07, -9.37662029e-02,  1.26095147e-01,
       -7.52331337e-02,  3.46788452e-03,  8.74105996e-03,  1.30950247e-03,
       -1.06242575e-04, -8.44289910e-06,  1.61386969e-06, -1.34643099e+00,
        5.07180230e-01, -5.98880630e-02,  8.94077390e-04, -3.05412662e-03,
       -1.10901187e-03, -7.37635916e-05,  4.20413498e-07, -2.93315065e-06,
        2.37015518e-06, -2.44435602e-05,  5.16093800e-04,  1.52502319e-03,
        9.95122426e-03,  2.18329947e-02, -2.85089103e-01, -2.13898641e+00,
       -2.11018435e-07,  8.77350041e-06, -2.01009422e-04,  4.23056460e-03,
        1.32744994e-02,  7.73683351e-02,  1.46998287e-01, -1.24323784e+00,
       -2.78839241e-06,  1.26875131e-05, -2.05989060e-04, -1.98584906e-04,
       -6.51338155e-03,  1.16948235e-02,  7.29174715e-02, -2.35172244e-01,
       -9.65354071e-07, -9.41548526e-07, -2.69106791e-05,  1.18670920e-03,
       -2.96188915e-03, -4.59508879e-03,  1.67533002e-02, -2.77348899e-02,
        3.79900140e-07, -8.96800032e-07,  2.24839684e-05,  1.60275424e-04,
       -3.87624027e-04, -4.93910572e-04,  3.83275827e-05, -7.58122782e-04,
       -2.71825669e-08, -1.04689042e-06,  2.56845789e-05,  3.49806669e-05,
       -8.16870567e-05,  2.60211522e-05, -1.05977989e-04,  3.38002390e-05,
        1.18892031e-07,  7.47708178e-08, -5.33664918e-06,  8.05410279e-07,
       -3.52547147e-06, -7.69636749e-07, -2.39087006e-06, -1.19260692e-06,
        1.87579844e-07, -7.71283820e-07, -9.40963079e-09, -3.55337373e-07,
        2.11102909e-07, -2.01724470e-07, -6.05639149e-08, -8.17418315e-08,
       -1.34574245e-08, -1.20721454e-08,  3.70256651e-08, -9.99218583e-10,
        9.82317966e-09,  1.10056177e-09, -2.08444139e-08,  3.06390232e-09],      dtype=float64),
            Array([ 0.00000000e+00,  0.00000000e+00,  0.00000000e+00,  0.00000000e+00,
        0.00000000e+00,  5.02041313e+01,  3.12839181e+03, -1.13055825e+04,
       -1.77459254e+03, -1.03044149e+03, -6.04293056e+01,  1.74810752e+20,
       -3.03897724e-21, -2.76258108e-21, -2.41612498e-21, -2.29176945e-21,
       -4.00787377e+20,  1.81440675e+03, -1.24952254e+04, -2.47477596e+03,
       -1.07274880e+03, -1.07470314e+02,  8.79829073e-01,  2.10657115e-01,
        9.49769409e-02,  7.96548985e-02,  6.38634291e-02, -7.36358192e-09,
       -2.01436610e-08, -2.40843781e-08, -4.44338448e-10, -1.72757938e-08,
        3.90612572e-08,  1.18035005e-08,  5.02929924e-08,  3.95592910e-08,
       -4.48348087e-07,  2.91773553e-07,  6.02273595e-07, -1.03115983e-07,
        2.50761260e-07,  1.73539979e-07,  2.70248261e-07, -2.62397635e-07,
        1.76295799e-06,  9.18522789e-06, -5.92917202e-06,  4.37612132e-06,
        1.10737642e-05, -1.03726900e-05,  8.17473611e-06,  1.79961820e-07,
        1.41095229e-06, -5.37551456e-06,  5.47473660e-05,  1.16315835e-04,
       -2.86519442e-04, -6.49199770e-05,  7.31463772e-05,  4.11316250e-07,
        6.57429840e-06,  1.09376663e-06,  8.94238722e-04, -1.38174640e-03,
        4.34578862e-05,  7.18991541e-05, -1.12020358e-03,  7.85516721e-07,
        5.83648524e-07, -9.04201465e-05, -3.25471656e-04, -5.99171051e-04,
        3.13749629e-03,  7.24996249e-03, -2.16994096e-02,  3.12576019e-07,
       -4.52644125e-06, -2.68144912e-05,  2.41116117e-03,  9.83497755e-05,
       -1.20823937e-02,  1.38156952e-01, -2.82631597e-01,  5.33933641e-07,
        3.76205481e-06,  4.42293794e-04, -4.38205962e-03, -4.27511328e-03,
        7.51480557e-02,  6.17514536e-02, -1.46547926e+00,  9.89647447e+00,
        1.69328029e+00,  3.29313498e-01, -2.93636367e-02, -2.05321537e-02,
       -2.41667504e-04, -2.13589046e-04, -1.01392829e-05, -1.37361371e-06,
        1.92874574e+00, -7.59022942e-01,  4.85203219e-02,  1.96375952e-02,
       -9.64243606e-03, -2.76242277e-03,  2.31026096e-04, -1.86039886e-05,
       -1.85142547e-06,  9.98618249e-02, -1.50941006e-01,  1.43724111e-01,
       -2.43431506e-02, -3.76648560e-03,  1.22687119e-03,  1.90515754e-04,
       -1.77716764e-05,  1.09196208e-06, -5.16730772e-04, -7.20320807e-03,
        8.63269017e-03, -1.75272180e-03, -7.78771647e-04, -3.01863701e-04,
        1.63746042e-05, -1.09118017e-06,  1.32472812e-06, -9.80956609e-05,
       -2.76242837e-04,  8.00206093e-04, -8.22800923e-04, -1.39874036e-03,
        9.19991544e-04, -2.29492257e-06,  2.51667473e-06,  1.48360610e-06,
       -2.72081587e-06,  1.12755523e-04,  1.64583926e-05, -3.30785093e-04,
        7.80026651e-05,  6.52779591e-05,  2.14405989e-05,  3.38193793e-06,
       -7.05269840e-07,  4.81331898e-06, -4.51998620e-06, -1.19019723e-05,
        6.63309772e-06,  8.47769944e-06,  8.34522024e-08,  1.25670551e-05,
       -6.23305555e-08, -3.01173574e-08,  2.06894914e-07, -1.23118783e-08,
        1.42802785e-08, -4.25795169e-08,  2.62939756e-07, -3.66185193e-07,
        4.35464864e-07,  3.97484912e-07, -4.36903764e-07,  1.51994928e-08,
       -1.66853412e-08, -5.32862302e-09,  2.49384079e-08, -1.45868349e-08,
        2.48452998e-08,  5.78710267e-08, -2.31279196e-08, -5.00079178e-08,
       -3.05394012e-08, -6.16440230e-10, -7.49578132e-09,  3.33702675e-08,
       -6.62745854e-09,  9.20473031e-09,  5.00177700e-08, -3.86465617e-08,
        6.67861106e-10,  1.70343581e-07, -4.52145851e-10, -8.54965817e-08,
       -1.12558827e-08, -1.66425389e-07, -1.75986651e-07,  4.10593569e-07,
       -6.28097362e-07,  1.01218931e-07, -1.05911935e-06,  1.49755876e-05,
        3.51037845e-06,  1.38174429e-06, -7.13727390e-07,  2.27040484e-06,
       -5.17139199e-06,  9.77583701e-08, -2.18333742e-07, -2.11015720e-05,
       -2.47231115e-05, -6.64212760e-06,  5.28266688e-05,  1.02747449e-04,
       -3.22896521e-05, -3.76545297e-05,  1.67758755e-06,  1.69259584e-07,
        2.81590590e-04, -3.19057515e-04, -4.77877009e-04,  1.13698121e-03,
        4.26396249e-04, -1.61667740e-04, -6.65947539e-05,  2.80661878e-06,
       -7.97767962e-07, -2.92678648e-04,  1.19249042e-02, -1.89529927e-02,
        9.53344677e-03,  3.01223363e-03, -1.32833504e-03, -6.81561963e-05,
        4.93742710e-07,  5.31329350e-07, -9.37589509e-02,  1.26097509e-01,
       -7.52369033e-02,  3.46078595e-03,  8.74856819e-03,  1.31225191e-03,
       -1.01709354e-04, -8.44289910e-06,  1.61386969e-06, -1.34649836e+00,
        5.07164561e-01, -5.98522240e-02,  8.77420323e-04, -3.05201977e-03,
       -1.12474746e-03, -7.31393486e-05,  4.20413498e-07, -2.93315065e-06,
        2.37015518e-06, -2.44435602e-05,  5.06171900e-04,  1.56751498e-03,
        9.96213135e-03,  2.18177383e-02, -2.85072916e-01, -2.13912861e+00,
       -2.11018435e-07,  8.77350041e-06, -2.02431151e-04,  4.25861240e-03,
        1.32645961e-02,  7.73486999e-02,  1.47048112e-01, -1.24324327e+00,
       -2.78839241e-06,  1.26875131e-05, -2.05509241e-04, -2.01937310e-04,
       -6.50517466e-03,  1.16872746e-02,  7.29158778e-02, -2.35169045e-01,
       -9.65354071e-07, -9.41548526e-07, -2.72899657e-05,  1.18142176e-03,
       -2.95607394e-03, -4.59131734e-03,  1.67476904e-02, -2.77346839e-02,
        3.79900140e-07, -8.96800032e-07,  2.30898535e-05,  1.60182647e-04,
       -3.89072028e-04, -4.93080968e-04,  3.87648759e-05, -7.58828686e-04,
       -2.71825669e-08, -1.04689042e-06,  2.59111469e-05,  3.70055996e-05,
       -8.31213159e-05,  2.57582493e-05, -1.05351579e-04,  3.37244859e-05,
        1.18892031e-07,  7.47708178e-08, -5.57142418e-06,  5.38783297e-07,
       -3.04575842e-06, -8.67067306e-07, -2.47220566e-06, -9.10998531e-07,
        1.87579844e-07, -7.71283820e-07, -9.40963079e-09, -3.55337373e-07,
        2.11102909e-07, -2.01724470e-07, -6.05639149e-08, -8.17418315e-08,
       -1.34574245e-08, -1.20721454e-08,  3.70256651e-08, -9.99218583e-10,
        9.82317966e-09,  1.10056177e-09, -2.08444139e-08,  3.06390232e-09],      dtype=float64),
            Array([ 0.00000000e+00,  0.00000000e+00,  0.00000000e+00,  0.00000000e+00,
        0.00000000e+00,  5.02041313e+01,  2.91081216e+03, -1.14159675e+04,
       -1.80929245e+03, -1.03135822e+03, -4.96132483e+01,  1.63367302e+20,
       -3.81320710e-21, -3.49005007e-21, -3.06849944e-21, -2.90671118e-21,
       -4.03456806e+20,  1.45328172e+03, -1.27470772e+04, -2.60387081e+03,
       -1.11372690e+03, -1.07292879e+02,  8.55941044e-01,  1.94277027e-01,
        8.77547347e-02,  7.83036950e-02,  6.50173118e-02, -7.36358192e-09,
       -2.01436610e-08, -2.40843781e-08, -4.44338448e-10, -1.72757938e-08,
        3.90612572e-08,  1.18035005e-08,  5.02929924e-08,  3.95592910e-08,
       -4.48348087e-07,  2.91773553e-07,  6.02273595e-07, -1.03115983e-07,
        2.50761260e-07,  1.73539979e-07,  2.70248261e-07, -2.62397635e-07,
        1.76295799e-06,  1.11734224e-05, -6.56636877e-06,  4.80412166e-06,
        1.04057061e-05, -1.05264994e-05,  7.93175108e-06,  1.79961820e-07,
        1.41095229e-06, -5.49439925e-06,  5.40603780e-05,  1.13930110e-04,
       -2.83824394e-04, -6.45584746e-05,  7.27662818e-05,  4.11316250e-07,
        6.57429840e-06,  6.48981394e-07,  8.91489578e-04, -1.38034614e-03,
        4.35315608e-05,  7.29156077e-05, -1.12084456e-03,  7.85516721e-07,
        5.83648524e-07, -9.31992224e-05, -3.06887550e-04, -6.06425049e-04,
        3.13429903e-03,  7.25192554e-03, -2.16949599e-02,  3.12576019e-07,
       -4.52644125e-06, -2.71655381e-05,  2.41215871e-03,  8.95322556e-05,
       -1.20921495e-02,  1.38165912e-01, -2.82619930e-01,  5.33933641e-07,
        3.76205481e-06,  4.48996206e-04, -4.39599908e-03, -4.34758327e-03,
        7.51883848e-02,  6.17087142e-02, -1.46551111e+00,  9.89647447e+00,
        1.69338266e+00,  3.29404882e-01, -2.94577480e-02, -2.04285887e-02,
       -2.60359944e-04, -2.15585840e-04, -1.01392829e-05, -1.37361371e-06,
        1.92872386e+00, -7.59023191e-01,  4.85202017e-02,  1.95991966e-02,
       -9.57908021e-03, -2.75557792e-03,  2.28022666e-04, -1.86039886e-05,
       -1.85142547e-06,  9.98698809e-02, -1.50941420e-01,  1.43714355e-01,
       -2.43312801e-02, -3.75034313e-03,  1.23579133e-03,  1.91730038e-04,
       -1.77716764e-05,  1.09196208e-06, -5.18085943e-04, -7.20305571e-03,
        8.62833452e-03, -1.75194501e-03, -7.77063598e-04, -2.99979136e-04,
        1.99404354e-05, -1.09118017e-06,  1.32472812e-06, -9.87796835e-05,
       -2.75582575e-04,  8.01979280e-04, -8.23836279e-04, -1.40050759e-03,
        9.21462129e-04, -4.78508831e-06,  2.51667473e-06,  1.48360610e-06,
       -2.53765436e-06,  1.12626229e-04,  1.90652293e-05, -3.31872477e-04,
        7.96155575e-05,  6.58430122e-05,  2.03774006e-05,  3.38193793e-06,
       -7.05269840e-07,  4.88642993e-06, -4.73550224e-06, -1.24086004e-05,
        7.40366992e-06,  8.52928085e-06,  3.75737398e-07,  1.29967143e-05,
       -6.23305555e-08, -3.01173574e-08,  2.06894914e-07, -1.23118783e-08,
        1.42802785e-08, -4.25795169e-08,  2.62939756e-07, -3.66185193e-07,
        4.35464864e-07,  3.97484912e-07, -4.36903764e-07,  1.51994928e-08,
       -1.66853412e-08, -5.32862302e-09,  2.49384079e-08, -1.45868349e-08,
        2.48452998e-08,  5.78710267e-08, -2.31279196e-08, -5.00079178e-08,
       -3.05394012e-08, -6.16440230e-10, -7.49578132e-09,  3.33702675e-08,
       -6.62745854e-09,  9.20473031e-09,  5.00177700e-08, -3.86465617e-08,
        6.67861106e-10,  1.70343581e-07, -4.52145851e-10, -8.54965817e-08,
       -1.12558827e-08, -1.66425389e-07, -1.75986651e-07,  4.10593569e-07,
       -6.28097362e-07,  1.01218931e-07, -1.11090299e-06,  1.68990270e-05,
        3.41494543e-06,  1.09948072e-06, -7.69398950e-07,  2.93272890e-06,
       -4.95873910e-06,  9.77583701e-08, -2.18333742e-07, -2.09630792e-05,
       -2.53232569e-05, -6.71890939e-06,  5.25411016e-05,  1.02969303e-04,
       -2.98739723e-05, -3.81778530e-05,  1.67758755e-06,  1.69259584e-07,
        2.81080346e-04, -3.20531954e-04, -4.77107474e-04,  1.13842721e-03,
        4.25547672e-04, -1.65074039e-04, -6.62040179e-05,  2.80661878e-06,
       -7.97767962e-07, -2.93792305e-04,  1.19253114e-02, -1.89533737e-02,
        9.53613774e-03,  3.01243675e-03, -1.32921029e-03, -6.76721766e-05,
        4.93742710e-07,  5.31329350e-07, -9.37485668e-02,  1.26099288e-01,
       -7.52439488e-02,  3.46194236e-03,  8.75445849e-03,  1.31427596e-03,
       -9.70394869e-05, -8.44289910e-06,  1.61386969e-06, -1.34649042e+00,
        5.07160965e-01, -5.98376087e-02,  8.72034810e-04, -3.05839325e-03,
       -1.12267509e-03, -8.11454459e-05,  4.20413498e-07, -2.93315065e-06,
        2.37015518e-06, -2.44435602e-05,  4.96573677e-04,  1.58677031e-03,
        9.99420068e-03,  2.17948709e-02, -2.85085477e-01, -2.13928715e+00,
       -2.11018435e-07,  8.77350041e-06, -2.05335917e-04,  4.27831848e-03,
        1.32555226e-02,  7.73394209e-02,  1.47070934e-01, -1.24323938e+00,
       -2.78839241e-06,  1.26875131e-05, -2.03269525e-04, -2.05739782e-04,
       -6.50018111e-03,  1.16885801e-02,  7.29062654e-02, -2.35168752e-01,
       -9.65354071e-07, -9.41548526e-07, -2.86612129e-05,  1.17718620e-03,
       -2.95174628e-03, -4.58787667e-03,  1.67451233e-02, -2.77352153e-02,
        3.79900140e-07, -8.96800032e-07,  2.35533741e-05,  1.60394062e-04,
       -3.89609401e-04, -4.93600659e-04,  3.99140201e-05, -7.58832828e-04,
       -2.71825669e-08, -1.04689042e-06,  2.61426587e-05,  3.89554941e-05,
       -8.43450514e-05,  2.54267397e-05, -1.05078703e-04,  3.37786284e-05,
        1.18892031e-07,  7.47708178e-08, -5.74824803e-06,  3.44267389e-08,
       -2.85054812e-06, -6.48668062e-07, -2.46541939e-06, -8.43297250e-07,
        1.87579844e-07, -7.71283820e-07, -9.40963079e-09, -3.55337373e-07,
        2.11102909e-07, -2.01724470e-07, -6.05639149e-08, -8.17418315e-08,
       -1.34574245e-08, -1.20721454e-08,  3.70256651e-08, -9.99218583e-10,
        9.82317966e-09,  1.10056177e-09, -2.08444139e-08,  3.06390232e-09],      dtype=float64),
            Array([ 0.00000000e+00,  0.00000000e+00,  0.00000000e+00,  0.00000000e+00,
        0.00000000e+00,  5.02041313e+01,  2.87017710e+03, -1.14358268e+04,
       -1.81612757e+03, -1.03174455e+03, -4.78841822e+01,  1.61267216e+20,
       -3.98030088e-21, -3.65019835e-21, -3.20836263e-21, -3.03449648e-21,
       -4.03943776e+20,  1.39159919e+03, -1.27864711e+04, -2.62683395e+03,
       -1.12144860e+03, -1.07632247e+02,  8.52608365e-01,  1.91705128e-01,
        8.65674149e-02,  7.80151152e-02,  6.51822343e-02, -7.36358192e-09,
       -2.01436610e-08, -2.40843781e-08, -4.44338448e-10, -1.72757938e-08,
        3.90612572e-08,  1.18035005e-08,  5.02929924e-08,  3.95592910e-08,
       -4.48348087e-07,  2.91773553e-07,  6.02273595e-07, -1.03115983e-07,
        2.50761260e-07,  1.73539979e-07,  2.70248261e-07, -2.62397635e-07,
        1.76295799e-06,  1.15558737e-05, -6.56987089e-06,  4.93133167e-06,
        1.02633887e-05, -1.06030409e-05,  7.96522660e-06,  1.79961820e-07,
        1.41095229e-06, -5.55008276e-06,  5.37728662e-05,  1.13306251e-04,
       -2.82862518e-04, -6.44341321e-05,  7.25945303e-05,  4.11316250e-07,
        6.57429840e-06,  9.45403675e-07,  8.91340446e-04, -1.37992659e-03,
        4.28549802e-05,  7.29736698e-05, -1.12071078e-03,  7.85516721e-07,
        5.83648524e-07, -9.42108539e-05, -3.04321759e-04, -6.09595683e-04,
        3.13415169e-03,  7.25239773e-03, -2.16953139e-02,  3.12576019e-07,
       -4.52644125e-06, -2.61834117e-05,  2.41379482e-03,  9.00884352e-05,
       -1.20981581e-02,  1.38166875e-01, -2.82616318e-01,  5.33933641e-07,
        3.76205481e-06,  4.49700318e-04, -4.39855390e-03, -4.35972278e-03,
        7.52111873e-02,  6.16883981e-02, -1.46552841e+00,  9.89647447e+00,
        1.69339415e+00,  3.29429917e-01, -2.94925092e-02, -2.03945180e-02,
       -2.66067065e-04, -2.15820766e-04, -1.01392829e-05, -1.37361371e-06,
        1.92872717e+00, -7.59027872e-01,  4.85165435e-02,  1.95799115e-02,
       -9.56371469e-03, -2.75413196e-03,  2.28005287e-04, -1.86039886e-05,
       -1.85142547e-06,  9.98715653e-02, -1.50940600e-01,  1.43712507e-01,
       -2.43284842e-02, -3.74821141e-03,  1.23686787e-03,  1.90946372e-04,
       -1.77716764e-05,  1.09196208e-06, -5.18702636e-04, -7.20246241e-03,
        8.62845155e-03, -1.75232172e-03, -7.76007636e-04, -2.99758303e-04,
        2.12891243e-05, -1.09118017e-06,  1.32472812e-06, -9.88107933e-05,
       -2.75598411e-04,  8.01569491e-04, -8.23643608e-04, -1.40053934e-03,
        9.21404262e-04, -5.52942649e-06,  2.51667473e-06,  1.48360610e-06,
       -2.53575183e-06,  1.12599849e-04,  1.97484592e-05, -3.32196169e-04,
        7.95812506e-05,  6.61130213e-05,  2.03691663e-05,  3.38193793e-06,
       -7.05269840e-07,  4.95982073e-06, -4.84678799e-06, -1.27128119e-05,
        7.67820787e-06,  8.70900055e-06,  2.94849399e-07,  1.30740394e-05,
       -6.23305555e-08, -3.01173574e-08,  2.06894914e-07, -1.23118783e-08,
        1.42802785e-08, -4.25795169e-08,  2.62939756e-07, -3.66185193e-07,
        4.35464864e-07,  3.97484912e-07, -4.36903764e-07,  1.51994928e-08,
       -1.66853412e-08, -5.32862302e-09,  2.49384079e-08, -1.45868349e-08,
        2.48452998e-08,  5.78710267e-08, -2.31279196e-08, -5.00079178e-08,
       -3.05394012e-08, -6.16440230e-10, -7.49578132e-09,  3.33702675e-08,
       -6.62745854e-09,  9.20473031e-09,  5.00177700e-08, -3.86465617e-08,
        6.67861106e-10,  1.70343581e-07, -4.52145851e-10, -8.54965817e-08,
       -1.12558827e-08, -1.66425389e-07, -1.75986651e-07,  4.10593569e-07,
       -6.28097362e-07,  1.01218931e-07, -1.09990472e-06,  1.74509610e-05,
        3.35814507e-06,  1.04964693e-06, -7.17591875e-07,  3.09391045e-06,
       -4.98476939e-06,  9.77583701e-08, -2.18333742e-07, -2.09763811e-05,
       -2.55054406e-05, -6.69905022e-06,  5.24835784e-05,  1.02961820e-04,
       -2.94550916e-05, -3.81216425e-05,  1.67758755e-06,  1.69259584e-07,
        2.81125188e-04, -3.20926229e-04, -4.77014525e-04,  1.13872055e-03,
        4.25496552e-04, -1.65840390e-04, -6.64337486e-05,  2.80661878e-06,
       -7.97767962e-07, -2.94654214e-04,  1.19251451e-02, -1.89531034e-02,
        9.53664889e-03,  3.01161464e-03, -1.32914174e-03, -6.70328213e-05,
        4.93742710e-07,  5.31329350e-07, -9.37432466e-02,  1.26100925e-01,
       -7.52467733e-02,  3.46229285e-03,  8.75770597e-03,  1.31428164e-03,
       -9.66048389e-05, -8.44289910e-06,  1.61386969e-06, -1.34648776e+00,
        5.07161844e-01, -5.98359718e-02,  8.73073492e-04, -3.06358189e-03,
       -1.12339884e-03, -8.28859134e-05,  4.20413498e-07, -2.93315065e-06,
        2.37015518e-06, -2.44435602e-05,  4.94236366e-04,  1.59042261e-03,
        1.00098014e-02,  2.17833017e-02, -2.85086590e-01, -2.13934180e+00,
       -2.11018435e-07,  8.77350041e-06, -2.04643045e-04,  4.28179708e-03,
        1.32496022e-02,  7.73376852e-02,  1.47077175e-01, -1.24323559e+00,
       -2.78839241e-06,  1.26875131e-05, -2.03471493e-04, -2.07463101e-04,
       -6.49771850e-03,  1.16897910e-02,  7.29032953e-02, -2.35168775e-01,
       -9.65354071e-07, -9.41548526e-07, -2.85230508e-05,  1.17623511e-03,
       -2.95150104e-03, -4.58691003e-03,  1.67449031e-02, -2.77355649e-02,
        3.79900140e-07, -8.96800032e-07,  2.32709427e-05,  1.60631381e-04,
       -3.89424239e-04, -4.93852251e-04,  4.00363144e-05, -7.58733635e-04,
       -2.71825669e-08, -1.04689042e-06,  2.62992347e-05,  3.92176521e-05,
       -8.47234257e-05,  2.53948480e-05, -1.04919451e-04,  3.37374147e-05,
        1.18892031e-07,  7.47708178e-08, -5.83942798e-06, -4.66233157e-09,
       -2.70530827e-06, -6.39000177e-07, -2.55342486e-06, -7.87219326e-07,
        1.87579844e-07, -7.71283820e-07, -9.40963079e-09, -3.55337373e-07,
        2.11102909e-07, -2.01724470e-07, -6.05639149e-08, -8.17418315e-08,
       -1.34574245e-08, -1.20721454e-08,  3.70256651e-08, -9.99218583e-10,
        9.82317966e-09,  1.10056177e-09, -2.08444139e-08,  3.06390232e-09],      dtype=float64),
            Array([ 0.00000000e+00,  0.00000000e+00,  0.00000000e+00,  0.00000000e+00,
        0.00000000e+00,  5.02041313e+01,  2.82715688e+03, -1.14565443e+04,
       -1.82234823e+03, -1.03094010e+03, -4.48898206e+01,  1.59080592e+20,
       -4.15681609e-21, -3.81820788e-21, -3.35743380e-21, -3.17164176e-21,
       -4.04442799e+20,  1.32576800e+03, -1.28303467e+04, -2.65021603e+03,
       -1.12790459e+03, -1.06189723e+02,  8.48692720e-01,  1.88990243e-01,
        8.54524399e-02,  7.78963217e-02,  6.54892155e-02, -7.36358192e-09,
       -2.01436610e-08, -2.40843781e-08, -4.44338448e-10, -1.72757938e-08,
        3.90612572e-08,  1.18035005e-08,  5.02929924e-08,  3.95592910e-08,
       -4.48348087e-07,  2.91773553e-07,  6.02273595e-07, -1.03115983e-07,
        2.50761260e-07,  1.73539979e-07,  2.70248261e-07, -2.62397635e-07,
        1.76295799e-06,  1.21207146e-05, -6.72701864e-06,  5.02986847e-06,
        1.01686001e-05, -1.05982455e-05,  7.85016112e-06,  1.79961820e-07,
        1.41095229e-06, -5.56408978e-06,  5.38850324e-05,  1.12344541e-04,
       -2.82064672e-04, -6.42027281e-05,  7.24044223e-05,  4.11316250e-07,
        6.57429840e-06,  8.86417478e-07,  8.90818577e-04, -1.37932450e-03,
        4.24301432e-05,  7.30375934e-05, -1.12050996e-03,  7.85516721e-07,
        5.83648524e-07, -9.49918190e-05, -3.00637626e-04, -6.12851929e-04,
        3.13385868e-03,  7.25249406e-03, -2.16946108e-02,  3.12576019e-07,
       -4.52644125e-06, -2.55806004e-05,  2.41627799e-03,  9.02154470e-05,
       -1.21018198e-02,  1.38166997e-01, -2.82615007e-01,  5.33933641e-07,
        3.76205481e-06,  4.49915905e-04, -4.40588617e-03, -4.37514629e-03,
        7.52317904e-02,  6.16701632e-02, -1.46554173e+00,  9.89647447e+00,
        1.69340252e+00,  3.29464365e-01, -2.95207298e-02, -2.03703264e-02,
       -2.71417608e-04, -2.16573473e-04, -1.01392829e-05, -1.37361371e-06,
        1.92872321e+00, -7.59034344e-01,  4.85164413e-02,  1.95627912e-02,
       -9.54991851e-03, -2.75242882e-03,  2.27022561e-04, -1.86039886e-05,
       -1.85142547e-06,  9.98737366e-02, -1.50940660e-01,  1.43710695e-01,
       -2.43252150e-02, -3.74546721e-03,  1.23654035e-03,  1.91207880e-04,
       -1.77716764e-05,  1.09196208e-06, -5.18862548e-04, -7.20213807e-03,
        8.62784037e-03, -1.75282572e-03, -7.74114064e-04, -2.99356064e-04,
        2.25598935e-05, -1.09118017e-06,  1.32472812e-06, -9.89990722e-05,
       -2.75372431e-04,  8.01680998e-04, -8.23887243e-04, -1.40086398e-03,
        9.22060888e-04, -6.31559592e-06,  2.51667473e-06,  1.48360610e-06,
       -2.57420526e-06,  1.12612866e-04,  2.03394151e-05, -3.32591433e-04,
        7.99305890e-05,  6.61763687e-05,  2.02232333e-05,  3.38193793e-06,
       -7.05269840e-07,  5.03355870e-06, -4.93887963e-06, -1.29080445e-05,
        7.97497522e-06,  8.69486950e-06,  2.25256778e-07,  1.31460438e-05,
       -6.23305555e-08, -3.01173574e-08,  2.06894914e-07, -1.23118783e-08,
        1.42802785e-08, -4.25795169e-08,  2.62939756e-07, -3.66185193e-07,
        4.35464864e-07,  3.97484912e-07, -4.36903764e-07,  1.51994928e-08,
       -1.66853412e-08, -5.32862302e-09,  2.49384079e-08, -1.45868349e-08,
        2.48452998e-08,  5.78710267e-08, -2.31279196e-08, -5.00079178e-08,
       -3.05394012e-08, -6.16440230e-10, -7.49578132e-09,  3.33702675e-08,
       -6.62745854e-09,  9.20473031e-09,  5.00177700e-08, -3.86465617e-08,
        6.67861106e-10,  1.70343581e-07, -4.52145851e-10, -8.54965817e-08,
       -1.12558827e-08, -1.66425389e-07, -1.75986651e-07,  4.10593569e-07,
       -6.28097362e-07,  1.01218931e-07, -1.14825724e-06,  1.79165924e-05,
        3.36083523e-06,  9.48914208e-07, -7.55004219e-07,  3.28913216e-06,
       -4.93776957e-06,  9.77583701e-08, -2.18333742e-07, -2.09773241e-05,
       -2.57611024e-05, -6.67303467e-06,  5.24574142e-05,  1.02959778e-04,
       -2.89320831e-05, -3.81772200e-05,  1.67758755e-06,  1.69259584e-07,
        2.81058870e-04, -3.21338422e-04, -4.76903365e-04,  1.13932900e-03,
        4.25337227e-04, -1.66969646e-04, -6.64079119e-05,  2.80661878e-06,
       -7.97767962e-07, -2.94769296e-04,  1.19255661e-02, -1.89532946e-02,
        9.53668950e-03,  3.01163335e-03, -1.32869880e-03, -6.69339467e-05,
        4.93742710e-07,  5.31329350e-07, -9.37397241e-02,  1.26102027e-01,
       -7.52487656e-02,  3.46235265e-03,  8.76044376e-03,  1.31359390e-03,
       -9.60185875e-05, -8.44289910e-06,  1.61386969e-06, -1.34649054e+00,
        5.07161280e-01, -5.98314536e-02,  8.70436384e-04, -3.06733947e-03,
       -1.12348800e-03, -8.38230356e-05,  4.20413498e-07, -2.93315065e-06,
        2.37015518e-06, -2.44435602e-05,  4.91561926e-04,  1.59544972e-03,
        1.00203778e-02,  2.17755582e-02, -2.85086146e-01, -2.13939880e+00,
       -2.11018435e-07,  8.77350041e-06, -2.04338614e-04,  4.28799259e-03,
        1.32441050e-02,  7.73324536e-02,  1.47087481e-01, -1.24323292e+00,
       -2.78839241e-06,  1.26875131e-05, -2.03301032e-04, -2.10016476e-04,
       -6.49528311e-03,  1.16900873e-02,  7.29015249e-02, -2.35168581e-01,
       -9.65354071e-07, -9.41548526e-07, -2.86193000e-05,  1.17556850e-03,
       -2.95044257e-03, -4.58621074e-03,  1.67441602e-02, -2.77357160e-02,
        3.79900140e-07, -8.96800032e-07,  2.32405357e-05,  1.60465156e-04,
       -3.89431994e-04, -4.93857690e-04,  4.00692904e-05, -7.58774532e-04,
       -2.71825669e-08, -1.04689042e-06,  2.63356429e-05,  3.95813493e-05,
       -8.50854648e-05,  2.54022568e-05, -1.04748913e-04,  3.37077466e-05,
        1.18892031e-07,  7.47708178e-08, -5.86096166e-06, -2.57216833e-08,
       -2.63352379e-06, -6.47149658e-07, -2.59523385e-06, -7.36050967e-07,
        1.87579844e-07, -7.71283820e-07, -9.40963079e-09, -3.55337373e-07,
        2.11102909e-07, -2.01724470e-07, -6.05639149e-08, -8.17418315e-08,
       -1.34574245e-08, -1.20721454e-08,  3.70256651e-08, -9.99218583e-10,
        9.82317966e-09,  1.10056177e-09, -2.08444139e-08,  3.06390232e-09],      dtype=float64),
            Array([ 0.00000000e+00,  0.00000000e+00,  0.00000000e+00,  0.00000000e+00,
        0.00000000e+00,  5.02041313e+01,  2.81905535e+03, -1.14597199e+04,
       -1.82265828e+03, -1.03005108e+03, -4.37304211e+01,  1.58622612e+20,
       -4.20075030e-21, -3.86001746e-21, -3.39360913e-21, -3.20375097e-21,
       -4.04524727e+20,  1.31195917e+03, -1.28387966e+04, -2.65371308e+03,
       -1.12798620e+03, -1.05009672e+02,  8.47869096e-01,  1.88514122e-01,
        8.53404001e-02,  7.79597225e-02,  6.56056290e-02, -7.36358192e-09,
       -2.01436610e-08, -2.40843781e-08, -4.44338448e-10, -1.72757938e-08,
        3.90612572e-08,  1.18035005e-08,  5.02929924e-08,  3.95592910e-08,
       -4.48348087e-07,  2.91773553e-07,  6.02273595e-07, -1.03115983e-07,
        2.50761260e-07,  1.73539979e-07,  2.70248261e-07, -2.62397635e-07,
        1.76295799e-06,  1.22735628e-05, -6.75224943e-06,  5.02583179e-06,
        1.01400470e-05, -1.05862827e-05,  7.80575157e-06,  1.79961820e-07,
        1.41095229e-06, -5.56635755e-06,  5.38943259e-05,  1.12105872e-04,
       -2.81855731e-04, -6.41408250e-05,  7.23555213e-05,  4.11316250e-07,
        6.57429840e-06,  8.45699792e-07,  8.90715709e-04, -1.37921274e-03,
        4.23455150e-05,  7.30386709e-05, -1.12043443e-03,  7.85516721e-07,
        5.83648524e-07, -9.52108697e-05, -2.99576491e-04, -6.13677951e-04,
        3.13373018e-03,  7.25251402e-03, -2.16944187e-02,  3.12576019e-07,
       -4.52644125e-06, -2.52815358e-05,  2.41688825e-03,  9.01218434e-05,
       -1.21025743e-02,  1.38166878e-01, -2.82614811e-01,  5.33933641e-07,
        3.76205481e-06,  4.49957412e-04, -4.40781633e-03, -4.37866436e-03,
        7.52374251e-02,  6.16655011e-02, -1.46554435e+00,  9.89647447e+00,
        1.69340470e+00,  3.29473663e-01, -2.95263898e-02, -2.03674114e-02,
       -2.72943383e-04, -2.16805882e-04, -1.01392829e-05, -1.37361371e-06,
        1.92872120e+00, -7.59036204e-01,  4.85171881e-02,  1.95583646e-02,
       -9.54724105e-03, -2.75219737e-03,  2.26700006e-04, -1.86039886e-05,
       -1.85142547e-06,  9.98744247e-02, -1.50940804e-01,  1.43710039e-01,
       -2.43244261e-02, -3.74446295e-03,  1.23640659e-03,  1.91291935e-04,
       -1.77716764e-05,  1.09196208e-06, -5.18896071e-04, -7.20203717e-03,
        8.62767622e-03, -1.75292626e-03, -7.73634115e-04, -2.99152233e-04,
        2.28997104e-05, -1.09118017e-06,  1.32472812e-06, -9.90444092e-05,
       -2.75316227e-04,  8.01695821e-04, -8.23981680e-04, -1.40090170e-03,
        9.22211567e-04, -6.51614854e-06,  2.51667473e-06,  1.48360610e-06,
       -2.59401596e-06,  1.12628643e-04,  2.05031619e-05, -3.32715469e-04,
        8.00230373e-05,  6.62101451e-05,  2.01689356e-05,  3.38193793e-06,
       -7.05269840e-07,  5.05278581e-06, -4.96041556e-06, -1.29461562e-05,
        8.05675151e-06,  8.69347319e-06,  1.90407424e-07,  1.31740430e-05,
       -6.23305555e-08, -3.01173574e-08,  2.06894914e-07, -1.23118783e-08,
        1.42802785e-08, -4.25795169e-08,  2.62939756e-07, -3.66185193e-07,
        4.35464864e-07,  3.97484912e-07, -4.36903764e-07,  1.51994928e-08,
       -1.66853412e-08, -5.32862302e-09,  2.49384079e-08, -1.45868349e-08,
        2.48452998e-08,  5.78710267e-08, -2.31279196e-08, -5.00079178e-08,
       -3.05394012e-08, -6.16440230e-10, -7.49578132e-09,  3.33702675e-08,
       -6.62745854e-09,  9.20473031e-09,  5.00177700e-08, -3.86465617e-08,
        6.67861106e-10,  1.70343581e-07, -4.52145851e-10, -8.54965817e-08,
       -1.12558827e-08, -1.66425389e-07, -1.75986651e-07,  4.10593569e-07,
       -6.28097362e-07,  1.01218931e-07, -1.16578142e-06,  1.80301491e-05,
        3.36642778e-06,  9.14288328e-07, -7.69393406e-07,  3.35385175e-06,
       -4.92956895e-06,  9.77583701e-08, -2.18333742e-07, -2.09797630e-05,
       -2.58382284e-05, -6.66426701e-06,  5.24739226e-05,  1.02953982e-04,
       -2.88118077e-05, -3.81837831e-05,  1.67758755e-06,  1.69259584e-07,
        2.81045064e-04, -3.21431723e-04, -4.76880999e-04,  1.13949675e-03,
        4.25302209e-04, -1.67272927e-04, -6.64073226e-05,  2.80661878e-06,
       -7.97767962e-07, -2.94769975e-04,  1.19256957e-02, -1.89533628e-02,
        9.53666537e-03,  3.01169533e-03, -1.32861107e-03, -6.68996229e-05,
        4.93742710e-07,  5.31329350e-07, -9.37387975e-02,  1.26102364e-01,
       -7.52492769e-02,  3.46228151e-03,  8.76114863e-03,  1.31351613e-03,
       -9.59271218e-05, -8.44289910e-06,  1.61386969e-06, -1.34649281e+00,
        5.07160806e-01, -5.98299052e-02,  8.69718522e-04, -3.06837080e-03,
       -1.12366563e-03, -8.40695888e-05,  4.20413498e-07, -2.93315065e-06,
        2.37015518e-06, -2.44435602e-05,  4.90828409e-04,  1.59668165e-03,
        1.00228451e-02,  2.17733919e-02, -2.85085349e-01, -2.13941319e+00,
       -2.11018435e-07,  8.77350041e-06, -2.04290430e-04,  4.28960491e-03,
        1.32426225e-02,  7.73311236e-02,  1.47090326e-01, -1.24323253e+00,
       -2.78839241e-06,  1.26875131e-05, -2.03260009e-04, -2.10582284e-04,
       -6.49466550e-03,  1.16900394e-02,  7.29011656e-02, -2.35168454e-01,
       -9.65354071e-07, -9.41548526e-07, -2.86130125e-05,  1.17534806e-03,
       -2.95009990e-03, -4.58603428e-03,  1.67439439e-02, -2.77357653e-02,
        3.79900140e-07, -8.96800032e-07,  2.32217486e-05,  1.60415730e-04,
       -3.89419157e-04, -4.93849897e-04,  4.00536607e-05, -7.58785671e-04,
       -2.71825669e-08, -1.04689042e-06,  2.63558501e-05,  3.96660087e-05,
       -8.51931978e-05,  2.54165822e-05, -1.04698299e-04,  3.36961756e-05,
        1.18892031e-07,  7.47708178e-08, -5.86981179e-06, -2.94868627e-08,
       -2.61632039e-06, -6.50147089e-07, -2.60405028e-06, -7.23298322e-07,
        1.87579844e-07, -7.71283820e-07, -9.40963079e-09, -3.55337373e-07,
        2.11102909e-07, -2.01724470e-07, -6.05639149e-08, -8.17418315e-08,
       -1.34574245e-08, -1.20721454e-08,  3.70256651e-08, -9.99218583e-10,
        9.82317966e-09,  1.10056177e-09, -2.08444139e-08,  3.06390232e-09],      dtype=float64)],
  'constr_violation': Array(0., dtype=float64),
  'cost': Array(41.9552451, dtype=float64),
  'f0se': Array([ 0.04954669,  0.1217341 , -0.04481774,  0.        ,  0.        ,
        0.        ,  0.        ,  0.        ,  0.        ,  0.        ,
        0.        ,  0.        ,  0.        ,  0.        ,  0.        ,
        0.        ,  0.        ,  0.        ,  0.        ,  0.        ,
        0.        ,  0.        ,  0.        ,  0.        ,  0.        ,
        0.        ,  0.        ,  0.        ,  0.        ,  0.        ,
        0.        ,  0.        ,  0.        ,  0.        ,  0.        ,
        0.        ,  0.        ,  0.        ,  0.        ,  0.        ,
        0.        ,  0.        ,  0.        ,  0.        ,  0.        ,
        0.        ,  0.        ,  0.        ,  0.        ,  0.        ,
        0.        ,  0.        ,  0.        ,  0.        ,  0.        ,
        0.        ,  0.        ,  0.        ,  0.        ,  0.        ,
        0.        ,  0.        ,  0.        ,  0.        ,  0.        ,
        0.        ,  0.        ,  0.        ,  0.        ,  0.        ,
        0.        ,  0.        ,  0.        ,  0.        ,  0.        ,
        0.        ,  0.        ,  0.        ,  0.        ,  0.        ,
        0.        ,  0.        ,  0.        ,  0.        ,  0.        ,
        0.        ,  0.        ,  0.        ,  0.        ,  0.        ,
        0.        ,  0.        ,  0.        ,  0.        ,  0.        ,
        0.        ,  0.        ,  0.        ,  0.        ,  0.        ,
        0.        ,  0.        ,  0.        ,  0.        ,  0.        ,
        0.        ,  0.        ,  0.044739  ,  0.        ,  0.        ,
        0.        ,  0.        , -0.15521512,  0.        ,  0.        ,
        0.        ,  0.        ,  0.        ,  0.        ,  0.        ,
        0.        ,  0.        ,  0.        ,  0.        ,  0.        ,
        0.        ,  0.        ,  0.        ,  0.        ,  0.        ,
        0.        ,  0.        ,  0.        ,  0.        ,  0.        ,
        0.        ,  0.        ,  0.        ,  0.        ,  0.        ,
        0.        ,  0.        ,  0.        ,  0.        ,  0.        ,
        0.        ,  0.        ,  0.        ,  0.        ,  0.        ,
        0.        ,  0.        ,  0.        ,  0.        ,  0.        ,
        0.        ,  0.        ,  0.        ,  0.        ,  0.        ,
        0.        ,  0.        ,  0.        ,  0.        ,  0.        ,
        0.        ,  0.        , -0.58042066,  0.        ,  0.        ,
        0.        ,  0.        ,  0.        ,  0.        ,  0.        ,
        0.        ,  0.        ,  0.        ,  0.        ,  0.        ,
        0.        ,  0.        ,  0.        ,  0.        ,  0.        ,
        0.        , -0.30425209,  0.        ,  0.        ,  0.        ,
        0.        ,  0.        ,  0.        ,  0.        ,  0.45129326,
        0.        ,  0.        ,  0.        ,  0.15199381,  0.        ,
        0.        ,  0.        ,  0.        ,  0.        , -0.2300195 ,
        0.        ,  0.        ,  0.        ,  0.        ,  0.        ,
        0.        ,  0.        ,  0.        ,  0.        ,  0.        ,
       -0.03436806,  0.        ,  0.        ,  0.        ,  0.        ,
        0.        ,  0.        ,  0.        ,  0.        ,  0.        ,
        0.        ,  0.        ,  0.        ,  0.        ,  0.        ,
        0.        ,  0.        ,  0.        ,  0.        ,  0.        ,
        0.        ,  0.        ,  0.        ,  0.        ,  0.        ,
        0.        ,  0.        ,  0.        ,  0.        ,  0.        ,
        0.        ,  0.        ,  0.        ,  0.        ,  0.        ,
       -0.62234057,  0.        ,  0.        ,  0.        ,  0.        ,
        0.        ,  0.        ,  0.        ,  0.        ,  0.        ,
        0.        ,  0.        ,  0.        ,  0.        ,  0.        ,
        0.        ,  0.        ,  0.        ,  0.        ,  0.        ,
        0.        ,  0.        ,  0.        ,  0.        ,  0.        ,
        0.        ,  0.        ,  0.        ,  0.        ,  0.        ,
        0.        ,  0.        ,  0.        ,  0.        ,  0.        ,
        0.        ,  0.        ,  0.        ,  0.        ,  0.        ,
        0.        ,  0.        ,  0.        ,  0.        ,  0.        ,
        0.        ,  0.        ,  0.        ,  0.        ,  0.        ,
        0.        ,  0.        ,  0.        , -0.67514267,  0.        ,
        0.        ,  0.        ,  0.        ,  0.        ,  0.        ,
        0.        ,  0.        ,  0.        ,  0.        ,  0.        ,
        0.        ,  0.        ,  0.        ,  0.        ,  0.        ,
        0.        ,  0.        ,  0.        ,  0.        ,  0.        ,
        0.        ,  0.        ,  0.        ,  0.        ,  0.        ,
        0.        ,  0.        ,  0.        ,  0.        ,  0.        ,
        0.        ,  0.        ,  0.        ,  0.        ,  0.37013292,
        0.        ,  0.        ,  0.        ,  0.        ,  0.        ,
        0.        ,  0.        ,  0.        ,  0.        ,  0.        ,
        0.        ,  0.        ,  0.        ,  0.        ,  0.        ,
        0.        ,  0.        , -0.36078073,  0.        ,  0.        ,
        0.        ,  0.        ,  0.        ,  0.        ,  0.        ,
        0.        ,  0.        ,  0.        ,  0.        ,  0.        ,
        0.        ,  0.        ,  0.        ,  0.        ,  0.        ,
        0.49287647,  0.        ,  0.        ,  0.        ,  0.        ,
        0.        ,  0.        ,  0.        ,  0.        ,  0.        ,
        0.        ,  0.        ,  0.        ,  0.        ,  0.        ,
        0.        ,  0.        ,  0.        ,  0.        ,  0.        ,
        0.        ,  0.        ,  0.        ,  0.        ,  0.        ,
        0.        ,  0.        ,  0.        ,  0.        ,  0.        ,
        0.        ,  0.        ,  0.        ,  0.        ,  0.        ,
        0.        ,  0.        ,  0.        ,  0.        ,  0.        ,
        0.        ,  0.        ,  0.        ,  0.        ,  0.        ,
        0.        ,  0.        ,  0.        ,  0.        , -0.24354569,
        0.        ,  0.        ,  0.        ,  0.        ,  0.        ,
        0.        ,  0.        ,  0.        ,  0.        ,  0.        ,
        0.        ,  0.        ,  0.        ,  0.        ,  0.        ,
        0.        ,  0.        ,  0.        ,  0.        ,  0.        ,
        0.        ,  0.        ,  0.        ,  0.        ,  0.        ,
        0.        ,  0.        ,  0.        ,  0.        ,  0.        ,
        0.        ,  0.        ,  0.        ,  0.        ,  0.        ,
        0.        ,  0.        ,  0.        ,  0.        ,  0.        ,
        0.        ,  0.        ,  0.        ,  0.        ,  0.        ,
        0.        ,  0.        , -0.24963289,  0.        ,  0.        ,
        0.        ,  0.        ,  0.        ,  0.        ,  0.        ,
        0.        ,  0.        ,  0.        ,  0.        ,  0.        ,
        0.        ,  0.        ,  0.        ,  0.        ,  0.        ,
        0.        ,  0.        ,  0.        ,  0.        ,  0.        ,
       -0.14102382,  0.        ,  0.        ,  0.        ,  0.        ,
        0.        ,  0.        ,  0.        ,  0.        ,  0.        ,
        0.        ,  0.        ,  0.        ,  0.        ,  0.        ,
        0.        ,  0.        ,  0.        ,  0.        ,  0.        ,
        0.        ,  0.        ,  0.        ,  0.        ,  0.        ,
        0.        ,  0.        ,  0.        ,  0.        ,  0.        ,
        0.        ,  0.        ,  0.        ,  0.        ,  0.        ,
        0.        ,  0.        ,  0.        ,  0.        ,  0.        ,
        0.        ,  0.        ,  0.        ,  0.        ,  0.        ,
        0.        ,  0.        ,  0.        ,  0.        ,  0.        ,
        0.        ,  0.        ,  0.        ,  0.        ,  0.        ,
        0.        ,  0.        ,  0.        ,  0.        ,  0.        ,
        0.        ,  0.        ,  0.        ,  0.        ,  0.        ,
        0.        ,  0.        ,  0.        ,  0.        ,  9.43505878],      dtype=float64),
  'fse': Array([ 0.08151873, -0.2697331 , -0.40855163,  0.        ,  0.        ,
        0.        ,  0.        ,  0.        ,  0.        ,  0.        ,
        0.        ,  0.        ,  0.        ,  0.        ,  0.        ,
        0.        ,  0.        ,  0.        ,  0.        ,  0.        ,
        0.        ,  0.        ,  0.        ,  0.        ,  0.        ,
        0.        ,  0.        ,  0.        ,  0.        ,  0.        ,
        0.        ,  0.        ,  0.        ,  0.        ,  0.        ,
        0.        ,  0.        ,  0.        ,  0.        ,  0.        ,
        0.        ,  0.        ,  0.        ,  0.        ,  0.        ,
        0.        ,  0.        ,  0.        ,  0.        ,  0.        ,
        0.        ,  0.        ,  0.        ,  0.        ,  0.        ,
        0.        ,  0.        ,  0.        ,  0.        ,  0.09819345,
        0.        ,  0.        ,  0.        ,  0.        ,  0.        ,
        0.        ,  0.        ,  0.        ,  0.        ,  0.        ,
        0.        ,  0.        ,  0.        ,  0.        ,  0.        ,
        0.        ,  0.        ,  0.        ,  0.        ,  0.        ,
        0.        ,  0.        ,  0.        ,  0.        ,  0.        ,
        0.        , -0.12399692,  0.        ,  0.        ,  0.        ,
        0.        ,  0.        ,  0.        ,  0.        ,  0.        ,
        0.        ,  0.        ,  0.        ,  0.        ,  0.        ,
        0.        ,  0.        ,  0.        ,  0.        ,  0.        ,
        0.        ,  0.        ,  0.07835676,  0.        ,  0.        ,
        0.        ,  0.        ,  0.2286788 ,  0.        ,  0.        ,
        0.        ,  0.        ,  0.        ,  0.        ,  0.        ,
        0.        ,  0.        ,  0.        ,  0.        ,  0.        ,
        0.        ,  0.        ,  0.        ,  0.        ,  0.        ,
        0.        , -0.27005337,  0.        ,  0.        ,  0.        ,
        0.        ,  0.        ,  0.        ,  0.        ,  0.        ,
        0.        ,  0.        ,  0.        ,  0.        ,  0.        ,
        0.        ,  0.20527824,  0.        ,  0.        , -0.27508926,
        0.        ,  0.        ,  0.        ,  0.        ,  0.        ,
       -0.1478488 ,  0.        ,  0.        ,  0.        ,  0.        ,
        0.        ,  0.        ,  0.        ,  0.        ,  0.        ,
        0.        ,  0.        , -0.03838951,  0.        ,  0.        ,
        0.        ,  0.        ,  0.        ,  0.        ,  0.        ,
        0.        ,  0.        ,  0.        ,  0.        ,  0.        ,
        0.        ,  0.        ,  0.        ,  0.        ,  0.        ,
        0.        , -0.33587248,  0.        ,  0.        ,  0.        ,
        0.        ,  0.        ,  0.        ,  0.        ,  0.49313827,
        0.        ,  0.        ,  0.        , -0.32325397,  0.        ,
        0.        ,  0.        ,  0.        ,  0.        , -0.33842322,
        0.        ,  0.        ,  0.        ,  0.        ,  0.        ,
        0.        ,  0.        ,  0.        ,  0.        ,  0.        ,
        0.        ,  0.        ,  0.        ,  0.        ,  0.        ,
        0.        ,  0.        ,  0.        ,  0.        ,  0.        ,
        0.        ,  0.        ,  0.        ,  0.        ,  0.        ,
        0.        ,  0.        ,  0.        ,  0.        ,  0.        ,
        0.        ,  0.        ,  0.        ,  0.        ,  0.        ,
        0.        ,  0.        ,  0.        ,  0.        ,  0.        ,
        0.        ,  0.        ,  0.        ,  0.        ,  0.        ,
       -0.28767211,  0.        ,  0.        ,  0.        ,  0.        ,
        0.        , -0.03312532,  0.        ,  0.        ,  0.        ,
        0.        ,  0.        ,  0.        ,  0.        ,  0.        ,
        0.        ,  0.        ,  0.        ,  0.        ,  0.        ,
        0.        ,  0.        ,  0.        ,  0.        , -0.34030359,
        0.        ,  0.        ,  0.        ,  0.        ,  0.        ,
        0.        ,  0.        ,  0.        ,  0.        ,  0.        ,
       -0.17115629,  0.        ,  0.        ,  0.        ,  0.        ,
        0.        ,  0.        ,  0.        ,  0.        ,  0.        ,
        0.        ,  0.        ,  0.        ,  0.        ,  0.        ,
        0.        ,  0.        ,  0.        ,  0.        ,  0.        ,
        0.        ,  0.        ,  0.        ,  0.        ,  0.        ,
        0.        ,  0.        ,  0.        ,  0.        ,  0.        ,
        0.        ,  0.        , -0.34931928,  0.        ,  0.        ,
        0.        ,  0.        ,  0.        ,  0.        ,  0.        ,
        0.        ,  0.        ,  0.        ,  0.        , -0.15041609,
        0.        ,  0.        ,  0.        ,  0.        ,  0.        ,
        0.        ,  0.        ,  0.        ,  0.        ,  0.        ,
        0.        ,  0.        ,  0.        ,  0.        ,  0.        ,
        0.        ,  0.        ,  0.        ,  0.        ,  0.        ,
        0.        ,  0.        ,  0.        ,  0.        ,  0.        ,
        0.        ,  0.        ,  0.16649476,  0.        ,  0.        ,
        0.        ,  0.        ,  0.        ,  0.        ,  0.        ,
        0.        ,  0.        ,  0.        ,  0.        ,  0.        ,
        0.        ,  0.        ,  0.        ,  0.        ,  0.        ,
        0.28425121,  0.        ,  0.        ,  0.        ,  0.        ,
        0.        ,  0.        ,  0.        , -0.18045317,  0.        ,
        0.        ,  0.        ,  0.        ,  0.        ,  0.        ,
        0.        ,  0.        ,  0.        ,  0.        ,  0.        ,
        0.        ,  0.        ,  0.        ,  0.        ,  0.        ,
        0.        ,  0.        ,  0.        ,  0.        ,  0.        ,
        0.        ,  0.        ,  0.        ,  0.        ,  0.        ,
        0.        ,  0.        ,  0.        ,  0.        ,  0.        ,
        0.        ,  0.        ,  0.        ,  0.        ,  0.        ,
        0.        ,  0.        ,  0.        ,  0.        , -0.2963564 ,
        0.        ,  0.        ,  0.        ,  0.        ,  0.        ,
        0.        ,  0.        ,  0.        ,  0.        ,  0.        ,
        0.        ,  0.        ,  0.        ,  0.        ,  0.        ,
        0.        ,  0.        ,  0.        ,  0.        ,  0.        ,
        0.        ,  0.        ,  0.        ,  0.        ,  0.        ,
        0.        ,  0.        ,  0.        ,  0.        ,  0.        ,
        0.        ,  0.        ,  0.        ,  0.        ,  0.        ,
        0.        ,  0.        ,  0.        ,  0.        ,  0.        ,
        0.        ,  0.        ,  0.        ,  0.        ,  0.        ,
        0.        ,  0.        , -0.05049091,  0.        ,  0.        ,
        0.        ,  0.        ,  0.        ,  0.        ,  0.        ,
        0.        ,  0.        ,  0.        ,  0.        ,  0.        ,
        0.        ,  0.        ,  0.        ,  0.        ,  0.        ,
        0.        ,  0.        ,  0.        ,  0.        ,  0.        ,
       -0.13084285,  0.        ,  0.        ,  0.        ,  0.        ,
        0.        ,  0.        ,  0.        ,  0.        ,  0.        ,
        0.        ,  0.        ,  0.        ,  0.        ,  0.        ,
        0.        ,  0.        ,  0.        ,  0.        ,  0.        ,
        0.        ,  0.        ,  0.        ,  0.        ,  0.        ,
        0.        ,  0.        ,  0.        ,  0.        ,  0.        ,
        0.        ,  0.        ,  0.        ,  0.        ,  0.        ,
        0.        ,  0.        ,  0.        ,  0.        ,  0.        ,
        0.        ,  0.        ,  0.        ,  0.        ,  0.        ,
        0.        ,  0.        ,  0.        ,  0.        ,  0.        ,
        0.        ,  0.        ,  0.        ,  0.        ,  0.        ,
        0.        ,  0.        ,  0.        ,  0.        ,  0.        ,
        0.        ,  0.        ,  0.        ,  0.        ,  0.        ,
        0.        ,  0.        ,  0.        ,  0.        ,  9.06473651],      dtype=float64),
  'fun': Array([ 0.08151873, -0.2697331 , -0.40855163,  0.        ,  0.        ,
        0.        ,  0.        ,  0.        ,  0.        ,  0.        ,
        0.        ,  0.        ,  0.        ,  0.        ,  0.        ,
        0.        ,  0.        ,  0.        ,  0.        ,  0.        ,
        0.        ,  0.        ,  0.        ,  0.        ,  0.        ,
        0.        ,  0.        ,  0.        ,  0.        ,  0.        ,
        0.        ,  0.        ,  0.        ,  0.        ,  0.        ,
        0.        ,  0.        ,  0.        ,  0.        ,  0.        ,
        0.        ,  0.        ,  0.        ,  0.        ,  0.        ,
        0.        ,  0.        ,  0.        ,  0.        ,  0.        ,
        0.        ,  0.        ,  0.        ,  0.        ,  0.        ,
        0.        ,  0.        ,  0.        ,  0.        ,  0.09819345,
        0.        ,  0.        ,  0.        ,  0.        ,  0.        ,
        0.        ,  0.        ,  0.        ,  0.        ,  0.        ,
        0.        ,  0.        ,  0.        ,  0.        ,  0.        ,
        0.        ,  0.        ,  0.        ,  0.        ,  0.        ,
        0.        ,  0.        ,  0.        ,  0.        ,  0.        ,
        0.        , -0.12399692,  0.        ,  0.        ,  0.        ,
        0.        ,  0.        ,  0.        ,  0.        ,  0.        ,
        0.        ,  0.        ,  0.        ,  0.        ,  0.        ,
        0.        ,  0.        ,  0.        ,  0.        ,  0.        ,
        0.        ,  0.        ,  0.07835676,  0.        ,  0.        ,
        0.        ,  0.        ,  0.2286788 ,  0.        ,  0.        ,
        0.        ,  0.        ,  0.        ,  0.        ,  0.        ,
        0.        ,  0.        ,  0.        ,  0.        ,  0.        ,
        0.        ,  0.        ,  0.        ,  0.        ,  0.        ,
        0.        , -0.27005337,  0.        ,  0.        ,  0.        ,
        0.        ,  0.        ,  0.        ,  0.        ,  0.        ,
        0.        ,  0.        ,  0.        ,  0.        ,  0.        ,
        0.        ,  0.20527824,  0.        ,  0.        , -0.27508926,
        0.        ,  0.        ,  0.        ,  0.        ,  0.        ,
       -0.1478488 ,  0.        ,  0.        ,  0.        ,  0.        ,
        0.        ,  0.        ,  0.        ,  0.        ,  0.        ,
        0.        ,  0.        , -0.03838951,  0.        ,  0.        ,
        0.        ,  0.        ,  0.        ,  0.        ,  0.        ,
        0.        ,  0.        ,  0.        ,  0.        ,  0.        ,
        0.        ,  0.        ,  0.        ,  0.        ,  0.        ,
        0.        , -0.33587248,  0.        ,  0.        ,  0.        ,
        0.        ,  0.        ,  0.        ,  0.        ,  0.49313827,
        0.        ,  0.        ,  0.        , -0.32325397,  0.        ,
        0.        ,  0.        ,  0.        ,  0.        , -0.33842322,
        0.        ,  0.        ,  0.        ,  0.        ,  0.        ,
        0.        ,  0.        ,  0.        ,  0.        ,  0.        ,
        0.        ,  0.        ,  0.        ,  0.        ,  0.        ,
        0.        ,  0.        ,  0.        ,  0.        ,  0.        ,
        0.        ,  0.        ,  0.        ,  0.        ,  0.        ,
        0.        ,  0.        ,  0.        ,  0.        ,  0.        ,
        0.        ,  0.        ,  0.        ,  0.        ,  0.        ,
        0.        ,  0.        ,  0.        ,  0.        ,  0.        ,
        0.        ,  0.        ,  0.        ,  0.        ,  0.        ,
       -0.28767211,  0.        ,  0.        ,  0.        ,  0.        ,
        0.        , -0.03312532,  0.        ,  0.        ,  0.        ,
        0.        ,  0.        ,  0.        ,  0.        ,  0.        ,
        0.        ,  0.        ,  0.        ,  0.        ,  0.        ,
        0.        ,  0.        ,  0.        ,  0.        , -0.34030359,
        0.        ,  0.        ,  0.        ,  0.        ,  0.        ,
        0.        ,  0.        ,  0.        ,  0.        ,  0.        ,
       -0.17115629,  0.        ,  0.        ,  0.        ,  0.        ,
        0.        ,  0.        ,  0.        ,  0.        ,  0.        ,
        0.        ,  0.        ,  0.        ,  0.        ,  0.        ,
        0.        ,  0.        ,  0.        ,  0.        ,  0.        ,
        0.        ,  0.        ,  0.        ,  0.        ,  0.        ,
        0.        ,  0.        ,  0.        ,  0.        ,  0.        ,
        0.        ,  0.        , -0.34931928,  0.        ,  0.        ,
        0.        ,  0.        ,  0.        ,  0.        ,  0.        ,
        0.        ,  0.        ,  0.        ,  0.        , -0.15041609,
        0.        ,  0.        ,  0.        ,  0.        ,  0.        ,
        0.        ,  0.        ,  0.        ,  0.        ,  0.        ,
        0.        ,  0.        ,  0.        ,  0.        ,  0.        ,
        0.        ,  0.        ,  0.        ,  0.        ,  0.        ,
        0.        ,  0.        ,  0.        ,  0.        ,  0.        ,
        0.        ,  0.        ,  0.16649476,  0.        ,  0.        ,
        0.        ,  0.        ,  0.        ,  0.        ,  0.        ,
        0.        ,  0.        ,  0.        ,  0.        ,  0.        ,
        0.        ,  0.        ,  0.        ,  0.        ,  0.        ,
        0.28425121,  0.        ,  0.        ,  0.        ,  0.        ,
        0.        ,  0.        ,  0.        , -0.18045317,  0.        ,
        0.        ,  0.        ,  0.        ,  0.        ,  0.        ,
        0.        ,  0.        ,  0.        ,  0.        ,  0.        ,
        0.        ,  0.        ,  0.        ,  0.        ,  0.        ,
        0.        ,  0.        ,  0.        ,  0.        ,  0.        ,
        0.        ,  0.        ,  0.        ,  0.        ,  0.        ,
        0.        ,  0.        ,  0.        ,  0.        ,  0.        ,
        0.        ,  0.        ,  0.        ,  0.        ,  0.        ,
        0.        ,  0.        ,  0.        ,  0.        , -0.2963564 ,
        0.        ,  0.        ,  0.        ,  0.        ,  0.        ,
        0.        ,  0.        ,  0.        ,  0.        ,  0.        ,
        0.        ,  0.        ,  0.        ,  0.        ,  0.        ,
        0.        ,  0.        ,  0.        ,  0.        ,  0.        ,
        0.        ,  0.        ,  0.        ,  0.        ,  0.        ,
        0.        ,  0.        ,  0.        ,  0.        ,  0.        ,
        0.        ,  0.        ,  0.        ,  0.        ,  0.        ,
        0.        ,  0.        ,  0.        ,  0.        ,  0.        ,
        0.        ,  0.        ,  0.        ,  0.        ,  0.        ,
        0.        ,  0.        , -0.05049091,  0.        ,  0.        ,
        0.        ,  0.        ,  0.        ,  0.        ,  0.        ,
        0.        ,  0.        ,  0.        ,  0.        ,  0.        ,
        0.        ,  0.        ,  0.        ,  0.        ,  0.        ,
        0.        ,  0.        ,  0.        ,  0.        ,  0.        ,
       -0.13084285,  0.        ,  0.        ,  0.        ,  0.        ,
        0.        ,  0.        ,  0.        ,  0.        ,  0.        ,
        0.        ,  0.        ,  0.        ,  0.        ,  0.        ,
        0.        ,  0.        ,  0.        ,  0.        ,  0.        ,
        0.        ,  0.        ,  0.        ,  0.        ,  0.        ,
        0.        ,  0.        ,  0.        ,  0.        ,  0.        ,
        0.        ,  0.        ,  0.        ,  0.        ,  0.        ,
        0.        ,  0.        ,  0.        ,  0.        ,  0.        ,
        0.        ,  0.        ,  0.        ,  0.        ,  0.        ,
        0.        ,  0.        ,  0.        ,  0.        ,  0.        ,
        0.        ,  0.        ,  0.        ,  0.        ,  0.        ,
        0.        ,  0.        ,  0.        ,  0.        ,  0.        ,
        0.        ,  0.        ,  0.        ,  0.        ,  0.        ,
        0.        ,  0.        ,  0.        ,  0.        ,  9.06473651],      dtype=float64),
  'history': [ [ { 'G': Array([], shape=(0,), dtype=float64),
                   'I': Array([], shape=(0,), dtype=float64),
                   'L_lmn': Array([ 4.74624745e-06, -1.46833466e-06, -4.71337162e-06,  1.42407332e-06,
        1.33586473e-05, -9.60128541e-06, -2.86175104e-06, -4.45014574e-06,
        7.46257848e-07, -1.47892912e-05,  8.95192933e-06,  9.41573947e-06,
        7.35958407e-06,  4.19736186e-06, -3.82302180e-06,  5.98892837e-06,
        9.07991800e-06, -9.39802600e-09, -6.04341594e-06, -2.88339181e-06,
       -4.30582503e-06,  5.63811612e-06,  6.20229078e-06,  1.55178872e-06,
       -1.03968328e-06,  2.79170083e-05,  4.27105172e-05, -3.19562322e-05,
       -4.67597809e-06, -9.01760782e-05,  2.46179809e-05,  1.44765697e-05,
        4.46570044e-05, -2.44014332e-06,  4.96026226e-05, -3.26492437e-05,
       -1.96931724e-06, -1.95403407e-05, -2.76456188e-05,  1.64207734e-05,
        3.05533162e-05, -1.76066970e-05, -1.84170662e-05, -3.10913764e-05,
        1.14142960e-05,  1.47411521e-05,  5.25732015e-06, -5.57509160e-06,
       -1.36073285e-05, -1.09108286e-05, -1.13904240e-04, -2.62220992e-04,
        1.25010823e-04,  1.03761088e-04,  3.30708903e-04, -5.14368994e-05,
       -6.72219571e-05, -1.53908019e-04, -4.09011717e-05, -1.11471776e-04,
        4.37561880e-05, -3.54180691e-05,  7.32111049e-05,  5.82261273e-05,
       -2.42174825e-05, -4.08050776e-05,  4.13632101e-05,  3.30588080e-05,
        8.42618373e-05,  2.15084310e-05, -4.23386349e-05, -1.38211149e-05,
        6.67069248e-06,  1.76370834e-05,  1.29597979e-05, -5.62260212e-04,
        1.52492366e-04,  3.85945533e-04, -8.04187854e-04, -1.71290128e-04,
        2.47658839e-04,  1.06308224e-04,  7.72357560e-04,  1.61696893e-04,
        1.26854888e-04, -1.67521028e-04, -7.17495311e-05,  5.41016996e-05,
       -9.61390363e-05, -8.09268392e-05,  3.84093696e-05, -5.60294408e-05,
       -3.52152249e-05, -1.52084888e-04,  1.12173322e-05,  1.08049360e-05,
        1.30148390e-05,  2.77038035e-06, -1.31059532e-05, -4.22100718e-05,
        3.47621336e-03, -2.63146864e-04, -2.66176138e-03,  1.12552371e-03,
        5.38034909e-04, -1.25505590e-03, -5.28052303e-04, -3.14626300e-04,
        3.74470497e-05, -3.96322637e-04,  5.39351460e-04,  5.34833714e-04,
       -1.90518548e-04, -4.71516253e-04,  1.47762388e-05, -1.67438750e-04,
       -1.59757718e-06, -1.61191645e-04, -7.25923781e-05,  8.18212869e-05,
        1.80984164e-04,  1.33612675e-04,  1.45433887e-04, -8.51358388e-06,
        4.65069543e-05,  3.51602084e-04,  1.01932015e-02, -2.77218268e-04,
       -7.27803333e-03, -7.31073864e-03,  3.55676000e-03,  1.23353129e-03,
        3.69106732e-03, -2.04496617e-03, -5.99019539e-04, -1.66477387e-03,
       -1.03667561e-03, -8.31615609e-04, -7.95248587e-04,  7.30518952e-04,
        9.21337715e-04,  6.42534750e-04, -2.76661517e-04,  1.75780202e-04,
       -3.16606811e-04, -1.66541272e-05, -3.74738699e-04, -1.16311295e-04,
       -4.30404324e-06, -1.35399552e-04,  2.61690539e-02, -5.27963135e-02,
       -1.38089596e-02,  1.92526294e-02,  3.79757503e-02, -7.84075855e-03,
       -6.90054396e-03, -1.26889834e-02,  8.03770119e-03, -7.68282769e-03,
        2.83189514e-03,  2.07908345e-03,  3.50582085e-03,  4.69222860e-03,
       -3.34056961e-03,  1.00114408e-03, -3.25868440e-03, -8.37493306e-04,
       -5.81903593e-05,  1.20137677e-04,  9.58598045e-04, -1.01511183e-04,
       -4.11308482e-04, -8.68440685e-06,  7.70740815e-06,  1.28749781e-01,
       -3.13630899e-02, -1.34357647e-01, -1.07351875e-02, -2.70713360e-03,
       -1.90382518e-03,  2.75417191e-02, -2.45779776e-05, -1.95573584e-02,
       -3.85279600e-02, -1.01285698e-02, -2.94612894e-03, -7.97866679e-03,
       -9.43996880e-03,  3.90901127e-03,  1.00243874e-03,  2.33088286e-02,
        6.58666848e-03, -1.40876580e-05, -2.50430708e-05,  3.44210861e-03,
        4.34166856e-04, -3.88922926e-04, -5.40916876e-05, -6.20217139e-05,
        1.60207702e-01, -7.41911230e-02,  1.05002753e-03,  2.52818041e-01,
       -3.30778613e-03,  4.23501093e-02, -3.84143749e-03, -1.03010959e-02,
       -9.52489424e-02, -1.32465788e-03, -1.47434616e-03, -2.46629314e-03,
       -3.30329067e-04, -1.76502205e-04, -5.74134576e-04, -1.73428485e-02,
       -8.65719760e-06, -2.02729890e-04, -1.04341459e-04, -1.86555949e-03,
       -2.00400940e-01, -1.53346903e-02, -2.90773921e-03,  4.88613677e-02,
        1.84001849e-02, -1.19025003e-02,  3.86007939e-03,  5.98293053e-03,
        6.55074745e-03, -1.01113740e-03, -3.89088124e-03,  1.02203053e-02,
        5.55393769e-04,  7.61792642e-04, -3.81546859e-03, -1.07101415e-02,
        2.66382874e-04,  1.08858419e-04,  9.60515994e-04,  2.28672538e-04,
        3.61651592e-02, -2.03229713e-02,  9.54284094e-03, -8.66693631e-03,
       -8.85870374e-03,  5.51429319e-03, -1.49383763e-03, -6.32676722e-03,
        8.31439087e-04, -1.20276986e-03,  4.53335375e-03, -3.47038510e-03,
       -3.11472127e-04, -2.38200116e-04,  1.22815842e-03,  2.01850642e-03,
       -4.00887851e-05, -1.49984487e-04, -2.39254302e-04,  1.58181181e-04,
       -1.68016016e-03,  6.22717063e-03, -4.64737916e-03, -5.01557325e-04,
        2.64363596e-03, -3.01845098e-03,  1.07848828e-03,  3.41081446e-03,
       -2.11111360e-04, -9.90528910e-04, -1.26098557e-03,  1.11789355e-04,
        3.04711593e-04, -3.85891056e-04,  1.20226579e-04, -3.17328962e-04,
        1.58653321e-04,  3.45827336e-05,  2.01274829e-04,  1.44543382e-04,
       -1.28469388e-05, -8.64563888e-04,  1.74531052e-03,  8.97684267e-04,
       -2.14493517e-04,  1.46579515e-04, -5.33458733e-04, -1.19122429e-03,
       -9.30219357e-04,  1.71439134e-04,  1.76058952e-04,  3.44679851e-04,
       -8.50255688e-05,  5.26503222e-05,  2.30562334e-04,  1.02907312e-04,
       -4.90361176e-05, -1.04433717e-05, -1.95523625e-04, -3.42654323e-04,
        9.97670642e-04,  4.33811631e-04, -2.92673166e-04, -1.60009453e-03,
       -1.36686915e-04, -1.26282024e-04,  7.38756510e-05,  1.39912015e-04,
        5.54545975e-04, -3.62741625e-05,  7.74913715e-05, -3.19079859e-04,
       -1.65443134e-06,  1.56280526e-04,  6.86443336e-05, -7.48195342e-05,
        4.44515925e-05,  2.37911283e-05,  5.85161332e-06,  1.68030656e-04,
       -1.18690434e-04, -4.81490407e-05, -3.49121211e-05,  3.67395177e-04,
        5.84754145e-05, -5.74342835e-05,  3.41543591e-05,  5.31459362e-05,
       -2.63702215e-04,  3.84996097e-05, -2.89267619e-05,  1.29397070e-04,
       -2.98588944e-05, -9.43149452e-05, -5.94030358e-05,  7.92936710e-06,
       -1.62224815e-05, -1.86261689e-05,  1.10832901e-05, -8.18604377e-05,
        3.15358945e-05, -9.33693928e-06, -1.26146528e-05, -6.29933787e-05,
       -3.62554314e-06,  5.50390612e-06,  1.64830485e-06,  1.76001391e-05,
        3.38202001e-05, -2.99247583e-05, -6.19116331e-06, -1.80177906e-05,
       -1.23486464e-05,  2.95040511e-05,  1.46513986e-05, -9.46615091e-06,
        1.13865687e-05,  1.12990743e-05,  3.36255811e-06,  1.75730331e-05,
       -6.90204552e-06,  1.01096071e-05,  8.04854792e-07,  1.24535815e-05,
       -2.06873021e-06, -1.48800551e-05, -7.69835302e-06, -2.17930268e-06,
       -7.98552590e-06, -6.35872383e-06,  3.95675702e-06,  5.90260874e-07,
        2.45570991e-06,  1.93782254e-06, -1.80611968e-06, -3.12305559e-06,
        9.33318195e-07, -1.29885545e-06, -6.82520886e-06, -8.69139671e-06],      dtype=float64),
                   'Phi_mn': Array([], shape=(0,), dtype=float64),
                   'Psi': Array([50.20413129], dtype=float64),
                   'R_lmn': Array([-1.20167163e-06, -8.16220004e-06,  6.84582337e-06, -7.60208617e-06,
        2.13809778e-05,  5.24222054e-06,  2.91189953e-06,  4.86212997e-06,
        7.36677820e-06, -6.65934260e-07, -2.26183237e-05,  7.70314130e-06,
       -2.01436610e-08, -2.91234387e-06, -1.16688921e-05,  1.48727258e-06,
       -7.36358192e-09,  6.41849881e-07,  1.22007006e-06, -4.77135830e-06,
       -1.36829629e-04, -1.60462912e-05, -3.71559828e-06,  1.55135000e-04,
        1.55040756e-05,  3.05672208e-05, -1.71098793e-05, -9.95863029e-06,
        1.80158723e-07, -1.04238819e-05, -3.28021356e-05, -1.46048904e-05,
       -4.48348087e-07,  1.77121529e-05,  1.39249898e-05, -1.82152815e-05,
        3.95592910e-08,  1.07156555e-05,  1.71949440e-05,  2.57500744e-07,
        1.81069016e-04, -4.21598444e-04, -1.55770546e-04, -1.33793585e-04,
        5.32739606e-05,  4.39136999e-04,  5.05907566e-05,  1.82205487e-04,
       -9.32565221e-05,  2.02226213e-05, -5.98945746e-06, -1.42830953e-05,
        1.76295799e-06, -5.00248022e-05, -1.76143703e-05,  5.10690858e-05,
       -2.62397635e-07, -1.25487284e-05, -4.90657688e-05, -7.26168346e-06,
        5.14193608e-04,  6.05695203e-05, -7.84126453e-05, -4.36626155e-04,
        1.05908083e-04, -1.74155811e-04, -4.73217928e-05, -1.79045629e-04,
        6.18521571e-05, -1.37907872e-07, -1.06348028e-04, -1.29339939e-05,
        1.41095229e-06,  1.02857926e-04, -3.00594656e-05, -5.69348206e-05,
        1.79961820e-07,  1.82042957e-06,  1.27291188e-04,  4.59546233e-05,
       -5.33582784e-03, -1.97977750e-03, -9.44247181e-05,  4.08536999e-03,
       -1.51409181e-03,  1.83612755e-03,  1.28339569e-03,  2.90607578e-04,
        7.81368382e-05,  1.63234875e-05,  1.45683249e-04,  4.31902560e-04,
        6.57429840e-06, -4.08204372e-04, -1.57227030e-04,  5.77701728e-05,
        4.11316250e-07, -2.57940959e-05, -3.38710029e-06, -2.23992314e-04,
       -2.34117290e-02, -6.17512068e-03,  5.90899708e-03,  7.54022740e-04,
       -2.73533514e-04,  1.54737588e-02, -5.60750881e-04, -3.28730786e-03,
        3.17130048e-04, -1.68299593e-04, -2.49696675e-04, -2.01943022e-03,
        5.83648524e-07,  2.05235192e-04,  4.83662933e-04,  6.03365311e-04,
        7.85516721e-07,  9.51445512e-05, -7.71671936e-05, -1.10550554e-05,
       -2.82460822e-01,  1.41766214e-01, -1.11687104e-02, -1.06338353e-02,
        1.35657783e-03, -4.69060976e-03,  2.51885949e-03, -1.62762855e-05,
        1.05961913e-02,  6.94114166e-05, -1.64561253e-03,  8.96635812e-04,
       -4.52644125e-06, -4.57780261e-06, -8.39533555e-04, -1.82645216e-04,
        3.12576019e-07, -1.26088636e-04,  3.57116686e-04,  1.36382315e-04,
       -1.55586536e+00, -2.97265621e-02,  7.69499706e-02,  1.08549303e-01,
       -3.14608381e-03,  8.72461145e-02, -4.66608444e-03,  2.53844681e-04,
       -2.01186388e-02,  4.93517287e-04, -6.42362644e-04,  5.23377875e-03,
        3.76205481e-06,  2.99980604e-04, -2.16248263e-03,  1.86229502e-03,
        5.33933641e-07,  7.42808536e-05,  7.80569122e-05, -6.51499651e-04,
        1.01050278e+01,  1.61577020e+00, -3.00781824e-01,  3.73784350e-01,
        8.79757711e-02, -1.19319250e-02,  9.08932787e-02, -3.60862536e-02,
       -2.01687134e-02, -1.36736337e-02, -1.53403070e-02,  3.66673984e-04,
        1.12071481e-03, -8.95242919e-03, -1.32144369e-03, -5.82348332e-05,
        2.95137129e-03, -1.70113173e-03, -7.70515163e-04, -1.01392829e-05,
        2.14453639e-04, -7.58808406e-04, -3.53199984e-04, -1.71081368e-05,
       -1.37361371e-06,  1.89673073e+00, -7.67033499e-01,  7.31787379e-02,
        2.03901473e-02, -9.11846501e-04,  1.88250470e-02, -4.06526961e-02,
        2.60014593e-02, -1.51000597e-02,  9.20975139e-03, -3.45049927e-05,
       -3.90039523e-03,  5.56810594e-04,  2.32217970e-03,  4.77670476e-03,
       -1.10904381e-05, -9.52270905e-05,  8.52196731e-04,  1.13961452e-03,
       -1.86039886e-05, -8.18545077e-04, -2.67000631e-04,  2.96816285e-04,
        1.54464322e-04, -1.85142547e-06,  1.49134939e-01, -1.09791962e-01,
       -4.40825772e-02,  1.43125980e-01, -6.02104013e-02, -2.29021478e-02,
       -3.35014874e-03, -2.46760632e-03, -2.75665826e-04,  1.97510589e-02,
        1.84457929e-04,  1.34928165e-03, -1.90600791e-03,  3.12058875e-03,
       -3.78858119e-03,  2.58455332e-04, -6.49543971e-04, -1.77715837e-03,
       -1.74378320e-04, -1.77716764e-05,  8.48689163e-06, -2.04808830e-05,
        3.37332672e-04, -3.68511916e-05,  1.09196208e-06,  5.39509218e-03,
        5.60103327e-03, -1.01061726e-02,  8.60704488e-04, -1.36130736e-02,
        2.79243667e-03,  4.50056487e-03,  1.01708494e-02, -1.28550587e-03,
        2.77433998e-04, -5.12419864e-03, -7.29074687e-04, -2.42547821e-04,
       -2.45147024e-03,  5.31193710e-04,  1.44103492e-05,  5.42502962e-04,
        6.05430720e-04,  4.29311538e-04, -1.09118017e-06, -6.83411263e-05,
        7.46323070e-05, -3.70528037e-05, -3.19331506e-05,  1.32472812e-06,
        1.71454208e-03,  2.51046142e-03, -1.49525389e-03,  1.94284000e-04,
       -2.79237564e-03,  1.54504064e-04, -6.55530059e-04,  2.44023476e-04,
       -1.37905307e-03, -4.08239973e-06, -8.03471378e-04,  1.24813450e-03,
        4.55375049e-04,  4.24448715e-04, -7.35750173e-05,  3.93212134e-05,
       -7.39695395e-06, -1.41827760e-04, -3.49039904e-04,  2.51667473e-06,
       -1.07387359e-04, -5.93911103e-05,  3.39060469e-05, -1.39281113e-05,
        1.48360610e-06, -1.54835175e-04,  1.89859466e-03,  7.46514180e-05,
        1.29550922e-03, -1.81438410e-03, -2.01659293e-04,  1.71879933e-04,
       -1.75371810e-03,  1.45760859e-04,  1.87908875e-04, -1.72571912e-04,
       -7.25710326e-05, -1.49951526e-04,  4.51786285e-04, -1.57787575e-04,
        5.12638033e-06, -1.59264885e-04,  4.13267724e-05,  1.30739131e-04,
        3.38193793e-06,  5.40245716e-05,  1.35035825e-05,  1.02269469e-04,
        1.40687103e-05, -7.05269840e-07,  1.59630854e-04, -8.72399453e-06,
       -1.17770238e-04, -2.78053235e-04, -1.22281622e-05, -1.97440863e-04,
       -1.13289041e-04,  4.23754488e-04, -7.22144851e-06, -2.59497102e-05,
        2.17950690e-04,  5.17566657e-05,  9.63018660e-05, -1.48750904e-04,
        4.77858815e-05,  3.69634917e-05,  4.62873306e-05, -2.28517111e-05,
       -4.81062459e-05, -6.23305555e-08, -2.29423500e-05, -2.18730999e-06,
       -3.49798180e-05, -2.56955585e-05, -3.01173574e-08, -4.31081254e-05,
       -1.49914241e-04,  6.04192028e-05, -1.34594890e-05,  1.05423150e-04,
        1.90936977e-05,  2.39253416e-05,  5.12840667e-06,  1.15117909e-05,
        3.63552405e-05, -3.89783250e-05, -1.51631670e-05, -5.63187336e-05,
        1.57385411e-05, -2.19001269e-05, -1.56196014e-05,  8.12353862e-06,
        1.98420478e-05,  1.47969818e-05,  3.97484912e-07,  1.52892094e-05,
       -7.39317849e-06,  1.06512757e-05,  1.60550663e-05, -4.36903764e-07,
       -6.44809959e-06,  1.01038755e-05, -8.14667338e-06,  9.13120819e-07,
       -1.24789469e-05,  1.23768591e-05,  1.50163679e-05, -5.37699546e-06,
        2.01530169e-05, -6.87316367e-07, -2.06921057e-06,  1.38742922e-06,
        4.75829061e-06,  8.57495387e-06, -2.35377241e-05,  7.58471944e-07,
        3.04570251e-06, -1.02827101e-05, -1.36258392e-06, -2.31279196e-08,
       -5.16468601e-06, -4.11640785e-06,  3.37012038e-06, -7.00600917e-07,
       -5.00079178e-08], dtype=float64),
                   'Ra_n': Array([ 1.04957967e+01,  1.78152394e+00,  1.91781863e-01,  2.01760363e-02,
        1.99150350e-03,  1.46369437e-04,  4.48678356e-05, -7.99404366e-06,
        6.79196504e-06], dtype=float64),
                   'Rb_lmn': Array([-7.36358192e-09, -2.01436610e-08, -2.40843781e-08, -4.44338448e-10,
       -1.72757938e-08,  3.90612572e-08,  1.18035005e-08,  5.02929924e-08,
        3.95592910e-08, -4.48348087e-07,  2.91773553e-07,  6.02273595e-07,
       -1.03115983e-07,  2.50761260e-07,  1.73539979e-07,  2.70248261e-07,
       -2.62397635e-07,  1.76295799e-06,  7.67389285e-06,  5.65954421e-07,
       -1.78126575e-06,  8.82057087e-06, -4.00622350e-06,  5.08799462e-06,
        1.79961820e-07,  1.41095229e-06,  1.68252170e-06,  5.55361327e-05,
        1.26851242e-04, -2.87517740e-04, -8.05656610e-05,  8.24847893e-05,
        4.11316250e-07,  6.57429840e-06, -9.47060842e-06,  8.75191317e-04,
       -1.37179566e-03,  3.89558300e-05,  6.42602950e-05, -1.11455083e-03,
        7.85516721e-07,  5.83648524e-07, -7.31550418e-05, -3.55515689e-04,
       -6.00397383e-04,  3.10535215e-03,  7.26815280e-03, -2.17372109e-02,
        3.12576019e-07, -4.52644125e-06, -5.66772190e-05,  2.51428168e-03,
        6.80819830e-05, -1.20245203e-02,  1.38108622e-01, -2.82681112e-01,
        5.33933641e-07,  3.76205481e-06,  5.67798141e-04, -4.36610384e-03,
       -3.71038954e-03,  7.50413326e-02,  6.21018315e-02, -1.46557240e+00,
        9.89647447e+00,  1.69302371e+00,  3.27986859e-01, -2.89733638e-02,
       -2.18433571e-02, -4.03841178e-04, -7.53429700e-05, -1.01392829e-05,
       -1.37361371e-06,  1.92899503e+00, -7.58830821e-01,  4.84467856e-02,
        1.96427387e-02, -1.00265386e-02, -2.76078071e-03,  1.43373884e-04,
       -1.86039886e-05, -1.85142547e-06,  9.98046925e-02, -1.50900848e-01,
        1.43758482e-01, -2.44948482e-02, -3.72691435e-03,  1.17490333e-03,
        2.21604141e-04, -1.77716764e-05,  1.09196208e-06, -5.21404459e-04,
       -7.19210333e-03,  8.65471592e-03, -1.72633125e-03, -7.91364959e-04,
       -2.99763149e-04, -1.75228015e-05, -1.09118017e-06,  1.32472812e-06,
       -8.82541752e-05, -2.93393578e-04,  8.03365080e-04, -7.90795074e-04,
       -1.41872204e-03,  8.99094593e-04,  2.53931022e-05,  2.51667473e-06,
        1.48360610e-06, -4.23077844e-06,  1.12854552e-04,  7.08099284e-06,
       -3.32904433e-04,  9.02427527e-05,  5.81680988e-05,  1.91950906e-05,
        3.38193793e-06, -7.05269840e-07,  1.93109115e-06, -6.14536275e-07,
       -5.23696042e-06, -2.34188412e-06,  5.58461493e-06,  3.65041976e-06,
        1.12679333e-05, -6.23305555e-08, -3.01173574e-08,  2.06894914e-07,
       -1.23118783e-08,  1.42802785e-08, -4.25795169e-08,  2.62939756e-07,
       -3.66185193e-07,  4.35464864e-07,  3.97484912e-07, -4.36903764e-07,
        1.51994928e-08, -1.66853412e-08, -5.32862302e-09,  2.49384079e-08,
       -1.45868349e-08,  2.48452998e-08,  5.78710267e-08, -2.31279196e-08,
       -5.00079178e-08], dtype=float64),
                   'Te_l': Array([  4112.73173223, -10591.45003101,  -1581.46959715,  -1161.59580925,
         -275.91048735], dtype=float64),
                   'Ti_l': Array([  3421.00376345, -10743.46232442,  -1331.8869328 ,   -898.80459541,
         -346.26508177], dtype=float64),
                   'Z_lmn': Array([ 5.77096890e-06, -2.66293410e-06, -4.23360928e-06, -2.60369812e-06,
        1.28009811e-05, -1.33868302e-05, -3.82303407e-06,  4.86151764e-06,
       -8.60281471e-06, -3.23103365e-06,  1.14924625e-05, -5.90871372e-08,
        7.73510885e-07, -2.88784435e-06,  1.11100678e-05, -5.95446049e-07,
       -6.90762982e-06,  1.92773789e-06,  6.82918675e-08, -3.86465617e-08,
        1.48162417e-06,  6.22529061e-07, -2.51388057e-06,  6.45463819e-07,
        6.67861106e-10,  1.25405395e-05,  6.30769207e-05, -2.90900317e-06,
        7.33862326e-06, -4.21311008e-05, -1.60776815e-05, -1.83431309e-05,
        2.89340684e-06, -5.81561346e-05, -2.84489635e-05,  1.42695429e-05,
       -1.68513643e-05,  4.54655334e-06, -2.18210286e-05,  6.24888321e-05,
        5.02673319e-06,  7.50269149e-06,  1.79688268e-06,  1.66753776e-05,
       -6.28097362e-07,  4.33538480e-06,  1.15035019e-05, -4.49912295e-06,
       -4.61613962e-06,  1.01218931e-07,  9.32921360e-05,  1.95055738e-04,
       -6.82345198e-05,  3.50638226e-04, -1.11121715e-04,  1.41485135e-04,
       -7.38405781e-05, -3.62991869e-04,  1.48837364e-05, -2.75650920e-05,
       -1.37737222e-04, -2.49773928e-06,  6.55500648e-05,  1.72409985e-05,
       -1.53625245e-05,  6.50852470e-06, -5.32411538e-05, -1.69420778e-06,
        1.95825936e-06,  9.77583701e-08, -1.78533833e-05, -2.93906056e-07,
       -1.90631644e-07, -1.00489584e-05, -2.18333742e-07, -2.82074115e-04,
       -3.99168394e-04,  8.02808495e-05, -2.37174422e-04,  5.58610470e-04,
        7.00171381e-04,  1.59866856e-04,  1.93627599e-04,  1.53045532e-04,
       -1.97925983e-04, -6.20661819e-04, -8.75165899e-05,  7.35612088e-06,
       -1.53578263e-06, -4.70559029e-05, -2.35446628e-05,  2.17562462e-05,
       -1.77243144e-05,  4.45221932e-05,  1.67758755e-06,  1.55898028e-05,
        3.64025642e-05, -4.71351494e-06, -1.37582693e-05,  1.69259584e-07,
       -1.13298027e-03, -8.36682489e-03,  1.27215987e-03, -1.39569679e-03,
        6.78721695e-03, -3.35278756e-05,  2.76797501e-04,  1.33716727e-03,
        6.65894719e-04,  1.08020471e-03,  1.14971926e-03, -1.36164441e-04,
       -1.27924772e-04, -3.61005741e-04, -1.77573758e-04, -6.89956866e-05,
        1.83951180e-04,  1.67421223e-05, -2.31172415e-05,  2.80661878e-06,
       -8.93457602e-06, -6.03372623e-05, -5.56731479e-05,  3.58420825e-06,
       -7.97767962e-07, -1.17399504e-02, -1.80695946e-03,  9.39585845e-03,
       -2.03298694e-02,  1.59063458e-02,  8.25744275e-03,  1.72864058e-03,
       -3.72139755e-04,  3.34146626e-03, -2.03331727e-03,  1.02917435e-03,
       -1.44072625e-03,  1.70665620e-04,  1.73618491e-03, -3.82904485e-04,
       -7.16480079e-05, -1.67765158e-04,  2.25482931e-04,  1.18811077e-04,
        4.93742710e-07,  1.54151073e-04,  2.39337194e-05,  5.35287850e-05,
        1.39656536e-05,  5.31329350e-07, -1.30329346e-01,  6.22433209e-02,
        3.94682482e-02, -5.91913141e-02,  6.98965013e-02, -7.33419253e-03,
       -4.47108411e-03, -1.53170268e-02,  7.42993377e-03, -5.69849478e-03,
        1.04000365e-02,  1.43245755e-03,  1.63608066e-03, -7.68049340e-04,
        1.37022708e-03, -1.62346030e-04, -3.37677165e-04,  4.14779216e-04,
       -1.12855452e-04, -8.44289910e-06, -1.02407950e-04,  5.97295744e-05,
       -9.80619997e-05,  3.03468333e-05,  1.61386969e-06, -1.43423933e+00,
        3.60880114e-01,  6.50546698e-02, -6.66924144e-02,  1.88760564e-01,
        7.81277674e-03,  1.84957168e-02,  1.16421193e-02, -5.80694250e-03,
       -4.27558587e-02, -7.03634131e-03, -5.18168022e-04,  3.54879262e-03,
       -5.09414386e-03,  3.10974073e-03, -1.78502002e-04,  3.66297501e-04,
        1.73262142e-04, -5.64377604e-04,  4.20413498e-07,  9.58633989e-04,
        8.03480232e-05, -3.38722799e-04,  6.78367006e-05, -2.93315065e-06,
       -2.17249901e+00, -3.48690474e-01,  1.55412555e-02,  5.34566121e-02,
        8.35732594e-03,  4.85304281e-02,  8.96804224e-04,  5.44391489e-03,
       -1.76601145e-02,  6.32917964e-04,  1.01190293e-03,  1.41273654e-02,
       -2.44435602e-05,  3.28164547e-04,  8.81438961e-04, -1.14063915e-03,
        2.37015518e-06, -1.96445370e-05,  4.06771039e-04,  9.38039592e-04,
       -1.24822340e+00,  1.10974833e-01,  6.60053709e-02, -6.42484589e-03,
        2.06210335e-02,  3.23157404e-02,  4.54600647e-03,  1.19054220e-02,
        1.04397469e-02, -2.46048746e-04, -7.17422528e-03,  3.13766787e-03,
        8.77350041e-06, -4.36698726e-04, -4.11144292e-04,  9.48032758e-04,
       -2.11018435e-07, -5.15937815e-05, -1.04470027e-04,  2.12959403e-04,
       -2.40861119e-01,  5.87859119e-02,  2.16311194e-02,  3.36159857e-03,
       -6.83644504e-03,  1.29301965e-02, -2.29571256e-04, -9.90234585e-03,
        1.70626781e-03, -1.58594643e-04,  3.41308033e-04,  1.56939035e-03,
        1.26875131e-05,  5.81206371e-05, -1.78715360e-05,  6.18393529e-04,
       -2.78839241e-06, -2.43113268e-05, -4.84816161e-05, -3.48827685e-04,
       -3.11418568e-02,  1.28918318e-02, -6.24436958e-03,  2.10319232e-03,
       -2.43418968e-03,  6.02700169e-03,  1.58337228e-03,  1.77711549e-03,
        6.90935577e-04, -1.12029748e-04, -4.82688742e-04, -2.01722139e-03,
       -9.41548526e-07, -3.81925802e-04, -1.41606548e-04,  6.08035037e-04,
       -9.65354071e-07,  9.04726082e-05, -5.20604035e-05, -1.33936055e-04,
       -1.95603169e-03, -2.22141995e-03,  2.86854202e-04,  1.73029243e-03,
       -9.81397784e-04,  1.82377815e-03,  1.61821521e-04, -5.95752823e-04,
       -4.78688933e-04,  4.80326283e-05,  5.57010708e-04,  5.09023481e-04,
       -8.96800032e-07, -1.00825833e-05, -1.85605224e-04, -5.05242262e-05,
        3.79900140e-07, -3.13934042e-05,  4.63697639e-05, -7.67587771e-05,
       -1.16429805e-04, -9.63096973e-04, -5.63462211e-04,  2.16268743e-04,
       -9.50298813e-05,  1.23644922e-03,  8.42611719e-05,  6.09844113e-04,
       -1.72541458e-04,  7.80638325e-06, -5.91707021e-06, -4.06374269e-04,
       -1.04689042e-06, -5.02453577e-05, -1.92240334e-05,  1.07903564e-04,
       -2.71825669e-08,  1.65855182e-05,  1.70130745e-05,  2.64234440e-05,
       -1.09196949e-04, -3.37527005e-04, -1.20062867e-04,  1.84083013e-04,
        6.33898991e-05,  2.24089121e-04,  8.70139521e-06,  1.49791506e-04,
       -5.61241530e-05, -5.21243976e-06, -6.36639558e-05,  1.14507670e-04,
        7.47708178e-08, -9.39865895e-06, -2.93009201e-05, -2.19754352e-05,
        1.18892031e-07,  3.47954262e-06, -4.83696643e-06, -2.79899643e-06,
       -5.04232152e-05, -4.92907464e-05,  2.87954962e-06,  3.66525591e-05,
        5.75801478e-05,  5.63651074e-05,  1.44467679e-05, -2.37005338e-06,
        2.12376460e-05, -2.73033432e-06, -6.40868705e-05, -9.35018657e-07,
       -7.71283820e-07, -1.48021053e-05, -7.11220712e-07, -7.54873180e-06,
        1.87579844e-07,  2.72092468e-06,  6.71782563e-06, -6.19990628e-06,
       -1.61339181e-05,  4.20294540e-06,  3.40601725e-06,  1.26267462e-05,
        9.19210868e-06, -7.48209755e-06,  1.31039746e-06,  8.69180539e-07,
        3.44697878e-06, -1.74112962e-07, -9.91066159e-06,  4.51407578e-06,
       -1.20721454e-08, -1.31139668e-06, -4.27409722e-06,  6.32569803e-08,
       -1.34574245e-08,  2.11138627e-07,  7.28376089e-07, -1.25576805e-06],      dtype=float64),
                   'Za_n': Array([ 6.88965740e-06, -3.10475675e-06,  4.28262957e-06, -1.94254426e-04,
       -2.00935244e-03, -1.94236829e-02, -1.76007167e-01, -1.48338844e+00],      dtype=float64),
                   'Zb_lmn': Array([-3.05394012e-08, -6.16440230e-10, -7.49578132e-09,  3.33702675e-08,
       -6.62745854e-09,  9.20473031e-09,  5.00177700e-08, -3.86465617e-08,
        6.67861106e-10,  1.70343581e-07, -4.52145851e-10, -8.54965817e-08,
       -1.12558827e-08, -1.66425389e-07, -1.75986651e-07,  4.10593569e-07,
       -6.28097362e-07,  1.01218931e-07, -1.08628045e-06,  3.12777741e-06,
        4.59345009e-06,  2.05370560e-06, -6.69419757e-07, -5.39479921e-07,
       -3.54043373e-06,  9.77583701e-08, -2.18333742e-07, -1.89804855e-05,
       -1.67276607e-05, -8.68004134e-06,  6.17852482e-05,  1.01276114e-04,
       -4.29943967e-05, -3.73029321e-05,  1.67758755e-06,  1.69259584e-07,
        2.79117757e-04, -3.15452043e-04, -4.79872518e-04,  1.13293351e-03,
        4.32647813e-04, -1.59281683e-04, -6.54114784e-05,  2.80661878e-06,
       -7.97767962e-07, -2.90634713e-04,  1.18983039e-02, -1.89418905e-02,
        9.51210003e-03,  3.01209056e-03, -1.32191518e-03, -5.76823543e-05,
        4.93742710e-07,  5.31329350e-07, -9.37985093e-02,  1.26103650e-01,
       -7.52166607e-02,  3.48062319e-03,  8.70209885e-03,  1.31960210e-03,
       -1.31999196e-04, -8.44289910e-06,  1.61386969e-06, -1.34618152e+00,
        5.07251117e-01, -6.00640909e-02,  9.49697571e-04, -3.03592457e-03,
       -1.08254563e-03, -1.10665301e-04,  4.20413498e-07, -2.93315065e-06,
        2.37015518e-06, -2.44435602e-05,  6.13273427e-04,  1.22496877e-03,
        9.77599991e-03,  2.18666094e-02, -2.85094641e-01, -2.13784315e+00,
       -2.11018435e-07,  8.77350041e-06, -2.97642528e-04,  4.10930774e-03,
        1.33423382e-02,  7.74996486e-02,  1.46641201e-01, -1.24326047e+00,
       -2.78839241e-06,  1.26875131e-05, -1.82905970e-04, -1.71450619e-04,
       -6.54361862e-03,  1.17109020e-02,  7.29366711e-02, -2.35174859e-01,
       -9.65354071e-07, -9.41548526e-07, -2.15571398e-05,  1.20144648e-03,
       -2.96893883e-03, -4.60886064e-03,  1.67676761e-02, -2.77396938e-02,
        3.79900140e-07, -8.96800032e-07,  1.66392241e-05,  1.51738938e-04,
       -3.78017313e-04, -4.94503845e-04,  3.46229022e-05, -7.54952421e-04,
       -2.71825669e-08, -1.04689042e-06,  2.43919015e-05,  3.40158142e-05,
       -8.39338770e-05,  2.71578688e-05, -1.06598578e-04,  3.52010439e-05,
        1.18892031e-07,  7.47708178e-08, -1.73289715e-06, -6.97263737e-07,
       -5.11102313e-06,  4.27718697e-07, -1.72921050e-06, -3.21352352e-06,
        1.87579844e-07, -7.71283820e-07, -9.40963079e-09, -3.55337373e-07,
        2.11102909e-07, -2.01724470e-07, -6.05639149e-08, -8.17418315e-08,
       -1.34574245e-08, -1.20721454e-08,  3.70256651e-08, -9.99218583e-10,
        9.82317966e-09,  1.10056177e-09, -2.08444139e-08,  3.06390232e-09],      dtype=float64),
                   'Zeff_l': Array([1.12104938, 0.42593458, 0.13164759, 0.05330528, 0.02380676],      dtype=float64),
                   'a_lmn': Array([], shape=(0,), dtype=float64),
                   'c_l': Array([0., 0., 0., 0., 0.], dtype=float64),
                   'i_l': Array([], shape=(0,), dtype=float64),
                   'ne_l': Array([ 2.13487014e+20, -6.05569701e-22, -4.74179069e-22, -3.48086552e-22,
       -2.77436572e-22, -3.86262456e+20], dtype=float64),
                   'ni_l': Array([], shape=(0,), dtype=float64),
                   'p_l': Array([], shape=(0,), dtype=float64)}],
               [ { 'G': Array([], shape=(0,), dtype=float64),
                   'I': Array([], shape=(0,), dtype=float64),
                   'L_lmn': Array([ 4.74624745e-06, -1.46833466e-06, -4.71337162e-06,  1.42407332e-06,
        1.33586473e-05, -9.60128541e-06, -2.86175104e-06, -4.45014574e-06,
        7.46257848e-07, -1.47892912e-05,  8.95192933e-06,  9.41573947e-06,
        7.35958407e-06,  4.19736186e-06, -3.82302180e-06,  5.98892837e-06,
        9.07991800e-06, -9.39802600e-09, -6.04341594e-06, -2.88339181e-06,
       -4.30582503e-06,  5.63811612e-06,  6.20229078e-06,  1.55178872e-06,
       -1.03968328e-06,  2.79170083e-05,  4.27105172e-05, -3.19562322e-05,
       -4.67597809e-06, -9.01760782e-05,  2.46179809e-05,  1.44765697e-05,
        4.46570044e-05, -2.44014332e-06,  4.96026226e-05, -3.26492437e-05,
       -1.96931724e-06, -1.95403407e-05, -2.76456188e-05,  1.64207734e-05,
        3.05533162e-05, -1.76066970e-05, -1.84170662e-05, -3.10913764e-05,
        1.14142960e-05,  1.47411521e-05,  5.25732015e-06, -5.57509160e-06,
       -1.36073285e-05, -1.09108286e-05, -1.13904240e-04, -2.62220992e-04,
        1.25010823e-04,  1.03761088e-04,  3.30708903e-04, -5.14368994e-05,
       -6.72219571e-05, -1.53908019e-04, -4.09011717e-05, -1.11471776e-04,
        4.37561880e-05, -3.54180691e-05,  7.32111049e-05,  5.82261273e-05,
       -2.42174825e-05, -4.08050776e-05,  4.13632101e-05,  3.30588080e-05,
        8.42618373e-05,  2.15084310e-05, -4.23386349e-05, -1.38211149e-05,
        6.67069248e-06,  1.76370834e-05,  1.29597979e-05, -5.62260212e-04,
        1.52492366e-04,  3.85945533e-04, -8.04187854e-04, -1.71290128e-04,
        2.47658839e-04,  1.06308224e-04,  7.72357560e-04,  1.61696893e-04,
        1.26854888e-04, -1.67521028e-04, -7.17495311e-05,  5.41016996e-05,
       -9.61390363e-05, -8.09268392e-05,  3.84093696e-05, -5.60294408e-05,
       -3.52152249e-05, -1.52084888e-04,  1.12173322e-05,  1.08049360e-05,
        1.30148390e-05,  2.77038035e-06, -1.31059532e-05, -4.22100718e-05,
        3.47621336e-03, -2.63146864e-04, -2.66176138e-03,  1.12552371e-03,
        5.38034909e-04, -1.25505590e-03, -5.28052303e-04, -3.14626300e-04,
        3.74470497e-05, -3.96322637e-04,  5.39351460e-04,  5.34833714e-04,
       -1.90518548e-04, -4.71516253e-04,  1.47762388e-05, -1.67438750e-04,
       -1.59757718e-06, -1.61191645e-04, -7.25923781e-05,  8.18212869e-05,
        1.80984164e-04,  1.33612675e-04,  1.45433887e-04, -8.51358388e-06,
        4.65069543e-05,  3.51602084e-04,  1.01932015e-02, -2.77218268e-04,
       -7.27803333e-03, -7.31073864e-03,  3.55676000e-03,  1.23353129e-03,
        3.69106732e-03, -2.04496617e-03, -5.99019539e-04, -1.66477387e-03,
       -1.03667561e-03, -8.31615609e-04, -7.95248587e-04,  7.30518952e-04,
        9.21337715e-04,  6.42534750e-04, -2.76661517e-04,  1.75780202e-04,
       -3.16606811e-04, -1.66541272e-05, -3.74738699e-04, -1.16311295e-04,
       -4.30404324e-06, -1.35399552e-04,  2.61690539e-02, -5.27963135e-02,
       -1.38089596e-02,  1.92526294e-02,  3.79757503e-02, -7.84075855e-03,
       -6.90054396e-03, -1.26889834e-02,  8.03770119e-03, -7.68282769e-03,
        2.83189514e-03,  2.07908345e-03,  3.50582085e-03,  4.69222860e-03,
       -3.34056961e-03,  1.00114408e-03, -3.25868440e-03, -8.37493306e-04,
       -5.81903593e-05,  1.20137677e-04,  9.58598045e-04, -1.01511183e-04,
       -4.11308482e-04, -8.68440685e-06,  7.70740815e-06,  1.28749781e-01,
       -3.13630899e-02, -1.34357647e-01, -1.07351875e-02, -2.70713360e-03,
       -1.90382518e-03,  2.75417191e-02, -2.45779776e-05, -1.95573584e-02,
       -3.85279600e-02, -1.01285698e-02, -2.94612894e-03, -7.97866679e-03,
       -9.43996880e-03,  3.90901127e-03,  1.00243874e-03,  2.33088286e-02,
        6.58666848e-03, -1.40876580e-05, -2.50430708e-05,  3.44210861e-03,
        4.34166856e-04, -3.88922926e-04, -5.40916876e-05, -6.20217139e-05,
        1.60207702e-01, -7.41911230e-02,  1.05002753e-03,  2.52818041e-01,
       -3.30778613e-03,  4.23501093e-02, -3.84143749e-03, -1.03010959e-02,
       -9.52489424e-02, -1.32465788e-03, -1.47434616e-03, -2.46629314e-03,
       -3.30329067e-04, -1.76502205e-04, -5.74134576e-04, -1.73428485e-02,
       -8.65719760e-06, -2.02729890e-04, -1.04341459e-04, -1.86555949e-03,
       -2.00400940e-01, -1.53346903e-02, -2.90773921e-03,  4.88613677e-02,
        1.84001849e-02, -1.19025003e-02,  3.86007939e-03,  5.98293053e-03,
        6.55074745e-03, -1.01113740e-03, -3.89088124e-03,  1.02203053e-02,
        5.55393769e-04,  7.61792642e-04, -3.81546859e-03, -1.07101415e-02,
        2.66382874e-04,  1.08858419e-04,  9.60515994e-04,  2.28672538e-04,
        3.61651592e-02, -2.03229713e-02,  9.54284094e-03, -8.66693631e-03,
       -8.85870374e-03,  5.51429319e-03, -1.49383763e-03, -6.32676722e-03,
        8.31439087e-04, -1.20276986e-03,  4.53335375e-03, -3.47038510e-03,
       -3.11472127e-04, -2.38200116e-04,  1.22815842e-03,  2.01850642e-03,
       -4.00887851e-05, -1.49984487e-04, -2.39254302e-04,  1.58181181e-04,
       -1.68016016e-03,  6.22717063e-03, -4.64737916e-03, -5.01557325e-04,
        2.64363596e-03, -3.01845098e-03,  1.07848828e-03,  3.41081446e-03,
       -2.11111360e-04, -9.90528910e-04, -1.26098557e-03,  1.11789355e-04,
        3.04711593e-04, -3.85891056e-04,  1.20226579e-04, -3.17328962e-04,
        1.58653321e-04,  3.45827336e-05,  2.01274829e-04,  1.44543382e-04,
       -1.28469388e-05, -8.64563888e-04,  1.74531052e-03,  8.97684267e-04,
       -2.14493517e-04,  1.46579515e-04, -5.33458733e-04, -1.19122429e-03,
       -9.30219357e-04,  1.71439134e-04,  1.76058952e-04,  3.44679851e-04,
       -8.50255688e-05,  5.26503222e-05,  2.30562334e-04,  1.02907312e-04,
       -4.90361176e-05, -1.04433717e-05, -1.95523625e-04, -3.42654323e-04,
        9.97670642e-04,  4.33811631e-04, -2.92673166e-04, -1.60009453e-03,
       -1.36686915e-04, -1.26282024e-04,  7.38756510e-05,  1.39912015e-04,
        5.54545975e-04, -3.62741625e-05,  7.74913715e-05, -3.19079859e-04,
       -1.65443134e-06,  1.56280526e-04,  6.86443336e-05, -7.48195342e-05,
        4.44515925e-05,  2.37911283e-05,  5.85161332e-06,  1.68030656e-04,
       -1.18690434e-04, -4.81490407e-05, -3.49121211e-05,  3.67395177e-04,
        5.84754145e-05, -5.74342835e-05,  3.41543591e-05,  5.31459362e-05,
       -2.63702215e-04,  3.84996097e-05, -2.89267619e-05,  1.29397070e-04,
       -2.98588944e-05, -9.43149452e-05, -5.94030358e-05,  7.92936710e-06,
       -1.62224815e-05, -1.86261689e-05,  1.10832901e-05, -8.18604377e-05,
        3.15358945e-05, -9.33693928e-06, -1.26146528e-05, -6.29933787e-05,
       -3.62554314e-06,  5.50390612e-06,  1.64830485e-06,  1.76001391e-05,
        3.38202001e-05, -2.99247583e-05, -6.19116331e-06, -1.80177906e-05,
       -1.23486464e-05,  2.95040511e-05,  1.46513986e-05, -9.46615091e-06,
        1.13865687e-05,  1.12990743e-05,  3.36255811e-06,  1.75730331e-05,
       -6.90204552e-06,  1.01096071e-05,  8.04854792e-07,  1.24535815e-05,
       -2.06873021e-06, -1.48800551e-05, -7.69835302e-06, -2.17930268e-06,
       -7.98552590e-06, -6.35872383e-06,  3.95675702e-06,  5.90260874e-07,
        2.45570991e-06,  1.93782254e-06, -1.80611968e-06, -3.12305559e-06,
        9.33318195e-07, -1.29885545e-06, -6.82520886e-06, -8.69139671e-06],      dtype=float64),
                   'Phi_mn': Array([], shape=(0,), dtype=float64),
                   'Psi': Array([50.20413129], dtype=float64),
                   'R_lmn': Array([-1.20167163e-06, -8.16220004e-06,  6.84582337e-06, -7.60208617e-06,
        2.13809778e-05,  5.24222054e-06,  2.91189953e-06,  4.86212997e-06,
        7.36677820e-06, -6.65934260e-07, -2.26183237e-05,  7.70314130e-06,
       -2.01436610e-08, -2.91234387e-06, -1.16688921e-05,  1.48727258e-06,
       -7.36358192e-09,  6.41849881e-07,  1.22007006e-06, -4.77135830e-06,
       -1.36829629e-04, -1.60462912e-05, -3.71559828e-06,  1.55135000e-04,
        1.55040756e-05,  3.05672208e-05, -1.71098793e-05, -9.95863029e-06,
        1.80158723e-07, -1.04238819e-05, -3.28021356e-05, -1.46048904e-05,
       -4.48348087e-07,  1.77121529e-05,  1.39249898e-05, -1.82152815e-05,
        3.95592910e-08,  1.07156555e-05,  1.71949440e-05,  2.57500744e-07,
        1.81069016e-04, -4.21598444e-04, -1.55770546e-04, -1.33793585e-04,
        5.32739606e-05,  4.39136999e-04,  5.05907566e-05,  1.82205487e-04,
       -9.32565221e-05,  2.02226213e-05, -5.98945746e-06, -1.42830953e-05,
        1.76295799e-06, -5.00248022e-05, -1.76143703e-05,  5.10690858e-05,
       -2.62397635e-07, -1.25487284e-05, -4.90657688e-05, -7.26168346e-06,
        5.14193608e-04,  6.05695203e-05, -7.84126453e-05, -4.36626155e-04,
        1.05908083e-04, -1.74155811e-04, -4.73217928e-05, -1.79045629e-04,
        6.18521571e-05, -1.37907872e-07, -1.06348028e-04, -1.29339939e-05,
        1.41095229e-06,  1.02857926e-04, -3.00594656e-05, -5.69348206e-05,
        1.79961820e-07,  1.82042957e-06,  1.27291188e-04,  4.59546233e-05,
       -5.33582784e-03, -1.97977750e-03, -9.44247181e-05,  4.08536999e-03,
       -1.51409181e-03,  1.83612755e-03,  1.28339569e-03,  2.90607578e-04,
        7.81368382e-05,  1.63234875e-05,  1.45683249e-04,  4.31902560e-04,
        6.57429840e-06, -4.08204372e-04, -1.57227030e-04,  5.77701728e-05,
        4.11316250e-07, -2.57940959e-05, -3.38710029e-06, -2.23992314e-04,
       -2.34117290e-02, -6.17512068e-03,  5.90899708e-03,  7.54022740e-04,
       -2.73533514e-04,  1.54737588e-02, -5.60750881e-04, -3.28730786e-03,
        3.17130048e-04, -1.68299593e-04, -2.49696675e-04, -2.01943022e-03,
        5.83648524e-07,  2.05235192e-04,  4.83662933e-04,  6.03365311e-04,
        7.85516721e-07,  9.51445512e-05, -7.71671936e-05, -1.10550554e-05,
       -2.82460822e-01,  1.41766214e-01, -1.11687104e-02, -1.06338353e-02,
        1.35657783e-03, -4.69060976e-03,  2.51885949e-03, -1.62762855e-05,
        1.05961913e-02,  6.94114166e-05, -1.64561253e-03,  8.96635812e-04,
       -4.52644125e-06, -4.57780261e-06, -8.39533555e-04, -1.82645216e-04,
        3.12576019e-07, -1.26088636e-04,  3.57116686e-04,  1.36382315e-04,
       -1.55586536e+00, -2.97265621e-02,  7.69499706e-02,  1.08549303e-01,
       -3.14608381e-03,  8.72461145e-02, -4.66608444e-03,  2.53844681e-04,
       -2.01186388e-02,  4.93517287e-04, -6.42362644e-04,  5.23377875e-03,
        3.76205481e-06,  2.99980604e-04, -2.16248263e-03,  1.86229502e-03,
        5.33933641e-07,  7.42808536e-05,  7.80569122e-05, -6.51499651e-04,
        1.01050278e+01,  1.61577020e+00, -3.00781824e-01,  3.73784350e-01,
        8.79757711e-02, -1.19319250e-02,  9.08932787e-02, -3.60862536e-02,
       -2.01687134e-02, -1.36736337e-02, -1.53403070e-02,  3.66673984e-04,
        1.12071481e-03, -8.95242919e-03, -1.32144369e-03, -5.82348332e-05,
        2.95137129e-03, -1.70113173e-03, -7.70515163e-04, -1.01392829e-05,
        2.14453639e-04, -7.58808406e-04, -3.53199984e-04, -1.71081368e-05,
       -1.37361371e-06,  1.89673073e+00, -7.67033499e-01,  7.31787379e-02,
        2.03901473e-02, -9.11846501e-04,  1.88250470e-02, -4.06526961e-02,
        2.60014593e-02, -1.51000597e-02,  9.20975139e-03, -3.45049927e-05,
       -3.90039523e-03,  5.56810594e-04,  2.32217970e-03,  4.77670476e-03,
       -1.10904381e-05, -9.52270905e-05,  8.52196731e-04,  1.13961452e-03,
       -1.86039886e-05, -8.18545077e-04, -2.67000631e-04,  2.96816285e-04,
        1.54464322e-04, -1.85142547e-06,  1.49134939e-01, -1.09791962e-01,
       -4.40825772e-02,  1.43125980e-01, -6.02104013e-02, -2.29021478e-02,
       -3.35014874e-03, -2.46760632e-03, -2.75665826e-04,  1.97510589e-02,
        1.84457929e-04,  1.34928165e-03, -1.90600791e-03,  3.12058875e-03,
       -3.78858119e-03,  2.58455332e-04, -6.49543971e-04, -1.77715837e-03,
       -1.74378320e-04, -1.77716764e-05,  8.48689163e-06, -2.04808830e-05,
        3.37332672e-04, -3.68511916e-05,  1.09196208e-06,  5.39509218e-03,
        5.60103327e-03, -1.01061726e-02,  8.60704488e-04, -1.36130736e-02,
        2.79243667e-03,  4.50056487e-03,  1.01708494e-02, -1.28550587e-03,
        2.77433998e-04, -5.12419864e-03, -7.29074687e-04, -2.42547821e-04,
       -2.45147024e-03,  5.31193710e-04,  1.44103492e-05,  5.42502962e-04,
        6.05430720e-04,  4.29311538e-04, -1.09118017e-06, -6.83411263e-05,
        7.46323070e-05, -3.70528037e-05, -3.19331506e-05,  1.32472812e-06,
        1.71454208e-03,  2.51046142e-03, -1.49525389e-03,  1.94284000e-04,
       -2.79237564e-03,  1.54504064e-04, -6.55530059e-04,  2.44023476e-04,
       -1.37905307e-03, -4.08239973e-06, -8.03471378e-04,  1.24813450e-03,
        4.55375049e-04,  4.24448715e-04, -7.35750173e-05,  3.93212134e-05,
       -7.39695395e-06, -1.41827760e-04, -3.49039904e-04,  2.51667473e-06,
       -1.07387359e-04, -5.93911103e-05,  3.39060469e-05, -1.39281113e-05,
        1.48360610e-06, -1.54835175e-04,  1.89859466e-03,  7.46514180e-05,
        1.29550922e-03, -1.81438410e-03, -2.01659293e-04,  1.71879933e-04,
       -1.75371810e-03,  1.45760859e-04,  1.87908875e-04, -1.72571912e-04,
       -7.25710326e-05, -1.49951526e-04,  4.51786285e-04, -1.57787575e-04,
        5.12638033e-06, -1.59264885e-04,  4.13267724e-05,  1.30739131e-04,
        3.38193793e-06,  5.40245716e-05,  1.35035825e-05,  1.02269469e-04,
        1.40687103e-05, -7.05269840e-07,  1.59630854e-04, -8.72399453e-06,
       -1.17770238e-04, -2.78053235e-04, -1.22281622e-05, -1.97440863e-04,
       -1.13289041e-04,  4.23754488e-04, -7.22144851e-06, -2.59497102e-05,
        2.17950690e-04,  5.17566657e-05,  9.63018660e-05, -1.48750904e-04,
        4.77858815e-05,  3.69634917e-05,  4.62873306e-05, -2.28517111e-05,
       -4.81062459e-05, -6.23305555e-08, -2.29423500e-05, -2.18730999e-06,
       -3.49798180e-05, -2.56955585e-05, -3.01173574e-08, -4.31081254e-05,
       -1.49914241e-04,  6.04192028e-05, -1.34594890e-05,  1.05423150e-04,
        1.90936977e-05,  2.39253416e-05,  5.12840667e-06,  1.15117909e-05,
        3.63552405e-05, -3.89783250e-05, -1.51631670e-05, -5.63187336e-05,
        1.57385411e-05, -2.19001269e-05, -1.56196014e-05,  8.12353862e-06,
        1.98420478e-05,  1.47969818e-05,  3.97484912e-07,  1.52892094e-05,
       -7.39317849e-06,  1.06512757e-05,  1.60550663e-05, -4.36903764e-07,
       -6.44809959e-06,  1.01038755e-05, -8.14667338e-06,  9.13120819e-07,
       -1.24789469e-05,  1.23768591e-05,  1.50163679e-05, -5.37699546e-06,
        2.01530169e-05, -6.87316367e-07, -2.06921057e-06,  1.38742922e-06,
        4.75829061e-06,  8.57495387e-06, -2.35377241e-05,  7.58471944e-07,
        3.04570251e-06, -1.02827101e-05, -1.36258392e-06, -2.31279196e-08,
       -5.16468601e-06, -4.11640785e-06,  3.37012038e-06, -7.00600917e-07,
       -5.00079178e-08], dtype=float64),
                   'Ra_n': Array([ 1.04957967e+01,  1.78152394e+00,  1.91781863e-01,  2.01760363e-02,
        1.99150350e-03,  1.46369437e-04,  4.48678356e-05, -7.99404366e-06,
        6.79196504e-06], dtype=float64),
                   'Rb_lmn': Array([-7.36358192e-09, -2.01436610e-08, -2.40843781e-08, -4.44338448e-10,
       -1.72757938e-08,  3.90612572e-08,  1.18035005e-08,  5.02929924e-08,
        3.95592910e-08, -4.48348087e-07,  2.91773553e-07,  6.02273595e-07,
       -1.03115983e-07,  2.50761260e-07,  1.73539979e-07,  2.70248261e-07,
       -2.62397635e-07,  1.76295799e-06,  7.67389285e-06,  5.65954421e-07,
       -1.78126575e-06,  8.82057087e-06, -4.00622350e-06,  5.08799462e-06,
        1.79961820e-07,  1.41095229e-06,  1.68252170e-06,  5.55361327e-05,
        1.26851242e-04, -2.87517740e-04, -8.05656610e-05,  8.24847893e-05,
        4.11316250e-07,  6.57429840e-06, -9.47060842e-06,  8.75191317e-04,
       -1.37179566e-03,  3.89558300e-05,  6.42602950e-05, -1.11455083e-03,
        7.85516721e-07,  5.83648524e-07, -7.31550418e-05, -3.55515689e-04,
       -6.00397383e-04,  3.10535215e-03,  7.26815280e-03, -2.17372109e-02,
        3.12576019e-07, -4.52644125e-06, -5.66772190e-05,  2.51428168e-03,
        6.80819830e-05, -1.20245203e-02,  1.38108622e-01, -2.82681112e-01,
        5.33933641e-07,  3.76205481e-06,  5.67798141e-04, -4.36610384e-03,
       -3.71038954e-03,  7.50413326e-02,  6.21018315e-02, -1.46557240e+00,
        9.89647447e+00,  1.69302371e+00,  3.27986859e-01, -2.89733638e-02,
       -2.18433571e-02, -4.03841178e-04, -7.53429700e-05, -1.01392829e-05,
       -1.37361371e-06,  1.92899503e+00, -7.58830821e-01,  4.84467856e-02,
        1.96427387e-02, -1.00265386e-02, -2.76078071e-03,  1.43373884e-04,
       -1.86039886e-05, -1.85142547e-06,  9.98046925e-02, -1.50900848e-01,
        1.43758482e-01, -2.44948482e-02, -3.72691435e-03,  1.17490333e-03,
        2.21604141e-04, -1.77716764e-05,  1.09196208e-06, -5.21404459e-04,
       -7.19210333e-03,  8.65471592e-03, -1.72633125e-03, -7.91364959e-04,
       -2.99763149e-04, -1.75228015e-05, -1.09118017e-06,  1.32472812e-06,
       -8.82541752e-05, -2.93393578e-04,  8.03365080e-04, -7.90795074e-04,
       -1.41872204e-03,  8.99094593e-04,  2.53931022e-05,  2.51667473e-06,
        1.48360610e-06, -4.23077844e-06,  1.12854552e-04,  7.08099284e-06,
       -3.32904433e-04,  9.02427527e-05,  5.81680988e-05,  1.91950906e-05,
        3.38193793e-06, -7.05269840e-07,  1.93109115e-06, -6.14536275e-07,
       -5.23696042e-06, -2.34188412e-06,  5.58461493e-06,  3.65041976e-06,
        1.12679333e-05, -6.23305555e-08, -3.01173574e-08,  2.06894914e-07,
       -1.23118783e-08,  1.42802785e-08, -4.25795169e-08,  2.62939756e-07,
       -3.66185193e-07,  4.35464864e-07,  3.97484912e-07, -4.36903764e-07,
        1.51994928e-08, -1.66853412e-08, -5.32862302e-09,  2.49384079e-08,
       -1.45868349e-08,  2.48452998e-08,  5.78710267e-08, -2.31279196e-08,
       -5.00079178e-08], dtype=float64),
                   'Te_l': Array([  4112.73173223, -10591.45003101,  -1581.46959715,  -1161.59580925,
         -275.91048735], dtype=float64),
                   'Ti_l': Array([  3421.00376345, -10743.46232442,  -1331.8869328 ,   -898.80459541,
         -346.26508177], dtype=float64),
                   'Z_lmn': Array([ 5.77096890e-06, -2.66293410e-06, -4.23360928e-06, -2.60369812e-06,
        1.28009811e-05, -1.33868302e-05, -3.82303407e-06,  4.86151764e-06,
       -8.60281471e-06, -3.23103365e-06,  1.14924625e-05, -5.90871372e-08,
        7.73510885e-07, -2.88784435e-06,  1.11100678e-05, -5.95446049e-07,
       -6.90762982e-06,  1.92773789e-06,  6.82918675e-08, -3.86465617e-08,
        1.48162417e-06,  6.22529061e-07, -2.51388057e-06,  6.45463819e-07,
        6.67861106e-10,  1.25405395e-05,  6.30769207e-05, -2.90900317e-06,
        7.33862326e-06, -4.21311008e-05, -1.60776815e-05, -1.83431309e-05,
        2.89340684e-06, -5.81561346e-05, -2.84489635e-05,  1.42695429e-05,
       -1.68513643e-05,  4.54655334e-06, -2.18210286e-05,  6.24888321e-05,
        5.02673319e-06,  7.50269149e-06,  1.79688268e-06,  1.66753776e-05,
       -6.28097362e-07,  4.33538480e-06,  1.15035019e-05, -4.49912295e-06,
       -4.61613962e-06,  1.01218931e-07,  9.32921360e-05,  1.95055738e-04,
       -6.82345198e-05,  3.50638226e-04, -1.11121715e-04,  1.41485135e-04,
       -7.38405781e-05, -3.62991869e-04,  1.48837364e-05, -2.75650920e-05,
       -1.37737222e-04, -2.49773928e-06,  6.55500648e-05,  1.72409985e-05,
       -1.53625245e-05,  6.50852470e-06, -5.32411538e-05, -1.69420778e-06,
        1.95825936e-06,  9.77583701e-08, -1.78533833e-05, -2.93906056e-07,
       -1.90631644e-07, -1.00489584e-05, -2.18333742e-07, -2.82074115e-04,
       -3.99168394e-04,  8.02808495e-05, -2.37174422e-04,  5.58610470e-04,
        7.00171381e-04,  1.59866856e-04,  1.93627599e-04,  1.53045532e-04,
       -1.97925983e-04, -6.20661819e-04, -8.75165899e-05,  7.35612088e-06,
       -1.53578263e-06, -4.70559029e-05, -2.35446628e-05,  2.17562462e-05,
       -1.77243144e-05,  4.45221932e-05,  1.67758755e-06,  1.55898028e-05,
        3.64025642e-05, -4.71351494e-06, -1.37582693e-05,  1.69259584e-07,
       -1.13298027e-03, -8.36682489e-03,  1.27215987e-03, -1.39569679e-03,
        6.78721695e-03, -3.35278756e-05,  2.76797501e-04,  1.33716727e-03,
        6.65894719e-04,  1.08020471e-03,  1.14971926e-03, -1.36164441e-04,
       -1.27924772e-04, -3.61005741e-04, -1.77573758e-04, -6.89956866e-05,
        1.83951180e-04,  1.67421223e-05, -2.31172415e-05,  2.80661878e-06,
       -8.93457602e-06, -6.03372623e-05, -5.56731479e-05,  3.58420825e-06,
       -7.97767962e-07, -1.17399504e-02, -1.80695946e-03,  9.39585845e-03,
       -2.03298694e-02,  1.59063458e-02,  8.25744275e-03,  1.72864058e-03,
       -3.72139755e-04,  3.34146626e-03, -2.03331727e-03,  1.02917435e-03,
       -1.44072625e-03,  1.70665620e-04,  1.73618491e-03, -3.82904485e-04,
       -7.16480079e-05, -1.67765158e-04,  2.25482931e-04,  1.18811077e-04,
        4.93742710e-07,  1.54151073e-04,  2.39337194e-05,  5.35287850e-05,
        1.39656536e-05,  5.31329350e-07, -1.30329346e-01,  6.22433209e-02,
        3.94682482e-02, -5.91913141e-02,  6.98965013e-02, -7.33419253e-03,
       -4.47108411e-03, -1.53170268e-02,  7.42993377e-03, -5.69849478e-03,
        1.04000365e-02,  1.43245755e-03,  1.63608066e-03, -7.68049340e-04,
        1.37022708e-03, -1.62346030e-04, -3.37677165e-04,  4.14779216e-04,
       -1.12855452e-04, -8.44289910e-06, -1.02407950e-04,  5.97295744e-05,
       -9.80619997e-05,  3.03468333e-05,  1.61386969e-06, -1.43423933e+00,
        3.60880114e-01,  6.50546698e-02, -6.66924144e-02,  1.88760564e-01,
        7.81277674e-03,  1.84957168e-02,  1.16421193e-02, -5.80694250e-03,
       -4.27558587e-02, -7.03634131e-03, -5.18168022e-04,  3.54879262e-03,
       -5.09414386e-03,  3.10974073e-03, -1.78502002e-04,  3.66297501e-04,
        1.73262142e-04, -5.64377604e-04,  4.20413498e-07,  9.58633989e-04,
        8.03480232e-05, -3.38722799e-04,  6.78367006e-05, -2.93315065e-06,
       -2.17249901e+00, -3.48690474e-01,  1.55412555e-02,  5.34566121e-02,
        8.35732594e-03,  4.85304281e-02,  8.96804224e-04,  5.44391489e-03,
       -1.76601145e-02,  6.32917964e-04,  1.01190293e-03,  1.41273654e-02,
       -2.44435602e-05,  3.28164547e-04,  8.81438961e-04, -1.14063915e-03,
        2.37015518e-06, -1.96445370e-05,  4.06771039e-04,  9.38039592e-04,
       -1.24822340e+00,  1.10974833e-01,  6.60053709e-02, -6.42484589e-03,
        2.06210335e-02,  3.23157404e-02,  4.54600647e-03,  1.19054220e-02,
        1.04397469e-02, -2.46048746e-04, -7.17422528e-03,  3.13766787e-03,
        8.77350041e-06, -4.36698726e-04, -4.11144292e-04,  9.48032758e-04,
       -2.11018435e-07, -5.15937815e-05, -1.04470027e-04,  2.12959403e-04,
       -2.40861119e-01,  5.87859119e-02,  2.16311194e-02,  3.36159857e-03,
       -6.83644504e-03,  1.29301965e-02, -2.29571256e-04, -9.90234585e-03,
        1.70626781e-03, -1.58594643e-04,  3.41308033e-04,  1.56939035e-03,
        1.26875131e-05,  5.81206371e-05, -1.78715360e-05,  6.18393529e-04,
       -2.78839241e-06, -2.43113268e-05, -4.84816161e-05, -3.48827685e-04,
       -3.11418568e-02,  1.28918318e-02, -6.24436958e-03,  2.10319232e-03,
       -2.43418968e-03,  6.02700169e-03,  1.58337228e-03,  1.77711549e-03,
        6.90935577e-04, -1.12029748e-04, -4.82688742e-04, -2.01722139e-03,
       -9.41548526e-07, -3.81925802e-04, -1.41606548e-04,  6.08035037e-04,
       -9.65354071e-07,  9.04726082e-05, -5.20604035e-05, -1.33936055e-04,
       -1.95603169e-03, -2.22141995e-03,  2.86854202e-04,  1.73029243e-03,
       -9.81397784e-04,  1.82377815e-03,  1.61821521e-04, -5.95752823e-04,
       -4.78688933e-04,  4.80326283e-05,  5.57010708e-04,  5.09023481e-04,
       -8.96800032e-07, -1.00825833e-05, -1.85605224e-04, -5.05242262e-05,
        3.79900140e-07, -3.13934042e-05,  4.63697639e-05, -7.67587771e-05,
       -1.16429805e-04, -9.63096973e-04, -5.63462211e-04,  2.16268743e-04,
       -9.50298813e-05,  1.23644922e-03,  8.42611719e-05,  6.09844113e-04,
       -1.72541458e-04,  7.80638325e-06, -5.91707021e-06, -4.06374269e-04,
       -1.04689042e-06, -5.02453577e-05, -1.92240334e-05,  1.07903564e-04,
       -2.71825669e-08,  1.65855182e-05,  1.70130745e-05,  2.64234440e-05,
       -1.09196949e-04, -3.37527005e-04, -1.20062867e-04,  1.84083013e-04,
        6.33898991e-05,  2.24089121e-04,  8.70139521e-06,  1.49791506e-04,
       -5.61241530e-05, -5.21243976e-06, -6.36639558e-05,  1.14507670e-04,
        7.47708178e-08, -9.39865895e-06, -2.93009201e-05, -2.19754352e-05,
        1.18892031e-07,  3.47954262e-06, -4.83696643e-06, -2.79899643e-06,
       -5.04232152e-05, -4.92907464e-05,  2.87954962e-06,  3.66525591e-05,
        5.75801478e-05,  5.63651074e-05,  1.44467679e-05, -2.37005338e-06,
        2.12376460e-05, -2.73033432e-06, -6.40868705e-05, -9.35018657e-07,
       -7.71283820e-07, -1.48021053e-05, -7.11220712e-07, -7.54873180e-06,
        1.87579844e-07,  2.72092468e-06,  6.71782563e-06, -6.19990628e-06,
       -1.61339181e-05,  4.20294540e-06,  3.40601725e-06,  1.26267462e-05,
        9.19210868e-06, -7.48209755e-06,  1.31039746e-06,  8.69180539e-07,
        3.44697878e-06, -1.74112962e-07, -9.91066159e-06,  4.51407578e-06,
       -1.20721454e-08, -1.31139668e-06, -4.27409722e-06,  6.32569803e-08,
       -1.34574245e-08,  2.11138627e-07,  7.28376089e-07, -1.25576805e-06],      dtype=float64),
                   'Za_n': Array([ 6.88965740e-06, -3.10475675e-06,  4.28262957e-06, -1.94254426e-04,
       -2.00935244e-03, -1.94236829e-02, -1.76007167e-01, -1.48338844e+00],      dtype=float64),
                   'Zb_lmn': Array([-3.05394012e-08, -6.16440230e-10, -7.49578132e-09,  3.33702675e-08,
       -6.62745854e-09,  9.20473031e-09,  5.00177700e-08, -3.86465617e-08,
        6.67861106e-10,  1.70343581e-07, -4.52145851e-10, -8.54965817e-08,
       -1.12558827e-08, -1.66425389e-07, -1.75986651e-07,  4.10593569e-07,
       -6.28097362e-07,  1.01218931e-07, -1.08628045e-06,  3.12777741e-06,
        4.59345009e-06,  2.05370560e-06, -6.69419757e-07, -5.39479921e-07,
       -3.54043373e-06,  9.77583701e-08, -2.18333742e-07, -1.89804855e-05,
       -1.67276607e-05, -8.68004134e-06,  6.17852482e-05,  1.01276114e-04,
       -4.29943967e-05, -3.73029321e-05,  1.67758755e-06,  1.69259584e-07,
        2.79117757e-04, -3.15452043e-04, -4.79872518e-04,  1.13293351e-03,
        4.32647813e-04, -1.59281683e-04, -6.54114784e-05,  2.80661878e-06,
       -7.97767962e-07, -2.90634713e-04,  1.18983039e-02, -1.89418905e-02,
        9.51210003e-03,  3.01209056e-03, -1.32191518e-03, -5.76823543e-05,
        4.93742710e-07,  5.31329350e-07, -9.37985093e-02,  1.26103650e-01,
       -7.52166607e-02,  3.48062319e-03,  8.70209885e-03,  1.31960210e-03,
       -1.31999196e-04, -8.44289910e-06,  1.61386969e-06, -1.34618152e+00,
        5.07251117e-01, -6.00640909e-02,  9.49697571e-04, -3.03592457e-03,
       -1.08254563e-03, -1.10665301e-04,  4.20413498e-07, -2.93315065e-06,
        2.37015518e-06, -2.44435602e-05,  6.13273427e-04,  1.22496877e-03,
        9.77599991e-03,  2.18666094e-02, -2.85094641e-01, -2.13784315e+00,
       -2.11018435e-07,  8.77350041e-06, -2.97642528e-04,  4.10930774e-03,
        1.33423382e-02,  7.74996486e-02,  1.46641201e-01, -1.24326047e+00,
       -2.78839241e-06,  1.26875131e-05, -1.82905970e-04, -1.71450619e-04,
       -6.54361862e-03,  1.17109020e-02,  7.29366711e-02, -2.35174859e-01,
       -9.65354071e-07, -9.41548526e-07, -2.15571398e-05,  1.20144648e-03,
       -2.96893883e-03, -4.60886064e-03,  1.67676761e-02, -2.77396938e-02,
        3.79900140e-07, -8.96800032e-07,  1.66392241e-05,  1.51738938e-04,
       -3.78017313e-04, -4.94503845e-04,  3.46229022e-05, -7.54952421e-04,
       -2.71825669e-08, -1.04689042e-06,  2.43919015e-05,  3.40158142e-05,
       -8.39338770e-05,  2.71578688e-05, -1.06598578e-04,  3.52010439e-05,
        1.18892031e-07,  7.47708178e-08, -1.73289715e-06, -6.97263737e-07,
       -5.11102313e-06,  4.27718697e-07, -1.72921050e-06, -3.21352352e-06,
        1.87579844e-07, -7.71283820e-07, -9.40963079e-09, -3.55337373e-07,
        2.11102909e-07, -2.01724470e-07, -6.05639149e-08, -8.17418315e-08,
       -1.34574245e-08, -1.20721454e-08,  3.70256651e-08, -9.99218583e-10,
        9.82317966e-09,  1.10056177e-09, -2.08444139e-08,  3.06390232e-09],      dtype=float64),
                   'Zeff_l': Array([1.12104938, 0.42593458, 0.13164759, 0.05330528, 0.02380676],      dtype=float64),
                   'a_lmn': Array([], shape=(0,), dtype=float64),
                   'c_l': Array([0., 0., 0., 0., 0.], dtype=float64),
                   'i_l': Array([], shape=(0,), dtype=float64),
                   'ne_l': Array([ 2.13487014e+20, -6.05569701e-22, -4.74179069e-22, -3.48086552e-22,
       -2.77436572e-22, -3.86262456e+20], dtype=float64),
                   'ni_l': Array([], shape=(0,), dtype=float64),
                   'p_l': Array([], shape=(0,), dtype=float64)}],
               [ { 'G': Array([], shape=(0,), dtype=float64),
                   'I': Array([], shape=(0,), dtype=float64),
                   'L_lmn': Array([ 5.81280002e-06,  1.27658830e-06, -5.96287511e-06,  2.64493166e-06,
        1.11872811e-05, -1.00068133e-05, -1.55112371e-06, -4.70569878e-06,
        1.13642004e-07, -1.60894614e-05,  1.00252191e-05,  9.65889775e-06,
        6.40401578e-06,  3.18313020e-06, -5.25777011e-06,  6.53251762e-06,
        1.08411052e-05, -1.54163689e-06, -6.78214072e-06, -3.28882486e-06,
       -4.74539115e-06,  6.96511733e-06,  6.38935417e-06,  1.17949304e-06,
       -7.96872159e-07,  2.59361041e-05,  2.70327140e-05, -3.45025123e-05,
       -1.04971605e-05, -7.71452347e-05,  2.09723404e-05,  1.57960767e-05,
        5.20423790e-05, -5.65350089e-06,  5.27889461e-05, -2.87343426e-05,
       -3.52859204e-07, -1.72220742e-05, -2.84602012e-05,  2.24567099e-05,
        3.28371461e-05, -2.14065853e-05, -2.35336121e-05, -3.33086264e-05,
        1.32368392e-05,  1.67415104e-05,  9.05655167e-06, -6.17023556e-06,
       -1.26813607e-05, -1.15935555e-05, -1.20752512e-04, -2.16855273e-04,
        1.38717551e-04,  1.05378895e-04,  2.83683732e-04, -4.41476098e-05,
       -6.43092315e-05, -1.53996729e-04, -4.48264560e-05, -1.12540697e-04,
        2.78902926e-05, -3.76708630e-05,  6.15074426e-05,  5.40128191e-05,
       -1.46416730e-05, -4.13042958e-05,  5.19630130e-05,  4.10478764e-05,
        8.63480492e-05,  2.31113352e-05, -4.10655025e-05, -2.50265469e-05,
        4.90662456e-06,  1.81650857e-05,  1.20640329e-05, -6.00898141e-04,
       -3.02211824e-06,  4.63481992e-04, -8.01579216e-04, -2.78102594e-05,
        2.38170738e-04,  5.67394936e-05,  7.35673452e-04,  1.77216259e-04,
        1.46065113e-04, -1.60453019e-04, -7.50815626e-05,  7.43530226e-05,
       -6.67255597e-05, -1.00099298e-04,  4.56373112e-05, -6.47930732e-05,
       -4.72712136e-05, -1.51978692e-04,  1.62724040e-05,  2.32232817e-05,
       -3.41897289e-07,  4.26550853e-06, -1.14088038e-05, -4.66788909e-05,
        3.91951228e-03, -6.23369954e-04, -3.28129938e-03,  1.29773603e-03,
        1.06100945e-03, -1.34488574e-03, -3.40855964e-04, -4.86115538e-04,
        4.21880130e-05, -5.88755523e-04,  6.38084165e-04,  5.46116457e-04,
       -1.79115924e-04, -4.68339655e-04, -1.54457918e-05, -1.95913446e-04,
        3.05012502e-05, -2.15541158e-04, -4.95356239e-05,  7.97471284e-05,
        1.69704332e-04,  1.70525836e-04,  1.52505198e-04, -7.09649488e-06,
        4.92131194e-05, -3.77053282e-04,  1.22074355e-02,  5.76406324e-04,
       -8.03256913e-03, -9.37543118e-03,  4.01787360e-03,  1.27133033e-03,
        4.61591730e-03, -2.19538153e-03, -4.99509213e-04, -2.02521718e-03,
       -1.08347692e-03, -1.06188086e-03, -1.01256309e-03,  8.21846231e-04,
        1.00037074e-03,  6.46598009e-04, -1.31930747e-04,  1.60858234e-04,
       -3.12043965e-04,  4.83101014e-06, -4.34303929e-04, -1.39794333e-04,
       -2.44064652e-05, -1.37879785e-04,  3.14644713e-02, -5.53540010e-02,
       -1.89004288e-02,  2.08180583e-02,  4.19560535e-02, -8.17986593e-03,
       -7.38682051e-03, -1.43587546e-02,  8.42914433e-03, -9.17943351e-03,
        3.20394771e-03,  2.08305385e-03,  3.74144880e-03,  4.82803592e-03,
       -3.49490225e-03,  9.39908206e-04, -3.36319379e-03, -1.06220976e-03,
       -7.25806810e-05,  1.00736441e-04,  9.28804256e-04, -9.74198692e-05,
       -4.20924341e-04, -8.81827691e-06,  1.07420761e-05,  1.36525934e-01,
       -3.43177335e-02, -1.44449747e-01, -1.08812606e-02,  2.17917283e-03,
       -1.99815763e-03,  2.94023719e-02,  7.38912083e-04, -2.07446844e-02,
       -4.17853034e-02, -1.12099812e-02, -3.06271448e-03, -8.12325761e-03,
       -9.13282551e-03,  4.39034397e-03,  1.13235096e-03,  2.40223574e-02,
        7.12951867e-03,  3.30906403e-05,  1.30308277e-05,  3.73630373e-03,
        4.11443299e-04, -4.80830973e-04, -6.06413279e-05, -5.88015686e-05,
        1.60298275e-01, -7.43997478e-02,  1.94031302e-03,  2.61774200e-01,
       -3.74283575e-03,  4.47575415e-02, -4.17857915e-03, -1.13134585e-02,
       -9.75500322e-02, -1.35806015e-03, -1.36747816e-03, -3.00559079e-03,
       -3.15779024e-04, -1.12325684e-04, -3.69416941e-04, -1.81520639e-02,
       -6.22194958e-06, -2.01814146e-04, -1.09637713e-04, -1.86364325e-03,
       -2.02511248e-01, -1.53737919e-02, -2.75209407e-03,  5.25788896e-02,
        1.93995372e-02, -1.33085686e-02,  4.00437422e-03,  6.35219108e-03,
        5.97675097e-03, -9.96531964e-04, -4.16316726e-03,  1.04247597e-02,
        5.51981473e-04,  7.54530901e-04, -4.03421341e-03, -1.06839432e-02,
        2.67690506e-04,  1.05842980e-04,  1.00590335e-03,  2.70522663e-04,
        3.58321883e-02, -2.05314373e-02,  9.69989177e-03, -7.96539397e-03,
       -9.20109056e-03,  5.55445434e-03, -1.44043894e-03, -6.41841356e-03,
        1.17049617e-04, -1.11795195e-03,  4.61319841e-03, -3.19211367e-03,
       -3.11435039e-04, -2.77845339e-04,  1.29857849e-03,  2.39019984e-03,
       -4.88450604e-05, -1.56882292e-04, -2.82153396e-04,  1.09335556e-05,
       -1.43915713e-03,  6.90641255e-03, -4.99966467e-03, -8.50411320e-04,
        2.79640829e-03, -3.61183585e-03,  1.10121223e-03,  3.64694569e-03,
       -1.74649231e-04, -1.08111708e-03, -1.32560028e-03,  2.42638121e-05,
        2.95919600e-04, -3.72827762e-04, -5.40644104e-05, -2.97996465e-04,
        1.62471996e-04,  5.10421544e-05,  2.04798664e-04,  2.33184985e-04,
       -9.43873946e-05, -1.01324183e-03,  1.86636056e-03,  1.05940065e-03,
       -2.45808788e-04,  2.86186229e-04, -5.44075669e-04, -1.33419383e-03,
       -1.02496009e-03,  2.13925142e-04,  2.40853903e-04,  3.02515583e-04,
       -7.68207642e-05,  2.81219680e-05,  3.13580830e-04,  1.12507405e-04,
       -5.09799193e-05, -9.47490795e-06, -2.12869942e-04, -3.90204792e-04,
        9.13852106e-04,  5.10105621e-04, -3.00048982e-04, -1.48126548e-03,
       -1.54174988e-04, -2.00880551e-04,  8.10432932e-05,  1.51571289e-04,
        5.04552775e-04, -4.09341151e-05,  9.40033362e-05, -3.12547093e-04,
       -9.44696737e-06,  1.49416645e-04,  6.14800605e-05, -6.92590274e-05,
        4.81524302e-05,  2.17727497e-05,  7.92403685e-07,  1.81409431e-04,
       -1.18845365e-04, -5.63393749e-05, -4.55251234e-05,  3.68028238e-04,
        6.23115207e-05, -5.21878021e-05,  3.58284245e-05,  6.97935546e-05,
       -2.70437130e-04,  3.83003656e-05, -3.67305947e-05,  1.40052271e-04,
       -3.14052042e-05, -9.80062224e-05, -6.91341381e-05,  1.20802304e-05,
       -1.50353782e-05, -1.88840392e-05,  9.67234596e-06, -8.05131268e-05,
        4.44564179e-05, -3.03009531e-06, -8.01595306e-06, -8.18595307e-05,
        6.50149282e-07, -2.20003226e-06, -1.20186019e-07,  1.14869859e-05,
        3.99853088e-05, -3.21284360e-05, -1.35085547e-05, -2.27343674e-05,
       -1.42941344e-05,  3.13017700e-05,  1.91249646e-05, -1.14443197e-05,
        1.19120311e-05,  1.05307321e-05,  2.61381637e-06,  1.58406022e-05,
       -9.49046560e-06,  9.80380994e-06,  8.06874494e-07,  1.77875162e-05,
       -1.82138152e-06, -1.60659174e-05, -8.00067907e-06, -3.14654343e-06,
       -1.27200097e-05, -7.01825629e-06,  5.78681996e-06,  2.37380965e-06,
        2.84038686e-06,  2.41801272e-06, -1.33281597e-06, -2.72449453e-06,
        7.22267121e-07, -9.31178895e-07, -7.19545563e-06, -1.04098909e-05],      dtype=float64),
                   'Phi_mn': Array([], shape=(0,), dtype=float64),
                   'Psi': Array([50.20413129], dtype=float64),
                   'R_lmn': Array([-5.23656799e-06, -1.35121823e-05,  5.46838748e-07, -3.91984972e-06,
        2.06515159e-05,  1.14314539e-05,  9.64353576e-07,  1.26225200e-05,
        8.23168949e-06,  7.72046552e-07, -2.21023844e-05,  6.98730702e-06,
       -2.01436610e-08, -9.64797914e-07, -1.31302975e-05,  9.75021223e-07,
       -7.36358192e-09, -7.96130930e-07,  1.43359272e-06, -4.89477512e-06,
       -1.35310300e-04, -6.20586797e-06,  5.88554209e-06,  1.70415491e-04,
        1.97103815e-05,  1.74694011e-05, -1.56986625e-05, -1.64086894e-05,
       -1.13512661e-05, -1.09077016e-05, -3.84505697e-05, -1.24975949e-05,
       -4.48348087e-07,  1.63009361e-05,  1.07739086e-05, -2.34836770e-05,
        3.95592910e-08,  1.11994752e-05,  1.86370722e-05,  1.40760180e-06,
        1.65179982e-04, -4.72807954e-04, -1.65010767e-04, -1.17711782e-04,
        4.47107419e-05,  4.92561426e-04,  6.18660984e-05,  1.84281161e-04,
       -1.09009511e-04,  1.77728968e-05,  1.10635280e-05, -1.46615132e-05,
        1.76295799e-06, -6.12562918e-05, -1.02042022e-05,  6.67241850e-05,
       -2.62397635e-07, -9.93759371e-06, -5.77073756e-05, -9.29135740e-06,
        4.99833804e-04,  2.03074272e-04, -1.20664876e-04, -5.09779378e-04,
        1.39284251e-04, -3.31237723e-04, -5.69795706e-05, -1.40646878e-04,
        1.61319915e-04, -5.47778800e-06, -1.38499700e-04, -3.10159559e-06,
        1.41095229e-06,  1.12166682e-04, -2.64217095e-05, -6.90866081e-05,
        1.79961820e-07,  6.38890299e-06,  1.26657040e-04,  5.11001380e-05,
       -5.58889373e-03, -2.23044584e-03, -2.02239197e-04,  4.65528608e-03,
       -1.53426149e-03,  2.07067602e-03,  1.28376570e-03,  4.57682031e-04,
       -3.17790982e-04,  2.50304096e-05,  1.69711291e-04,  4.48104661e-04,
        6.57429840e-06, -4.07800681e-04, -2.16200854e-04,  1.36562116e-04,
        4.11316250e-07, -3.31139480e-05, -8.48892670e-06, -2.23738083e-04,
       -2.19293603e-02, -7.69112953e-03,  6.11870983e-03, -9.39328606e-04,
       -2.52949655e-04,  1.69034081e-02, -5.79413287e-04, -3.47615246e-03,
        4.89358196e-04, -1.64468121e-04, -2.86569433e-04, -1.88267534e-03,
        5.83648524e-07,  2.25176920e-04,  4.63525720e-04,  6.43434417e-04,
        7.85516721e-07,  8.89457187e-05, -5.91096765e-05, -6.22428819e-05,
       -2.85211567e-01,  1.41233529e-01, -1.18843648e-02, -8.08673754e-03,
        1.19664528e-03, -4.12087700e-03,  2.47021287e-03,  7.18227505e-04,
        1.08085433e-02,  6.77924862e-05, -1.46681689e-03,  8.89154843e-04,
       -4.52644125e-06,  3.48275536e-05, -8.57349020e-04, -1.93381601e-04,
        3.12576019e-07, -1.19032985e-04,  3.33829517e-04,  1.10591425e-04,
       -1.56088955e+00, -3.27804870e-02,  7.76688983e-02,  1.14785551e-01,
       -3.19046666e-03,  9.09074972e-02, -4.52216436e-03, -3.65583189e-04,
       -2.11803587e-02,  5.00071249e-04, -5.91670256e-04,  4.48019235e-03,
        3.76205481e-06,  1.64619598e-04, -2.27183011e-03,  1.73260349e-03,
        5.33933641e-07,  6.00147084e-05,  7.38447803e-05, -5.11359189e-04,
        1.01054663e+01,  1.61101121e+00, -3.03479974e-01,  3.75576880e-01,
        9.42057016e-02, -1.15829102e-02,  9.32466498e-02, -3.78040581e-02,
       -2.00552890e-02, -1.52112059e-02, -1.58101337e-02,  3.85975904e-04,
        1.02813596e-03, -8.94447543e-03, -1.35647629e-03, -7.09192650e-05,
        3.02425528e-03, -1.60515799e-03, -7.77987850e-04, -1.01392829e-05,
        2.13355606e-04, -7.78586100e-04, -3.69573502e-04, -1.20715805e-05,
       -1.37361371e-06,  1.89787716e+00, -7.70664327e-01,  7.40307625e-02,
        1.91927112e-02,  2.17734653e-03,  1.83338477e-02, -4.25882900e-02,
        2.74794749e-02, -1.51279391e-02,  9.70269138e-03,  5.49407046e-04,
       -3.88375500e-03,  5.17324780e-04,  2.00160959e-03,  4.79160304e-03,
       -2.04075082e-05, -5.27141389e-05,  7.73120463e-04,  1.11416859e-03,
       -1.86039886e-05, -8.33224163e-04, -2.36541670e-04,  3.03757479e-04,
        1.70353627e-04, -1.85142547e-06,  1.48246129e-01, -1.05688581e-01,
       -4.37736529e-02,  1.42533876e-01, -6.54021022e-02, -2.34170504e-02,
       -2.71349808e-03, -1.78606965e-03, -4.00209640e-04,  2.08967614e-02,
        8.34218142e-04,  1.33762891e-03, -2.00261161e-03,  3.04532079e-03,
       -3.64824452e-03,  2.72431778e-04, -7.07227861e-04, -1.91259557e-03,
       -1.54459485e-04, -1.77716764e-05,  4.65977052e-05, -3.30886220e-05,
        3.24226240e-04, -5.51736259e-05,  1.09196208e-06,  4.69578194e-03,
        9.14767171e-03, -1.00269899e-02,  3.42477278e-04, -1.71003626e-02,
        3.47846561e-03,  5.15125772e-03,  1.04720781e-02, -1.16042743e-03,
        2.05954107e-04, -5.86780039e-03, -7.37123906e-04, -2.61639360e-04,
       -2.19882187e-03,  3.76513804e-04,  2.19422326e-05,  5.53777038e-04,
        6.63892331e-04,  4.34191339e-04, -1.09118017e-06, -7.89895870e-05,
        3.81674981e-05, -8.03527981e-06, -3.68755910e-05,  1.32472812e-06,
        2.13820889e-03,  2.87180608e-03, -1.58196453e-03,  3.46105363e-04,
       -3.04609292e-03,  8.32687129e-05, -1.06544329e-03,  3.23012932e-06,
       -1.37643287e-03, -1.37372406e-04, -6.87234069e-04,  1.23720159e-03,
        5.44553488e-04,  5.16982960e-04, -8.24553214e-05,  4.20615841e-05,
        1.90535758e-05, -1.88339687e-04, -3.36982604e-04,  2.51667473e-06,
       -1.24041012e-04, -6.42612431e-05,  4.19379054e-05, -1.85178605e-05,
        1.48360610e-06, -1.19223261e-04,  1.98915403e-03,  8.56486984e-05,
        1.39095802e-03, -2.05122561e-03, -2.32939349e-04,  1.22649049e-04,
       -1.86454728e-03,  1.89723735e-04,  3.69910110e-04, -1.42942057e-04,
       -8.50229104e-05, -1.59336687e-04,  4.65498621e-04, -1.99883048e-04,
        4.69146345e-06, -1.95087069e-04,  4.33838228e-05,  1.43578352e-04,
        3.38193793e-06,  6.61576808e-05,  1.55594934e-05,  9.92154647e-05,
        1.51813868e-05, -7.05269840e-07,  1.07936275e-04,  7.44094881e-05,
       -1.12644731e-04, -3.38017545e-04, -7.10315033e-05, -1.93444387e-04,
       -5.78937136e-05,  4.91322173e-04, -1.18055307e-05, -6.66811864e-05,
        1.98935164e-04,  6.06142349e-05,  8.95081948e-05, -1.56917523e-04,
        5.92038390e-05,  3.44528960e-05,  6.26577774e-05, -7.78330358e-06,
       -5.73349655e-05, -6.23305555e-08, -2.49387741e-05, -1.87526990e-06,
       -4.13249987e-05, -2.34937746e-05, -3.01173574e-08, -4.67720113e-05,
       -1.59219359e-04,  5.84906955e-05, -5.27315480e-06,  1.27100411e-04,
        3.05349771e-05,  2.77294969e-05, -1.51208200e-05,  1.69002522e-05,
        3.12769427e-05, -5.06915907e-05, -1.21039102e-05, -5.38934969e-05,
        2.65759985e-05, -2.98798413e-05, -1.57376296e-05,  8.29694266e-07,
        2.01140341e-05,  1.17377250e-05,  3.97484912e-07,  1.46522107e-05,
       -6.16774336e-06,  1.32425289e-05,  1.61730944e-05, -4.36903764e-07,
       -8.05320961e-06,  6.21453510e-06, -8.33496254e-06, -3.34244988e-06,
       -1.07931205e-05,  8.12106660e-06,  1.71070682e-05,  1.61559709e-07,
        1.98343942e-05,  2.40618076e-06,  3.17547553e-06, -3.86849940e-07,
        4.36872774e-06,  7.07556383e-06, -2.36488929e-05,  2.22149875e-06,
        2.15571925e-06, -1.12716037e-05,  4.11695240e-07, -2.31279196e-08,
       -5.07242425e-06, -3.90000228e-06,  3.79991188e-06, -2.16362772e-06,
       -5.00079178e-08], dtype=float64),
                   'Ra_n': Array([ 1.05013781e+01,  1.77990756e+00,  1.91355493e-01,  2.00566793e-02,
        1.98613564e-03,  1.43271457e-04,  4.82403241e-05, -8.98750246e-06,
        7.94766910e-06], dtype=float64),
                   'Rb_lmn': Array([-7.36358192e-09, -2.01436610e-08, -2.40843781e-08, -4.44338448e-10,
       -1.72757938e-08,  3.90612572e-08,  1.18035005e-08,  5.02929924e-08,
        3.95592910e-08, -4.48348087e-07,  2.91773553e-07,  6.02273595e-07,
       -1.03115983e-07,  2.50761260e-07,  1.73539979e-07,  2.70248261e-07,
       -2.62397635e-07,  1.76295799e-06,  7.83530309e-06,  6.09806606e-07,
       -1.93310568e-06,  9.06619118e-06, -4.19939872e-06,  5.18287353e-06,
        1.79961820e-07,  1.41095229e-06,  9.11114993e-07,  5.51871113e-05,
        1.27441591e-04, -2.87733464e-04, -8.01649081e-05,  8.22877329e-05,
        4.11316250e-07,  6.57429840e-06, -8.08353841e-06,  8.75965019e-04,
       -1.37303912e-03,  3.92419805e-05,  6.45967514e-05, -1.11483652e-03,
        7.85516721e-07,  5.83648524e-07, -7.55224021e-05, -3.54236367e-04,
       -5.98628764e-04,  3.10608309e-03,  7.26736039e-03, -2.17358963e-02,
        3.12576019e-07, -4.52644125e-06, -5.12404985e-05,  2.50504042e-03,
        6.36579081e-05, -1.20234863e-02,  1.38112398e-01, -2.82683143e-01,
        5.33933641e-07,  3.76205481e-06,  5.60085958e-04, -4.35754476e-03,
       -3.70829214e-03,  7.50314850e-02,  6.20958433e-02, -1.46555176e+00,
        9.89647447e+00,  1.69302996e+00,  3.28049761e-01, -2.89982020e-02,
       -2.17813388e-02, -3.92011946e-04, -8.29908455e-05, -1.01392829e-05,
       -1.37361371e-06,  1.92900374e+00, -7.58837003e-01,  4.84372541e-02,
        1.96563752e-02, -1.00325786e-02, -2.76958641e-03,  1.49946119e-04,
       -1.86039886e-05, -1.85142547e-06,  9.98029645e-02, -1.50901150e-01,
        1.43760039e-01, -2.44954278e-02, -3.72422792e-03,  1.18316943e-03,
        2.17258152e-04, -1.77716764e-05,  1.09196208e-06, -5.20579198e-04,
       -7.19295973e-03,  8.65390103e-03, -1.72544245e-03, -7.91948907e-04,
       -3.02932567e-04, -1.49333584e-05, -1.09118017e-06,  1.32472812e-06,
       -8.86864553e-05, -2.92605669e-04,  8.02057209e-04, -7.92305042e-04,
       -1.41695028e-03,  9.00218985e-04,  2.35437236e-05,  2.51667473e-06,
        1.48360610e-06, -4.10451986e-06,  1.12751455e-04,  7.46886123e-06,
       -3.32497583e-04,  8.90561516e-05,  5.85554415e-05,  1.98728503e-05,
        3.38193793e-06, -7.05269840e-07,  1.96725151e-06, -6.45424299e-07,
       -5.48816527e-06, -2.29252672e-06,  6.07330962e-06,  3.27926937e-06,
        1.09591214e-05, -6.23305555e-08, -3.01173574e-08,  2.06894914e-07,
       -1.23118783e-08,  1.42802785e-08, -4.25795169e-08,  2.62939756e-07,
       -3.66185193e-07,  4.35464864e-07,  3.97484912e-07, -4.36903764e-07,
        1.51994928e-08, -1.66853412e-08, -5.32862302e-09,  2.49384079e-08,
       -1.45868349e-08,  2.48452998e-08,  5.78710267e-08, -2.31279196e-08,
       -5.00079178e-08], dtype=float64),
                   'Te_l': Array([  4086.29695849, -10626.63610742,  -1602.94165212,  -1163.91917202,
         -271.26354135], dtype=float64),
                   'Ti_l': Array([  3383.31043143, -10810.8413507 ,  -1403.47385032,   -923.92584925,
         -344.45906655], dtype=float64),
                   'Z_lmn': Array([ 5.79777832e-06, -1.44124552e-06, -4.06211273e-06, -1.65578973e-06,
        1.18239754e-05, -1.26176414e-05, -3.62698057e-06,  4.61956348e-06,
       -8.76332561e-06, -4.18861320e-06,  1.08195590e-05,  4.98565702e-07,
        4.90865754e-07, -3.05321094e-06,  1.16479471e-05, -8.81536447e-07,
       -6.19473308e-06,  1.83145273e-06, -4.89360972e-07, -3.86465617e-08,
        1.36990983e-06,  8.19414078e-08, -2.89124894e-06,  9.31554217e-07,
        6.67861106e-10,  2.45793960e-05,  7.10509620e-05, -2.71161950e-06,
        2.13401412e-05, -4.98909249e-05, -1.06528232e-05, -3.07101294e-05,
       -4.58218581e-06, -5.74213163e-05, -3.06444722e-05,  9.27997464e-06,
       -1.44798256e-05,  3.92897979e-06, -2.78662735e-05,  6.07522865e-05,
        4.43677428e-06,  9.48398295e-06,  1.36159264e-06,  1.43038389e-05,
       -6.28097362e-07,  5.08371675e-06,  1.10228215e-05, -3.49739560e-06,
       -4.02618071e-06,  1.01218931e-07,  1.10197930e-04,  1.71642146e-04,
       -6.75709534e-05,  3.52738004e-04, -1.07260103e-04,  1.31152145e-04,
       -9.13834402e-05, -3.62695121e-04,  7.90541922e-06, -1.73140088e-05,
       -1.24887909e-04, -3.80775921e-06,  6.44185382e-05,  1.72377424e-05,
       -6.31114019e-06,  7.82793178e-06, -4.36985539e-05, -4.37338103e-06,
        3.58189711e-06,  9.77583701e-08, -1.67258973e-05, -2.72004613e-06,
       -2.24666070e-06, -1.17396821e-05, -2.18333742e-07, -2.19635154e-04,
       -4.77295924e-04,  8.12854510e-05, -1.25700542e-04,  6.57120648e-04,
        7.26700293e-04,  9.79258482e-05,  7.73692184e-05,  1.41818321e-04,
       -2.23346885e-04, -6.24060787e-04, -9.53089796e-05,  8.13173589e-06,
        8.46536965e-07, -4.31099185e-05, -2.13246192e-05,  2.66001754e-05,
       -4.09159451e-05,  5.20042853e-05,  1.67758755e-06,  1.31850154e-05,
        3.88722921e-05,  2.61072287e-06, -1.56157880e-05,  1.69259584e-07,
       -1.18356995e-03, -9.30132849e-03,  1.21941023e-03, -1.34982242e-03,
        7.81548139e-03, -6.75235399e-05,  3.48071850e-04,  1.36111915e-03,
        6.64283950e-04,  9.49989008e-04,  1.18118445e-03, -1.23237003e-04,
       -8.48161910e-05, -4.40478666e-04, -1.73094832e-04, -6.70722446e-05,
        2.20424330e-04,  1.88279366e-05, -3.50974839e-05,  2.80661878e-06,
       -1.96999348e-05, -5.06989269e-05, -5.86680834e-05,  1.25514351e-06,
       -7.97767962e-07, -1.25002885e-02, -4.09716580e-03,  9.43204214e-03,
       -2.13669270e-02,  1.79901584e-02,  8.20615293e-03,  2.50165316e-03,
        6.12395400e-04,  3.25887423e-03, -1.85552276e-03,  1.06305719e-03,
       -1.46064248e-03,  9.93370152e-05,  1.77236514e-03, -2.91144528e-04,
       -7.10597195e-05, -1.37853101e-04,  2.44317755e-04,  1.37084227e-04,
        4.93742710e-07,  1.76177518e-04,  3.98267008e-05,  4.46154612e-05,
        1.39089768e-05,  5.31329350e-07, -1.29311690e-01,  5.06836739e-02,
        3.91827255e-02, -5.91656989e-02,  8.12293408e-02, -8.47914121e-03,
       -5.28090933e-03, -1.51067769e-02,  7.34673004e-03, -5.48887462e-03,
        1.15564299e-02,  1.45136455e-03,  1.70940127e-03, -1.00422979e-03,
        1.47133359e-03, -1.76601738e-04, -3.21867994e-04,  4.02033093e-04,
       -1.29612701e-04, -8.44289910e-06, -9.76888892e-05,  6.07310038e-05,
       -1.16054654e-04,  4.57607194e-05,  1.61386969e-06, -1.43295396e+00,
        3.49230294e-01,  6.41979735e-02, -6.70112231e-02,  2.03185991e-01,
        9.01324504e-03,  1.76611503e-02,  1.21790656e-02, -5.78071424e-03,
       -4.55660709e-02, -8.23641345e-03, -4.70514664e-04,  3.98642972e-03,
       -5.27131012e-03,  3.10035296e-03, -1.77346886e-04,  4.00724049e-04,
        1.70187388e-04, -6.17172704e-04,  4.20413498e-07,  9.26380234e-04,
        3.88972922e-05, -3.52256169e-04,  6.79661019e-05, -2.93315065e-06,
       -2.17262088e+00, -3.49601958e-01,  1.62188948e-02,  5.40154597e-02,
        8.30346212e-03,  4.94444613e-02,  9.35617778e-04,  4.74301901e-03,
       -1.80798963e-02,  6.33574185e-04,  1.04934488e-03,  1.40417288e-02,
       -2.44435602e-05,  3.11271698e-04,  9.10791104e-04, -1.21073858e-03,
        2.37015518e-06, -2.29179889e-05,  4.21566348e-04,  1.01544752e-03,
       -1.24915310e+00,  1.12082607e-01,  6.54455304e-02, -6.25358580e-03,
        2.06083824e-02,  3.12284328e-02,  4.53797793e-03,  1.24350159e-02,
        1.13188081e-02, -2.40347408e-04, -7.14680317e-03,  3.10675869e-03,
        8.77350041e-06, -4.27950624e-04, -3.90631246e-04,  8.31409595e-04,
       -2.11018435e-07, -5.13478661e-05, -1.17013371e-04,  2.34029972e-04,
       -2.40212612e-01,  5.85670009e-02,  2.19751068e-02,  3.18273879e-03,
       -6.82860065e-03,  1.28070798e-02, -2.55104804e-04, -1.02835034e-02,
        1.09423384e-03, -1.61212375e-04,  3.27009383e-04,  1.99706648e-03,
        1.26875131e-05,  8.49431402e-05,  2.00730491e-05,  7.59885140e-04,
       -2.78839241e-06, -2.27456476e-05, -4.24902123e-05, -4.32812825e-04,
       -3.09009785e-02,  1.24289608e-02, -6.70034513e-03,  2.08592005e-03,
       -2.45490936e-03,  6.57783291e-03,  1.59324849e-03,  2.30566673e-03,
        3.28719764e-04, -1.15299213e-04, -4.54102450e-04, -2.07157006e-03,
       -9.41548526e-07, -3.92952464e-04, -2.14107049e-04,  7.47075526e-04,
       -9.65354071e-07,  9.40168024e-05, -5.92739617e-05, -1.68413590e-04,
       -2.02556385e-03, -2.45078102e-03,  2.51677608e-04,  1.88954626e-03,
       -1.00854300e-03,  2.01639595e-03,  1.59860343e-04, -5.45067468e-04,
       -5.88408921e-04,  4.29164789e-05,  5.82616250e-04,  5.49555947e-04,
       -8.96800032e-07, -7.23198092e-06, -2.01076628e-04, -3.07464680e-05,
        3.79900140e-07, -2.62450814e-05,  4.73161709e-05, -8.02142588e-05,
       -2.55156304e-04, -9.40274714e-04, -6.23684357e-04,  3.44663956e-04,
       -8.76751619e-05,  1.21737205e-03,  9.47145771e-05,  6.59685222e-04,
       -1.71996619e-04,  5.09978559e-06, -7.62229698e-06, -4.03443224e-04,
       -1.04689042e-06, -6.11285168e-05, -8.78929980e-06,  1.17677893e-04,
       -2.71825669e-08,  1.97379629e-05,  1.17043217e-05,  1.96121904e-05,
       -1.32212820e-04, -3.47741486e-04, -1.28423585e-04,  2.19987018e-04,
        6.87706445e-05,  2.30003992e-04,  1.11675133e-05,  1.64187885e-04,
       -7.07327303e-05, -7.66703957e-06, -6.81991460e-05,  1.21951369e-04,
        7.47708178e-08, -1.16714097e-05, -3.54147974e-05, -2.02104275e-05,
        1.18892031e-07,  5.51476384e-06, -5.68075605e-06, -5.87134610e-06,
       -5.50383763e-05, -6.05546082e-05, -5.91998351e-06,  4.54677088e-05,
        5.54873287e-05,  6.87481328e-05,  1.04307484e-05,  9.58165748e-06,
        2.07146195e-05, -2.28206446e-06, -5.98432449e-05, -2.31436968e-06,
       -7.71283820e-07, -1.07860858e-05, -3.86339844e-06, -1.12256938e-05,
        1.87579844e-07,  2.27265482e-06,  4.56701912e-06, -5.93971877e-06,
       -1.77513939e-05,  2.36667755e-06,  1.12061178e-06,  1.55626418e-05,
        8.79363380e-06, -7.49912762e-06,  6.43410970e-07,  3.13782584e-06,
        2.62275650e-06, -1.92828671e-08, -9.95712935e-06,  6.31177728e-06,
       -1.20721454e-08, -6.44410188e-07, -4.25733706e-06, -4.30940521e-07,
       -1.34574245e-08,  5.63085322e-08,  1.17331873e-06, -1.20017163e-06],      dtype=float64),
                   'Za_n': Array([ 7.11195456e-06, -2.26437700e-06,  5.24100780e-06, -1.97941477e-04,
       -1.98979208e-03, -1.93538370e-02, -1.75582415e-01, -1.48255083e+00],      dtype=float64),
                   'Zb_lmn': Array([-3.05394012e-08, -6.16440230e-10, -7.49578132e-09,  3.33702675e-08,
       -6.62745854e-09,  9.20473031e-09,  5.00177700e-08, -3.86465617e-08,
        6.67861106e-10,  1.70343581e-07, -4.52145851e-10, -8.54965817e-08,
       -1.12558827e-08, -1.66425389e-07, -1.75986651e-07,  4.10593569e-07,
       -6.28097362e-07,  1.01218931e-07, -1.06382266e-06,  3.36948072e-06,
        4.56057982e-06,  1.89085544e-06, -6.52381672e-07, -2.25862103e-07,
       -3.91175037e-06,  9.77583701e-08, -2.18333742e-07, -1.91071035e-05,
       -1.69219854e-05, -8.61249432e-06,  6.17235614e-05,  1.01319126e-04,
       -4.33046943e-05, -3.69404072e-05,  1.67758755e-06,  1.69259584e-07,
        2.79396002e-04, -3.15433768e-04, -4.79880864e-04,  1.13248884e-03,
        4.32521035e-04, -1.58334487e-04, -6.58171011e-05,  2.80661878e-06,
       -7.97767962e-07, -2.91078696e-04,  1.18996168e-02, -1.89423397e-02,
        9.51352787e-03,  3.01234516e-03, -1.32355826e-03, -5.71507427e-05,
        4.93742710e-07,  5.31329350e-07, -9.37981610e-02,  1.26102272e-01,
       -7.52159746e-02,  3.47932175e-03,  8.70200897e-03,  1.32175184e-03,
       -1.30841019e-04, -8.44289910e-06,  1.61386969e-06, -1.34618202e+00,
        5.07250938e-01, -6.00645704e-02,  9.47018971e-04, -3.03261745e-03,
       -1.08768737e-03, -1.09380784e-04,  4.20413498e-07, -2.93315065e-06,
        2.37015518e-06, -2.44435602e-05,  6.10656196e-04,  1.24688948e-03,
        9.77437335e-03,  2.18727049e-02, -2.85100321e-01, -2.13789606e+00,
       -2.11018435e-07,  8.77350041e-06, -2.91695274e-04,  4.11002730e-03,
        1.33445658e-02,  7.74899151e-02,  1.46651829e-01, -1.24325646e+00,
       -2.78839241e-06,  1.26875131e-05, -1.83958023e-04, -1.70161664e-04,
       -6.54408148e-03,  1.17116764e-02,  7.29383343e-02, -2.35175755e-01,
       -9.65354071e-07, -9.41548526e-07, -2.12824109e-05,  1.20029603e-03,
       -2.96828578e-03, -4.60878546e-03,  1.67668100e-02, -2.77392632e-02,
        3.79900140e-07, -8.96800032e-07,  1.66713975e-05,  1.52628362e-04,
       -3.78610579e-04, -4.94466488e-04,  3.49566155e-05, -7.55172978e-04,
       -2.71825669e-08, -1.04689042e-06,  2.48377484e-05,  3.35860603e-05,
       -8.35931371e-05,  2.72115652e-05, -1.06733698e-04,  3.51889255e-05,
        1.18892031e-07,  7.47708178e-08, -2.15227573e-06, -5.03896354e-07,
       -5.10925758e-06,  3.49502933e-07, -1.65747171e-06, -3.16895921e-06,
        1.87579844e-07, -7.71283820e-07, -9.40963079e-09, -3.55337373e-07,
        2.11102909e-07, -2.01724470e-07, -6.05639149e-08, -8.17418315e-08,
       -1.34574245e-08, -1.20721454e-08,  3.70256651e-08, -9.99218583e-10,
        9.82317966e-09,  1.10056177e-09, -2.08444139e-08,  3.06390232e-09],      dtype=float64),
                   'Zeff_l': Array([1.10842791, 0.41037658, 0.12778054, 0.05382143, 0.02556547],      dtype=float64),
                   'a_lmn': Array([], shape=(0,), dtype=float64),
                   'c_l': Array([0., 0., 0., 0., 0.], dtype=float64),
                   'i_l': Array([], shape=(0,), dtype=float64),
                   'ne_l': Array([ 2.12990021e+20, -6.37079597e-22, -5.09430801e-22, -3.84175940e-22,
       -3.15327193e-22, -3.86819790e+20], dtype=float64),
                   'ni_l': Array([], shape=(0,), dtype=float64),
                   'p_l': Array([], shape=(0,), dtype=float64)}],
               [ { 'G': Array([], shape=(0,), dtype=float64),
                   'I': Array([], shape=(0,), dtype=float64),
                   'L_lmn': Array([ 1.20122941e-05,  1.18750915e-06, -1.40923495e-05,  1.31439930e-07,
        1.47636623e-05, -1.00281566e-05, -6.88919267e-07, -1.10447721e-06,
       -1.66169344e-06, -1.92591992e-05,  7.96728312e-06,  1.04590709e-05,
        7.12209187e-06,  6.59711465e-07, -5.01006124e-06,  8.26603012e-06,
        1.31166655e-05,  2.84657394e-06, -3.85614390e-06, -3.43206287e-06,
       -5.25628229e-06,  7.08256549e-06,  5.74757642e-06,  1.88131201e-06,
        3.16657736e-07, -4.18766505e-06,  7.36629532e-06,  1.11602905e-05,
       -1.42823733e-05, -7.32898373e-05,  2.87980553e-05,  3.30861956e-06,
        5.39068876e-05,  1.01927977e-06,  7.58743269e-05, -4.02512880e-05,
       -3.55115015e-06, -1.86061150e-05, -2.29552411e-05,  1.13807711e-05,
        3.77841790e-05, -3.26399462e-05, -2.29649760e-05, -3.65435483e-05,
        1.06369538e-05,  2.08858562e-05,  1.00886932e-05, -8.91391336e-06,
       -1.47680784e-05, -1.26211058e-05, -7.37110908e-05, -1.39028468e-04,
        7.01897940e-05,  1.26184012e-04,  2.42330190e-04, -7.49252346e-05,
       -2.83617581e-05, -1.89031136e-04, -6.33261233e-05, -1.56910874e-04,
        6.83703926e-05, -2.85003414e-05,  3.79303188e-05,  6.97536681e-05,
       -4.32019761e-06, -5.42720209e-05,  7.15819312e-05,  2.52256958e-05,
        8.85640568e-05,  3.16158013e-05, -3.85768661e-05, -2.71812381e-05,
        7.42064805e-06,  2.24610599e-05,  1.69330649e-05, -5.27271759e-04,
       -1.22345560e-04,  3.31593824e-04, -8.54806445e-04,  1.07470060e-04,
        3.73835568e-04,  1.22047634e-04,  8.01186116e-04,  1.58892600e-04,
        1.16049123e-04, -3.13514208e-04, -6.36535096e-05,  6.35668461e-05,
       -8.72369125e-05, -4.53637016e-05,  4.91915842e-05, -3.33047314e-05,
       -2.02824163e-05, -1.72876104e-04,  3.54789186e-06,  1.65300056e-05,
       -1.07463232e-05, -2.31263519e-05, -1.82989038e-05, -5.15358378e-05,
        5.24519301e-03, -1.44547860e-03, -4.48078118e-03,  1.60481553e-03,
        2.04399622e-03, -1.64371137e-03, -4.96031706e-04, -7.23924610e-04,
        2.06140370e-04, -7.99255791e-04,  8.14535300e-04,  5.58257797e-04,
       -1.10801339e-04, -5.26153587e-04, -1.44530156e-04, -1.81273495e-04,
        5.68821573e-06, -2.52237210e-04, -1.54825708e-05,  9.80397129e-05,
        2.21705543e-04,  2.38507392e-04,  1.96288341e-04,  6.01531271e-06,
        5.23196288e-05, -2.56573451e-03,  1.32174135e-02,  2.51562041e-03,
       -7.74531107e-03, -1.02256015e-02,  4.10678960e-03,  1.59784546e-03,
        3.98252787e-03, -2.67081296e-03, -4.39214294e-04, -1.79758525e-03,
       -1.09980900e-03, -1.20855484e-03, -7.51014385e-04,  9.75941652e-04,
        1.03648123e-03,  7.53745580e-04, -2.97554591e-04,  1.45770223e-04,
       -3.34272782e-04,  1.11942774e-05, -6.35198965e-04, -1.96911455e-04,
       -3.91073818e-05, -1.47735046e-04,  2.29895527e-02, -5.43716317e-02,
       -1.03961618e-02,  1.96827605e-02,  3.94409658e-02, -7.41953378e-03,
       -7.56554567e-03, -1.32482220e-02,  9.33428274e-03, -7.62515508e-03,
        2.89850428e-03,  2.27221174e-03,  3.68277146e-03,  5.20331041e-03,
       -3.76207094e-03,  9.86358744e-04, -3.70981945e-03, -7.67778461e-04,
       -9.52480851e-05,  1.08480457e-04,  1.18020753e-03,  7.03946155e-05,
       -4.15381972e-04, -1.60896958e-05,  1.19856937e-05,  1.55692668e-01,
       -3.98543521e-02, -1.65669053e-01, -8.32787337e-03,  1.11738240e-02,
       -3.71712271e-03,  3.07462894e-02, -1.73901551e-03, -2.10730133e-02,
       -4.88857992e-02, -1.17200379e-02, -2.99038115e-03, -8.39275176e-03,
       -1.06709500e-02,  4.61830770e-03,  1.10801750e-03,  2.63421550e-02,
        7.33015350e-03,  5.15774281e-05, -5.83714490e-06,  4.11943419e-03,
        5.35310766e-04, -5.22760433e-04, -6.09255705e-05, -6.31870869e-05,
        1.57070264e-01, -7.20082600e-02,  3.35700982e-03,  2.84226961e-01,
       -3.71654691e-03,  4.69532825e-02, -4.10516648e-03, -1.25101189e-02,
       -1.03419618e-01, -1.31682962e-03, -1.47815917e-03, -3.24867001e-03,
       -3.08673202e-04, -1.67717230e-04, -1.99228486e-04, -2.01465759e-02,
       -9.29018478e-06, -2.10845856e-04, -1.18258873e-04, -2.21271425e-03,
       -2.00800471e-01, -1.69250991e-02, -2.30609858e-03,  5.46970986e-02,
        1.92930566e-02, -1.32049940e-02,  3.62801010e-03,  6.69861421e-03,
        5.38152574e-03, -1.07934908e-03, -4.39826769e-03,  1.07647992e-02,
        5.72767877e-04,  8.31432682e-04, -4.35693722e-03, -1.13968168e-02,
        2.84013075e-04,  1.25150222e-04,  1.06441774e-03,  3.32644813e-04,
        3.28506955e-02, -1.97295211e-02,  9.01420017e-03, -4.23982142e-03,
       -1.00658378e-02,  4.08818609e-03, -1.58906683e-03, -6.22922417e-03,
       -1.15126335e-03, -1.08197565e-03,  5.04634981e-03, -2.91769845e-03,
       -2.98085173e-04, -2.31311987e-04,  1.12569483e-03,  2.93429071e-03,
       -5.16470145e-05, -1.78305260e-04, -3.10216284e-04, -6.10371080e-05,
       -2.05327292e-03,  7.09848688e-03, -5.28231254e-03, -5.78816331e-04,
        3.31834982e-03, -3.71647569e-03,  1.13528063e-03,  3.71984964e-03,
        1.41999309e-04, -1.12153795e-03, -1.56305278e-03,  2.94280147e-05,
        3.10342924e-04, -4.06947238e-04,  7.50067553e-05, -5.92412110e-04,
        1.73374405e-04,  5.87823423e-05,  2.74343578e-04,  2.68825271e-04,
        6.28607268e-04, -1.67766535e-03,  2.31970948e-03,  2.06843848e-04,
       -4.33555086e-04,  1.03637302e-03, -5.76154786e-04, -1.71619841e-03,
       -8.46925185e-04,  2.06283109e-04,  3.72870696e-04,  1.80927418e-04,
       -8.79860198e-05,  4.90431693e-06,  4.09672237e-04,  5.47787698e-05,
       -5.23847401e-05, -1.41911555e-05, -2.79162167e-04, -4.08253897e-04,
        3.69881512e-04,  7.71397014e-04, -4.89959603e-04, -8.51374763e-04,
       -1.25365772e-04, -5.45769968e-04,  7.49571264e-05,  3.47042682e-04,
        3.95341067e-04, -4.29702980e-05,  3.11396068e-05, -2.04398795e-04,
        8.60899707e-07,  1.68888270e-04,  2.41842816e-05, -7.02089814e-05,
        5.29175967e-05,  2.59003228e-05,  2.45027694e-05,  1.92755421e-04,
       -5.69978483e-05, -4.79484144e-05, -2.03284935e-05,  3.77570859e-04,
        7.90726167e-05, -7.72266146e-05,  2.93615884e-05,  4.52758091e-05,
       -3.56381500e-04,  5.02844923e-05, -4.61227663e-05,  1.63438890e-04,
       -4.06973962e-05, -1.04491583e-04, -6.36055525e-05,  3.31560315e-05,
       -1.97955845e-05, -2.21030435e-05,  2.12355244e-06, -1.11907560e-04,
        3.90255912e-05, -2.01570591e-05, -1.94159916e-05, -8.00042406e-05,
       -6.59279182e-06,  1.63686931e-05,  9.54703403e-07,  1.79882671e-05,
        4.13892477e-05, -3.68306971e-05, -2.24895441e-06, -2.55567156e-05,
       -1.00901754e-05,  3.63087312e-05,  2.56563763e-05, -1.09160771e-05,
        1.33390394e-05,  1.31585198e-05,  5.58625950e-06,  1.67212085e-05,
       -8.81700843e-06,  9.11118669e-06,  2.70363760e-06,  1.48729382e-05,
        1.58101477e-06, -1.23059066e-05, -8.56051994e-06, -3.24392296e-06,
       -1.05054883e-05, -8.96175216e-06,  3.37367263e-06, -3.47555506e-07,
        2.63712174e-06, -5.88054354e-07, -3.84161916e-06, -2.12572050e-06,
       -5.41424323e-07, -1.38554314e-06, -6.62868799e-06, -1.05651062e-05],      dtype=float64),
                   'Phi_mn': Array([], shape=(0,), dtype=float64),
                   'Psi': Array([50.20413129], dtype=float64),
                   'R_lmn': Array([-1.04478254e-05, -2.15169181e-05,  6.98839795e-06,  3.11092562e-06,
        2.83596599e-05,  2.02754494e-05,  3.17324749e-07,  2.47144346e-06,
        4.96627142e-06,  1.59037425e-06, -2.76461679e-05,  7.63595303e-06,
       -2.01436610e-08, -3.17769087e-07, -9.42078016e-06,  2.42092131e-06,
       -7.36358192e-09, -1.61445863e-06, -7.30767745e-07, -6.38268078e-06,
       -9.81262603e-05,  3.75137582e-05, -1.15473954e-05,  1.25839330e-04,
        2.34300359e-05, -6.23577998e-05, -2.49620793e-05,  1.17209944e-05,
       -2.34768517e-06, -9.70748906e-06, -4.76105793e-05,  2.15523987e-05,
       -4.48348087e-07,  2.55643529e-05,  7.71621923e-08, -2.50951359e-05,
        3.95592910e-08,  9.99926261e-06,  2.40774275e-05,  3.46518289e-06,
        1.22022295e-04, -5.38218104e-04, -1.55678596e-04, -3.80837432e-05,
        3.70886895e-05,  5.25276665e-04,  8.03550251e-05,  1.88281776e-04,
       -1.47278308e-04,  2.09270205e-05,  2.11084024e-05,  1.72093661e-05,
        1.76295799e-06, -7.99727707e-05, -2.29098868e-05,  6.91630579e-05,
       -2.62397635e-07, -1.27685668e-05, -6.04897997e-05, -9.45583443e-06,
        8.96633102e-04,  1.62769981e-04,  1.47162780e-05, -8.66498569e-04,
        3.81095830e-05, -1.64207397e-04, -6.51225660e-05, -3.49509003e-04,
        1.10158957e-04, -1.81452311e-05, -3.49300175e-05, -1.34819130e-04,
        1.41095229e-06,  1.18633050e-04,  4.69432937e-05, -5.88784489e-05,
        1.79961820e-07,  1.65430425e-05,  1.25843036e-04,  5.78130167e-05,
       -7.52098858e-03, -1.54734768e-03, -3.31075079e-04,  6.31882975e-03,
       -1.47684470e-03,  1.45175601e-03,  1.31072515e-03,  6.47502399e-04,
        2.26116268e-05,  4.01052052e-05,  1.26365202e-04,  3.69781509e-04,
        6.57429840e-06, -4.31806536e-04, -2.76246546e-04,  6.36370041e-05,
        4.11316250e-07, -4.34729331e-05, -2.57459867e-05, -2.08457690e-04,
       -2.11560517e-02, -7.32409851e-03,  5.75383783e-03, -1.07212848e-03,
       -1.01311743e-04,  1.61302038e-02, -6.10745760e-04, -3.16723815e-03,
       -3.01768485e-04, -1.80356037e-04, -4.51768763e-04, -1.46870463e-03,
        5.83648524e-07,  2.61136597e-04,  5.25549669e-04,  7.97928815e-04,
        7.85516721e-07,  9.60010249e-05, -3.97772969e-05, -7.36253901e-05,
       -2.73931656e-01,  1.42747102e-01, -1.07427799e-02, -1.99066126e-02,
        1.18604125e-03, -5.91400862e-03,  2.44130668e-03, -3.80310651e-04,
        1.15102840e-02,  9.07392673e-05, -1.50833839e-03,  1.19855061e-03,
       -4.52644125e-06,  2.34778616e-05, -8.98613678e-04, -3.55290242e-04,
        3.12576019e-07, -1.23949597e-04,  3.75601361e-04,  9.73661539e-05,
       -1.57993478e+00, -3.97173756e-02,  7.73153025e-02,  1.33613415e-01,
       -3.35903116e-03,  9.85091465e-02, -4.53290554e-03,  7.39468536e-05,
       -2.11057161e-02,  4.51654315e-04, -3.91611500e-04,  3.81405852e-03,
        3.76205481e-06,  1.95514009e-04, -2.40046235e-03,  1.99129139e-03,
        5.33933641e-07,  8.49676782e-05,  3.60648024e-05, -5.35973907e-04,
        1.01075362e+01,  1.59905919e+00, -3.09470171e-01,  3.76595115e-01,
        1.07398251e-01, -1.14771433e-02,  9.71573473e-02, -3.72921323e-02,
       -1.97283698e-02, -1.68993070e-02, -1.58935660e-02,  3.95447972e-04,
        1.02074244e-03, -1.01961915e-02, -1.38951388e-03, -8.35284945e-05,
        3.51656926e-03, -1.67922198e-03, -7.55447241e-04, -1.01392829e-05,
        2.30302439e-04, -8.00287791e-04, -4.07752042e-04, -2.71615095e-05,
       -1.37361371e-06,  1.89639047e+00, -7.66135865e-01,  7.61029403e-02,
        1.98949148e-02, -3.47360201e-03,  1.90706752e-02, -4.28584871e-02,
        2.62877764e-02, -1.52698412e-02,  1.08601464e-02, -1.89423593e-04,
       -3.90131782e-03,  2.86521577e-04,  2.48863311e-03,  4.87187371e-03,
       -1.70201836e-05, -1.13188413e-04,  8.35903306e-04,  1.10871912e-03,
       -1.86039886e-05, -9.09727722e-04, -2.50252307e-04,  3.40587315e-04,
        1.89712106e-04, -1.85142547e-06,  1.48122656e-01, -9.40880976e-02,
       -4.36135044e-02,  1.41280594e-01, -7.80946316e-02, -2.34340443e-02,
       -3.05184067e-03, -1.30333453e-03, -3.88024893e-04,  2.22574937e-02,
        1.08910527e-03,  1.38170859e-03, -1.70586119e-03,  3.87131872e-03,
       -3.65826994e-03,  2.63952329e-04, -9.81256559e-04, -2.14039836e-03,
       -1.67099581e-04, -1.77716764e-05,  4.60016677e-05, -8.30991521e-05,
        3.20832921e-04, -6.16328856e-05,  1.09196208e-06,  5.04437019e-03,
        5.34924750e-03, -9.88542262e-03, -4.63565540e-04, -1.29385305e-02,
        3.40812875e-03,  4.72699605e-03,  1.15225097e-02, -1.05861462e-03,
       -2.85037015e-04, -5.76717218e-03, -8.13305654e-04, -3.03287046e-04,
       -2.47675284e-03,  2.45507292e-04,  2.89518842e-05,  6.77210735e-04,
        6.33841729e-04,  4.97414297e-04, -1.09118017e-06, -1.00088195e-04,
        6.73848309e-05,  2.23103942e-05, -3.46029588e-05,  1.32472812e-06,
        2.11686787e-03,  1.09766033e-03, -1.49203514e-03,  1.34483386e-03,
       -1.31591133e-03, -2.13880987e-04, -1.06001654e-03, -9.84070531e-04,
       -1.30952656e-03, -9.12293884e-05, -3.65972655e-04,  1.27510867e-03,
        4.71365592e-04,  4.90435705e-04, -1.34313045e-04,  4.47801928e-05,
        1.99835247e-05, -2.18599956e-04, -3.69829668e-04,  2.51667473e-06,
       -1.26302855e-04, -5.62069973e-05,  3.21296372e-05, -2.80604820e-05,
        1.48360610e-06, -9.26833303e-05,  2.52771857e-03,  6.82035241e-05,
        1.07387690e-03, -2.61139317e-03, -1.75135769e-04,  1.07577193e-04,
       -1.47401980e-03,  9.97564673e-05,  3.88241629e-04, -2.54555774e-04,
       -8.32894834e-05, -1.42088141e-04,  3.90672030e-04, -1.09258372e-04,
       -1.36749832e-06, -1.91850894e-04,  9.80798519e-05,  1.43829913e-04,
        3.38193793e-06,  5.52561065e-05,  1.87200046e-05,  9.45473645e-05,
        2.33399010e-05, -7.05269840e-07,  9.02176905e-06,  2.09368245e-04,
       -1.32892538e-04, -4.07347261e-04, -1.81645635e-04, -1.23657255e-04,
        4.37363705e-05,  5.68671875e-04, -1.54951235e-05, -8.74648918e-05,
        1.56659630e-04,  7.83790488e-05,  1.09600760e-04, -1.68720165e-04,
        6.30076752e-05,  3.85620270e-05,  5.89157670e-05, -3.49867911e-05,
       -7.59918790e-05, -6.23305555e-08, -2.73194251e-05,  1.20296265e-06,
       -3.96527087e-05, -2.85667344e-05, -3.01173574e-08, -2.99152278e-05,
       -9.81838399e-05,  6.25348518e-05,  1.25751149e-05,  7.16334777e-05,
        7.81175884e-06,  7.17123959e-06, -4.36182177e-05,  1.34452142e-05,
        3.32419944e-05, -2.35948731e-05, -2.45931780e-05, -5.65092038e-05,
        3.45582158e-05, -3.23774101e-05, -1.56358527e-05, -6.70394410e-06,
        1.57405347e-05,  2.42269928e-05,  3.97484912e-07,  1.69252350e-05,
       -3.50083278e-06,  1.91951357e-05,  1.60713175e-05, -4.36903764e-07,
       -8.24852044e-06, -1.79187626e-06, -9.56678492e-06, -1.05220950e-05,
       -1.84603060e-06,  7.94881836e-06,  2.02866868e-05,  5.45683465e-06,
        2.59880966e-05,  1.59758778e-06,  1.93480634e-06,  3.15820906e-07,
        4.19286782e-06,  7.63861783e-06, -2.70499397e-05,  3.59905254e-06,
        2.02363374e-06, -9.85868629e-06, -2.90975607e-07, -2.31279196e-08,
       -6.64904977e-06, -2.57868611e-06,  1.04725630e-06, -3.54118151e-06,
       -5.00079178e-08], dtype=float64),
                   'Ra_n': Array([ 1.05133733e+01,  1.77623279e+00,  1.90436182e-01,  1.98599877e-02,
        1.95121803e-03,  1.44034587e-04,  4.87304930e-05, -1.18444012e-05,
        1.07630337e-05], dtype=float64),
                   'Rb_lmn': Array([-7.36358192e-09, -2.01436610e-08, -2.40843781e-08, -4.44338448e-10,
       -1.72757938e-08,  3.90612572e-08,  1.18035005e-08,  5.02929924e-08,
        3.95592910e-08, -4.48348087e-07,  2.91773553e-07,  6.02273595e-07,
       -1.03115983e-07,  2.50761260e-07,  1.73539979e-07,  2.70248261e-07,
       -2.62397635e-07,  1.76295799e-06,  8.15845374e-06,  3.82254376e-07,
       -2.29270780e-06,  9.69329348e-06, -5.18790739e-06,  5.82330103e-06,
        1.79961820e-07,  1.41095229e-06, -1.60218854e-06,  5.35104835e-05,
        1.29022602e-04, -2.87849431e-04, -7.84435294e-05,  8.14150408e-05,
        4.11316250e-07,  6.57429840e-06, -3.36772791e-06,  8.78918616e-04,
       -1.37622549e-03,  4.01807727e-05,  6.57321433e-05, -1.11591019e-03,
        7.85516721e-07,  5.83648524e-07, -8.43550117e-05, -3.49609163e-04,
       -5.92857803e-04,  3.11214935e-03,  7.26377530e-03, -2.17320198e-02,
        3.12576019e-07, -4.52644125e-06, -3.32103294e-05,  2.46478455e-03,
        5.33042175e-05, -1.20217042e-02,  1.38129011e-01, -2.82683275e-01,
        5.33933641e-07,  3.76205481e-06,  5.36621993e-04, -4.33739153e-03,
       -3.71457785e-03,  7.49887870e-02,  6.20698555e-02, -1.46543579e+00,
        9.89647447e+00,  1.69307470e+00,  3.28306504e-01, -2.90499313e-02,
       -2.15256357e-02, -3.59999269e-04, -1.10690004e-04, -1.01392829e-05,
       -1.37361371e-06,  1.92901172e+00, -7.58862509e-01,  4.84210720e-02,
        1.97171549e-02, -1.00573801e-02, -2.79259870e-03,  1.72691923e-04,
       -1.86039886e-05, -1.85142547e-06,  9.97974512e-02, -1.50906492e-01,
        1.43765479e-01, -2.44853373e-02, -3.72546191e-03,  1.21460901e-03,
        2.02319443e-04, -1.77716764e-05,  1.09196208e-06, -5.17431622e-04,
       -7.19710929e-03,  8.64957617e-03, -1.72520170e-03, -7.90796930e-04,
       -3.15891357e-04, -5.65107467e-06, -1.09118017e-06,  1.32472812e-06,
       -9.01210731e-05, -2.89496866e-04,  7.94992042e-04, -7.98453598e-04,
       -1.41170997e-03,  9.05279002e-04,  1.67197108e-05,  2.51667473e-06,
        1.48360610e-06, -3.73464769e-06,  1.12716136e-04,  9.24914284e-06,
       -3.31611690e-04,  8.50454599e-05,  6.05404300e-05,  2.19724027e-05,
        3.38193793e-06, -7.05269840e-07,  2.14693585e-06, -8.26514268e-07,
       -6.19258931e-06, -1.98441559e-06,  7.85984303e-06,  2.38716983e-06,
        9.99529256e-06, -6.23305555e-08, -3.01173574e-08,  2.06894914e-07,
       -1.23118783e-08,  1.42802785e-08, -4.25795169e-08,  2.62939756e-07,
       -3.66185193e-07,  4.35464864e-07,  3.97484912e-07, -4.36903764e-07,
        1.51994928e-08, -1.66853412e-08, -5.32862302e-09,  2.49384079e-08,
       -1.45868349e-08,  2.48452998e-08,  5.78710267e-08, -2.31279196e-08,
       -5.00079178e-08], dtype=float64),
                   'Te_l': Array([  3922.69781854, -10829.65187009,  -1713.24733541,  -1161.87933226,
         -234.75166882], dtype=float64),
                   'Ti_l': Array([  3140.91323832, -11220.36855499,  -1812.72236351,  -1044.02576611,
         -310.25477062], dtype=float64),
                   'Z_lmn': Array([ 7.00672616e-06, -3.05619719e-07, -5.55020668e-06,  2.47846424e-06,
        1.17672730e-05, -8.16587911e-06, -5.16736194e-06,  1.73397303e-06,
       -1.22248344e-05, -4.52250082e-06,  3.87705408e-06, -2.25524686e-07,
        1.72649249e-06, -3.66065228e-06,  1.50169096e-05, -2.16579015e-06,
       -6.93976891e-06,  4.32219530e-06,  2.34729417e-07, -3.86465617e-08,
        1.95381057e-06, -5.59280768e-07, -2.79870261e-06,  2.21580792e-06,
        6.67861106e-10,  2.68351323e-05,  5.81398194e-05,  2.44699747e-06,
        4.03857814e-05, -5.98980138e-05,  1.33853419e-06, -3.79241402e-05,
       -2.26159424e-05, -5.96959498e-05, -1.34804088e-05,  2.28809682e-06,
       -1.23963152e-05,  1.68360663e-06, -2.77462786e-05,  6.36348283e-05,
        3.69190170e-06,  1.52381510e-05, -3.63788689e-06,  1.22203286e-05,
       -6.28097362e-07,  7.12874741e-06,  9.89094309e-06, -4.10530387e-06,
       -3.28130813e-06,  1.01218931e-07,  1.12250515e-04, -3.11601451e-05,
       -6.79066800e-05,  3.59186833e-04,  8.63865677e-05,  9.66050341e-05,
       -8.93478204e-05, -3.78879289e-04,  1.27726523e-05, -2.26795999e-05,
       -9.63362564e-05,  6.42234472e-06,  6.10556622e-05,  3.41465397e-05,
       -1.20340964e-05,  1.30419813e-06, -2.83146249e-05,  1.60393274e-06,
       -5.65261296e-06,  9.77583701e-08, -1.70057383e-05, -1.00838237e-05,
       -1.38728883e-06, -6.60488042e-06, -2.18333742e-07, -1.23275972e-04,
       -8.93763172e-04,  9.20823823e-05, -6.19886800e-05,  1.07672370e-03,
        7.37347981e-04,  3.57841342e-06,  7.68584957e-06,  1.37218507e-04,
       -2.50301082e-04, -6.46250213e-04, -1.08806064e-04, -1.01200393e-05,
        1.23312982e-05, -3.22924942e-05, -1.91370982e-05,  4.94427989e-05,
       -2.98756838e-05,  6.48997905e-05,  1.67758755e-06,  1.80567035e-05,
        3.36859046e-05, -3.42875371e-06, -1.67079024e-05,  1.69259584e-07,
       -8.30221607e-04, -9.97677086e-03,  1.21680751e-03, -1.45094122e-03,
        8.44669904e-03, -3.45048000e-04, -4.48464232e-06,  1.51248065e-03,
        7.70835360e-04,  9.95293450e-04,  1.49646502e-03, -1.26356285e-04,
       -9.03812641e-05, -4.80032272e-04, -2.86648745e-04, -6.76393696e-05,
        2.20512131e-04, -2.18312228e-05, -2.85640755e-05,  2.80661878e-06,
       -1.08421162e-05, -6.17035609e-05, -5.16298544e-05,  7.31364537e-08,
       -7.97767962e-07, -1.26640182e-02,  4.93960324e-04,  9.16551594e-03,
       -2.08314314e-02,  1.37235149e-02,  8.22425498e-03,  2.70911082e-03,
       -4.22104513e-04,  3.10715639e-03, -2.14544769e-03,  9.55475928e-04,
       -1.46707849e-03,  2.89015645e-04,  2.25746627e-03, -1.37607988e-04,
       -6.55596145e-05, -1.66933612e-04,  3.38268036e-04,  1.38510284e-04,
        4.93742710e-07,  2.08172166e-04,  5.19622276e-05,  4.31735287e-05,
        9.14118397e-06,  5.31329350e-07, -1.29713427e-01,  5.68634044e-02,
        3.89796540e-02, -5.70043953e-02,  7.52659558e-02, -8.04413760e-03,
       -4.35621296e-03, -1.69939942e-02,  7.36800239e-03, -5.85100078e-03,
        1.10360104e-02,  1.47977519e-03,  1.40714865e-03, -1.31271976e-03,
        1.45061929e-03, -1.65234940e-04, -1.83362654e-04,  4.81422889e-04,
       -1.53352590e-04, -8.44289910e-06, -1.17818515e-04,  9.86594377e-05,
       -1.15939628e-04,  4.10667629e-05,  1.61386969e-06, -1.43094946e+00,
        3.25740319e-01,  6.28685173e-02, -7.02479185e-02,  2.29057272e-01,
        7.67596101e-03,  1.66927369e-02,  1.62379849e-02, -6.05824546e-03,
       -4.81556881e-02, -6.87412265e-03, -5.15339312e-04,  4.14930007e-03,
       -6.04571614e-03,  3.44595918e-03, -1.87705946e-04,  5.98484161e-04,
        1.37883127e-04, -5.81786818e-04,  4.20413498e-07,  1.03816002e-03,
        1.15988957e-06, -4.13491212e-04,  8.02751102e-05, -2.93315065e-06,
       -2.17509914e+00, -3.51059940e-01,  1.61111786e-02,  5.64304596e-02,
        8.14848233e-03,  4.99854708e-02,  1.02611156e-03,  4.71759286e-03,
       -1.80938365e-02,  6.10561123e-04,  1.17399297e-03,  1.48732056e-02,
       -2.44435602e-05,  3.18966321e-04,  1.06876012e-03, -1.34177834e-03,
        2.37015518e-06, -1.17608448e-05,  4.47929682e-04,  1.07961532e-03,
       -1.24858644e+00,  1.10202695e-01,  6.53355980e-02, -6.99284487e-03,
        2.08504823e-02,  3.28852126e-02,  4.57496501e-03,  1.25685790e-02,
        1.13421533e-02, -2.20830181e-04, -7.36819580e-03,  3.43072828e-03,
        8.77350041e-06, -4.53132944e-04, -4.44354106e-04,  9.88075123e-04,
       -2.11018435e-07, -4.97492996e-05, -1.34479020e-04,  1.92864628e-04,
       -2.39617740e-01,  5.98554091e-02,  2.26164662e-02,  3.56293849e-03,
       -6.60321229e-03,  1.09327690e-02, -2.82832222e-04, -1.09601329e-02,
        1.59414282e-04, -1.56958984e-04,  7.55653089e-05,  2.68244351e-03,
        1.26875131e-05,  1.15420469e-04,  5.10120170e-05,  7.16892531e-04,
       -2.78839241e-06, -2.91201641e-05, -1.67163641e-05, -5.24411710e-04,
       -3.14318117e-02,  1.32890505e-02, -6.92115411e-03,  2.18677624e-03,
       -2.27017936e-03,  5.74404690e-03,  1.60598364e-03,  2.60304285e-03,
        8.11923098e-04, -1.16531706e-04, -6.39509539e-04, -2.14215842e-03,
       -9.41548526e-07, -4.08674212e-04, -2.91254242e-04,  6.95916185e-04,
       -9.65354071e-07,  9.61991271e-05, -5.78320533e-05, -1.26222572e-04,
       -1.94994584e-03, -2.47661363e-03,  6.32391476e-04,  1.70903014e-03,
       -1.12931374e-03,  2.05648195e-03,  1.47862718e-04, -9.59257702e-04,
       -4.75736660e-04,  3.80856899e-05,  7.13057140e-04,  5.61022741e-04,
       -8.96800032e-07,  7.62300328e-06, -1.67430575e-04, -3.93298721e-05,
        3.79900140e-07, -2.09213826e-05,  3.61377944e-05, -1.05223683e-04,
       -3.78410921e-04, -5.22377442e-04, -6.50481761e-04,  4.75647712e-04,
       -7.03764420e-05,  8.05346324e-04,  1.03017363e-04,  6.92960004e-04,
       -1.58784862e-04,  4.17952102e-06, -2.70588100e-05, -4.13413192e-04,
       -1.04689042e-06, -7.08232955e-05, -1.49902830e-05,  9.64894521e-05,
       -2.71825669e-08,  2.19968140e-05,  1.53281129e-05,  2.32415213e-05,
       -6.23300576e-05, -3.65338628e-04, -1.49801140e-04,  1.95022936e-04,
        6.25982531e-05,  1.82966723e-04,  9.24842947e-07,  1.87475161e-04,
       -1.16998346e-04, -5.73415322e-06, -6.14252113e-05,  1.86845354e-04,
        7.47708178e-08, -7.63413347e-07, -3.75191827e-05, -1.86610051e-05,
        1.18892031e-07,  1.89725642e-06, -6.29848260e-06, -6.01472850e-06,
       -3.88352269e-05, -5.03580272e-05, -3.62189957e-07,  3.46980813e-05,
        6.83083986e-05,  4.45113411e-05,  1.07502617e-05,  2.38828549e-06,
        1.49920559e-05, -1.55363688e-06, -7.38858638e-05,  1.43538716e-05,
       -7.71283820e-07, -1.11055991e-05, -2.22782000e-06, -1.09366522e-05,
        1.87579844e-07,  1.54422725e-06,  5.78856806e-06, -8.56774931e-06,
       -1.99819008e-05, -1.94534806e-06,  6.62694976e-07,  1.86856240e-05,
        1.26667080e-05, -2.45148399e-06,  2.38823467e-07,  4.54027737e-06,
        5.18326947e-07,  9.90561026e-07, -1.38753323e-05,  6.00929536e-06,
       -1.20721454e-08, -2.39822685e-07, -5.20187179e-06,  7.81013790e-07,
       -1.34574245e-08, -9.53535361e-07,  1.21844742e-06, -1.63330772e-06],      dtype=float64),
                   'Za_n': Array([ 7.61688898e-06, -8.09086462e-06,  1.27479746e-05, -1.83603198e-04,
       -1.97197461e-03, -1.92012668e-02, -1.74574261e-01, -1.48023638e+00],      dtype=float64),
                   'Zb_lmn': Array([-3.05394012e-08, -6.16440230e-10, -7.49578132e-09,  3.33702675e-08,
       -6.62745854e-09,  9.20473031e-09,  5.00177700e-08, -3.86465617e-08,
        6.67861106e-10,  1.70343581e-07, -4.52145851e-10, -8.54965817e-08,
       -1.12558827e-08, -1.66425389e-07, -1.75986651e-07,  4.10593569e-07,
       -6.28097362e-07,  1.01218931e-07, -9.54061173e-07,  4.23219791e-06,
        4.37025986e-06,  1.87271049e-06, -6.48732973e-07,  7.69731760e-07,
       -5.30068228e-06,  9.77583701e-08, -2.18333742e-07, -1.96785122e-05,
       -1.78977515e-05, -8.28562764e-06,  6.12220843e-05,  1.01497259e-04,
       -4.39062730e-05, -3.58450006e-05,  1.67758755e-06,  1.69259584e-07,
        2.80877880e-04, -3.14266237e-04, -4.80196404e-04,  1.12958580e-03,
        4.32556760e-04, -1.54920361e-04, -6.75662331e-05,  2.80661878e-06,
       -7.97767962e-07, -2.92203627e-04,  1.19050939e-02, -1.89441074e-02,
        9.51799895e-03,  3.01272193e-03, -1.32856820e-03, -5.64184305e-05,
        4.93742710e-07,  5.31329350e-07, -9.38006562e-02,  1.26094997e-01,
       -7.52124498e-02,  3.47329571e-03,  8.70268206e-03,  1.32642260e-03,
       -1.24168177e-04, -8.44289910e-06,  1.61386969e-06, -1.34620075e+00,
        5.07240388e-01, -6.00544899e-02,  9.39721481e-04, -3.02577749e-03,
       -1.09712613e-03, -1.07430835e-04,  4.20413498e-07, -2.93315065e-06,
        2.37015518e-06, -2.44435602e-05,  5.98800278e-04,  1.34507788e-03,
        9.77040498e-03,  2.18975316e-02, -2.85121648e-01, -2.13810430e+00,
       -2.11018435e-07,  8.77350041e-06, -2.70579480e-04,  4.12183207e-03,
        1.33478075e-02,  7.74598229e-02,  1.46711501e-01, -1.24324906e+00,
       -2.78839241e-06,  1.26875131e-05, -1.86079148e-04, -1.67411753e-04,
       -6.54436334e-03,  1.17073454e-02,  7.29462099e-02, -2.35178495e-01,
       -9.65354071e-07, -9.41548526e-07, -2.03325792e-05,  1.19730943e-03,
       -2.96752095e-03, -4.60936550e-03,  1.67647164e-02, -2.77371962e-02,
        3.79900140e-07, -8.96800032e-07,  1.71643073e-05,  1.55485722e-04,
       -3.80118805e-04, -4.94296801e-04,  3.56673766e-05, -7.55982223e-04,
       -2.71825669e-08, -1.04689042e-06,  2.61763350e-05,  3.21940674e-05,
       -8.21071391e-05,  2.74879604e-05, -1.07202789e-04,  3.49413815e-05,
        1.18892031e-07,  7.47708178e-08, -3.83689680e-06,  1.61429600e-07,
       -5.12544081e-06,  1.54838443e-07, -1.54128045e-06, -2.96647209e-06,
        1.87579844e-07, -7.71283820e-07, -9.40963079e-09, -3.55337373e-07,
        2.11102909e-07, -2.01724470e-07, -6.05639149e-08, -8.17418315e-08,
       -1.34574245e-08, -1.20721454e-08,  3.70256651e-08, -9.99218583e-10,
        9.82317966e-09,  1.10056177e-09, -2.08444139e-08,  3.06390232e-09],      dtype=float64),
                   'Zeff_l': Array([1.03061185, 0.31894489, 0.1099096 , 0.0605529 , 0.03720552],      dtype=float64),
                   'a_lmn': Array([], shape=(0,), dtype=float64),
                   'c_l': Array([0., 0., 0., 0., 0.], dtype=float64),
                   'i_l': Array([], shape=(0,), dtype=float64),
                   'ne_l': Array([ 2.09641037e+20, -8.45637360e-22, -7.35957739e-22, -6.12532835e-22,
       -5.51110539e-22, -3.90187220e+20], dtype=float64),
                   'ni_l': Array([], shape=(0,), dtype=float64),
                   'p_l': Array([], shape=(0,), dtype=float64)}],
               [ { 'G': Array([], shape=(0,), dtype=float64),
                   'I': Array([], shape=(0,), dtype=float64),
                   'L_lmn': Array([ 1.25266597e-05, -6.32416723e-06, -1.03167933e-05,  1.86346063e-06,
        2.36334227e-05, -9.22066411e-06, -6.33536910e-06, -5.09340978e-06,
       -1.73694858e-06, -2.08003550e-05,  8.01277930e-06,  1.22080188e-05,
        9.28650239e-06,  3.48521887e-06, -3.07513843e-06,  8.62203413e-06,
        1.49081430e-05,  2.70129282e-06, -4.10113670e-06, -2.57648138e-06,
       -6.74027085e-06,  8.84304617e-06,  5.91211258e-06,  3.01123403e-06,
        2.62760532e-07, -1.36734393e-05,  6.63754062e-05,  2.53964841e-05,
       -2.00953382e-05, -1.46476763e-04,  2.97801081e-05, -2.60807116e-06,
        6.20790252e-05,  6.84494713e-06,  8.75773632e-05, -4.10691444e-05,
       -5.69798773e-06, -2.16041830e-05, -2.41717071e-05,  7.17129315e-06,
        4.92902618e-05, -2.58381636e-05, -2.17044247e-05, -4.34123629e-05,
        9.54235286e-06,  2.16901420e-05,  8.65949146e-06, -1.28447623e-05,
       -1.97390786e-05, -1.59871803e-05,  5.16829662e-05, -3.96429065e-04,
       -1.28588357e-04,  1.33957862e-04,  5.68830082e-04, -8.21332743e-05,
        2.01916381e-05, -2.16331636e-04, -5.74016734e-05, -2.51549402e-04,
        6.32924545e-05, -2.75359318e-05,  7.88831268e-05,  9.92866236e-05,
       -4.13837626e-05, -6.32538906e-05,  8.36047788e-05,  3.33727091e-05,
        9.28998286e-05,  4.32910876e-05, -4.53834373e-05, -2.65830173e-05,
        1.50864741e-05,  3.24737281e-05,  1.97655792e-05, -6.52194876e-04,
       -1.34678580e-04,  5.22726636e-04, -8.39547079e-04,  1.09902589e-04,
        3.64828484e-04,  5.87129366e-05,  6.97438511e-04,  1.02323302e-04,
        1.79591458e-04, -2.42597692e-04, -7.15268792e-05,  3.59677057e-05,
       -5.05576172e-06,  1.58696797e-05,  6.50412651e-05, -2.33060490e-05,
       -7.52577500e-05, -1.94820180e-04, -8.38391139e-06,  9.28100241e-06,
       -4.51861313e-05, -4.35705962e-05, -2.96321795e-05, -5.54193183e-05,
        4.43223300e-03, -6.15891341e-05, -3.60048225e-03,  8.92366566e-04,
        5.16150617e-04, -1.55403877e-03, -3.95540389e-04,  3.15035289e-04,
        4.26767648e-04, -7.62665019e-04,  5.17057253e-04,  4.84155251e-04,
       -2.56438259e-04, -7.96222925e-04, -2.39073476e-04, -1.89610119e-04,
        2.53880655e-05, -1.76667341e-04,  2.60170439e-05,  1.19178153e-04,
        2.75334302e-04,  3.06342977e-04,  2.23696484e-04,  7.59364147e-06,
        5.55928785e-05,  5.28742020e-03,  8.70412480e-03, -4.61313142e-03,
       -5.55681999e-03, -3.73918710e-03,  3.95298814e-03,  6.07479631e-04,
        1.52582578e-03, -3.20977916e-03, -2.20776163e-03, -1.24315288e-03,
       -8.55425894e-04, -9.30742411e-04, -5.83812487e-04,  1.01738050e-03,
        1.14356303e-03,  7.38763983e-04, -5.50065554e-04,  1.21089422e-04,
       -3.59818375e-04, -4.64396961e-05, -7.35425147e-04, -2.88898786e-04,
       -3.83811650e-05, -1.62931724e-04,  1.60458409e-02, -4.49785610e-02,
       -5.64213273e-03,  1.69041952e-02,  3.14194832e-02, -6.00883258e-03,
       -5.45133741e-03, -9.86575208e-03,  9.80827367e-03, -9.23388909e-03,
        1.79181067e-03,  2.27640366e-03,  3.26143451e-03,  5.12266919e-03,
       -3.98538720e-03,  1.05250623e-03, -3.58672056e-03, -5.26887341e-04,
       -1.11512722e-04,  9.94639043e-05,  1.24451853e-03, -1.94254616e-04,
       -5.07293287e-04, -2.50868200e-05,  8.96904313e-06,  1.72233530e-01,
       -5.03966943e-02, -1.84383993e-01, -4.24847303e-03,  2.14697624e-02,
       -6.16499504e-03,  3.13162837e-02, -5.97567494e-03, -2.09795746e-02,
       -5.35509304e-02, -1.15970706e-02, -3.03576388e-03, -9.17990420e-03,
       -1.19254628e-02,  4.54557161e-03,  1.12674656e-03,  2.90718967e-02,
        7.64040843e-03,  5.87962276e-05, -7.83985514e-06,  5.30393218e-03,
        9.99094827e-04, -4.45806307e-04, -8.22000536e-05, -5.97438223e-05,
        1.73725214e-01, -6.65357131e-02,  4.75258731e-03,  3.06280175e-01,
       -3.54439324e-03,  4.84356100e-02, -4.12616823e-03, -1.32012220e-02,
       -1.13187687e-01, -1.35083970e-03, -1.57161229e-03, -4.21138642e-03,
       -2.97932821e-04, -1.47215283e-04, -3.22979857e-05, -2.17801169e-02,
       -4.70274133e-06, -2.17479716e-04, -6.03219691e-05, -2.62110331e-03,
       -1.96917546e-01, -1.98340849e-02, -1.76519790e-03,  5.71899275e-02,
        1.86688133e-02, -1.38183477e-02,  3.49110079e-03,  7.36364603e-03,
        3.77721573e-03, -1.15045633e-03, -4.51062488e-03,  1.18887929e-02,
        5.58229245e-04,  8.94633509e-04, -4.65787341e-03, -1.23175320e-02,
        2.89127217e-04,  1.28790203e-04,  1.11786623e-03,  4.33516844e-04,
        3.24205218e-02, -1.91708321e-02,  8.22126992e-03, -4.33855650e-03,
       -1.04367453e-02,  3.30035924e-03, -1.50052657e-03, -5.94158802e-03,
       -1.37658043e-03, -1.07165491e-03,  5.46870823e-03, -2.97982788e-03,
       -2.57006759e-04, -2.25144707e-04,  9.47275305e-04,  3.16478514e-03,
       -3.82949128e-05, -2.05898001e-04, -3.60291381e-04, -6.07916533e-05,
       -4.41139549e-04,  6.86514996e-03, -5.21290198e-03, -2.60806314e-03,
        3.86151244e-03, -3.04231536e-03,  9.26572841e-04,  3.42346410e-03,
        3.95191508e-04, -1.21400698e-03, -1.71448132e-03, -5.32251922e-04,
        3.18988008e-04, -4.54873842e-04,  2.39274719e-04, -6.08511222e-04,
        1.84651657e-04,  4.90094095e-05,  3.60222735e-04,  3.50390761e-04,
        9.47578689e-05, -1.05677212e-03,  2.30968772e-03,  9.56779774e-04,
       -6.60391100e-04,  2.59557306e-04, -5.02966893e-04, -1.56167116e-03,
       -1.10487822e-03,  2.15735329e-04,  4.95028599e-04,  3.16360771e-04,
       -1.09942784e-04, -3.20753005e-05,  3.04072624e-04,  7.71551478e-05,
       -5.41329750e-05, -1.59940030e-05, -3.52982270e-04, -3.97842805e-04,
        7.34189526e-04,  7.10327221e-04, -5.42661670e-04, -1.15985269e-03,
       -7.44547423e-05, -4.30005898e-04,  8.31346989e-05,  3.37547819e-04,
        2.82403448e-04, -4.75493834e-05, -4.25993739e-05, -2.91248634e-04,
        1.55866710e-05,  1.90518262e-04,  6.99104563e-05, -1.57617472e-05,
        5.68967671e-05,  3.67501095e-05,  4.62525604e-05,  1.71678759e-04,
       -8.62754685e-05, -1.23983957e-06,  8.84172013e-06,  4.06325863e-04,
        7.49957477e-05, -1.15561250e-04,  2.97679051e-05,  2.67014664e-05,
       -3.49200726e-04,  6.07825442e-05, -1.79235040e-05,  1.57734562e-04,
       -5.33976633e-05, -1.14213227e-04, -8.61741154e-05,  1.83418814e-05,
       -2.35590114e-05, -3.28188792e-05, -1.19916774e-05, -1.18871073e-04,
        2.45814506e-06, -3.18734556e-05, -4.51797770e-05, -3.32411698e-05,
       -9.51634055e-06,  1.15751261e-05,  1.63980038e-06,  4.19700179e-05,
        2.58609339e-05, -4.72309114e-05, -7.29998629e-06, -9.25941139e-06,
       -8.57944589e-06,  4.16432643e-05,  2.20102114e-05, -7.65968261e-06,
        1.67845146e-05,  1.79566391e-05,  1.11276615e-05,  1.25751771e-05,
        6.29771430e-06,  8.51826685e-06,  5.52658327e-06, -7.71965633e-06,
        6.62443574e-07, -5.70236901e-06, -9.93099073e-06, -8.06980049e-06,
        1.09594194e-06, -8.74266538e-06,  3.30907903e-06, -9.55238564e-06,
        2.02227146e-06, -4.00591354e-07, -2.98119800e-06, -7.43226988e-06,
       -5.27936613e-07, -2.53596469e-06, -7.44992584e-06, -9.13602876e-06],      dtype=float64),
                   'Phi_mn': Array([], shape=(0,), dtype=float64),
                   'Psi': Array([50.20413129], dtype=float64),
                   'R_lmn': Array([-7.31943036e-06, -1.00495882e-05,  1.32826788e-05,  1.00945167e-05,
        3.59887743e-05,  1.22697374e-05, -1.36834862e-06, -2.08458304e-06,
       -9.21741376e-06,  1.54405909e-06, -3.22490025e-05,  3.04797695e-06,
       -2.01436610e-08,  1.36790428e-06, -1.11590345e-05,  6.49262046e-06,
       -7.36358192e-09, -1.56814347e-06, -3.75704755e-06, -5.25632262e-06,
       -1.14537328e-04, -2.23468959e-05, -2.38888513e-05,  1.05756910e-04,
        2.56878960e-05,  1.56241417e-05, -2.61852754e-05,  2.13125750e-05,
        3.83168913e-05, -1.59173289e-05, -5.13923467e-05,  1.26297366e-05,
       -4.48348087e-07,  2.67875490e-05,  2.82703756e-06, -2.92662251e-05,
        3.95592910e-08,  1.62091025e-05,  2.56013348e-05, -5.73344246e-06,
       -1.47481204e-05, -4.86212802e-04, -2.19022344e-04,  1.82633980e-04,
        6.74359193e-05,  4.40357090e-04,  8.37958481e-05,  2.71713445e-04,
       -2.10802288e-04,  2.76145482e-05, -1.90061130e-06,  4.05806982e-05,
        1.76295799e-06, -8.41425785e-05, -4.28435784e-05,  5.01749919e-05,
       -2.62397635e-07, -1.97874516e-05, -6.68250031e-05, -1.71039388e-06,
        9.93332335e-04, -2.41392837e-04,  4.39020357e-05, -8.46726307e-04,
        1.16033460e-05,  1.82308787e-04, -7.35186687e-05, -3.70307401e-04,
       -8.76302437e-05, -3.21752518e-05, -1.41327465e-05, -5.92241812e-05,
        1.41095229e-06,  1.26178636e-04,  3.97800393e-05,  2.08277872e-05,
        1.79961820e-07,  2.91104370e-05,  1.30397829e-04,  4.26613163e-05,
       -6.11436760e-03, -2.36463507e-03, -3.52539567e-04,  4.31432796e-03,
       -1.54579342e-03,  2.48462638e-03,  1.36785246e-03,  6.95355374e-04,
        6.04925032e-04,  5.62125724e-05,  2.14211558e-04,  1.67615946e-04,
        6.57429840e-06, -4.83382338e-04, -3.03716783e-04,  7.86217908e-05,
        4.11316250e-07, -5.80564862e-05, -4.54634816e-05, -2.20462687e-04,
       -2.85023707e-02, -8.11751222e-03,  5.10751317e-03,  6.36708615e-03,
        7.07133577e-05,  1.70566724e-02, -6.69453800e-04, -2.55937461e-03,
       -5.37843256e-04, -1.91862577e-04, -6.10721392e-04, -1.56831962e-03,
        5.83648524e-07,  3.18382711e-04,  5.75164392e-04,  9.41976567e-04,
        7.85516721e-07,  1.03768186e-04, -5.58882823e-05, -1.09215987e-04,
       -2.64777707e-01,  1.38905214e-01, -1.07112616e-02, -2.86386515e-02,
        1.09243528e-03, -3.21712765e-03,  2.47977437e-03, -6.34779707e-05,
        1.15715152e-02,  9.38172562e-05, -1.44539908e-03,  2.26146577e-03,
       -4.52644125e-06, -3.75270111e-05, -1.26319802e-03, -8.09400406e-04,
        3.12576019e-07, -1.17840313e-04,  4.22934883e-04,  1.94426412e-04,
       -1.59560631e+00, -4.32842896e-02,  7.70150764e-02,  1.48839076e-01,
       -3.44625606e-03,  1.03119505e-01, -4.62188363e-03,  2.77814390e-04,
       -2.10640595e-02,  4.47199334e-04, -3.73065335e-04,  2.88753197e-03,
        3.76205481e-06,  2.77480099e-04, -2.29523069e-03,  2.44935634e-03,
        5.33933641e-07,  7.15414355e-05,  2.04646852e-05, -7.30059683e-04,
        1.01021749e+01,  1.58754639e+00, -3.07845683e-01,  3.78991586e-01,
        1.19552368e-01, -1.11834124e-02,  1.01309389e-01, -3.80294889e-02,
       -1.94412586e-02, -1.79826069e-02, -1.61565496e-02,  3.25210184e-04,
        6.10830488e-04, -1.16519310e-02, -1.41973900e-03, -9.68877526e-05,
        4.03103745e-03, -1.69006901e-03, -6.81468556e-04, -1.01392829e-05,
        2.25026766e-04, -8.08882707e-04, -4.08216583e-04, -3.21995951e-05,
       -1.37361371e-06,  1.89677961e+00, -7.63498730e-01,  7.52573692e-02,
        1.80777686e-02, -6.54687055e-03,  2.04984387e-02, -4.23335084e-02,
        2.76014076e-02, -1.53541973e-02,  1.13943612e-02, -1.69703654e-03,
       -3.83702242e-03,  2.42411438e-04,  3.04847100e-03,  4.95101079e-03,
       -3.12723485e-06, -2.36381038e-04,  9.27628778e-04,  1.06298699e-03,
       -1.86039886e-05, -9.76785998e-04, -2.72170174e-04,  3.85036380e-04,
        1.95273057e-04, -1.85142547e-06,  1.47901624e-01, -8.96601178e-02,
       -4.41643003e-02,  1.40639681e-01, -8.31822412e-02, -2.30890260e-02,
       -2.67317268e-03, -1.42852694e-03, -4.28889021e-04,  2.33382790e-02,
        9.82176123e-04,  1.34520077e-03, -1.32663628e-03,  4.70598717e-03,
       -3.67567018e-03,  2.25448846e-04, -1.41186725e-03, -2.33996287e-03,
       -1.20571369e-04, -1.77716764e-05,  6.60766719e-05, -1.60026078e-04,
        3.55445223e-04, -3.22721911e-05,  1.09196208e-06,  5.90866012e-03,
        2.74257709e-03, -9.57962841e-03,  1.30114426e-03, -1.13643631e-02,
        3.74035714e-03,  3.90119240e-03,  9.98505065e-03, -7.59619201e-04,
        5.55096182e-04, -6.17327643e-03, -8.48063740e-04, -6.08455898e-04,
       -2.77542574e-03, -7.28124148e-05,  4.60260568e-05,  8.67393818e-04,
        6.96678244e-04,  5.32460315e-04, -1.09118017e-06, -1.39668473e-04,
        1.37032224e-04,  4.93094933e-05, -4.67092719e-05,  1.32472812e-06,
        1.81400011e-03,  5.06975275e-03, -1.41153316e-03,  9.28379892e-04,
       -5.55046142e-03,  1.41264922e-04, -8.10587211e-04, -6.77024729e-04,
       -1.23029328e-03,  1.79917493e-04, -7.40758151e-04,  1.31954415e-03,
        4.21907519e-04,  6.33080404e-04, -2.07777385e-04,  5.38577397e-05,
        1.34517307e-05, -2.02738794e-04, -4.14059090e-04,  2.51667473e-06,
       -1.04491286e-04, -9.32828937e-05,  2.84593517e-05, -4.10214154e-05,
        1.48360610e-06, -8.88258425e-05,  2.90091029e-03, -2.84861875e-05,
        1.19648935e-03, -2.72307780e-03, -5.04468746e-05,  1.27878622e-04,
       -1.64563924e-03,  4.14153390e-05,  9.00730292e-05, -3.99069177e-04,
       -1.12536754e-04, -5.02427134e-05,  4.50015812e-04, -8.05135585e-05,
       -1.00738055e-05, -1.54675934e-04,  1.17654135e-04,  1.74393267e-04,
        3.38193793e-06,  3.58760810e-05,  1.00664181e-05,  1.21899836e-04,
        3.27515073e-05, -7.05269840e-07,  1.03502868e-04,  1.63121161e-05,
       -1.32015934e-04, -3.67364612e-04, -5.94836112e-06, -1.60042281e-04,
       -6.54206042e-05,  4.77603137e-04,  4.07301119e-05, -4.24481316e-05,
        2.14158162e-04,  8.68168944e-05,  1.08758778e-04, -1.25607037e-04,
        1.72683521e-05,  4.52388794e-05,  3.05250777e-05, -5.43671329e-05,
       -8.46218282e-05, -6.23305555e-08, -1.21681368e-05,  8.71229831e-06,
       -4.92483458e-05, -3.54708322e-05, -3.01173574e-08, -8.14430913e-05,
       -1.41518212e-05,  9.00195741e-05, -3.97488915e-05, -4.34574843e-05,
       -4.20531800e-06,  5.71737311e-05,  2.94734784e-05,  3.82168084e-06,
        5.96404459e-05, -2.39375521e-05, -2.69274875e-05, -8.67560785e-05,
        1.68526770e-05, -2.66212600e-05, -2.13212479e-05, -2.04345228e-06,
        2.81002906e-05,  2.65613023e-05,  3.97484912e-07,  2.12127595e-05,
       -6.56298363e-06,  2.30625189e-05,  2.17567127e-05, -4.36903764e-07,
       -1.13671177e-05, -5.88562004e-06, -1.32138548e-05, -2.77330390e-06,
        1.46563290e-06,  1.80021494e-05,  2.23492444e-05, -7.62304944e-06,
        3.28460306e-05, -2.37446950e-06, -8.95383583e-06,  4.83267677e-07,
        1.12069747e-05,  1.49037053e-05, -3.23511357e-05,  3.26378096e-06,
        6.77777130e-06, -9.02337515e-06, -4.58422377e-07, -2.31279196e-08,
       -8.96004708e-06, -4.51268061e-06, -5.09481772e-07, -3.20590994e-06,
       -5.00079178e-08], dtype=float64),
                   'Ra_n': Array([ 1.05109442e+01,  1.77796954e+00,  1.90785465e-01,  1.98582684e-02,
        1.88854725e-03,  1.53657761e-04,  4.91712838e-05, -6.32009627e-06,
        4.02895975e-06], dtype=float64),
                   'Rb_lmn': Array([-7.36358192e-09, -2.01436610e-08, -2.40843781e-08, -4.44338448e-10,
       -1.72757938e-08,  3.90612572e-08,  1.18035005e-08,  5.02929924e-08,
        3.95592910e-08, -4.48348087e-07,  2.91773553e-07,  6.02273595e-07,
       -1.03115983e-07,  2.50761260e-07,  1.73539979e-07,  2.70248261e-07,
       -2.62397635e-07,  1.76295799e-06,  7.82709665e-06, -3.46730389e-07,
       -1.28969505e-06,  9.84752278e-06, -6.98540745e-06,  7.25856366e-06,
        1.79961820e-07,  1.41095229e-06, -3.06481478e-06,  5.26599674e-05,
        1.27868429e-04, -2.86625326e-04, -7.56469152e-05,  7.98035723e-05,
        4.11316250e-07,  6.57429840e-06, -1.84391385e-06,  8.84470124e-04,
       -1.37704534e-03,  3.90990240e-05,  6.71445622e-05, -1.11649281e-03,
        7.85516721e-07,  5.83648524e-07, -8.80943916e-05, -3.51071088e-04,
       -5.95896316e-04,  3.12330296e-03,  7.26162458e-03, -2.17311512e-02,
        3.12576019e-07, -4.52644125e-06, -2.40230571e-05,  2.44224736e-03,
        6.99710838e-05, -1.20379376e-02,  1.38143979e-01, -2.82654244e-01,
        5.33933641e-07,  3.76205481e-06,  5.18740770e-04, -4.34440353e-03,
       -3.79885671e-03,  7.49976601e-02,  6.19926872e-02, -1.46538194e+00,
        9.89647447e+00,  1.69314719e+00,  3.28501283e-01, -2.90300310e-02,
       -2.12692142e-02, -3.56258373e-04, -1.29087348e-04, -1.01392829e-05,
       -1.37361371e-06,  1.92896910e+00, -7.58887620e-01,  4.84554771e-02,
        1.97290309e-02, -1.00181501e-02, -2.77403543e-03,  1.92145822e-04,
       -1.86039886e-05, -1.85142547e-06,  9.98035918e-02, -1.50915947e-01,
        1.43757116e-01, -2.44468128e-02, -3.74911397e-03,  1.22462940e-03,
        1.93176655e-04, -1.77716764e-05,  1.09196208e-06, -5.17900254e-04,
       -7.19929600e-03,  8.64780139e-03, -1.73624105e-03, -7.83122122e-04,
       -3.15603426e-04, -6.83215170e-07, -1.09118017e-06,  1.32472812e-06,
       -9.07040237e-05, -2.87339446e-04,  7.91152673e-04, -8.02232024e-04,
       -1.40961132e-03,  9.05485063e-04,  1.28363243e-05,  2.51667473e-06,
        1.48360610e-06, -3.80004055e-06,  1.13229587e-04,  1.09323421e-05,
       -3.31861916e-04,  8.28016161e-05,  6.18565130e-05,  2.26777018e-05,
        3.38193793e-06, -7.05269840e-07,  2.65697110e-06, -1.55929887e-06,
       -6.65621362e-06, -2.51251082e-07,  8.75011812e-06,  2.19506617e-06,
        9.76804719e-06, -6.23305555e-08, -3.01173574e-08,  2.06894914e-07,
       -1.23118783e-08,  1.42802785e-08, -4.25795169e-08,  2.62939756e-07,
       -3.66185193e-07,  4.35464864e-07,  3.97484912e-07, -4.36903764e-07,
        1.51994928e-08, -1.66853412e-08, -5.32862302e-09,  2.49384079e-08,
       -1.45868349e-08,  2.48452998e-08,  5.78710267e-08, -2.31279196e-08,
       -5.00079178e-08], dtype=float64),
                   'Te_l': Array([  3699.1776051 , -11036.71906345,  -1776.0258585 ,  -1159.43079969,
         -216.19840766], dtype=float64),
                   'Ti_l': Array([  2761.36876221, -11731.93183276,  -2108.33721035,  -1101.59715305,
         -295.22102107], dtype=float64),
                   'Z_lmn': Array([ 1.36868203e-05, -9.49777076e-06, -5.94326146e-06,  1.32149919e-06,
        2.29022324e-05, -1.41586858e-05, -9.18648990e-06,  2.40745636e-06,
       -1.70004333e-05, -3.74706903e-07,  1.21577051e-05, -2.20566274e-06,
       -1.05202481e-06, -4.05224849e-06,  1.97433216e-05, -2.46706394e-06,
       -1.30303712e-05,  2.03435092e-06,  2.21486747e-06, -3.86465617e-08,
        2.46441645e-06,  3.15797159e-07, -2.74951573e-06,  2.51708171e-06,
        6.67861106e-10,  3.29409492e-05,  5.17724616e-05,  4.56534945e-06,
        3.80976990e-05, -2.62363141e-05, -1.12375739e-05, -4.52523732e-05,
       -1.27223452e-05, -7.43333481e-05, -3.23863059e-05,  2.53319460e-05,
       -2.10258314e-05,  6.50883222e-07, -3.70516462e-05,  8.32988060e-05,
        6.36367478e-06,  6.84970619e-06, -1.41056280e-05,  2.08498447e-05,
       -6.28097362e-07,  7.26553491e-06,  1.15907958e-05, -9.13188326e-06,
       -5.95308121e-06,  1.01218931e-07,  2.19101688e-04, -5.74098110e-05,
       -1.20545301e-04,  4.90892752e-04,  2.03525766e-04,  1.33744346e-04,
       -1.84839828e-04, -4.87967712e-04, -1.31624492e-06, -1.14949614e-04,
       -1.04169991e-04, -2.58018947e-08,  1.12650531e-04,  9.18680116e-06,
       -4.24121654e-06,  2.00256865e-06, -2.53604358e-05, -2.70877239e-05,
        1.09465366e-06,  9.77583701e-08, -2.70386704e-05, -8.21043936e-06,
        5.15129231e-06, -7.64335514e-06, -2.18333742e-07, -1.56008784e-04,
       -1.16123376e-03,  9.79051015e-05,  5.66109271e-05,  1.19468450e-03,
        8.14246347e-04,  4.30811936e-05, -1.31435133e-04,  1.30500512e-04,
       -1.18772765e-04, -7.36442839e-04, -1.21513048e-04, -2.41391035e-05,
        3.60490362e-05, -8.15183546e-06, -1.56655482e-05,  6.55709374e-05,
       -1.80518556e-05,  7.87137602e-05,  1.67758755e-06,  1.88044102e-05,
        3.10234218e-05, -2.07605071e-05, -1.99973749e-05,  1.69259584e-07,
       -1.35809684e-03, -1.15801181e-02,  1.23218530e-03, -2.07485767e-03,
        9.82272241e-03, -3.93238297e-04,  5.51111290e-04,  2.22977980e-03,
        9.09464544e-04,  1.19517904e-03,  1.61286560e-03, -1.17449367e-04,
       -1.22275541e-04, -5.81371902e-04, -4.36462370e-04, -6.90781408e-05,
        2.49490095e-04, -9.12665439e-05, -3.71495994e-05,  2.80661878e-06,
       -2.10268301e-05, -5.41168188e-05, -4.00971097e-05,  7.36383096e-07,
       -7.97767962e-07, -1.17294788e-02, -1.06348419e-02,  8.73595627e-03,
       -2.16197904e-02,  2.42997013e-02,  7.26194816e-03,  1.72343216e-03,
        1.45164013e-04,  2.81468597e-03, -1.49708284e-03,  1.86718020e-03,
       -1.47631657e-03,  7.13792658e-04,  2.51323369e-03,  1.74608557e-04,
       -7.05852732e-05, -2.59723006e-04,  3.92360933e-04,  1.48429543e-04,
        4.93742710e-07,  2.62217700e-04,  1.67082421e-05,  2.00074351e-05,
        1.48972530e-05,  5.31329350e-07, -1.33848786e-01,  5.79244276e-02,
        3.85853082e-02, -6.08323003e-02,  7.61295917e-02, -8.72952929e-03,
       -2.24471460e-04, -1.32128690e-02,  7.20336435e-03, -7.89408145e-03,
        1.16351858e-02,  1.53323095e-03,  1.85451114e-03, -1.23853075e-03,
        1.64630924e-03, -1.58653819e-04, -6.78247004e-05,  5.63232259e-04,
       -2.11319667e-04, -8.44289910e-06, -1.63539016e-04,  6.88123553e-05,
       -1.36642217e-04,  3.23990993e-05,  1.61386969e-06, -1.42925501e+00,
        3.02984150e-01,  6.34980132e-02, -6.99205491e-02,  2.53057738e-01,
        6.35430726e-03,  1.42074281e-02,  1.72151547e-02, -6.10107557e-03,
       -4.96389243e-02, -5.49979275e-03, -5.36954401e-04,  4.14406040e-03,
       -7.28015729e-03,  3.51192891e-03, -1.74142171e-04,  8.17795022e-04,
        9.06732004e-05, -5.56923160e-04,  4.20413498e-07,  1.14041110e-03,
       -3.09655585e-05, -4.52833485e-04,  7.64851978e-05, -2.93315065e-06,
       -2.17639989e+00, -3.53567713e-01,  1.54721107e-02,  5.78776192e-02,
        8.34057810e-03,  5.16973848e-02,  1.06524991e-03,  5.19167651e-03,
       -1.82054416e-02,  5.94205233e-04,  9.99720538e-04,  1.56042176e-02,
       -2.44435602e-05,  3.22748083e-04,  1.22392690e-03, -1.55642273e-03,
        2.37015518e-06, -1.29116467e-05,  4.65480674e-04,  1.15683920e-03,
       -1.24888390e+00,  1.06751387e-01,  6.50391391e-02, -7.12695880e-03,
        2.10951483e-02,  3.59393317e-02,  4.63729051e-03,  1.29924541e-02,
        1.17797259e-02, -1.97828298e-04, -7.60159462e-03,  3.85038135e-03,
        8.77350041e-06, -4.87532585e-04, -5.72879233e-04,  9.77752910e-04,
       -2.11018435e-07, -5.50079522e-05, -1.66175799e-04,  2.29067798e-04,
       -2.39781534e-01,  5.85252314e-02,  2.28351175e-02,  4.37592604e-03,
       -6.46515978e-03,  1.16942423e-02, -2.95995233e-04, -1.10691502e-02,
       -3.44478945e-04, -1.69079151e-04, -6.54088547e-05,  3.25074611e-03,
        1.26875131e-05,  1.20693357e-04, -6.74326793e-05,  5.72900960e-04,
       -2.78839241e-06, -2.29721102e-05, -5.22384420e-06, -5.27981694e-04,
       -3.15837853e-02,  1.19903586e-02, -7.55221267e-03,  1.92326341e-03,
       -2.23117170e-03,  7.52878373e-03,  1.60352658e-03,  3.31139448e-03,
        1.03355896e-03, -1.23441109e-04, -6.51652126e-04, -2.64666079e-03,
       -9.41548526e-07, -4.06929487e-04, -3.66487055e-04,  8.90544189e-04,
       -9.65354071e-07,  1.03521742e-04, -8.81998773e-05, -1.07350677e-04,
       -2.30878739e-03, -2.85550796e-03,  3.52490791e-04,  2.15675440e-03,
       -1.32692989e-03,  2.49772778e-03,  1.50263588e-04, -6.95721172e-04,
       -7.03455045e-04,  3.80861036e-05,  9.31608322e-04,  5.39416754e-04,
       -8.96800032e-07,  6.41668166e-06, -1.51303547e-04,  9.93508283e-05,
        3.79900140e-07, -2.06011360e-05,  1.56742970e-05, -1.46825496e-04,
       -3.47996607e-04, -1.03068241e-03, -8.58442019e-04,  5.94105929e-04,
       -4.42159478e-05,  1.31896261e-03,  1.26618426e-04,  9.55871331e-04,
       -3.26322546e-04,  5.18142110e-06, -6.08963322e-05, -4.20554656e-04,
       -1.04689042e-06, -9.46009741e-05, -7.00675781e-05,  1.14581571e-04,
       -2.71825669e-08,  2.13020843e-05,  2.31952698e-05,  2.55690341e-05,
       -1.78806657e-04, -4.39502529e-04, -2.09152040e-04,  2.75218359e-04,
        6.51420728e-05,  2.42548972e-04, -2.29568698e-06,  2.33543610e-04,
       -7.96217759e-05, -5.85026441e-06, -5.70329978e-05,  2.07885924e-04,
        7.47708178e-08,  2.74928340e-06, -2.43645496e-05, -1.93437592e-05,
        1.18892031e-07,  1.47919388e-06, -1.28552352e-05, -1.28403485e-05,
       -6.78662684e-05, -4.00745242e-05,  5.83366163e-06,  7.50722018e-05,
        9.95682567e-05,  3.29418665e-05,  1.85211329e-05, -4.97699576e-07,
        1.34444585e-06, -3.50467620e-06, -1.07081831e-04,  1.72210489e-05,
       -7.71283820e-07, -1.88764703e-05, -5.53768652e-06, -8.63212107e-06,
        1.87579844e-07,  3.49526657e-06,  7.72467762e-06, -1.01489551e-05,
       -1.44873054e-05, -1.08541867e-06,  5.90907918e-06,  1.42200364e-05,
        1.63077955e-05,  3.69463608e-06,  1.66000683e-07, -1.00821753e-06,
       -4.00747166e-06,  1.19625305e-06, -1.63484204e-05, -2.34364199e-06,
       -1.20721454e-08, -1.66999901e-07, -4.89976109e-06,  4.27780463e-06,
       -1.34574245e-08, -1.15922739e-06,  5.04480143e-08, -2.86419838e-07],      dtype=float64),
                   'Za_n': Array([ 1.39600331e-05, -1.02621218e-05,  1.51179581e-05, -1.67889178e-04,
       -1.93792214e-03, -1.91935779e-02, -1.74676616e-01, -1.48154925e+00],      dtype=float64),
                   'Zb_lmn': Array([-3.05394012e-08, -6.16440230e-10, -7.49578132e-09,  3.33702675e-08,
       -6.62745854e-09,  9.20473031e-09,  5.00177700e-08, -3.86465617e-08,
        6.67861106e-10,  1.70343581e-07, -4.52145851e-10, -8.54965817e-08,
       -1.12558827e-08, -1.66425389e-07, -1.75986651e-07,  4.10593569e-07,
       -6.28097362e-07,  1.01218931e-07, -6.71580590e-07,  5.80590522e-06,
        3.90140157e-06,  2.48663103e-06, -4.06169154e-07,  1.06885176e-06,
       -5.64078649e-06,  9.77583701e-08, -2.18333742e-07, -2.03571818e-05,
       -1.97510926e-05, -7.75174794e-06,  5.97516526e-05,  1.01588170e-04,
       -4.27992878e-05, -3.56629231e-05,  1.67758755e-06,  1.69259584e-07,
        2.81897379e-04, -3.12726538e-04, -4.80566592e-04,  1.12836076e-03,
        4.32905065e-04, -1.54598966e-04, -6.83417577e-05,  2.80661878e-06,
       -7.97767962e-07, -2.94080029e-04,  1.19080535e-02, -1.89446845e-02,
        9.52148929e-03,  3.00930197e-03, -1.32788702e-03, -5.56880202e-05,
        4.93742710e-07,  5.31329350e-07, -9.37969776e-02,  1.26092113e-01,
       -7.52148877e-02,  3.46888876e-03,  8.71303137e-03,  1.32191128e-03,
       -1.26254720e-04, -8.44289910e-06,  1.61386969e-06, -1.34626510e+00,
        5.07220758e-01, -6.00165173e-02,  9.45187711e-04, -3.04198014e-03,
       -1.09387756e-03, -9.76569734e-05,  4.20413498e-07, -2.93315065e-06,
        2.37015518e-06, -2.44435602e-05,  5.81293586e-04,  1.38799800e-03,
        9.80577931e-03,  2.18877141e-02, -2.85109271e-01, -2.13828414e+00,
       -2.11018435e-07,  8.77350041e-06, -2.52836250e-04,  4.14975792e-03,
        1.33273778e-02,  7.74587140e-02,  1.46770168e-01, -1.24325338e+00,
       -2.78839241e-06,  1.26875131e-05, -1.92051261e-04, -1.75301875e-04,
       -6.53579248e-03,  1.16985346e-02,  7.29422382e-02, -2.35177186e-01,
       -9.65354071e-07, -9.41548526e-07, -1.99193670e-05,  1.19659709e-03,
       -2.97102371e-03, -4.60730525e-03,  1.67651309e-02, -2.77364187e-02,
        3.79900140e-07, -8.96800032e-07,  1.74849676e-05,  1.56680269e-04,
       -3.79647267e-04, -4.94533927e-04,  3.48110773e-05, -7.56137203e-04,
       -2.71825669e-08, -1.04689042e-06,  2.64835054e-05,  3.20174521e-05,
       -8.19170102e-05,  2.73617337e-05, -1.06705421e-04,  3.43683473e-05,
        1.18892031e-07,  7.47708178e-08, -4.37107053e-06,  4.53596417e-07,
       -4.74616025e-06,  2.70202638e-08, -1.90798138e-06, -2.55383335e-06,
        1.87579844e-07, -7.71283820e-07, -9.40963079e-09, -3.55337373e-07,
        2.11102909e-07, -2.01724470e-07, -6.05639149e-08, -8.17418315e-08,
       -1.34574245e-08, -1.20721454e-08,  3.70256651e-08, -9.99218583e-10,
        9.82317966e-09,  1.10056177e-09, -2.08444139e-08,  3.06390232e-09],      dtype=float64),
                   'Zeff_l': Array([0.96829866, 0.27170636, 0.10171701, 0.06259738, 0.04149997],      dtype=float64),
                   'a_lmn': Array([], shape=(0,), dtype=float64),
                   'c_l': Array([0., 0., 0., 0., 0.], dtype=float64),
                   'i_l': Array([], shape=(0,), dtype=float64),
                   'ne_l': Array([ 2.03787095e+20, -1.19569480e-21, -1.09295575e-21, -9.62643516e-22,
       -9.05003085e-22, -3.94162487e+20], dtype=float64),
                   'ni_l': Array([], shape=(0,), dtype=float64),
                   'p_l': Array([], shape=(0,), dtype=float64)}],
               [ { 'G': Array([], shape=(0,), dtype=float64),
                   'I': Array([], shape=(0,), dtype=float64),
                   'L_lmn': Array([ 1.17623489e-05, -9.19350052e-06, -8.09741846e-06,  5.29971615e-06,
        2.54875250e-05, -1.03486970e-05, -7.78830950e-06, -1.05664359e-05,
       -6.42494884e-07, -1.99843110e-05,  9.08999385e-06,  1.32962286e-05,
        9.96968504e-06,  4.78600596e-06, -4.59653708e-06,  8.27081076e-06,
        1.50808874e-05,  1.45420516e-09, -5.27050937e-06, -2.67261373e-06,
       -8.43190778e-06,  8.64476842e-06,  5.67821329e-06,  2.96059138e-06,
        3.98183267e-07, -1.15864941e-05,  9.82003088e-05,  1.89478389e-05,
       -2.21853433e-05, -1.68532426e-04,  3.21957218e-05,  3.24092646e-06,
        6.44612621e-05,  1.88524103e-06,  7.46781570e-05, -4.24751366e-05,
       -4.93751397e-06, -2.51544745e-05, -2.31535503e-05,  1.37508041e-05,
        5.15989777e-05, -2.12911626e-05, -2.40892384e-05, -4.66284667e-05,
        1.11692411e-05,  2.31360908e-05,  6.97845085e-06, -1.39792653e-05,
       -2.00709288e-05, -1.67887160e-05,  5.90340690e-05, -5.46182767e-04,
       -1.28830552e-04,  1.49935350e-04,  6.93491284e-04, -7.71724242e-05,
       -1.67425530e-06, -2.41383819e-04, -5.31145616e-05, -2.28672013e-04,
        4.99256062e-05, -3.30869146e-05,  9.82716938e-05,  1.06972787e-04,
       -4.77095929e-05, -6.71013376e-05,  8.42313259e-05,  4.38880106e-05,
        9.60162314e-05,  4.29992117e-05, -4.86623295e-05, -2.81676214e-05,
        1.44100682e-05,  3.49962275e-05,  1.76846799e-05, -6.49835082e-04,
       -1.97339304e-04,  5.13643362e-04, -8.75225510e-04,  2.21768796e-04,
        3.18895337e-04,  4.85148784e-05,  6.83424895e-04,  1.03261000e-04,
        1.25566484e-04, -1.96676140e-04, -8.78607127e-05,  6.31762403e-05,
        5.01303458e-05,  1.59772149e-05,  6.63374866e-05, -1.42255169e-05,
       -8.23666901e-05, -1.87370469e-04, -1.13629627e-06,  6.38474138e-06,
       -6.74664324e-05, -4.03052395e-05, -2.82590146e-05, -5.58305506e-05,
        3.67064935e-03,  3.56929375e-04, -2.79110501e-03,  9.18654977e-04,
       -2.86473679e-05, -1.54541332e-03, -3.77888415e-04,  3.10557158e-04,
        4.37120019e-04, -5.89505122e-04,  5.57102013e-04,  4.71081057e-04,
       -3.29703981e-04, -8.13989447e-04, -2.53905049e-04, -2.00575215e-04,
       -1.03947887e-05, -2.10894514e-04,  2.57756745e-05,  1.13183181e-04,
        2.85451888e-04,  3.11857413e-04,  2.22100291e-04,  2.08825440e-06,
        5.62336944e-05,  6.70618938e-03,  9.24630526e-03, -5.84354006e-03,
       -5.73207739e-03, -3.91489342e-03,  4.20020927e-03,  4.88949262e-04,
        1.90954584e-03, -3.23106470e-03, -2.59942626e-03, -1.48586143e-03,
       -8.12002347e-04, -1.01530649e-03, -8.51079138e-04,  1.01851421e-03,
        1.21008641e-03,  7.37244468e-04, -4.91314391e-04,  1.02532123e-04,
       -3.57570663e-04, -5.64758263e-05, -7.31295974e-04, -2.97931010e-04,
       -5.36993050e-05, -1.65539357e-04,  2.08261061e-02, -4.63578727e-02,
       -1.04201928e-02,  1.77578839e-02,  3.42978020e-02, -6.09764260e-03,
       -5.71655632e-03, -1.05864088e-02,  9.66903339e-03, -1.09757074e-02,
        1.78860880e-03,  2.29378222e-03,  3.59898115e-03,  5.20182817e-03,
       -4.00202246e-03,  1.06889765e-03, -3.56910305e-03, -7.33956554e-04,
       -1.01707375e-04,  8.33524583e-05,  1.06972352e-03, -2.33180601e-04,
       -5.61537265e-04, -1.66747744e-05,  5.12154907e-06,  1.70557973e-01,
       -5.34283226e-02, -1.84430787e-01, -3.99343206e-03,  2.43909994e-02,
       -5.92164868e-03,  3.25988668e-02, -6.82755702e-03, -2.12514356e-02,
       -5.41124342e-02, -1.20749802e-02, -3.01478236e-03, -9.51136962e-03,
       -1.09154050e-02,  4.80461637e-03,  1.20453623e-03,  2.98866137e-02,
        8.01201298e-03,  9.69272536e-05,  4.26104856e-06,  5.71192989e-03,
        1.05586005e-03, -4.80140141e-04, -9.04464856e-05, -5.95187568e-05,
        1.73938788e-01, -6.57236797e-02,  5.29398460e-03,  3.10302112e-01,
       -3.76933028e-03,  4.86681276e-02, -4.28045670e-03, -1.33910914e-02,
       -1.16020403e-01, -1.34923796e-03, -1.44724324e-03, -4.52394040e-03,
       -2.86514273e-04, -1.01452748e-04, -3.06897743e-05, -2.16456085e-02,
       -3.86505771e-06, -2.21205770e-04, -5.00513135e-05, -2.56335306e-03,
       -1.96132890e-01, -1.99163845e-02, -1.77602020e-03,  5.69306102e-02,
        1.86639217e-02, -1.35458554e-02,  3.51761079e-03,  7.37935806e-03,
        3.81907243e-03, -1.14000551e-03, -4.63101511e-03,  1.19262278e-02,
        5.51537502e-04,  8.50751256e-04, -4.68513300e-03, -1.24756392e-02,
        2.88953554e-04,  1.21022208e-04,  1.14120115e-03,  4.92481196e-04,
        3.29576618e-02, -1.94416116e-02,  8.26657497e-03, -4.92638256e-03,
       -1.02706143e-02,  3.37080950e-03, -1.45429244e-03, -5.85526525e-03,
       -1.20190512e-03, -1.05573609e-03,  5.46241487e-03, -2.81285996e-03,
       -2.42896649e-04, -2.51742736e-04,  1.01413534e-03,  3.19243888e-03,
       -3.42355734e-05, -2.14636113e-04, -3.58343990e-04, -1.69053193e-04,
       -4.25835586e-04,  7.27493611e-03, -5.30947390e-03, -2.49845773e-03,
        3.85157191e-03, -3.42152145e-03,  8.76160233e-04,  3.48878520e-03,
        1.63887724e-04, -1.28258353e-03, -1.67659472e-03, -5.72943201e-04,
        3.08525138e-04, -4.39957975e-04,  1.50731060e-04, -4.57902058e-04,
        1.85128291e-04,  5.76393542e-05,  3.36898768e-04,  3.71003207e-04,
       -4.25793098e-04, -8.47251741e-04,  2.23548151e-03,  1.58274548e-03,
       -6.72405657e-04, -3.09909844e-05, -4.83180013e-04, -1.52132896e-03,
       -1.23669858e-03,  2.34978954e-04,  5.23511363e-04,  3.85932431e-04,
       -1.02863900e-04, -3.64157559e-05,  3.22713741e-04,  1.07487423e-04,
       -5.48933573e-05, -1.15473821e-05, -3.51149409e-04, -4.16111211e-04,
        1.08479924e-03,  6.26492847e-04, -4.56012063e-04, -1.55897523e-03,
       -9.05065921e-05, -2.76725013e-04,  9.65996297e-05,  2.40773377e-04,
        3.34973039e-04, -4.47838888e-05, -2.72772681e-05, -3.71017595e-04,
        9.74293332e-06,  1.86067998e-04,  8.33663936e-05, -2.20542116e-05,
        5.71749901e-05,  3.55120686e-05,  3.17442941e-05,  1.87393554e-04,
       -1.34969546e-04,  1.68399801e-05, -1.77662469e-05,  4.65432772e-04,
        7.91585395e-05, -1.39626536e-04,  3.59106805e-05,  6.13886597e-05,
       -3.64084022e-04,  6.55729149e-05, -2.30327451e-05,  1.67913967e-04,
       -5.30059117e-05, -1.16254274e-04, -9.87584293e-05,  2.18877403e-05,
       -2.16427040e-05, -3.47132346e-05, -9.31297336e-06, -1.22522058e-04,
       -1.28561889e-06, -2.87690104e-05, -4.49535686e-05, -3.45761901e-05,
       -3.56508250e-06,  6.94032461e-06,  2.24690868e-06,  4.23914203e-05,
        3.30502852e-05, -4.90865147e-05, -1.41199240e-05, -9.05087961e-06,
       -1.09887049e-05,  4.28406427e-05,  2.14621033e-05, -1.29927459e-05,
        1.72696712e-05,  1.76444335e-05,  9.88683913e-06,  1.20906470e-05,
        1.05235614e-05,  1.04362601e-05,  6.20253961e-06, -1.30915237e-05,
       -1.46199176e-06, -9.15481771e-06, -1.11829504e-05, -9.76780468e-06,
        2.52095281e-06, -8.47677314e-06,  6.16860983e-06, -8.48264756e-06,
        2.25393599e-06,  6.81236396e-07, -1.91092102e-06, -9.90436009e-06,
       -5.73952626e-07, -2.27548411e-06, -7.98496788e-06, -9.84569956e-06],      dtype=float64),
                   'Phi_mn': Array([], shape=(0,), dtype=float64),
                   'Psi': Array([50.20413129], dtype=float64),
                   'R_lmn': Array([-2.74797464e-06, -5.73501652e-06,  1.23025260e-05,  6.07748163e-06,
        3.56104630e-05,  7.63299756e-06, -3.07329023e-06,  2.03966593e-06,
       -9.00019926e-06,  2.68162654e-06, -3.21473620e-05,  2.05285243e-06,
       -2.01436610e-08,  3.07284589e-06, -1.43031307e-05,  5.72098526e-06,
       -7.36358192e-09, -2.70571091e-06, -3.48037682e-06, -3.93902997e-06,
       -1.36270701e-04, -5.92450788e-05, -1.75308460e-05,  1.28889507e-04,
        2.41678810e-05,  5.71141806e-05, -2.36181440e-05,  9.75108283e-06,
        3.85576915e-05, -1.89367499e-05, -5.00874928e-05,  1.21060612e-05,
       -4.48348087e-07,  2.42204176e-05,  8.03052443e-06, -3.09062492e-05,
        3.95592910e-08,  1.92285235e-05,  2.58164958e-05, -9.80162293e-06,
        1.06374044e-05, -4.57720395e-04, -2.39291925e-04,  1.60041824e-04,
        6.55136699e-05,  4.36715938e-04,  8.20820362e-05,  2.87565963e-04,
       -2.15289789e-04,  2.60008263e-05,  7.80132226e-06,  1.40023381e-05,
        1.76295799e-06, -8.26652010e-05, -3.82189584e-05,  5.19404916e-05,
       -2.62397635e-07, -1.82967447e-05, -7.43617302e-05, -2.54344994e-07,
        7.17207649e-04, -1.10217452e-04,  1.43834190e-05, -5.83892258e-04,
        4.82812638e-05, -2.68598109e-06, -6.94230950e-05, -3.25452750e-04,
       -8.47541198e-05, -3.05554661e-05, -4.69399640e-05, -7.48375295e-06,
        1.41095229e-06,  1.22077525e-04,  2.39177282e-05,  3.10603249e-05,
        1.79961820e-07,  2.71271470e-05,  1.26542194e-04,  4.52841651e-05,
       -5.09299621e-03, -2.57424428e-03, -4.49096431e-04,  3.38885411e-03,
       -1.58549885e-03,  2.62401159e-03,  1.36495331e-03,  8.10697140e-04,
        4.47529952e-04,  5.82374011e-05,  2.48641499e-04,  2.50776081e-04,
        6.57429840e-06, -4.79024058e-04, -3.21817822e-04,  1.39399084e-04,
        4.11316250e-07, -5.92945783e-05, -4.14930688e-05, -2.32746767e-04,
       -2.91188139e-02, -9.39334976e-03,  5.19166663e-03,  6.73220328e-03,
        4.87470536e-05,  1.84066514e-02, -6.87654976e-04, -2.63852237e-03,
       -2.92515142e-04, -1.89458976e-04, -5.96041917e-04, -1.60055582e-03,
        5.83648524e-07,  3.38072570e-04,  5.70344484e-04,  9.49536099e-04,
        7.85516721e-07,  1.00994840e-04, -4.76002614e-05, -1.51748630e-04,
       -2.69000055e-01,  1.37288577e-01, -1.10319191e-02, -2.45235310e-02,
        1.04659286e-03, -1.51705198e-03,  2.45448929e-03,  3.41261289e-04,
        1.17311162e-02,  8.95635397e-05, -1.37685102e-03,  2.13060504e-03,
       -4.52644125e-06, -1.68629882e-05, -1.34783161e-03, -8.59657991e-04,
        3.12576019e-07, -1.11340812e-04,  4.01906653e-04,  2.40146220e-04,
       -1.59188374e+00, -4.17756177e-02,  7.76548586e-02,  1.46316344e-01,
       -3.50076802e-03,  1.01598479e-01, -4.54424640e-03, -3.85735051e-04,
       -2.21519599e-02,  4.53238332e-04, -3.46353966e-04,  2.85122529e-03,
        3.76205481e-06,  2.07322847e-04, -2.26543730e-03,  2.33394279e-03,
        5.33933641e-07,  5.89154727e-05,  2.12554806e-05, -6.93833060e-04,
        1.01026432e+01,  1.58768006e+00, -3.08792195e-01,  3.80126849e-01,
        1.19986767e-01, -1.10313637e-02,  1.01854097e-01, -3.92504384e-02,
       -1.94509288e-02, -1.85672278e-02, -1.64157974e-02,  3.45834234e-04,
        5.38313848e-04, -1.14877742e-02, -1.36208346e-03, -1.04846227e-04,
        4.04947446e-03, -1.59612062e-03, -6.91983517e-04, -1.01392829e-05,
        2.31011058e-04, -8.28256830e-04, -4.12437525e-04, -3.14911751e-05,
       -1.37361371e-06,  1.89694775e+00, -7.66403584e-01,  7.55920190e-02,
        1.83627665e-02, -3.89091099e-03,  2.06149347e-02, -4.28121472e-02,
        2.73458135e-02, -1.53204503e-02,  1.16233470e-02, -1.76927125e-03,
       -3.81385073e-03,  2.19802751e-04,  3.00976960e-03,  4.94178714e-03,
       -7.12804944e-06, -2.28187774e-04,  8.83068317e-04,  1.03500780e-03,
       -1.86039886e-05, -9.90341052e-04, -2.58310604e-04,  3.82193391e-04,
        2.03776492e-04, -1.85142547e-06,  1.47120852e-01, -9.16311185e-02,
       -4.39700708e-02,  1.39815746e-01, -8.16209474e-02, -2.32022825e-02,
       -1.98710231e-03, -2.79982118e-04, -4.69593593e-04,  2.37853258e-02,
        1.12649131e-03,  1.28868009e-03, -1.44826229e-03,  4.36646104e-03,
       -3.64308272e-03,  2.24476274e-04, -1.45135650e-03, -2.36819502e-03,
       -6.22866689e-05, -1.77716764e-05,  9.16758076e-05, -1.46595968e-04,
        3.63997030e-04, -3.30257292e-05,  1.09196208e-06,  5.35838908e-03,
        5.70897480e-03, -9.52402636e-03,  1.14222222e-03, -1.46804418e-02,
        4.12054004e-03,  4.43780261e-03,  1.00234179e-02, -6.44375907e-04,
        8.88337136e-04, -6.58668181e-03, -8.29605696e-04, -6.45652905e-04,
       -2.62832765e-03, -1.95307549e-04,  5.16936557e-05,  8.83828233e-04,
        7.29354965e-04,  5.13315134e-04, -1.09118017e-06, -1.44512580e-04,
        1.09706699e-04,  5.55754225e-05, -5.11218959e-05,  1.32472812e-06,
        2.10203608e-03,  6.37849400e-03, -1.46784423e-03,  6.67140429e-04,
       -6.74386962e-03,  2.36602815e-04, -1.10144919e-03, -5.12900538e-04,
       -1.23182993e-03,  6.38643192e-05, -8.14291317e-04,  1.30011341e-03,
        4.88531021e-04,  7.33620217e-04, -2.22277917e-04,  5.64950242e-05,
        1.49060254e-05, -2.25972887e-04, -3.94445340e-04,  2.51667473e-06,
       -1.12423132e-04, -9.68100680e-05,  4.60293582e-05, -4.46407980e-05,
        1.48360610e-06, -9.56789891e-05,  2.64179128e-03, -2.57655348e-05,
        1.52519116e-03, -2.41883764e-03, -3.50175015e-05,  1.26147162e-04,
       -2.00567622e-03,  9.08346951e-05,  5.50325558e-05, -4.13333750e-04,
       -1.18012044e-04, -5.43254935e-05,  4.86686897e-04, -1.33194330e-04,
       -9.26013995e-06, -1.64951878e-04,  1.16984689e-04,  1.80171152e-04,
        3.38193793e-06,  4.60343254e-05,  5.01331188e-06,  1.24203673e-04,
        3.21125801e-05, -7.05269840e-07,  1.31288270e-04, -2.78742810e-05,
       -1.27755142e-04, -3.62422708e-04,  1.46703078e-05, -2.07053024e-04,
       -9.24411480e-05,  4.91381214e-04,  3.55808184e-05, -2.49009658e-05,
        2.48498719e-04,  8.58667005e-05,  1.04541527e-04, -1.50197307e-04,
        2.80958051e-05,  4.39803849e-05,  3.64592673e-05, -4.14324055e-05,
       -8.38438712e-05, -6.23305555e-08, -1.29160221e-05,  1.43775859e-05,
       -5.48026081e-05, -3.41428736e-05, -3.01173574e-08, -1.12355271e-04,
       -2.12374142e-05,  9.58494503e-05, -9.02667741e-05, -2.94361870e-05,
        1.07229043e-05,  8.57600442e-05,  7.58634485e-05,  1.70789751e-06,
        5.15937823e-05, -4.18651842e-05, -2.14434668e-05, -9.25566095e-05,
        2.31571412e-05, -2.47890658e-05, -2.35597684e-05, -9.32492996e-07,
        3.10997004e-05,  2.10772816e-05,  3.97484912e-07,  2.35092813e-05,
       -8.73953531e-06,  2.33441081e-05,  2.39952333e-05, -4.36903764e-07,
       -1.47143953e-05, -4.19891527e-06, -1.32600854e-05, -1.46684626e-07,
        2.00626142e-06,  2.26156946e-05,  2.50617452e-05, -9.55310884e-06,
        3.46896376e-05, -3.99985823e-06, -1.30133458e-05, -1.30049442e-06,
        1.21676950e-05,  1.37134379e-05, -3.56287915e-05,  4.18618647e-06,
        6.17582674e-06, -9.57741034e-06,  1.32533972e-06, -2.31279196e-08,
       -9.23975998e-06, -4.01897307e-06,  9.24567015e-07, -4.12831545e-06,
       -5.00079178e-08], dtype=float64),
                   'Ra_n': Array([ 1.05129822e+01,  1.77733344e+00,  1.90643759e-01,  1.98213584e-02,
        1.86747697e-03,  1.56593527e-04,  4.91447137e-05, -6.37878654e-06,
        2.19998032e-06], dtype=float64),
                   'Rb_lmn': Array([-7.36358192e-09, -2.01436610e-08, -2.40843781e-08, -4.44338448e-10,
       -1.72757938e-08,  3.90612572e-08,  1.18035005e-08,  5.02929924e-08,
        3.95592910e-08, -4.48348087e-07,  2.91773553e-07,  6.02273595e-07,
       -1.03115983e-07,  2.50761260e-07,  1.73539979e-07,  2.70248261e-07,
       -2.62397635e-07,  1.76295799e-06,  7.70408156e-06, -5.83164864e-07,
       -1.04673808e-06,  1.00550797e-05, -7.25646479e-06,  7.32993119e-06,
        1.79961820e-07,  1.41095229e-06, -3.42831903e-06,  5.26544300e-05,
        1.27883494e-04, -2.87151603e-04, -7.51030205e-05,  7.96215953e-05,
        4.11316250e-07,  6.57429840e-06, -1.05717720e-06,  8.85929251e-04,
       -1.37835042e-03,  3.97828879e-05,  6.77966211e-05, -1.11721306e-03,
        7.85516721e-07,  5.83648524e-07, -8.84641364e-05, -3.49582406e-04,
       -5.94895125e-04,  3.12348875e-03,  7.26099718e-03, -2.17295897e-02,
        3.12576019e-07, -4.52644125e-06, -2.17772720e-05,  2.43762630e-03,
        7.16484975e-05, -1.20384895e-02,  1.38142276e-01, -2.82652128e-01,
        5.33933641e-07,  3.76205481e-06,  5.12153805e-04, -4.33692355e-03,
       -3.82586650e-03,  7.50036863e-02,  6.19802535e-02, -1.46538542e+00,
        9.89647447e+00,  1.69314907e+00,  3.28560380e-01, -2.90432817e-02,
       -2.12254498e-02, -3.46149283e-04, -1.36337402e-04, -1.01392829e-05,
       -1.37361371e-06,  1.92895709e+00, -7.58899336e-01,  4.84600391e-02,
        1.97287318e-02, -9.99646972e-03, -2.77884293e-03,  1.96648442e-04,
       -1.86039886e-05, -1.85142547e-06,  9.98070925e-02, -1.50918097e-01,
        1.43755629e-01, -2.44439862e-02, -3.74867928e-03,  1.22639342e-03,
        1.91450544e-04, -1.77716764e-05,  1.09196208e-06, -5.18000155e-04,
       -7.19930160e-03,  8.64701918e-03, -1.73678680e-03, -7.84108034e-04,
       -3.16290562e-04,  5.71759808e-07, -1.09118017e-06,  1.32472812e-06,
       -9.11494549e-05, -2.86605282e-04,  7.91050039e-04, -8.03661389e-04,
       -1.40807849e-03,  9.05668067e-04,  1.18542263e-05,  2.51667473e-06,
        1.48360610e-06, -3.58852986e-06,  1.13034321e-04,  1.12151445e-05,
       -3.31366562e-04,  8.18440377e-05,  6.21591076e-05,  2.28524402e-05,
        3.38193793e-06, -7.05269840e-07,  2.71748506e-06, -1.64567171e-06,
       -6.86121462e-06,  1.32901864e-08,  8.87401536e-06,  2.02282930e-06,
        9.83751130e-06, -6.23305555e-08, -3.01173574e-08,  2.06894914e-07,
       -1.23118783e-08,  1.42802785e-08, -4.25795169e-08,  2.62939756e-07,
       -3.66185193e-07,  4.35464864e-07,  3.97484912e-07, -4.36903764e-07,
        1.51994928e-08, -1.66853412e-08, -5.32862302e-09,  2.49384079e-08,
       -1.45868349e-08,  2.48452998e-08,  5.78710267e-08, -2.31279196e-08,
       -5.00079178e-08], dtype=float64),
                   'Te_l': Array([  3667.16731254, -11057.81810992,  -1780.8021689 ,  -1154.97159437,
         -209.85177662], dtype=float64),
                   'Ti_l': Array([  2713.35436005, -11781.4300878 ,  -2140.4262686 ,  -1105.0911658 ,
         -287.39849938], dtype=float64),
                   'Z_lmn': Array([ 1.66313223e-05, -1.47290665e-05, -5.86158831e-06,  2.12064603e-06,
        2.49196635e-05, -2.13054217e-05, -1.13418820e-05,  2.88636938e-06,
       -1.79093064e-05,  3.49046759e-06,  2.08510779e-05, -1.55834764e-06,
       -1.60582977e-06, -4.70085471e-06,  2.11775852e-05, -2.61973623e-06,
       -1.36816810e-05,  4.87714004e-07,  1.56755237e-06, -3.86465617e-08,
        2.14743843e-06, -3.13656486e-07, -3.27490632e-06,  2.66975400e-06,
        6.67861106e-10,  4.08476341e-05,  5.79086250e-05,  1.96275522e-06,
        4.45627424e-05, -2.61960736e-05, -2.18418950e-05, -5.21940115e-05,
       -2.15086302e-05, -8.19853747e-05, -3.71117512e-05,  3.79939695e-05,
       -2.46561493e-05,  2.68494463e-06, -3.47768912e-05,  9.13908933e-05,
        6.32973932e-06,  5.39874763e-06, -1.61633303e-05,  2.44801627e-05,
       -6.28097362e-07,  6.86902113e-06,  1.16372824e-05, -9.57194397e-06,
       -5.91914575e-06,  1.01218931e-07,  2.94541880e-04,  1.78390561e-06,
       -1.26900268e-04,  5.96730049e-04,  1.46235713e-04,  1.60372794e-04,
       -2.55311048e-04, -5.73329032e-04,  5.93560399e-06, -1.13917438e-04,
       -1.18390704e-04, -2.09802982e-06,  1.17431702e-04, -8.73610123e-06,
       -9.68198366e-06,  4.87975373e-06, -2.77694684e-05, -3.95449161e-05,
        3.23335707e-06,  9.77583701e-08, -3.04917003e-05, -1.07558470e-05,
        3.28514306e-06, -1.05457029e-05, -2.18333742e-07, -1.36461828e-04,
       -1.00148658e-03,  7.44261897e-05,  6.47790682e-05,  1.04907308e-03,
        8.72298175e-04,  2.86828005e-05, -1.81640771e-04,  1.46044572e-04,
       -1.27843264e-04, -7.82484125e-04, -1.20827715e-04, -3.45433582e-06,
        7.73679446e-05, -2.59201859e-05, -1.20974547e-05,  6.02511501e-05,
       -3.03350467e-05,  7.82296842e-05,  1.67758755e-06,  1.64371343e-05,
        3.17514927e-05, -1.83566828e-05, -2.36181812e-05,  1.69259584e-07,
       -1.66978706e-03, -1.16633413e-02,  1.22824222e-03, -2.15908510e-03,
        9.67453819e-03, -4.41992919e-04,  8.69989810e-04,  2.28999361e-03,
        8.95188449e-04,  1.39873746e-03,  1.65675732e-03, -1.14171074e-04,
       -1.20799454e-04, -5.67586186e-04, -4.22624361e-04, -6.76873819e-05,
        2.76805041e-04, -8.63176130e-05, -4.02009146e-05,  2.80661878e-06,
       -2.57836545e-05, -4.36271411e-05, -4.02404539e-05, -6.22541303e-07,
       -7.97767962e-07, -1.19771593e-02, -1.46824352e-02,  8.70084333e-03,
       -2.26634761e-02,  2.80326973e-02,  6.91377489e-03,  1.98757942e-03,
        1.23757334e-03,  2.69754397e-03, -1.21312968e-03,  2.22420528e-03,
       -1.50195483e-03,  7.28431274e-04,  2.46779815e-03,  3.04489460e-04,
       -7.62681568e-05, -2.27638281e-04,  3.84244478e-04,  1.73584959e-04,
        4.93742710e-07,  2.66178899e-04,  1.28777525e-05,  7.65854905e-06,
        1.98451039e-05,  5.31329350e-07, -1.32901767e-01,  5.06458398e-02,
        3.82633257e-02, -6.11658880e-02,  8.36151612e-02, -9.46447363e-03,
       -1.07286263e-03, -1.28327685e-02,  7.01362525e-03, -8.04628578e-03,
        1.23957197e-02,  1.54682002e-03,  2.08297527e-03, -1.25554685e-03,
        1.85077758e-03, -1.67680923e-04, -1.21935102e-04,  5.38107043e-04,
       -2.24691050e-04, -8.44289910e-06, -1.65209744e-04,  3.77223656e-05,
       -1.50407952e-04,  4.28489916e-05,  1.61386969e-06, -1.42783945e+00,
        3.04214038e-01,  6.31179671e-02, -6.68838877e-02,  2.53565823e-01,
        7.15866914e-03,  1.28847511e-02,  1.42297170e-02, -6.08991362e-03,
       -5.13866743e-02, -6.33978488e-03, -4.82697129e-04,  4.42807635e-03,
       -7.31191476e-03,  3.49558713e-03, -1.68326950e-04,  8.22913156e-04,
        1.21528974e-04, -6.14638764e-04,  4.20413498e-07,  1.11719905e-03,
       -3.76941304e-05, -4.46086972e-04,  7.18285311e-05, -2.93315065e-06,
       -2.17679673e+00, -3.54151213e-01,  1.56083308e-02,  5.86987371e-02,
        8.37240817e-03,  5.22739180e-02,  1.08188370e-03,  5.03765536e-03,
       -1.85892643e-02,  5.89300082e-04,  9.76965479e-04,  1.55897545e-02,
       -2.44435602e-05,  3.14208430e-04,  1.23782153e-03, -1.64817108e-03,
        2.37015518e-06, -1.26357265e-05,  4.66245012e-04,  1.18421497e-03,
       -1.24933685e+00,  1.06147585e-01,  6.49055214e-02, -7.12376007e-03,
        2.10690811e-02,  3.66343467e-02,  4.64406564e-03,  1.31651204e-02,
        1.23004773e-02, -1.94548533e-04, -7.56346135e-03,  3.73938938e-03,
        8.77350041e-06, -4.90892108e-04, -6.20988822e-04,  9.07310334e-04,
       -2.11018435e-07, -5.38244319e-05, -1.79378006e-04,  2.69991679e-04,
       -2.39885161e-01,  5.78142148e-02,  2.28951772e-02,  4.32879498e-03,
       -6.37342680e-03,  1.22234173e-02, -2.98228106e-04, -1.11266849e-02,
       -2.42024113e-04, -1.68929277e-04, -1.53267915e-04,  3.44715718e-03,
        1.26875131e-05,  1.22587955e-04, -6.98221765e-05,  6.21926193e-04,
       -2.78839241e-06, -2.39103991e-05, -9.15741305e-06, -5.44413026e-04,
       -3.15278152e-02,  1.16538530e-02, -7.73043479e-03,  2.11403566e-03,
       -2.26680904e-03,  7.92227518e-03,  1.60595443e-03,  3.49576220e-03,
        6.69706431e-04, -1.24649649e-04, -6.12047890e-04, -2.66940264e-03,
       -9.41548526e-07, -4.10679027e-04, -3.71552992e-04,  1.00768231e-03,
       -9.65354071e-07,  1.04182761e-04, -9.11014923e-05, -1.42780196e-04,
       -2.44392918e-03, -2.76527866e-03,  2.13516802e-04,  2.37177720e-03,
       -1.33015548e-03,  2.41396112e-03,  1.61166443e-04, -5.39444589e-04,
       -8.25415017e-04,  3.74820417e-05,  9.35695391e-04,  5.33801623e-04,
       -8.96800032e-07, -3.80365239e-06, -1.68681124e-04,  1.41248013e-04,
        3.79900140e-07, -1.97566350e-05,  1.40890576e-05, -1.47177160e-04,
       -3.58473176e-04, -1.26309409e-03, -9.28823684e-04,  6.11901772e-04,
       -7.46686508e-05,  1.57048566e-03,  1.26172709e-04,  1.03358818e-03,
       -3.52797205e-04,  3.54917363e-06, -2.53897620e-05, -4.37035869e-04,
       -1.04689042e-06, -9.42062269e-05, -7.74674136e-05,  1.33747035e-04,
       -2.71825669e-08,  2.29596119e-05,  1.83387694e-05,  2.28242788e-05,
       -2.49523912e-04, -4.44766903e-04, -2.39789683e-04,  3.34901137e-04,
        7.08022251e-05,  2.56226963e-04, -2.59836033e-06,  2.61187444e-04,
       -6.55289854e-05, -8.32321827e-06, -6.10289506e-05,  2.03276128e-04,
        7.47708178e-08,  3.10342087e-06, -2.14203665e-05, -2.23361978e-05,
        1.18892031e-07,  3.85153884e-06, -1.45013445e-05, -1.65830555e-05,
       -7.64185155e-05, -4.72039534e-05,  3.56099152e-06,  8.15745675e-05,
        1.03315938e-04,  4.23087498e-05,  1.92494757e-05,  1.40212005e-06,
        4.09106375e-06, -3.47028241e-06, -1.10149155e-04,  1.47973841e-05,
       -7.71283820e-07, -1.96048131e-05, -5.16483603e-06, -9.32885759e-06,
        1.87579844e-07,  3.46087278e-06,  7.04431979e-06, -9.96274445e-06,
       -1.14837756e-05,  4.23515333e-08,  8.14316935e-06,  1.17536223e-05,
        1.55961999e-05,  1.09936471e-06, -4.51559637e-07, -2.42129210e-06,
       -4.25990805e-06,  1.29055426e-06, -1.55825670e-05, -1.56179562e-06,
       -1.20721454e-08,  4.50560419e-07, -5.72077668e-06,  3.99312526e-06,
       -1.34574245e-08, -1.25352860e-06, -3.80972327e-09,  3.99234962e-07],      dtype=float64),
                   'Za_n': Array([ 1.49042968e-05, -9.12505611e-06,  1.82076982e-05, -1.62313747e-04,
       -1.93302366e-03, -1.91526756e-02, -1.74486140e-01, -1.48138354e+00],      dtype=float64),
                   'Zb_lmn': Array([-3.05394012e-08, -6.16440230e-10, -7.49578132e-09,  3.33702675e-08,
       -6.62745854e-09,  9.20473031e-09,  5.00177700e-08, -3.86465617e-08,
        6.67861106e-10,  1.70343581e-07, -4.52145851e-10, -8.54965817e-08,
       -1.12558827e-08, -1.66425389e-07, -1.75986651e-07,  4.10593569e-07,
       -6.28097362e-07,  1.01218931e-07, -7.29434173e-07,  6.33271189e-06,
        3.90906857e-06,  2.43717308e-06, -4.61236615e-07,  1.13532725e-06,
       -5.66594921e-06,  9.77583701e-08, -2.18333742e-07, -2.03700391e-05,
       -2.00056111e-05, -7.74226559e-06,  5.94790031e-05,  1.01767703e-04,
       -4.25980311e-05, -3.57156359e-05,  1.67758755e-06,  1.69259584e-07,
        2.81861860e-04, -3.13260652e-04, -4.80304822e-04,  1.12844679e-03,
        4.32323634e-04, -1.54371988e-04, -6.83099232e-05,  2.80661878e-06,
       -7.97767962e-07, -2.94126408e-04,  1.19094941e-02, -1.89452269e-02,
        9.52222465e-03,  3.00969198e-03, -1.32836988e-03, -5.64230529e-05,
        4.93742710e-07,  5.31329350e-07, -9.37935381e-02,  1.26092780e-01,
       -7.52164810e-02,  3.46935308e-03,  8.71399488e-03,  1.32212896e-03,
       -1.24831932e-04, -8.44289910e-06,  1.61386969e-06, -1.34629145e+00,
        5.07216100e-01, -6.00037796e-02,  9.40413231e-04, -3.04041346e-03,
       -1.09733589e-03, -9.64984189e-05,  4.20413498e-07, -2.93315065e-06,
        2.37015518e-06, -2.44435602e-05,  5.76664356e-04,  1.39609213e-03,
        9.81561866e-03,  2.18838077e-02, -2.85103326e-01, -2.13833543e+00,
       -2.11018435e-07,  8.77350041e-06, -2.48372965e-04,  4.15317353e-03,
        1.33262417e-02,  7.74496530e-02,  1.46791313e-01, -1.24325282e+00,
       -2.78839241e-06,  1.26875131e-05, -1.92839676e-04, -1.75640151e-04,
       -6.53585213e-03,  1.16986702e-02,  7.29403762e-02, -2.35176464e-01,
       -9.65354071e-07, -9.41548526e-07, -2.04668878e-05,  1.19527540e-03,
       -2.96995843e-03, -4.60622559e-03,  1.67639454e-02, -2.77363908e-02,
        3.79900140e-07, -8.96800032e-07,  1.77254067e-05,  1.57362791e-04,
       -3.80371030e-04, -4.94608911e-04,  3.53069245e-05, -7.56318993e-04,
       -2.71825669e-08, -1.04689042e-06,  2.65087855e-05,  3.19664818e-05,
       -8.17196434e-05,  2.72970867e-05, -1.06820027e-04,  3.43784257e-05,
        1.18892031e-07,  7.47708178e-08, -4.47167943e-06,  5.05060548e-07,
       -4.72807005e-06, -2.26058398e-08, -1.84686685e-06, -2.48795861e-06,
        1.87579844e-07, -7.71283820e-07, -9.40963079e-09, -3.55337373e-07,
        2.11102909e-07, -2.01724470e-07, -6.05639149e-08, -8.17418315e-08,
       -1.34574245e-08, -1.20721454e-08,  3.70256651e-08, -9.99218583e-10,
        9.82317966e-09,  1.10056177e-09, -2.08444139e-08,  3.06390232e-09],      dtype=float64),
                   'Zeff_l': Array([0.96245944, 0.26663776, 0.10093738, 0.06341039, 0.04268658],      dtype=float64),
                   'a_lmn': Array([], shape=(0,), dtype=float64),
                   'c_l': Array([0., 0., 0., 0., 0.], dtype=float64),
                   'i_l': Array([], shape=(0,), dtype=float64),
                   'ne_l': Array([ 2.02673896e+20, -1.26226361e-21, -1.15797523e-21, -1.02374614e-21,
       -9.66938568e-22, -3.94588841e+20], dtype=float64),
                   'ni_l': Array([], shape=(0,), dtype=float64),
                   'p_l': Array([], shape=(0,), dtype=float64)}],
               [ { 'G': Array([], shape=(0,), dtype=float64),
                   'I': Array([], shape=(0,), dtype=float64),
                   'L_lmn': Array([ 1.15621228e-05, -1.45321795e-05, -9.09188472e-07,  1.03165445e-05,
        2.45194716e-05, -1.00090398e-05, -1.62468928e-05, -1.55228818e-05,
       -1.46655229e-06, -1.13040183e-05,  9.18832884e-06,  1.38343550e-05,
        8.42977466e-06,  6.12480787e-06, -1.06864267e-06,  1.04214543e-05,
        1.58694232e-05, -5.62602333e-07, -6.22320236e-06, -2.82721900e-06,
       -9.63252262e-06,  9.34956750e-06,  5.54899463e-06,  3.74966771e-06,
        4.15774511e-07, -2.65229951e-05,  1.45894511e-04,  1.56201541e-05,
       -4.87433379e-05, -1.97498405e-04,  2.90567314e-05,  2.25754708e-05,
        8.40364217e-05,  1.53351960e-06,  4.74507614e-05, -4.07685408e-05,
       -9.86637476e-06, -2.71267933e-05, -1.48707461e-05,  3.88392479e-06,
        5.97310034e-05, -8.76727845e-06, -1.77971615e-05, -4.43968708e-05,
        1.20531058e-05,  2.12878787e-05,  2.63560848e-06, -1.44724272e-05,
       -2.12674017e-05, -1.78601060e-05,  2.02776556e-04, -7.99028503e-04,
       -2.58548300e-04,  2.19576385e-04,  9.74368312e-04, -7.43475302e-05,
       -2.76978464e-05, -3.25700347e-04, -5.76682395e-05, -2.62561650e-04,
        4.43626987e-05, -3.54222662e-05,  1.24181735e-04,  1.36220570e-04,
       -5.96502365e-05, -8.28979383e-05,  8.24829667e-05,  4.63176770e-05,
        9.42239598e-05,  4.66201910e-05, -5.53570853e-05, -3.67918653e-05,
        1.29641805e-05,  4.54164115e-05,  1.51381843e-05, -6.32862890e-04,
       -3.14632020e-04,  5.17229841e-04, -8.67970259e-04,  3.88923137e-04,
        3.45982969e-04,  1.15036654e-05,  6.22030575e-04,  4.94941771e-05,
        1.01180923e-04, -2.03136933e-04, -9.73382358e-05,  5.89476088e-05,
        1.16905687e-04,  9.81216852e-05,  7.01277124e-05, -1.28743895e-05,
       -1.06830495e-04, -1.89451293e-04,  2.00167852e-06,  5.70765888e-06,
       -8.76974416e-05, -4.90475468e-05, -4.20702532e-05, -5.63295661e-05,
        3.58592665e-03,  1.11089398e-03, -2.89201727e-03,  5.48733409e-04,
       -6.42806710e-04, -1.38289008e-03, -1.00984350e-04,  8.08823201e-04,
        6.05925411e-04, -8.61177156e-04,  2.99971455e-04,  4.01069488e-04,
       -3.85612194e-04, -9.72811251e-04, -3.58321320e-04, -2.06637570e-04,
        1.16465702e-04, -1.15968303e-04,  4.71350177e-05,  1.13153676e-04,
        2.67134666e-04,  3.16487221e-04,  2.49626506e-04,  1.04513346e-05,
        5.36941102e-05,  9.74865043e-03,  6.26016909e-03, -7.96239836e-03,
       -3.62478051e-03, -4.26502996e-04,  3.80311959e-03, -6.26364734e-04,
       -4.30137232e-04, -3.54798598e-03, -2.83008399e-03, -8.86655690e-04,
       -6.46324052e-04, -8.23854337e-04, -5.54885595e-04,  9.69916041e-04,
        1.30702543e-03,  4.17537259e-04, -8.38639784e-04,  4.99789053e-05,
       -3.61554357e-04, -4.13994834e-05, -6.46761837e-04, -3.19038838e-04,
       -8.93741896e-05, -1.68283088e-04,  1.58733519e-02, -4.01024763e-02,
       -7.55275204e-03,  1.46690614e-02,  2.87135298e-02, -4.26211832e-03,
       -3.54563150e-03, -6.83515079e-03,  9.21369030e-03, -1.25799518e-02,
       -3.66555676e-05,  2.08296839e-03,  3.39117133e-03,  5.00345382e-03,
       -3.80833946e-03,  1.17575360e-03, -2.83705539e-03, -1.26582060e-04,
       -2.60413543e-05,  9.25803075e-05,  8.35515190e-04, -4.16084030e-04,
       -6.76150927e-04, -1.62735924e-05, -2.60324424e-06,  1.79942494e-01,
       -6.88053216e-02, -1.94257108e-01,  2.37440902e-04,  3.86869106e-02,
       -9.35092889e-03,  3.03169344e-02, -1.40547511e-02, -2.08808793e-02,
       -5.50468433e-02, -1.12347442e-02, -2.56668930e-03, -7.78188582e-03,
       -9.84316097e-03,  4.88397044e-03,  1.28131387e-03,  3.04336788e-02,
        8.04378912e-03,  1.35184580e-04, -2.76140491e-05,  5.97845486e-03,
        1.41321867e-03, -4.36967956e-04, -9.09614217e-05, -6.49050871e-05,
        1.77520071e-01, -5.40307501e-02,  9.88634025e-03,  3.20834383e-01,
       -3.66209477e-03,  4.54670072e-02, -4.42035577e-03, -1.41799071e-02,
       -1.23442194e-01, -1.29537062e-03, -1.29379927e-03, -5.05786542e-03,
       -2.63992942e-04, -1.01253351e-04, -2.26879526e-04, -2.23418405e-02,
       -3.76545474e-06, -2.35323936e-04, -1.14569413e-05, -2.68958467e-03,
       -1.90156427e-01, -2.11355447e-02, -1.36641058e-04,  5.42059732e-02,
        1.66242556e-02, -1.12716898e-02,  2.84237918e-03,  6.28983456e-03,
        3.25725711e-03, -1.18418833e-03, -4.68531252e-03,  1.24982901e-02,
        5.51242202e-04,  9.12754762e-04, -4.56662843e-03, -1.29502632e-02,
        2.90120122e-04,  1.34192105e-04,  1.13804249e-03,  5.96342398e-04,
        3.16557745e-02, -1.84730453e-02,  6.59836229e-03, -3.48040528e-03,
       -9.82143762e-03,  1.36757134e-03, -1.09770021e-03, -4.52174237e-03,
       -1.10126928e-03, -1.04414401e-03,  5.56705122e-03, -2.12441799e-03,
       -2.09125171e-04, -2.49006126e-04,  5.70744230e-04,  3.18311247e-03,
       -1.52194321e-05, -2.41944695e-04, -2.99099603e-04, -3.79325015e-04,
        3.23170215e-04,  6.73402983e-03, -4.64858791e-03, -3.64721782e-03,
        4.16732060e-03, -2.50876913e-03,  7.47196887e-04,  2.73314177e-03,
        4.84924452e-04, -1.38717070e-03, -1.73128113e-03, -1.15604669e-03,
        2.87605166e-04, -4.76309420e-04,  4.95673494e-04, -4.27845299e-04,
        1.80279996e-04,  8.43858574e-05,  3.59756847e-04,  3.81661239e-04,
       -7.98231360e-04, -5.35235776e-04,  2.03303144e-03,  2.03701281e-03,
       -8.22078760e-04, -4.60836971e-04, -4.12381976e-04, -1.27024697e-03,
       -1.30525280e-03,  2.41659366e-04,  6.17672212e-04,  6.14486461e-04,
       -1.00881956e-04, -3.11875480e-05,  2.42695054e-04,  5.33235095e-05,
       -5.14533696e-05, -1.17599437e-05, -3.95440092e-04, -4.24062362e-04,
        1.28843557e-03,  5.39942913e-04, -4.33306521e-04, -1.63971398e-03,
       -7.02496704e-05, -1.83894356e-04,  1.07073686e-04,  1.68954899e-04,
        1.88853907e-04, -3.38383047e-05, -7.92059699e-05, -4.04234304e-04,
        1.16781013e-05,  1.99483766e-04,  1.36580201e-04,  2.97959831e-05,
        5.85745241e-05,  4.63152178e-05,  3.82826297e-05,  1.80044553e-04,
       -1.81400412e-04,  8.53039993e-05, -3.35337042e-05,  4.61560112e-04,
        9.07732835e-05, -1.94724025e-04,  4.42861096e-05,  8.24026590e-05,
       -3.11535562e-04,  8.34720147e-05, -2.24496401e-05,  1.50157863e-04,
       -5.77486710e-05, -1.20951053e-04, -1.10315513e-04,  1.58792125e-05,
       -2.02255306e-05, -4.38855093e-05, -1.61743475e-05, -1.19692308e-04,
       -2.67462361e-05, -2.92896992e-05, -5.14314469e-05,  6.28390100e-06,
       -3.01888427e-06, -2.37382781e-06,  3.92847641e-06,  4.69245402e-05,
        1.57106398e-05, -5.75079041e-05, -9.81274717e-06,  1.08095867e-05,
       -1.14152374e-05,  4.30416532e-05,  2.05011382e-05, -1.04315792e-05,
        1.87305113e-05,  1.94282779e-05,  9.88264620e-06,  3.69498737e-06,
        2.24637085e-05,  3.99448043e-06,  9.98710583e-06, -3.02218302e-05,
       -1.43347331e-06,  3.03433055e-06, -1.19872876e-05, -1.33281373e-05,
        8.82608033e-06, -1.00108719e-05,  3.89446899e-06, -1.59205534e-05,
        2.84386607e-06,  2.12659897e-06, -1.84907429e-06, -8.94079118e-06,
       -6.37416149e-07, -2.67094974e-06, -8.68624878e-06, -7.68460750e-06],      dtype=float64),
                   'Phi_mn': Array([], shape=(0,), dtype=float64),
                   'Psi': Array([50.20413129], dtype=float64),
                   'R_lmn': Array([ 3.17232916e-06, -6.56518236e-06,  1.53014950e-05,  1.00433526e-05,
        3.59536690e-05,  7.37360962e-06, -3.04899065e-06, -7.62322591e-07,
       -2.00835533e-05,  3.20539539e-06, -3.04050097e-05,  2.08064963e-06,
       -2.01436610e-08,  3.04854632e-06, -1.45001112e-05,  6.91816452e-06,
       -7.36358192e-09, -3.22947977e-06, -5.56593512e-06, -2.87727339e-06,
       -1.34885982e-04, -9.17756534e-05, -2.32140745e-05,  1.13574634e-04,
        3.78789538e-05,  9.25311347e-05, -2.60320952e-05,  1.28701298e-05,
        4.87675916e-05, -1.93650400e-05, -6.41575812e-05,  1.55324017e-05,
       -4.48348087e-07,  2.66343688e-05,  1.05947059e-05, -2.71859957e-05,
        3.95592910e-08,  1.96568136e-05,  2.61755114e-05, -1.61143430e-05,
       -5.67433037e-05, -4.37216097e-04, -2.62217851e-04,  2.54319883e-04,
        6.78531904e-05,  4.10248106e-04,  6.38426660e-05,  3.15656172e-04,
       -2.45054736e-04,  2.85267665e-05,  1.30761497e-05,  1.05642338e-05,
        1.76295799e-06, -6.59137494e-05, -4.24350310e-05,  5.52167383e-05,
       -2.62397635e-07, -2.13562380e-05, -8.07892507e-05,  8.01896828e-06,
        8.35890549e-04, -2.39646761e-04,  1.25829719e-04, -5.95548011e-04,
        8.86401896e-06,  3.84493286e-05, -3.17022147e-05, -4.23643052e-04,
       -2.07014950e-04, -4.11609326e-05, -1.68253836e-05,  8.37894027e-05,
        1.41095229e-06,  8.49916749e-05,  8.63065012e-06,  4.56704802e-05,
        1.79961820e-07,  3.65842941e-05,  1.35267520e-04,  4.43517269e-05,
       -4.84853728e-03, -2.92876258e-03, -4.37709948e-04,  2.97292369e-03,
       -1.63960907e-03,  3.23012554e-03,  1.33221479e-03,  7.85100686e-04,
        5.48685586e-04,  6.67584485e-05,  3.31769508e-04,  1.88119666e-05,
        6.57429840e-06, -4.41658990e-04, -3.05342844e-04,  2.06398925e-04,
        4.11316250e-07, -6.59077280e-05, -7.43755603e-05, -2.49787283e-04,
       -3.18449409e-02, -9.15264539e-03,  4.76127213e-03,  9.45289201e-03,
        1.53218505e-04,  1.80781962e-02, -7.46414134e-04, -2.24436351e-03,
       -3.50426990e-04, -1.81698305e-04, -7.46654867e-04, -1.46907340e-03,
        5.83648524e-07,  4.00311946e-04,  6.08254488e-04,  1.01929527e-03,
        7.85516721e-07,  9.31006569e-05,  6.94997961e-07, -1.98039120e-04,
       -2.63587183e-01,  1.33311847e-01, -1.03131456e-02, -2.80412154e-02,
        1.08687581e-03,  1.91150664e-03,  2.50773501e-03, -2.86993049e-05,
        1.00577511e-02,  8.07243330e-05, -1.41764823e-03,  2.56432405e-03,
       -4.52644125e-06, -8.29614134e-05, -1.69960960e-03, -1.07025297e-03,
        3.12576019e-07, -9.63451870e-05,  4.15434021e-04,  3.44542999e-04,
       -1.60373135e+00, -3.86097846e-02,  7.84975447e-02,  1.57287100e-01,
       -3.69952835e-03,  9.88861196e-02, -4.51601594e-03, -1.55040138e-03,
       -2.14621465e-02,  4.22805913e-04, -2.02041513e-04,  2.38301714e-03,
        3.76205481e-06,  1.93456288e-04, -1.91610477e-03,  2.49731188e-03,
        5.33933641e-07,  6.44966831e-05, -4.49712402e-05, -7.21183770e-04,
        1.01031823e+01,  1.57574771e+00, -3.06069243e-01,  3.81561013e-01,
        1.31493377e-01, -1.10700722e-02,  9.86205410e-02, -3.98472594e-02,
       -1.92614924e-02, -1.83835376e-02, -1.64496895e-02,  3.43869416e-04,
        5.09643153e-04, -1.20772702e-02, -1.35793966e-03, -1.20681196e-04,
        4.29673084e-03, -1.55083885e-03, -6.53666076e-04, -1.01392829e-05,
        2.31180153e-04, -8.69197942e-04, -4.24566755e-04, -3.90246960e-05,
       -1.37361371e-06,  1.89447060e+00, -7.62185452e-01,  7.49025974e-02,
        2.04422099e-02, -7.81539976e-03,  2.23973010e-02, -3.95193256e-02,
        2.48238045e-02, -1.52880457e-02,  1.11764029e-02, -3.72604236e-03,
       -3.74260017e-03,  5.73070061e-05,  3.48623760e-03,  5.04548989e-03,
        1.34527515e-06, -1.22617258e-04,  1.05130833e-03,  9.54630651e-04,
       -1.86039886e-05, -1.01355803e-03, -2.71871850e-04,  3.31896188e-04,
        2.10442992e-04, -1.85142547e-06,  1.45281341e-01, -8.74098622e-02,
       -4.45612549e-02,  1.37139654e-01, -8.55107949e-02, -2.33339011e-02,
        1.71890426e-04,  2.43937007e-03, -7.35643452e-04,  2.37367995e-02,
        1.38377628e-03,  1.22856554e-03, -1.14383826e-03,  4.32684477e-03,
       -3.41775731e-03,  1.82688987e-04, -1.74272023e-03, -2.47827903e-03,
       -1.12260522e-06, -1.77716764e-05,  7.50735603e-05, -1.55066050e-04,
        3.98230259e-04,  4.02318172e-06,  1.09196208e-06,  5.73331777e-03,
        3.21796703e-03, -9.19102570e-03,  1.75591066e-03, -1.31694950e-02,
        4.02263466e-03,  4.09495363e-03,  9.30238335e-03, -3.08696287e-04,
        1.77631696e-03, -6.40223370e-03, -8.38899823e-04, -9.89376847e-04,
       -2.57841063e-03, -5.65294201e-04,  7.41667387e-05,  9.76078554e-04,
        6.38421540e-04,  5.22099826e-04, -1.09118017e-06, -1.66733139e-04,
        1.63880383e-04,  8.88495035e-05, -6.97050398e-05,  1.32472812e-06,
        1.82068438e-03,  7.99496454e-03, -1.44988741e-03,  3.85018431e-04,
       -8.20648254e-03,  3.80416973e-04, -8.44647653e-04, -1.55009630e-04,
       -1.28365952e-03, -9.87165286e-05, -1.03508480e-03,  1.26137894e-03,
        4.82575464e-04,  7.06775930e-04, -1.56289436e-04,  6.81690456e-05,
        2.64920311e-05, -1.53877656e-04, -3.54281970e-04,  2.51667473e-06,
       -1.01570032e-04, -1.45501480e-04,  3.64475727e-05, -5.92718659e-05,
        1.48360610e-06, -9.44290302e-05,  2.81393027e-03, -1.01315448e-04,
        1.66155334e-03, -2.54236499e-03,  4.52501927e-05,  1.24347302e-04,
       -2.14812028e-03,  5.01966808e-05,  3.79594638e-05, -4.75740510e-04,
       -1.01282759e-04,  2.16723582e-05,  4.99647536e-04, -1.15925565e-04,
       -2.55927442e-05, -1.97212749e-04,  1.00608832e-04,  1.64289499e-04,
        3.38193793e-06,  4.69933287e-05, -1.23172960e-06,  1.44931203e-04,
        4.88239538e-05, -7.05269840e-07,  1.51891424e-04, -4.73137867e-05,
       -8.53362166e-05, -3.89113371e-04, -1.88279409e-06, -2.03780052e-04,
       -1.20684726e-04,  4.90104272e-04,  5.90943906e-05,  4.42498839e-06,
        2.53843196e-04,  7.22852456e-05,  6.90915791e-05, -1.33833121e-04,
        1.50908736e-05,  5.10033804e-05,  4.28110786e-05, -4.90908961e-05,
       -7.05018669e-05, -6.23305555e-08, -1.20005768e-05,  2.54388427e-05,
       -6.52579620e-05, -4.07456215e-05, -3.01173574e-08, -1.64571791e-04,
        1.04444063e-04,  9.76133061e-05, -1.54979652e-04, -1.28326766e-04,
        1.48271849e-05,  1.36308921e-04,  1.51042475e-04,  7.14255291e-06,
        2.66604317e-05, -5.11436735e-05, -2.41279519e-05, -9.55481496e-05,
        1.42216322e-05, -3.59085378e-05, -2.40784909e-05, -2.79004020e-06,
        3.62739092e-05,  2.37617667e-05,  3.97484912e-07,  2.64046079e-05,
       -1.02701750e-05,  2.90289247e-05,  2.45139558e-05, -4.36903764e-07,
       -1.86855691e-05, -2.60055018e-06, -1.12283512e-05, -1.52057318e-06,
        6.59909676e-07,  2.39695511e-05,  2.54685304e-05, -1.42544764e-05,
        3.48572908e-05, -2.45220474e-07, -1.67965477e-05, -1.72425243e-07,
        1.26643257e-05,  1.91226032e-05, -3.45320693e-05,  4.66620554e-06,
        2.16917564e-06, -7.14806500e-06,  1.97270542e-07, -2.31279196e-08,
       -8.20373626e-06, -3.35288220e-06, -3.39808301e-07, -4.60833451e-06,
       -5.00079178e-08], dtype=float64),
                   'Ra_n': Array([ 1.05075937e+01,  1.77897781e+00,  1.91233398e-01,  1.98419408e-02,
        1.84177863e-03,  1.56554690e-04,  3.54507584e-05, -3.92341824e-06,
       -2.85674949e-06], dtype=float64),
                   'Rb_lmn': Array([-7.36358192e-09, -2.01436610e-08, -2.40843781e-08, -4.44338448e-10,
       -1.72757938e-08,  3.90612572e-08,  1.18035005e-08,  5.02929924e-08,
        3.95592910e-08, -4.48348087e-07,  2.91773553e-07,  6.02273595e-07,
       -1.03115983e-07,  2.50761260e-07,  1.73539979e-07,  2.70248261e-07,
       -2.62397635e-07,  1.76295799e-06,  7.17052843e-06, -2.07108337e-06,
        1.40089487e-07,  1.10032895e-05, -8.38478910e-06,  7.73858161e-06,
        1.79961820e-07,  1.41095229e-06, -4.57663855e-06,  5.32894602e-05,
        1.27306155e-04, -2.89182682e-04, -7.30563032e-05,  7.89980686e-05,
        4.11316250e-07,  6.57429840e-06,  8.50720567e-07,  8.90555805e-04,
       -1.38221512e-03,  4.20478943e-05,  7.03876452e-05, -1.12052908e-03,
        7.85516721e-07,  5.83648524e-07, -8.85976476e-05, -3.46102189e-04,
       -5.92741364e-04,  3.12516311e-03,  7.25843825e-03, -2.17231806e-02,
        3.12576019e-07, -4.52644125e-06, -1.56208539e-05,  2.42477360e-03,
        8.46615974e-05, -1.20414545e-02,  1.38132221e-01, -2.82640900e-01,
        5.33933641e-07,  3.76205481e-06,  4.87302596e-04, -4.32255965e-03,
       -3.94654110e-03,  7.50310385e-02,  6.19381685e-02, -1.46540908e+00,
        9.89647447e+00,  1.69315428e+00,  3.28767285e-01, -2.90706005e-02,
       -2.10439988e-02, -3.09796660e-04, -1.59705892e-04, -1.01392829e-05,
       -1.37361371e-06,  1.92889762e+00, -7.58947066e-01,  4.84803801e-02,
        1.97225670e-02, -9.91065967e-03, -2.78796952e-03,  2.11788267e-04,
       -1.86039886e-05, -1.85142547e-06,  9.98232117e-02, -1.50926578e-01,
        1.43750803e-01, -2.44284038e-02, -3.75517051e-03,  1.22744293e-03,
        1.86712168e-04, -1.77716764e-05,  1.09196208e-06, -5.18864281e-04,
       -7.19913244e-03,  8.64376377e-03, -1.74117750e-03, -7.85140985e-04,
       -3.16799997e-04,  4.46169896e-06, -1.09118017e-06,  1.32472812e-06,
       -9.28452538e-05, -2.83742497e-04,  7.91283252e-04, -8.08545479e-04,
       -1.40350138e-03,  9.07096971e-04,  8.89717963e-06,  2.51667473e-06,
        1.48360610e-06, -2.73149005e-06,  1.12311998e-04,  1.18488661e-05,
       -3.29881486e-04,  7.92023188e-05,  6.30067402e-05,  2.32312096e-05,
        3.38193793e-06, -7.05269840e-07,  2.96148345e-06, -1.96051373e-06,
       -7.40337739e-06,  9.72247664e-07,  8.92730219e-06,  1.78337866e-06,
        1.02577589e-05, -6.23305555e-08, -3.01173574e-08,  2.06894914e-07,
       -1.23118783e-08,  1.42802785e-08, -4.25795169e-08,  2.62939756e-07,
       -3.66185193e-07,  4.35464864e-07,  3.97484912e-07, -4.36903764e-07,
        1.51994928e-08, -1.66853412e-08, -5.32862302e-09,  2.49384079e-08,
       -1.45868349e-08,  2.48452998e-08,  5.78710267e-08, -2.31279196e-08,
       -5.00079178e-08], dtype=float64),
                   'Te_l': Array([  3508.34029215, -11184.92205881,  -1827.62195282,  -1149.48799394,
         -189.38118675], dtype=float64),
                   'Ti_l': Array([  2484.18842163, -12054.82885058,  -2339.87495926,  -1154.12880304,
         -270.50917027], dtype=float64),
                   'Z_lmn': Array([ 2.33368491e-05, -2.94928701e-05, -4.16105731e-06,  9.34286236e-06,
        3.21741594e-05, -2.35022885e-05, -1.59042529e-05, -2.51065826e-06,
       -1.90333909e-05,  1.05107089e-05,  2.53908763e-05, -2.94407787e-06,
       -5.50736994e-06, -6.19109495e-06,  2.27702360e-05, -3.11155177e-06,
       -1.31926146e-05, -1.85521749e-06,  2.95328260e-06, -3.86465617e-08,
        2.20529161e-06, -6.48604928e-07, -3.74347255e-06,  3.16156954e-06,
        6.67861106e-10,  5.62717433e-05,  2.92976694e-05, -5.07525703e-06,
        6.47507090e-05,  1.61084342e-05, -2.25889658e-05, -6.30222244e-05,
       -4.31374751e-05, -8.03833736e-05, -5.28921866e-05,  4.89418026e-05,
       -2.46333046e-05,  8.40208811e-06, -3.32066198e-05,  9.23413752e-05,
        5.91250801e-06,  7.48563093e-06, -2.63640927e-05,  2.44573179e-05,
       -6.28097362e-07,  3.59399361e-06,  1.15078893e-05, -1.21244270e-05,
       -5.50191444e-06,  1.01218931e-07,  4.23612863e-04, -2.50345054e-04,
       -1.57272908e-04,  7.48566439e-04,  3.58062000e-04,  1.49915454e-04,
       -3.77591742e-04, -7.18657356e-04, -1.21366651e-05, -8.56631912e-05,
       -9.67195870e-05,  7.84172753e-06,  1.44338549e-04, -9.01804833e-06,
        4.35488342e-06,  4.52061050e-06, -1.38677326e-05, -5.05173012e-05,
       -6.71963547e-06,  9.77583701e-08, -3.40773703e-05, -1.69505123e-05,
        7.00349411e-06, -1.01337773e-05, -2.18333742e-07, -6.11035175e-05,
       -1.34361373e-03,  5.32142227e-05,  1.55476809e-04,  1.33878797e-03,
        8.79513181e-04, -3.66164126e-05, -3.12293562e-04,  1.29411522e-04,
       -8.47560939e-05, -8.07268328e-04, -1.17434376e-04,  6.89453359e-06,
        1.30286751e-04, -2.62935873e-07, -5.45213416e-06,  6.88233866e-05,
       -1.42119359e-05,  7.60999315e-05,  1.67758755e-06,  1.73337475e-05,
        1.87552688e-05, -2.65692943e-05, -3.08985293e-05,  1.69259584e-07,
       -1.79506268e-03, -1.24973001e-02,  1.17740402e-03, -2.55991609e-03,
        1.05736988e-02, -5.83764200e-04,  1.03662240e-03,  2.69557106e-03,
        9.24365998e-04,  1.29293920e-03,  1.84652013e-03, -1.29356677e-04,
       -8.79416074e-05, -6.04780359e-04, -4.61409395e-04, -6.36943342e-05,
        3.15342143e-04, -1.34036186e-04, -2.47395141e-05,  2.80661878e-06,
       -4.95803093e-05, -1.00383006e-05, -3.28130236e-05, -4.00468548e-06,
       -7.97767962e-07, -1.09002880e-02, -1.91896694e-02,  8.58068029e-03,
       -2.17616354e-02,  3.18006412e-02,  6.19355083e-03,  8.50223410e-04,
        2.86654286e-04,  2.46278276e-03, -4.43061789e-04,  2.93669584e-03,
       -1.55253149e-03,  8.82648842e-04,  2.52794619e-03,  5.54455169e-04,
       -8.77323696e-05, -2.52957331e-04,  3.94067033e-04,  2.23740688e-04,
        4.93742710e-07,  2.93340899e-04, -5.30035006e-07, -6.00094721e-06,
        2.77034173e-05,  5.31329350e-07, -1.33633535e-01,  5.42016762e-02,
        3.78157399e-02, -6.24252703e-02,  8.26780855e-02, -8.40717217e-03,
       -3.33008702e-04, -1.16023003e-02,  6.79956356e-03, -1.06539809e-02,
        1.13326048e-02,  1.59441788e-03,  2.56868489e-03, -1.19801016e-03,
        2.10127225e-03, -1.67345318e-04, -1.30473118e-04,  5.47051471e-04,
       -2.74991917e-04, -8.44289910e-06, -2.01320924e-04,  2.81843910e-06,
       -1.82721201e-04,  4.73702704e-05,  1.61386969e-06, -1.42130392e+00,
        2.90844075e-01,  6.40500829e-02, -5.96603866e-02,  2.67244674e-01,
        6.68966029e-03,  5.30744249e-03,  7.33914454e-03, -6.04248442e-03,
       -5.17810088e-02, -5.96650166e-03, -4.56309709e-04,  4.36371774e-03,
       -7.57841306e-03,  3.46397257e-03, -1.53568102e-04,  8.90716663e-04,
        1.96075592e-04, -6.46349915e-04,  4.20413498e-07,  1.20333178e-03,
       -5.26428626e-05, -4.58026762e-04,  6.56659150e-05, -2.93315065e-06,
       -2.18581153e+00, -3.54426870e-01,  1.51771923e-02,  6.75039807e-02,
        8.33392530e-03,  5.21484245e-02,  1.11697581e-03,  5.25451543e-03,
       -1.83476683e-02,  5.62072284e-04,  1.06313036e-03,  1.59671089e-02,
       -2.44435602e-05,  3.04904804e-04,  1.43567924e-03, -1.88326749e-03,
        2.37015518e-06, -1.60023752e-06,  4.61335722e-04,  1.22845555e-03,
       -1.25259147e+00,  1.02018075e-01,  6.56075593e-02, -2.97225389e-03,
        2.10093145e-02,  4.09881296e-02,  4.69887037e-03,  1.25660305e-02,
        1.12169615e-02, -1.83507877e-04, -7.52368398e-03,  3.56202463e-03,
        8.77350041e-06, -5.26106364e-04, -7.59525093e-04,  1.09523617e-03,
       -2.11018435e-07, -4.82906811e-05, -1.66480070e-04,  3.12374040e-04,
       -2.40665215e-01,  5.76243137e-02,  2.24721911e-02,  6.20836884e-03,
       -5.98546510e-03,  1.18422382e-02, -2.82324500e-04, -1.06815534e-02,
       -1.22732975e-03, -1.57915725e-04, -5.37880644e-04,  4.06608843e-03,
        1.26875131e-05,  1.02958782e-04, -9.19968069e-05,  5.10865436e-04,
       -2.78839241e-06, -3.91062046e-05, -1.19097430e-05, -5.99314759e-04,
       -3.15002165e-02,  1.08533480e-02, -7.66610248e-03,  2.00021686e-03,
       -2.29078383e-03,  9.01553153e-03,  1.61640515e-03,  3.43374901e-03,
        5.76756328e-04, -1.30297615e-04, -5.76954427e-04, -2.96892403e-03,
       -9.41548526e-07, -4.24650665e-04, -3.69705637e-04,  1.18698359e-03,
       -9.65354071e-07,  1.07494470e-04, -9.88860192e-05, -1.39991507e-04,
       -2.62703340e-03, -2.60440576e-03,  2.18091023e-04,  2.62053710e-03,
       -1.32018804e-03,  2.29438706e-03,  1.90614445e-04, -5.73986557e-04,
       -9.72893100e-04,  3.07066622e-05,  9.34839556e-04,  5.34770739e-04,
       -8.96800032e-07, -3.14104401e-05, -1.38932709e-04,  2.22340017e-04,
        3.79900140e-07, -1.14096324e-05,  2.23578258e-06, -1.87582851e-04,
       -2.67408474e-04, -1.47784854e-03, -9.41153871e-04,  6.59035299e-04,
       -7.22114444e-05,  1.75118043e-03,  1.30001075e-04,  1.07575104e-03,
       -4.90980844e-04,  1.69887497e-06, -3.13902442e-05, -4.11796580e-04,
       -1.04689042e-06, -9.77844065e-05, -1.07716999e-04,  1.33796279e-04,
       -2.71825669e-08,  2.44990070e-05,  2.28032676e-05,  3.12974841e-05,
       -3.15463731e-04, -4.31611167e-04, -2.97235849e-04,  3.66610574e-04,
        7.67016919e-05,  2.69173326e-04, -2.20981174e-05,  3.09873379e-04,
       -4.98841575e-05, -1.07787443e-05, -6.10280290e-05,  1.82210916e-04,
        7.47708178e-08,  2.27022756e-05, -1.27565907e-05, -3.51501755e-06,
        1.18892031e-07,  6.02388677e-06, -2.04489386e-05, -2.15362190e-05,
       -8.73570469e-05, -4.79628414e-05,  3.34692060e-06,  1.07388802e-04,
        1.15125957e-04,  3.44467239e-05,  1.89971907e-05,  1.00995170e-06,
       -1.39111686e-05, -2.39967166e-06, -1.21442479e-04,  2.68253323e-05,
       -7.71283820e-07, -1.93525281e-05, -4.55859677e-06, -6.20232880e-06,
        1.87579844e-07,  2.39026203e-06,  6.52762514e-06, -1.33697787e-05,
       -4.15244481e-06, -7.21329486e-06,  1.29040804e-05,  8.55346637e-06,
        1.61683433e-05,  1.01617637e-05, -5.03699768e-07, -7.69857660e-06,
       -1.06409192e-05,  1.54330669e-06, -1.61832759e-05, -2.97216327e-06,
       -1.20721454e-08,  5.02700549e-07, -5.20440324e-06,  6.24296158e-06,
       -1.34574245e-08, -1.50628102e-06,  2.47558350e-08,  2.84996934e-09],      dtype=float64),
                   'Za_n': Array([ 1.93063151e-05, -6.48331858e-06,  2.48781086e-05, -1.40494939e-04,
       -1.89748300e-03, -1.92200528e-02, -1.74552290e-01, -1.48320695e+00],      dtype=float64),
                   'Zb_lmn': Array([-3.05394012e-08, -6.16440230e-10, -7.49578132e-09,  3.33702675e-08,
       -6.62745854e-09,  9.20473031e-09,  5.00177700e-08, -3.86465617e-08,
        6.67861106e-10,  1.70343581e-07, -4.52145851e-10, -8.54965817e-08,
       -1.12558827e-08, -1.66425389e-07, -1.75986651e-07,  4.10593569e-07,
       -6.28097362e-07,  1.01218931e-07, -9.90607806e-07,  8.18602181e-06,
        3.94052244e-06,  2.67856609e-06, -7.78287609e-07,  1.12209206e-06,
       -5.61316683e-06,  9.77583701e-08, -2.18333742e-07, -2.02774263e-05,
       -2.07584735e-05, -7.77473422e-06,  5.80329170e-05,  1.02579291e-04,
       -4.13344447e-05, -3.63506635e-05,  1.67758755e-06,  1.69259584e-07,
        2.81441829e-04, -3.15319878e-04, -4.79163686e-04,  1.12871974e-03,
        4.30143580e-04, -1.54096191e-04, -6.76990197e-05,  2.80661878e-06,
       -7.97767962e-07, -2.93394586e-04,  1.19149528e-02, -1.89475650e-02,
        9.52431370e-03,  3.01123698e-03, -1.32879080e-03, -6.00289522e-05,
        4.93742710e-07,  5.31329350e-07, -9.37834400e-02,  1.26095308e-01,
       -7.52227624e-02,  3.47248409e-03,  8.71811461e-03,  1.31942596e-03,
       -1.19975047e-04, -8.44289910e-06,  1.61386969e-06, -1.34637934e+00,
        5.07198457e-01, -5.99522979e-02,  9.19234228e-04, -3.03653861e-03,
       -1.10265962e-03, -8.79021867e-05,  4.20413498e-07, -2.93315065e-06,
        2.37015518e-06, -2.44435602e-05,  5.60472047e-04,  1.42188062e-03,
        9.85839138e-03,  2.18673870e-02, -2.85082881e-01, -2.13853849e+00,
       -2.11018435e-07,  8.77350041e-06, -2.31798558e-04,  4.17276401e-03,
        1.33191505e-02,  7.74140647e-02,  1.46880603e-01, -1.24325153e+00,
       -2.78839241e-06,  1.26875131e-05, -1.97021930e-04, -1.79365719e-04,
       -6.53525549e-03,  1.16986409e-02,  7.29333255e-02, -2.35173311e-01,
       -9.65354071e-07, -9.41548526e-07, -2.28031451e-05,  1.19175448e-03,
       -2.96662428e-03, -4.60205912e-03,  1.67599640e-02, -2.77362597e-02,
        3.79900140e-07, -8.96800032e-07,  1.92970298e-05,  1.59204005e-04,
       -3.83112703e-04, -4.94828243e-04,  3.71691961e-05, -7.57049382e-04,
       -2.71825669e-08, -1.04689042e-06,  2.61978820e-05,  3.22166683e-05,
       -8.07984211e-05,  2.68801692e-05, -1.07167202e-04,  3.44422596e-05,
        1.18892031e-07,  7.47708178e-08, -4.75485752e-06,  6.04158203e-07,
       -4.77527557e-06, -1.19060343e-07, -1.76314381e-06, -2.25233169e-06,
        1.87579844e-07, -7.71283820e-07, -9.40963079e-09, -3.55337373e-07,
        2.11102909e-07, -2.01724470e-07, -6.05639149e-08, -8.17418315e-08,
       -1.34574245e-08, -1.20721454e-08,  3.70256651e-08, -9.99218583e-10,
        9.82317966e-09,  1.10056177e-09, -2.08444139e-08,  3.06390232e-09],      dtype=float64),
                   'Zeff_l': Array([0.92746768, 0.23578108, 0.09305379, 0.0648454 , 0.04677804],      dtype=float64),
                   'a_lmn': Array([], shape=(0,), dtype=float64),
                   'c_l': Array([0., 0., 0., 0., 0.], dtype=float64),
                   'i_l': Array([], shape=(0,), dtype=float64),
                   'ne_l': Array([ 1.97987886e+20, -1.55864819e-21, -1.45951049e-21, -1.32514251e-21,
       -1.28312476e-21, -3.96875873e+20], dtype=float64),
                   'ni_l': Array([], shape=(0,), dtype=float64),
                   'p_l': Array([], shape=(0,), dtype=float64)}],
               [ { 'G': Array([], shape=(0,), dtype=float64),
                   'I': Array([], shape=(0,), dtype=float64),
                   'L_lmn': Array([ 8.89159760e-06, -6.68790734e-06,  6.78242891e-07,  4.75214825e-06,
        1.56016608e-05, -1.11410692e-05, -1.41652151e-05, -8.13301272e-06,
       -9.09721048e-07, -1.22992064e-05,  1.03441483e-05,  1.40997595e-05,
        7.41073056e-06,  3.49333544e-06, -3.84995977e-06,  1.00329866e-05,
        1.39279008e-05, -1.81161401e-06, -5.52716841e-06, -2.66230992e-06,
       -9.29075747e-06,  9.61916831e-06,  6.06789044e-06,  4.11382666e-06,
        4.92178459e-07, -1.47871636e-05,  1.12300552e-04,  1.75265846e-05,
       -2.93472855e-05, -1.70907204e-04,  3.60048789e-05,  6.72149958e-07,
        6.03308257e-05,  2.10642596e-06,  6.28263528e-05, -4.25645469e-05,
       -7.66672477e-06, -1.99015946e-05, -1.04145469e-05,  6.53476743e-06,
        6.03511158e-05, -1.34808057e-05, -2.02532598e-05, -4.94659944e-05,
        1.00667450e-05,  1.82225395e-05,  2.43458350e-06, -1.85798227e-05,
       -2.24084953e-05, -1.83737508e-05,  1.45635703e-04, -6.77701309e-04,
       -2.43237773e-04,  1.54781455e-04,  8.42037217e-04, -9.39781962e-05,
        2.17445896e-05, -2.39174564e-04, -4.00183708e-05, -2.73171067e-04,
        5.20108814e-05, -3.49638679e-05,  1.14299892e-04,  1.18353035e-04,
       -8.15238758e-05, -7.87285935e-05,  9.45603509e-05,  5.11602545e-05,
        9.48527778e-05,  5.09369321e-05, -5.39493834e-05, -2.81187075e-05,
        2.19637128e-05,  4.35185359e-05,  1.80535763e-05, -6.08913751e-04,
       -3.68338548e-04,  5.54617897e-04, -7.95568091e-04,  4.23457017e-04,
        3.30774343e-04, -6.63684349e-05,  5.11429781e-04,  2.65250964e-05,
        1.49590769e-04, -1.60468409e-04, -9.19598875e-05,  6.70935097e-05,
        1.54540897e-04,  1.01000980e-04,  8.01406043e-05, -2.20913061e-05,
       -1.20422817e-04, -1.93239504e-04, -2.75454964e-06,  1.70403270e-06,
       -9.86701653e-05, -6.17611388e-05, -4.18072952e-05, -5.65628817e-05,
        3.00725568e-03,  1.51232124e-03, -2.28823135e-03,  1.73336189e-04,
       -1.21420967e-03, -1.34065816e-03, -9.69895670e-05,  1.34293553e-03,
        6.13937573e-04, -6.97896152e-04,  1.64420042e-04,  4.25869040e-04,
       -4.21500131e-04, -1.10025868e-03, -3.56051811e-04, -1.96471564e-04,
        9.07388804e-05, -9.52798293e-05,  6.00920899e-05,  1.14885970e-04,
        2.84710656e-04,  3.61226679e-04,  2.41159680e-04,  8.85295992e-06,
        5.20936724e-05,  1.18583004e-02,  5.55739292e-03, -9.96614705e-03,
       -3.28339497e-03,  9.39961335e-04,  3.62894406e-03, -7.78648528e-04,
       -7.87275545e-04, -3.68337235e-03, -3.50559198e-03, -5.99835891e-04,
       -6.58522556e-04, -7.25540166e-04, -5.49696749e-04,  1.00875891e-03,
        1.31924678e-03,  4.89771311e-04, -8.71321341e-04,  8.29002550e-05,
       -3.54944022e-04, -8.80202409e-05, -7.22517849e-04, -3.36371170e-04,
       -6.23317903e-05, -1.69160934e-04,  1.11863750e-02, -3.66679722e-02,
       -2.72267185e-03,  1.43185555e-02,  2.48925767e-02, -4.12711504e-03,
       -3.63057776e-03, -6.51092294e-03,  9.74266245e-03, -1.14894327e-02,
        2.23204388e-04,  2.08739890e-03,  2.91981483e-03,  4.73050094e-03,
       -3.97289006e-03,  1.13772266e-03, -3.12690155e-03, -3.61955161e-04,
       -1.18548882e-04,  6.60069124e-05,  1.01838893e-03, -4.90463806e-04,
       -6.50704298e-04, -3.99162889e-05, -4.65889976e-06,  1.86511251e-01,
       -6.77499351e-02, -2.00934314e-01, -2.82976260e-04,  3.91934364e-02,
       -8.82067718e-03,  3.13305502e-02, -1.22664947e-02, -2.05159966e-02,
       -5.79558830e-02, -1.15525411e-02, -2.75913314e-03, -8.55442923e-03,
       -1.08642724e-02,  4.77906850e-03,  1.28761115e-03,  3.11265004e-02,
        8.02126661e-03,  1.47460626e-04, -4.17532112e-06,  6.40282001e-03,
        1.58965183e-03, -4.10022495e-04, -9.27266602e-05, -5.93297907e-05,
        1.83057563e-01, -6.01244111e-02,  7.66329548e-03,  3.27516031e-01,
       -3.68563718e-03,  4.91955429e-02, -4.37802290e-03, -1.38612895e-02,
       -1.23637046e-01, -1.36046252e-03, -1.51112674e-03, -5.61965584e-03,
       -2.63311691e-04, -1.09388015e-04,  1.91258487e-05, -2.25173255e-02,
        1.40610165e-06, -2.23216309e-04,  3.34350822e-05, -2.75090577e-03,
       -1.91906696e-01, -2.15463293e-02, -2.37198721e-04,  5.73953865e-02,
        1.70283884e-02, -1.31834930e-02,  3.14784301e-03,  7.32375592e-03,
        1.76386009e-03, -1.16639347e-03, -4.59948588e-03,  1.25998498e-02,
        5.41524798e-04,  8.96041564e-04, -4.85783770e-03, -1.24082550e-02,
        2.91618248e-04,  1.12536618e-04,  1.14501091e-03,  5.55000584e-04,
        3.20031409e-02, -1.81475652e-02,  6.80169040e-03, -3.99825138e-03,
       -1.03334129e-02,  1.57031102e-03, -1.12188774e-03, -4.97967529e-03,
       -1.58786203e-03, -1.05976731e-03,  5.68227049e-03, -2.33441771e-03,
       -2.12515080e-04, -2.69846091e-04,  7.32571686e-04,  3.31142051e-03,
       -1.91153502e-05, -2.35558320e-04, -3.55450268e-04, -3.00158583e-04,
        1.05301037e-03,  6.59946975e-03, -4.79493853e-03, -4.70717835e-03,
        4.30840254e-03, -2.26147736e-03,  7.50887441e-04,  2.83563312e-03,
        9.13350610e-04, -1.37499714e-03, -1.76656765e-03, -1.33817976e-03,
        2.97414483e-04, -4.82043719e-04,  4.26979672e-04, -6.12226643e-04,
        1.84988707e-04,  5.93145054e-05,  4.10255582e-04,  5.10924937e-04,
       -4.06667157e-04, -5.85871909e-04,  2.19431588e-03,  1.74243707e-03,
       -8.69168304e-04, -3.85547278e-04, -4.42184798e-04, -1.38085378e-03,
       -1.44719915e-03,  2.36669789e-04,  6.60357995e-04,  5.13400848e-04,
       -1.02408987e-04, -4.29693540e-05,  2.51166765e-04,  1.19438464e-04,
       -5.11673684e-05, -1.72299494e-05, -4.17901677e-04, -4.27518352e-04,
        1.13477213e-03,  7.12178768e-04, -5.44538880e-04, -1.51378343e-03,
       -2.16138506e-05, -3.44520999e-04,  1.06679656e-04,  2.95367677e-04,
        2.13455766e-04, -4.22709942e-05, -1.26727999e-04, -4.11276389e-04,
        1.40191940e-05,  1.92668578e-04,  9.61074107e-05,  1.39071489e-05,
        5.77734093e-05,  4.53659400e-05,  6.54463043e-05,  1.81927104e-04,
       -1.08025907e-04,  3.64402833e-05,  4.03168713e-05,  3.95954039e-04,
        6.38136417e-05, -1.36791477e-04,  4.08106176e-05,  9.09110241e-06,
       -3.11858339e-04,  7.87252968e-05,  1.22436190e-05,  1.40225109e-04,
       -6.20800018e-05, -1.18814552e-04, -1.06793736e-04,  1.05985390e-05,
       -2.31664550e-05, -4.36681665e-05, -3.19449036e-05, -1.24523239e-04,
       -2.62214643e-05, -4.02622571e-05, -7.08580186e-05, -6.53952907e-06,
       -1.27868093e-06,  1.17754203e-05,  2.23395815e-06,  6.30511121e-05,
        2.70491143e-05, -5.73226895e-05, -1.81666704e-05, -3.27629309e-07,
       -9.28331791e-06,  4.71541574e-05,  2.05294507e-05, -1.22680379e-05,
        1.91677035e-05,  2.05999321e-05,  1.73517597e-05,  1.03875770e-05,
        2.43467310e-05,  7.75807858e-06,  1.12593972e-05, -3.21256652e-05,
       -1.74532145e-06, -2.13608176e-06, -1.22930528e-05, -1.36900557e-05,
        9.93769038e-06, -9.61549945e-06,  6.43667047e-06, -1.38164151e-05,
        2.52343770e-06,  1.67563310e-06, -2.17925831e-06, -9.62775663e-06,
       -7.77132681e-07, -3.27165765e-06, -9.13555556e-06, -8.16689282e-06],      dtype=float64),
                   'Phi_mn': Array([], shape=(0,), dtype=float64),
                   'Psi': Array([50.20413129], dtype=float64),
                   'R_lmn': Array([ 3.73325916e-06, -9.43757850e-06,  1.99223549e-05,  7.38737039e-06,
        3.87297326e-05,  1.62984745e-05, -6.75839060e-07, -5.47666195e-06,
       -1.84734722e-05,  1.44700036e-06, -3.24593746e-05, -4.93565318e-06,
       -2.01436610e-08,  6.75394721e-07, -1.44066317e-05,  7.40313560e-06,
       -7.36358192e-09, -1.47108474e-06, -6.28763382e-06, -1.91343931e-06,
       -1.33538092e-04, -9.67502997e-05, -2.97275760e-05,  1.13324893e-04,
        2.67239663e-05,  9.88735389e-05, -3.07860458e-05,  1.83171622e-05,
        5.02887448e-05, -2.01877313e-05, -5.18115203e-05,  1.52148138e-05,
       -4.48348087e-07,  3.13883194e-05,  1.16611750e-05, -2.98052981e-05,
        3.95592910e-08,  2.04795049e-05,  2.49844381e-05, -1.71645130e-05,
       -1.13109154e-04, -3.99718895e-04, -3.14931681e-04,  2.70101692e-04,
        9.29356311e-05,  3.76244363e-04,  7.63958857e-05,  3.78153909e-04,
       -1.92511133e-04,  3.05042807e-05, -1.36524357e-05,  9.22054392e-06,
        1.76295799e-06, -7.86923773e-05, -5.21633467e-05,  4.33348838e-05,
       -2.62397635e-07, -2.33140699e-05, -7.88340131e-05,  5.68137748e-06,
        7.65769637e-04, -4.90802790e-04,  1.14023530e-04, -4.96732290e-04,
        9.29029123e-06,  2.95855016e-04, -3.86592266e-05, -4.16999361e-04,
       -2.57348833e-04, -4.51900025e-05, -1.16705634e-05,  8.77914927e-05,
        1.41095229e-06,  9.22172971e-05,  1.37438821e-05,  6.67625851e-05,
        1.79961820e-07,  4.04605424e-05,  1.28927607e-04,  3.48901890e-05,
       -4.19050619e-03, -2.94013046e-03, -3.99113869e-04,  2.09472647e-03,
       -1.68970465e-03,  3.28180146e-03,  1.36414639e-03,  7.54241943e-04,
        8.32433467e-04,  7.32142783e-05,  3.78387486e-04, -4.35331747e-05,
        6.57429840e-06, -4.72835504e-04, -3.12940283e-04,  1.42929459e-04,
        4.11316250e-07, -7.22361621e-05, -7.10996720e-05, -2.27658844e-04,
       -3.47116765e-02, -9.54994186e-03,  4.45446726e-03,  1.22607681e-02,
        2.91175143e-04,  1.85168620e-02, -7.03431867e-04, -1.88887271e-03,
       -3.28594210e-04, -1.83204196e-04, -8.44493257e-04, -1.52599691e-03,
        5.83648524e-07,  3.57313329e-04,  5.61162886e-04,  1.05815039e-03,
        7.85516721e-07,  9.47020336e-05, -3.93000290e-05, -1.83419362e-04,
       -2.58017277e-01,  1.33883198e-01, -1.09399123e-02, -3.45363785e-02,
        9.17005312e-04,  6.99311442e-04,  2.47845850e-03,  5.14372623e-04,
        1.11232627e-02,  7.23899004e-05, -1.29083166e-03,  3.26242195e-03,
       -4.52644125e-06, -5.47815675e-05, -1.61966620e-03, -1.21034995e-03,
        3.12576019e-07, -8.87070343e-05,  4.61316764e-04,  2.88500191e-04,
       -1.60821593e+00, -4.22302033e-02,  7.85193936e-02,  1.60914133e-01,
       -3.56137860e-03,  1.03404929e-01, -4.55773939e-03, -1.38529282e-03,
       -2.06887901e-02,  4.29881512e-04, -3.75390610e-04,  1.53032675e-03,
        3.76205481e-06,  2.30700906e-04, -2.09301554e-03,  2.57827991e-03,
        5.33933641e-07,  5.15461134e-05, -3.44031138e-05, -7.85011438e-04,
        1.01012547e+01,  1.57587831e+00, -3.08064717e-01,  3.82378987e-01,
        1.31720831e-01, -1.06601167e-02,  1.02947587e-01, -4.03183402e-02,
       -1.92329460e-02, -1.88230771e-02, -1.69169350e-02,  3.32634098e-04,
        1.27369297e-04, -1.24277485e-02, -1.37216553e-03, -1.32546558e-04,
        4.37961252e-03, -1.50954651e-03, -6.32394640e-04, -1.01392829e-05,
        2.09579004e-04, -8.12680543e-04, -3.98711072e-04, -3.28766875e-05,
       -1.37361371e-06,  1.89551563e+00, -7.61651040e-01,  7.52051742e-02,
        1.77436303e-02, -9.24360798e-03,  2.25262520e-02, -4.10652787e-02,
        2.77117096e-02, -1.52858352e-02,  1.22661889e-02, -3.87379149e-03,
       -3.75655806e-03,  2.20603375e-04,  3.32567505e-03,  5.04001954e-03,
        3.46849747e-06, -3.27853853e-04,  1.06473571e-03,  9.69719929e-04,
       -1.86039886e-05, -9.93565839e-04, -2.92632429e-04,  3.55099898e-04,
        2.10505105e-04, -1.85142547e-06,  1.45786976e-01, -8.58563786e-02,
       -4.45088159e-02,  1.38049124e-01, -8.76120623e-02, -2.30879603e-02,
       -5.60436954e-04,  1.16678527e-03, -6.23174938e-04,  2.43721008e-02,
        1.19524210e-03,  1.26607945e-03, -9.83131904e-04,  4.71328529e-03,
       -3.53623663e-03,  1.87910812e-04, -1.83208793e-03, -2.52873987e-03,
       -3.94637028e-05, -1.77716764e-05,  9.24920026e-05, -1.81701985e-04,
        4.02119261e-04, -1.13491959e-06,  1.09196208e-06,  6.35472866e-03,
        1.43828028e-03, -9.15763062e-03,  2.38604981e-03, -1.10396120e-02,
        4.26023008e-03,  3.46128956e-03,  8.78204819e-03, -2.52571257e-04,
        1.34560055e-03, -6.72123313e-03, -8.63879000e-04, -9.93787041e-04,
       -2.72714190e-03, -6.22643320e-04,  7.23569409e-05,  1.05648119e-03,
        7.18301859e-04,  5.48684059e-04, -1.09118017e-06, -1.83375354e-04,
        2.02598549e-04,  9.00718757e-05, -6.70307816e-05,  1.32472812e-06,
        1.66922080e-03,  8.84241220e-03, -1.45029858e-03,  7.72797312e-04,
       -9.20440550e-03,  4.22662822e-04, -7.02607039e-04, -6.01996190e-04,
       -1.25218528e-03,  6.09293468e-05, -1.07253229e-03,  1.30359960e-03,
        4.89663192e-04,  7.69774574e-04, -1.83586763e-04,  6.09762122e-05,
        1.79306694e-05, -1.59902831e-04, -3.95204428e-04,  2.51667473e-06,
       -9.92219040e-05, -1.48713347e-04,  3.30984074e-05, -5.30778509e-05,
        1.48360610e-06,  5.15254997e-05,  2.55477430e-03, -1.04950856e-04,
        1.54329626e-03, -2.24612063e-03,  1.11178154e-04, -1.58191530e-05,
       -2.01310197e-03,  3.08016041e-05, -3.31351468e-05, -5.55482223e-04,
       -1.11729929e-04,  2.35815437e-05,  4.74004161e-04, -9.59761359e-05,
       -2.20261891e-05, -1.63122216e-04,  1.14434938e-04,  1.74913272e-04,
        3.38193793e-06,  4.28911451e-05,  7.88726189e-06,  1.44047144e-04,
        4.52447260e-05, -7.05269840e-07,  1.32598433e-04, -6.86140106e-05,
       -8.57924488e-05, -3.44273101e-04,  1.88019039e-05, -2.20683265e-04,
       -1.04968686e-04,  4.28656316e-04,  9.21525663e-05, -2.45303203e-07,
        2.74455931e-04,  8.80366275e-05,  6.69881484e-05, -1.11216778e-04,
       -2.10825990e-05,  5.02415065e-05,  4.78742010e-05, -5.22882188e-05,
       -8.65998304e-05, -6.23305555e-08, -5.69153244e-06,  1.89877041e-05,
       -6.21732574e-05, -3.97902811e-05, -3.01173574e-08, -1.45338746e-04,
        6.61499478e-05,  1.00701726e-04, -1.22172220e-04, -1.00792139e-04,
       -7.95531779e-06,  1.16076900e-04,  1.16521490e-04, -2.54532832e-06,
        3.98041657e-05, -3.27088805e-05, -3.02867534e-05, -9.80968679e-05,
        1.61339653e-05, -2.68320265e-05, -2.48860612e-05, -5.17428614e-06,
        4.06216187e-05,  2.99205682e-05,  3.97484912e-07,  2.68638831e-05,
       -1.04689552e-05,  2.96402945e-05,  2.53215261e-05, -4.36903764e-07,
       -1.92706292e-05, -9.89589650e-06, -1.22974989e-05, -3.22740267e-06,
        5.04175814e-06,  3.20269313e-05,  2.60158407e-05, -1.07048134e-05,
        3.59985591e-05, -1.33882142e-06, -2.52808342e-05,  3.13579256e-06,
        1.46871220e-05,  1.85040668e-05, -3.44913836e-05,  2.84529496e-06,
        6.17627444e-06, -6.72115872e-06, -3.11094726e-06, -2.31279196e-08,
       -9.11963518e-06, -4.57717936e-06, -1.52176237e-06, -2.78742393e-06,
       -5.00079178e-08], dtype=float64),
                   'Ra_n': Array([ 1.05123492e+01,  1.77803101e+00,  1.90810979e-01,  1.97840605e-02,
        1.82802725e-03,  1.59966804e-04,  4.07425147e-05, -5.00282039e-06,
       -4.76404678e-06], dtype=float64),
                   'Rb_lmn': Array([-7.36358192e-09, -2.01436610e-08, -2.40843781e-08, -4.44338448e-10,
       -1.72757938e-08,  3.90612572e-08,  1.18035005e-08,  5.02929924e-08,
        3.95592910e-08, -4.48348087e-07,  2.91773553e-07,  6.02273595e-07,
       -1.03115983e-07,  2.50761260e-07,  1.73539979e-07,  2.70248261e-07,
       -2.62397635e-07,  1.76295799e-06,  7.19021084e-06, -2.29649161e-06,
        4.49182263e-07,  1.10588809e-05, -8.57261094e-06,  7.81628948e-06,
        1.79961820e-07,  1.41095229e-06, -4.72946013e-06,  5.35580705e-05,
        1.26547335e-04, -2.89231949e-04, -7.22660920e-05,  7.84510998e-05,
        4.11316250e-07,  6.57429840e-06,  9.78116235e-07,  8.91310883e-04,
       -1.38241684e-03,  4.21877916e-05,  7.04789789e-05, -1.12041680e-03,
        7.85516721e-07,  5.83648524e-07, -8.85021628e-05, -3.46118538e-04,
       -5.92618143e-04,  3.12675743e-03,  7.25750384e-03, -2.17213523e-02,
        3.12576019e-07, -4.52644125e-06, -1.63171339e-05,  2.42367693e-03,
        8.74904199e-05, -1.20452058e-02,  1.38133431e-01, -2.82640743e-01,
        5.33933641e-07,  3.76205481e-06,  4.81427625e-04, -4.32703849e-03,
       -3.97117232e-03,  7.50410853e-02,  6.19200406e-02, -1.46541231e+00,
        9.89647447e+00,  1.69315567e+00,  3.28820218e-01, -2.90865982e-02,
       -2.10038227e-02, -2.99760542e-04, -1.65423246e-04, -1.01392829e-05,
       -1.37361371e-06,  1.92888256e+00, -7.58956313e-01,  4.84883825e-02,
        1.97171962e-02, -9.89071573e-03, -2.78683814e-03,  2.13973602e-04,
       -1.86039886e-05, -1.85142547e-06,  9.98270834e-02, -1.50928428e-01,
        1.43747492e-01, -2.44214581e-02, -3.75729230e-03,  1.22661575e-03,
        1.86775893e-04, -1.77716764e-05,  1.09196208e-06, -5.18774792e-04,
       -7.19924996e-03,  8.64355464e-03, -1.74270120e-03, -7.85142701e-04,
       -3.15194941e-04,  5.32615925e-06, -1.09118017e-06,  1.32472812e-06,
       -9.32435294e-05, -2.83133287e-04,  7.91862350e-04, -8.09772298e-04,
       -1.40267363e-03,  9.08395175e-04,  7.89836131e-06,  2.51667473e-06,
        1.48360610e-06, -2.77182060e-06,  1.12396306e-04,  1.20857152e-05,
       -3.29869131e-04,  7.88726118e-05,  6.31833424e-05,  2.32185369e-05,
        3.38193793e-06, -7.05269840e-07,  3.13391400e-06, -2.18320878e-06,
       -7.84585914e-06,  1.48444674e-06,  8.89670984e-06,  1.43679708e-06,
        1.04512254e-05, -6.23305555e-08, -3.01173574e-08,  2.06894914e-07,
       -1.23118783e-08,  1.42802785e-08, -4.25795169e-08,  2.62939756e-07,
       -3.66185193e-07,  4.35464864e-07,  3.97484912e-07, -4.36903764e-07,
        1.51994928e-08, -1.66853412e-08, -5.32862302e-09,  2.49384079e-08,
       -1.45868349e-08,  2.48452998e-08,  5.78710267e-08, -2.31279196e-08,
       -5.00079178e-08], dtype=float64),
                   'Te_l': Array([  3498.15765536, -11181.37701609,  -1814.55927135,  -1133.46006733,
         -174.1015537 ], dtype=float64),
                   'Ti_l': Array([  2462.145536  , -12066.69339526,  -2334.11983719,  -1135.84371659,
         -248.82911165], dtype=float64),
                   'Z_lmn': Array([ 2.08062063e-05, -1.92293607e-05, -3.41521550e-06,  3.82800642e-06,
        2.55228753e-05, -2.63780533e-05, -1.40459304e-05,  3.23988805e-06,
       -1.95494351e-05,  8.52034948e-06,  2.81143662e-05, -5.35855971e-06,
       -5.32392650e-06, -6.89966472e-06,  2.19839911e-05, -2.41149571e-06,
       -1.48144806e-05, -1.70294265e-06,  5.36776444e-06, -3.86465617e-08,
        1.94832663e-06, -1.75725525e-07, -2.44118350e-06,  2.46151348e-06,
        6.67861106e-10,  5.74651616e-05,  3.71642045e-05, -7.23087085e-07,
        5.72520544e-05,  1.05586671e-05, -1.91664029e-05, -6.64808983e-05,
       -3.36454562e-05, -8.86015140e-05, -4.85097987e-05,  4.61563162e-05,
       -2.96425866e-05,  4.64510910e-06, -3.70387111e-05,  1.02466043e-04,
        6.33530798e-06,  7.86474923e-07, -2.70011692e-05,  2.94666000e-05,
       -6.28097362e-07,  5.26405824e-06,  1.33466163e-05, -1.40309542e-05,
       -5.92471441e-06,  1.01218931e-07,  3.72655576e-04, -8.68876883e-05,
       -1.56158793e-04,  6.74289263e-04,  2.42635414e-04,  1.64802501e-04,
       -3.23357768e-04, -6.16258228e-04, -2.21269022e-06, -1.29276595e-04,
       -9.91473342e-05,  1.36370667e-06,  1.44226761e-04, -4.04811728e-05,
       -5.12088801e-06,  4.92392200e-06, -1.78205162e-05, -6.31146016e-05,
       -1.53694912e-07,  9.77583701e-08, -3.83498116e-05, -1.36401808e-05,
        6.57523108e-06, -1.05610084e-05, -2.18333742e-07, -1.05066264e-04,
       -1.25828482e-03,  5.01174772e-05,  1.61558786e-04,  1.22245818e-03,
        9.17372654e-04,  3.53424517e-06, -3.15818221e-04,  1.27015311e-04,
       -2.83267217e-05, -8.39622943e-04, -1.32444293e-04,  1.10429472e-05,
        1.28026841e-04,  8.65758762e-06, -8.60638911e-06,  4.31137411e-05,
       -2.02406564e-05,  9.16787378e-05,  1.67758755e-06,  1.99906565e-05,
        1.85771399e-05, -3.31013306e-05, -2.77620267e-05,  1.69259584e-07,
       -2.06012198e-03, -1.20083169e-02,  1.18122876e-03, -2.82500044e-03,
        1.00263587e-02, -4.37072178e-04,  1.30976585e-03,  3.02878640e-03,
        9.77766158e-04,  1.36887291e-03,  1.71941114e-03, -1.20284700e-04,
       -9.70831982e-05, -6.59654589e-04, -5.13845116e-04, -6.11542600e-05,
        2.97529409e-04, -1.52868601e-04, -3.41426369e-05,  2.80661878e-06,
       -5.22666620e-05, -2.32641013e-05, -3.40611773e-05, -6.50720556e-06,
       -7.97767962e-07, -1.11235149e-02, -2.08938659e-02,  8.44417997e-03,
       -2.26372592e-02,  3.32542855e-02,  6.00792618e-03,  1.09119462e-03,
        1.05851142e-03,  2.52424164e-03, -1.34298527e-04,  3.09696444e-03,
       -1.51138201e-03,  9.75804033e-04,  2.64935343e-03,  4.93798037e-04,
       -8.31740399e-05, -3.10440349e-04,  4.20400291e-04,  1.82527113e-04,
        4.93742710e-07,  3.18964322e-04, -1.85518727e-05, -6.86836329e-06,
        2.22576991e-05,  5.31329350e-07, -1.36166149e-01,  5.75005272e-02,
        3.78226512e-02, -6.37555060e-02,  7.83980524e-02, -9.08932254e-03,
        2.31696588e-03, -1.05540248e-02,  6.74957074e-03, -9.72111451e-03,
        1.19295396e-02,  1.59610067e-03,  2.43276569e-03, -9.09116647e-04,
        2.13846675e-03, -1.60806568e-04, -8.12764587e-05,  6.30192162e-04,
       -2.77258461e-04, -8.44289910e-06, -1.86726011e-04, -5.48395449e-06,
       -1.66998010e-04,  4.19029852e-05,  1.61386969e-06, -1.42316729e+00,
        2.83909189e-01,  6.37593063e-02, -6.34328928e-02,  2.74212284e-01,
        6.27306563e-03,  7.60189689e-03,  1.16346220e-02, -6.03129089e-03,
       -5.18440020e-02, -5.45180229e-03, -4.98647836e-04,  4.23687605e-03,
       -8.05018214e-03,  3.46542116e-03, -1.55159532e-04,  9.16527392e-04,
        9.63228417e-05, -6.06540877e-04,  4.20413498e-07,  1.16738686e-03,
       -9.42299694e-05, -4.72537380e-04,  7.03936759e-05, -2.93315065e-06,
       -2.18016849e+00, -3.55798278e-01,  1.49986333e-02,  6.09938139e-02,
        8.55380604e-03,  5.37523246e-02,  1.13998355e-03,  5.51579450e-03,
       -1.75873686e-02,  5.63616330e-04,  8.59198289e-04,  1.57334007e-02,
       -2.44435602e-05,  2.96205887e-04,  1.34722928e-03, -1.82231464e-03,
        2.37015518e-06, -7.56131249e-06,  4.53805688e-04,  1.23826252e-03,
       -1.25038128e+00,  1.02157884e-01,  6.50045634e-02, -6.33219348e-03,
        2.11151699e-02,  4.05537141e-02,  4.69162527e-03,  1.31023724e-02,
        1.25531412e-02, -1.68597672e-04, -7.61437056e-03,  3.89473304e-03,
        8.77350041e-06, -5.13507983e-04, -6.96740645e-04,  9.08753085e-04,
       -2.11018435e-07, -5.99139158e-05, -1.86793624e-04,  2.88154932e-04,
       -2.40216646e-01,  5.69236448e-02,  2.25214193e-02,  5.58262075e-03,
       -6.12919126e-03,  1.25603717e-02, -2.81426824e-04, -1.06749395e-02,
       -9.96716180e-04, -1.70549538e-04, -4.07258336e-04,  3.97434695e-03,
        1.26875131e-05,  1.00609378e-04, -1.49762043e-04,  4.58308900e-04,
       -2.78839241e-06, -2.79479949e-05,  3.88577329e-06, -5.26207406e-04,
       -3.15738493e-02,  1.03607279e-02, -7.96509261e-03,  1.64380737e-03,
       -2.31261714e-03,  9.69109056e-03,  1.60569625e-03,  3.80195937e-03,
        1.04302646e-03, -1.25241466e-04, -5.38841635e-04, -3.19632294e-03,
       -9.41548526e-07, -4.14781659e-04, -4.37930114e-04,  1.15074464e-03,
       -9.65354071e-07,  1.02152862e-04, -1.14595643e-04, -9.64241682e-05,
       -2.64054272e-03, -3.17306837e-03,  1.53920483e-04,  2.72503980e-03,
       -1.45075174e-03,  2.85961767e-03,  1.77213141e-04, -5.10965982e-04,
       -1.05997590e-03,  3.57676283e-05,  1.06860501e-03,  5.30440043e-04,
       -8.96800032e-07, -1.78057411e-05, -1.37593956e-04,  2.18310005e-04,
        3.79900140e-07, -1.61382832e-05, -1.51744053e-06, -1.79817026e-04,
       -4.04287957e-04, -1.48280158e-03, -1.11759915e-03,  6.75801567e-04,
       -4.89406874e-05,  1.79619311e-03,  1.47620771e-04,  1.25332533e-03,
       -3.70018614e-04,  5.63066620e-06, -5.48195159e-05, -4.57923596e-04,
       -1.04689042e-06, -1.15204044e-04, -1.08924443e-04,  1.32851905e-04,
       -2.71825669e-08,  2.06085546e-05,  2.27954204e-05,  3.75397256e-05,
       -3.18536318e-04, -5.14962343e-04, -2.82311900e-04,  3.57056269e-04,
        4.86382643e-05,  3.32207060e-04, -1.72764766e-05,  2.87711892e-04,
       -3.52584829e-05, -8.69668481e-06, -3.19702811e-05,  2.04489970e-04,
        7.47708178e-08,  1.79260454e-05, -5.62391105e-06, -5.39406363e-06,
        1.18892031e-07,  3.82012353e-06, -2.12356789e-05, -2.35707960e-05,
       -8.49101475e-05, -4.51567159e-05,  2.65203945e-06,  9.88856671e-05,
        1.26339347e-04,  4.52342121e-05,  2.39881121e-05,  3.62180768e-06,
       -6.69179992e-06, -2.30108335e-06, -1.32928174e-04,  1.09639369e-05,
       -7.71283820e-07, -2.43434494e-05, -6.47557160e-06, -7.36546146e-06,
        1.87579844e-07,  2.29167372e-06,  6.79992994e-06, -1.11019971e-05,
       -2.63993898e-06, -7.63088516e-06,  1.51868450e-05,  5.43880790e-06,
        1.72431056e-05,  1.36892018e-05,  1.20037049e-06, -1.03470415e-05,
       -9.01860901e-06,  8.95354166e-07, -1.65399552e-05, -7.22025152e-06,
       -1.20721454e-08, -1.20136971e-06, -4.83870293e-06,  6.22280399e-06,
       -1.34574245e-08, -8.58328501e-07, -6.93327221e-07,  1.14109049e-06],      dtype=float64),
                   'Za_n': Array([ 1.74477446e-05, -7.67370045e-06,  2.28800284e-05, -1.42701787e-04,
       -1.88676835e-03, -1.91333400e-02, -1.74291326e-01, -1.48239419e+00],      dtype=float64),
                   'Zb_lmn': Array([-3.05394012e-08, -6.16440230e-10, -7.49578132e-09,  3.33702675e-08,
       -6.62745854e-09,  9.20473031e-09,  5.00177700e-08, -3.86465617e-08,
        6.67861106e-10,  1.70343581e-07, -4.52145851e-10, -8.54965817e-08,
       -1.12558827e-08, -1.66425389e-07, -1.75986651e-07,  4.10593569e-07,
       -6.28097362e-07,  1.01218931e-07, -9.84035865e-07,  8.65061390e-06,
        3.90968134e-06,  2.54056555e-06, -7.58347150e-07,  1.21001176e-06,
       -5.63708640e-06,  9.77583701e-08, -2.18333742e-07, -2.03809377e-05,
       -2.10396180e-05, -7.65545355e-06,  5.75090543e-05,  1.02571568e-04,
       -4.07655550e-05, -3.63684158e-05,  1.67758755e-06,  1.69259584e-07,
        2.81522766e-04, -3.15555893e-04, -4.79132727e-04,  1.12947036e-03,
        4.29859865e-04, -1.54427337e-04, -6.76614656e-05,  2.80661878e-06,
       -7.97767962e-07, -2.93371996e-04,  1.19156807e-02, -1.89479463e-02,
        9.52529091e-03,  3.01117131e-03, -1.32885490e-03, -6.09163408e-05,
        4.93742710e-07,  5.31329350e-07, -9.37804924e-02,  1.26096189e-01,
       -7.52241314e-02,  3.47040920e-03,  8.72103948e-03,  1.31884221e-03,
       -1.18903583e-04, -8.44289910e-06,  1.61386969e-06, -1.34640182e+00,
        5.07193998e-01, -5.99426830e-02,  9.17586176e-04, -3.03840711e-03,
       -1.10518871e-03, -8.47658556e-05,  4.20413498e-07, -2.93315065e-06,
        2.37015518e-06, -2.44435602e-05,  5.56055018e-04,  1.43618944e-03,
        9.86681001e-03,  2.18616571e-02, -2.85074290e-01, -2.13858436e+00,
       -2.11018435e-07,  8.77350041e-06, -2.28511588e-04,  4.17811729e-03,
        1.33140057e-02,  7.74101952e-02,  1.46894486e-01, -1.24325158e+00,
       -2.78839241e-06,  1.26875131e-05, -1.98497532e-04, -1.80817446e-04,
       -6.53256383e-03,  1.16967177e-02,  7.29321560e-02, -2.35172432e-01,
       -9.65354071e-07, -9.41548526e-07, -2.30886040e-05,  1.19091459e-03,
       -2.96605442e-03, -4.60106335e-03,  1.67590714e-02, -2.77362708e-02,
        3.79900140e-07, -8.96800032e-07,  1.96293451e-05,  1.59407400e-04,
       -3.83664172e-04, -4.94639455e-04,  3.71723208e-05, -7.57168817e-04,
       -2.71825669e-08, -1.04689042e-06,  2.62392208e-05,  3.24167268e-05,
       -8.09647829e-05,  2.68017390e-05, -1.06992340e-04,  3.43469007e-05,
        1.18892031e-07,  7.47708178e-08, -4.87656128e-06,  6.49568874e-07,
       -4.56769580e-06, -2.23919495e-07, -1.83610887e-06, -2.13259622e-06,
        1.87579844e-07, -7.71283820e-07, -9.40963079e-09, -3.55337373e-07,
        2.11102909e-07, -2.01724470e-07, -6.05639149e-08, -8.17418315e-08,
       -1.34574245e-08, -1.20721454e-08,  3.70256651e-08, -9.99218583e-10,
        9.82317966e-09,  1.10056177e-09, -2.08444139e-08,  3.06390232e-09],      dtype=float64),
                   'Zeff_l': Array([0.92580312, 0.23569737, 0.09464908, 0.06702946, 0.04882536],      dtype=float64),
                   'a_lmn': Array([], shape=(0,), dtype=float64),
                   'c_l': Array([0., 0., 0., 0., 0.], dtype=float64),
                   'i_l': Array([], shape=(0,), dtype=float64),
                   'ne_l': Array([ 1.97118532e+20, -1.61261742e-21, -1.50259814e-21, -1.35367851e-21,
       -1.30636915e-21, -3.96908086e+20], dtype=float64),
                   'ni_l': Array([], shape=(0,), dtype=float64),
                   'p_l': Array([], shape=(0,), dtype=float64)}],
               [ { 'G': Array([], shape=(0,), dtype=float64),
                   'I': Array([], shape=(0,), dtype=float64),
                   'L_lmn': Array([ 5.81168257e-06, -3.82100877e-07,  4.60146085e-06,  2.38800311e-06,
        4.00917776e-06, -1.05312467e-05, -1.29369697e-05, -2.72069372e-06,
       -1.16671743e-06, -7.69868909e-06,  9.34804168e-06,  1.47293098e-05,
        3.18623848e-06,  1.88307338e-06, -3.30990922e-06,  1.17147223e-05,
        1.48627813e-05, -2.51995839e-06, -5.06857122e-06, -3.53955660e-06,
       -8.75457780e-06,  9.70540204e-06,  6.53563240e-06,  4.55934699e-06,
        5.62045112e-07,  2.15719747e-06,  8.12501435e-05, -7.29066194e-06,
       -2.20955529e-05, -1.21349480e-04,  2.77923401e-05,  2.31046755e-06,
        4.08467628e-05,  1.47905051e-06,  4.64197591e-05, -3.21911628e-05,
       -1.02553257e-05, -1.30498793e-05,  1.60542447e-06,  1.48338219e-06,
        6.45207456e-05, -1.05783826e-05, -2.28618877e-05, -4.58191052e-05,
        9.72051485e-06,  1.57682029e-05,  2.31405232e-06, -1.89235091e-05,
       -2.20851109e-05, -1.85410868e-05,  1.21455550e-04, -6.22715732e-04,
       -2.31921312e-04,  1.33487658e-04,  7.81192489e-04, -7.77753058e-05,
        5.16799318e-05, -2.02282978e-04, -3.68818828e-05, -2.79309807e-04,
        2.76274489e-05, -3.72487194e-05,  9.95674544e-05,  1.13444893e-04,
       -9.37390959e-05, -8.68894393e-05,  1.05406966e-04,  5.91535442e-05,
        9.54295152e-05,  5.32583931e-05, -5.46176396e-05, -3.51821563e-05,
        1.99571048e-05,  4.78855283e-05,  1.66229192e-05, -4.68636770e-04,
       -6.21586208e-04,  4.88422623e-04, -6.79977944e-04,  6.68847845e-04,
        3.62487588e-04, -1.69474060e-04,  3.52943740e-04, -2.89200965e-05,
        1.85679687e-04, -1.69346959e-04, -8.72457866e-05,  7.99567433e-05,
        2.14346264e-04,  1.61498628e-04,  8.26123501e-05, -4.81630847e-05,
       -1.38804808e-04, -2.03271360e-04, -4.90281653e-08,  1.70329039e-05,
       -9.68885067e-05, -7.02908082e-05, -5.18705808e-05, -5.66990277e-05,
        2.76287070e-03,  1.78496554e-03, -2.31763663e-03, -1.65974363e-04,
       -1.39652623e-03, -1.22365178e-03,  2.10690302e-04,  1.72488311e-03,
        7.20196957e-04, -8.85246738e-04, -4.71584942e-05,  3.83852860e-04,
       -4.32566715e-04, -1.17934297e-03, -4.10178050e-04, -2.10407450e-04,
        2.31938674e-04, -1.30165112e-05,  7.67346595e-05,  1.12497845e-04,
        2.44200132e-04,  3.53148349e-04,  2.53498078e-04,  1.87080421e-05,
        4.93964089e-05,  1.28233422e-02,  3.83022304e-03, -1.01611122e-02,
       -1.57728045e-03,  2.67762513e-03,  3.01423935e-03, -1.60462358e-03,
       -2.67971357e-03, -3.83686561e-03, -3.28337643e-03,  1.37449508e-04,
       -5.80501877e-04, -5.98572096e-04, -1.73749407e-04,  9.48906504e-04,
        1.36554500e-03,  1.49065262e-04, -1.16159685e-03,  6.55648829e-05,
       -3.47356564e-04, -4.70009977e-05, -6.61188440e-04, -3.28902268e-04,
       -8.14577101e-05, -1.64634288e-04,  5.74439780e-03, -2.99328131e-02,
        1.27118225e-03,  1.15694573e-02,  1.85241558e-02, -2.35592157e-03,
       -2.19506159e-03, -3.37723727e-03,  9.45676942e-03, -1.17672907e-02,
       -9.81413585e-04,  1.81155693e-03,  2.37745721e-03,  3.96633900e-03,
       -3.79328120e-03,  1.17007984e-03, -2.72503722e-03, -1.52900897e-05,
       -1.53481424e-04,  7.31117642e-05,  9.82212351e-04, -6.54358678e-04,
       -7.28390058e-04, -6.17588825e-05, -9.74063753e-06,  1.96040575e-01,
       -7.97372290e-02, -2.10913179e-01,  2.37159390e-03,  4.93137052e-02,
       -1.12043137e-02,  2.94892110e-02, -1.72238701e-02, -1.98550276e-02,
       -5.96784745e-02, -1.09554984e-02, -2.42099480e-03, -6.84072849e-03,
       -1.00441696e-02,  4.79396137e-03,  1.34295549e-03,  3.15607669e-02,
        7.92299265e-03,  1.82535400e-04, -1.75540129e-05,  6.67817377e-03,
        1.99119286e-03, -3.66913307e-04, -9.07652381e-05, -5.96338557e-05,
        1.99919215e-01, -5.15742196e-02,  1.00156540e-02,  3.36306404e-01,
       -3.71069727e-03,  4.83297400e-02, -4.51785458e-03, -1.42330895e-02,
       -1.26177381e-01, -1.35919661e-03, -1.50606735e-03, -6.61567950e-03,
       -2.47306519e-04, -1.40778204e-04, -6.25685541e-05, -2.33613847e-02,
        1.55790194e-06, -2.23396088e-04,  5.51482382e-05, -2.77797299e-03,
       -1.86947580e-01, -2.39975174e-02,  6.68053888e-04,  5.68052009e-02,
        1.56373532e-02, -1.19732122e-02,  2.63766119e-03,  6.63251582e-03,
        1.15467055e-03, -1.14422756e-03, -4.53676288e-03,  1.30607008e-02,
        5.52281585e-04,  9.65558733e-04, -4.71421797e-03, -1.27687103e-02,
        2.92237282e-04,  1.06683951e-04,  1.12949419e-03,  5.54674950e-04,
        2.95432999e-02, -1.65832033e-02,  5.24078451e-03, -1.61250106e-03,
       -1.00553317e-02, -5.47782731e-04, -7.72017645e-04, -4.11842372e-03,
       -2.10065965e-03, -1.03037787e-03,  5.64175104e-03, -1.42713557e-03,
       -2.06408847e-04, -2.83724247e-04,  4.25801042e-04,  3.40807483e-03,
       -1.28527333e-05, -2.46591091e-04, -3.47204084e-04, -4.69016909e-04,
        1.65526677e-03,  6.07944853e-03, -4.15904280e-03, -5.81658715e-03,
        4.48406482e-03, -1.46246193e-03,  6.71725009e-04,  2.18342112e-03,
        1.52463972e-03, -1.42091401e-03, -1.78183781e-03, -1.89417774e-03,
        2.83357164e-04, -4.93818244e-04,  6.44352957e-04, -7.47644727e-04,
        1.77919136e-04,  7.87008993e-05,  4.28239914e-04,  6.26104257e-04,
       -2.63244972e-04, -7.00140635e-04,  2.15913447e-03,  1.68929876e-03,
       -9.82195654e-04, -2.99244288e-04, -4.02610061e-04, -1.32678988e-03,
       -1.55521986e-03,  2.62192373e-04,  7.24991315e-04,  6.25156522e-04,
       -9.28616204e-05, -3.45676233e-05,  2.35190857e-04,  1.14323864e-04,
       -4.80495425e-05, -2.25887970e-05, -4.59030230e-04, -4.60394841e-04,
        1.10815882e-03,  8.06124345e-04, -6.29841302e-04, -1.38941704e-03,
        2.89229614e-05, -4.66126429e-04,  1.02729249e-04,  3.76622574e-04,
        1.14055378e-04, -3.46809385e-05, -2.01430421e-04, -3.89083061e-04,
        1.23564610e-05,  1.96924102e-04,  8.70622295e-05,  3.86286223e-05,
        5.76841828e-05,  5.23073900e-05,  8.43177709e-05,  1.72636326e-04,
       -6.64862438e-05,  2.74407478e-05,  7.01018800e-05,  2.89997096e-04,
        5.88904700e-05, -1.04527887e-04,  4.52981568e-05, -2.21159620e-05,
       -2.41236299e-04,  8.60262155e-05,  2.75160331e-05,  1.12574571e-04,
       -6.42215359e-05, -1.20549437e-04, -1.07761525e-04, -8.49338751e-07,
       -2.22341700e-05, -4.67702014e-05, -4.43730576e-05, -1.16703001e-04,
       -2.83045741e-05, -3.94550462e-05, -7.72742011e-05, -6.47811442e-07,
        5.25755754e-07,  8.09741909e-06,  2.12473878e-06,  6.83787900e-05,
        2.16300726e-05, -6.10001154e-05, -1.88945877e-05,  5.78805176e-06,
       -8.27338067e-06,  4.50467504e-05,  2.13047965e-05, -1.09219055e-05,
        1.96101896e-05,  2.08217646e-05,  2.07797987e-05,  8.49880847e-06,
        2.57922775e-05,  6.28861087e-06,  1.22802872e-05, -3.15996209e-05,
       -1.45178848e-06, -1.07806138e-06, -1.35400812e-05, -1.25310371e-05,
        7.24999386e-06, -1.09073566e-05,  6.04759376e-06, -1.34218915e-05,
        3.62822454e-06,  2.11280949e-06, -2.91737057e-06, -5.39330743e-06,
       -9.13051533e-07, -3.57473112e-06, -1.01247733e-05, -7.70574469e-06],      dtype=float64),
                   'Phi_mn': Array([], shape=(0,), dtype=float64),
                   'Psi': Array([50.20413129], dtype=float64),
                   'R_lmn': Array([ 5.58751025e-06, -1.24447462e-05,  1.93503062e-05,  7.00023981e-06,
        3.91699577e-05,  2.05853460e-05,  4.46085756e-07, -5.53166993e-06,
       -1.95470628e-05,  1.33816569e-06, -3.15937371e-05, -7.57384263e-06,
       -2.01436610e-08, -4.46530095e-07, -1.37795750e-05,  7.00960573e-06,
       -7.36358192e-09, -1.36225007e-06, -7.59349632e-06, -5.54953694e-07,
       -1.26744429e-04, -1.13943661e-04, -2.22794692e-05,  1.11693171e-04,
        2.91179714e-05,  1.15561538e-04, -3.68638389e-05,  1.08922111e-05,
        4.22865030e-05, -1.78443183e-05, -5.38817946e-05,  1.68493278e-05,
       -4.48348087e-07,  3.74661125e-05,  1.16380194e-05, -2.69649961e-05,
        3.95592910e-08,  1.81360919e-05,  2.46607072e-05, -1.82936652e-05,
       -1.10737488e-04, -3.96796380e-04, -3.33813243e-04,  2.48903925e-04,
        1.06904227e-04,  3.72511697e-04,  6.40214297e-05,  4.03235518e-04,
       -1.74160014e-04,  3.17149630e-05, -2.48979955e-05,  2.22079473e-06,
        1.76295799e-06, -6.75910894e-05, -5.77589683e-05,  4.42782856e-05,
       -2.62397635e-07, -2.46480451e-05, -8.00832991e-05,  1.25357526e-05,
        7.59231075e-04, -6.00544016e-04,  2.41104827e-04, -3.99222300e-04,
       -5.88826932e-05,  3.44176226e-04, -4.21024126e-06, -5.38214382e-04,
       -3.33737461e-04, -5.79986695e-05,  4.80387039e-05,  1.60955743e-04,
        1.41095229e-06,  5.80494361e-05,  8.03714437e-06,  5.03883521e-05,
        1.79961820e-07,  5.28770522e-05,  1.34649528e-04,  2.58467540e-05,
       -3.99916404e-03, -2.74134964e-03, -3.65220582e-04,  1.84598902e-03,
       -1.74113157e-03,  3.34742679e-03,  1.32536772e-03,  6.61799036e-04,
        8.52947618e-04,  8.55400956e-05,  4.60253464e-04, -3.17241659e-04,
        6.57429840e-06, -4.31125863e-04, -2.54329470e-04,  1.79744839e-04,
        4.11316250e-07, -8.35541694e-05, -1.01757559e-04, -2.18012991e-04,
       -3.62354536e-02, -8.65257700e-03,  3.96843331e-03,  1.37894313e-02,
        3.95764174e-04,  1.73967873e-02, -7.00417517e-04, -1.34143929e-03,
       -3.61476492e-04, -1.79317696e-04, -9.83520949e-04, -1.29850233e-03,
        5.83648524e-07,  3.55567312e-04,  5.06332165e-04,  1.09059995e-03,
        7.85516721e-07,  9.02469830e-05, -7.48559207e-06, -1.90881577e-04,
       -2.52805965e-01,  1.30966301e-01, -1.07455039e-02, -3.86372051e-02,
        7.93315899e-04,  3.15414393e-03,  2.48626503e-03,  4.06863635e-04,
        1.00883086e-02,  5.14795752e-05, -1.17796268e-03,  3.71876343e-03,
       -4.52644125e-06, -6.93059416e-05, -1.72486107e-03, -1.27586642e-03,
        3.12576019e-07, -6.85136109e-05,  4.84450437e-04,  2.99862392e-04,
       -1.61959130e+00, -4.07578059e-02,  7.95293527e-02,  1.70588450e-01,
       -3.64681523e-03,  1.02974504e-01, -4.55761478e-03, -2.54156214e-03,
       -1.90589804e-02,  4.03209170e-04, -3.34898319e-04,  3.96767320e-04,
        3.76205481e-06,  2.19986150e-04, -1.90040642e-03,  2.61516564e-03,
        5.33933641e-07,  5.65835175e-05, -9.24262539e-05, -7.68510870e-04,
        1.00963050e+01,  1.56661748e+00, -3.01562875e-01,  3.84030812e-01,
        1.40639574e-01, -1.05619518e-02,  1.01551190e-01, -4.16120590e-02,
       -1.89719519e-02, -1.85661589e-02, -1.71292082e-02,  3.61101341e-04,
       -2.48129424e-05, -1.25843688e-02, -1.43518777e-03, -1.56292739e-04,
        4.48712516e-03, -1.47117686e-03, -6.26492488e-04, -1.01392829e-05,
        2.05941561e-04, -8.15871751e-04, -4.03062327e-04, -3.61671081e-05,
       -1.37361371e-06,  1.89572469e+00, -7.57863668e-01,  7.28049279e-02,
        1.83677686e-02, -1.29340745e-02,  2.34144057e-02, -3.89126330e-02,
        2.70083162e-02, -1.51890680e-02,  1.20972501e-02, -4.94714942e-03,
       -3.72926868e-03,  2.10103661e-04,  3.44868816e-03,  5.06069029e-03,
        1.11035582e-05, -2.88915783e-04,  1.21900880e-03,  9.47378047e-04,
       -1.86039886e-05, -9.84828363e-04, -3.26507418e-04,  3.22732218e-04,
        2.14599099e-04, -1.85142547e-06,  1.44951470e-01, -8.07116637e-02,
       -4.53860718e-02,  1.35723961e-01, -9.26645877e-02, -2.32269670e-02,
        8.06120582e-04,  3.56443580e-03, -7.89673027e-04,  2.44356554e-02,
        1.49097415e-03,  1.27568701e-03, -6.11534117e-04,  4.65213190e-03,
       -3.40431159e-03,  1.65669825e-04, -1.99226685e-03, -2.65626155e-03,
       -4.98884539e-05, -1.77716764e-05,  7.90989335e-05, -1.99320342e-04,
        4.23371990e-04,  1.84997442e-05,  1.09196208e-06,  7.16329210e-03,
       -1.03194847e-03, -8.96246996e-03,  3.28346280e-03, -8.99011473e-03,
        4.18407940e-03,  2.71082802e-03,  7.65641189e-03,  2.43865685e-05,
        1.67854558e-03, -6.57370650e-03, -8.65095730e-04, -1.22461948e-03,
       -2.54520543e-03, -9.33285699e-04,  8.76906101e-05,  1.14353001e-03,
        6.41117169e-04,  5.51988521e-04, -1.09118017e-06, -2.05981132e-04,
        2.46734840e-04,  1.26628734e-04, -7.81554879e-05,  1.32472812e-06,
        1.43211158e-03,  9.35137448e-03, -1.49067252e-03,  9.06868080e-04,
       -9.51162169e-03,  3.32454215e-04, -4.55425912e-04, -5.64130857e-04,
       -1.32662816e-03, -1.63048363e-04, -1.06918292e-03,  1.27103357e-03,
        5.20561552e-04,  6.43634747e-04, -9.24076062e-05,  6.57346532e-05,
        4.24072148e-05, -7.70366679e-05, -3.59258884e-04,  2.51667473e-06,
       -1.01153756e-04, -1.93018224e-04,  1.90055129e-05, -6.11039156e-05,
        1.48360610e-06,  5.69421522e-05,  2.35678234e-03, -1.38168981e-04,
        1.48076579e-03, -2.09535202e-03,  2.39936277e-04, -3.31990325e-05,
       -1.91694818e-03, -5.13557684e-05,  5.33457041e-05, -6.62385499e-04,
       -8.92585609e-05,  5.78700540e-05,  4.38636893e-04, -2.29440570e-05,
       -3.38136955e-05, -2.02245417e-04,  9.26042118e-05,  1.53678303e-04,
        3.38193793e-06,  5.38232822e-05,  1.08249119e-05,  1.51507641e-04,
        5.70567860e-05, -7.05269840e-07,  8.51604933e-05,  3.41817609e-06,
       -5.41968319e-05, -3.94528220e-04, -4.65842270e-05, -2.05768036e-04,
       -5.78247372e-05,  4.39041513e-04,  1.28061073e-04, -2.44100348e-05,
        2.64840386e-04,  8.63986792e-05,  3.98906036e-05, -7.69406427e-05,
       -5.57621638e-05,  5.23651008e-05,  6.45879751e-05, -5.58861493e-05,
       -8.56603634e-05, -6.23305555e-08, -9.24752738e-06,  2.27801536e-05,
       -6.32259551e-05, -4.13950521e-05, -3.01173574e-08, -1.46520728e-04,
        7.87002205e-05,  9.21280983e-05, -1.20673821e-04, -9.75884424e-05,
       -5.42001894e-06,  1.16742920e-04,  1.21924129e-04,  2.06805715e-06,
        3.34036386e-05, -3.73073439e-05, -3.84845067e-05, -8.97147185e-05,
        7.94779740e-06, -3.51038949e-05, -2.24296855e-05, -1.45277286e-05,
        4.26847833e-05,  3.81183215e-05,  3.97484912e-07,  2.75713229e-05,
       -9.18382559e-06,  3.32987775e-05,  2.28651504e-05, -4.36903764e-07,
       -2.26247133e-05, -7.46806954e-06, -9.26049809e-06, -9.69663489e-06,
       -2.83795465e-06,  3.32160722e-05,  2.76848182e-05, -4.41377397e-06,
        3.44070622e-05,  5.28258713e-06, -2.80055282e-05,  5.21652952e-06,
        1.21479629e-05,  1.91646374e-05, -3.12249961e-05,  2.62153109e-06,
        5.00675171e-06, -5.18560558e-06, -5.19168422e-06, -2.31279196e-08,
       -7.93237018e-06, -5.05955714e-06, -3.19665289e-06, -2.56366006e-06,
       -5.00079178e-08], dtype=float64),
                   'Ra_n': Array([ 1.04996498e+01,  1.78281220e+00,  1.91834296e-01,  1.98552284e-02,
        1.84564288e-03,  1.57865329e-04,  3.23944570e-05, -4.61986480e-06,
       -5.75973007e-06], dtype=float64),
                   'Rb_lmn': Array([-7.36358192e-09, -2.01436610e-08, -2.40843781e-08, -4.44338448e-10,
       -1.72757938e-08,  3.90612572e-08,  1.18035005e-08,  5.02929924e-08,
        3.95592910e-08, -4.48348087e-07,  2.91773553e-07,  6.02273595e-07,
       -1.03115983e-07,  2.50761260e-07,  1.73539979e-07,  2.70248261e-07,
       -2.62397635e-07,  1.76295799e-06,  7.06691789e-06, -3.56965969e-06,
        1.92293226e-06,  1.16633073e-05, -9.52813580e-06,  8.28470943e-06,
        1.79961820e-07,  1.41095229e-06, -5.12161732e-06,  5.38391948e-05,
        1.23805538e-04, -2.89072410e-04, -6.95652935e-05,  7.66596669e-05,
        4.11316250e-07,  6.57429840e-06,  1.98592625e-06,  8.94241859e-04,
       -1.38263567e-03,  4.22489834e-05,  7.08225007e-05, -1.12048256e-03,
        7.85516721e-07,  5.83648524e-07, -8.90707127e-05, -3.44850204e-04,
       -5.95242367e-04,  3.13332619e-03,  7.25482637e-03, -2.17168988e-02,
        3.12576019e-07, -4.52644125e-06, -1.70340357e-05,  2.41695909e-03,
        9.98036543e-05, -1.20635013e-02,  1.38139071e-01, -2.82630727e-01,
        5.33933641e-07,  3.76205481e-06,  4.59792688e-04, -4.33762863e-03,
       -4.07413980e-03,  7.50873841e-02,  6.18449547e-02, -1.46544666e+00,
        9.89647447e+00,  1.69317802e+00,  3.29018512e-01, -2.91623368e-02,
       -2.08102020e-02, -2.65391146e-04, -1.92459847e-04, -1.01392829e-05,
       -1.37361371e-06,  1.92884226e+00, -7.58989408e-01,  4.84982655e-02,
        1.96862651e-02, -9.80564549e-03, -2.78189063e-03,  2.25702658e-04,
       -1.86039886e-05, -1.85142547e-06,  9.98390837e-02, -1.50932863e-01,
        1.43741209e-01, -2.43922544e-02, -3.77061263e-03,  1.22579855e-03,
        1.84169570e-04, -1.77716764e-05,  1.09196208e-06, -5.18950452e-04,
       -7.19998761e-03,  8.64140410e-03, -1.74850993e-03, -7.82270396e-04,
       -3.13107209e-04,  9.53512220e-06, -1.09118017e-06,  1.32472812e-06,
       -9.45790490e-05, -2.80888361e-04,  7.93353746e-04, -8.13765377e-04,
       -1.40003026e-03,  9.11774683e-04,  4.63073763e-06,  2.51667473e-06,
        1.48360610e-06, -2.73252516e-06,  1.12530603e-04,  1.32794193e-05,
       -3.29845010e-04,  7.72078161e-05,  6.44197416e-05,  2.32430906e-05,
        3.38193793e-06, -7.05269840e-07,  3.78200044e-06, -2.98811069e-06,
       -9.64719643e-06,  3.18620134e-06,  9.07295440e-06,  7.38315757e-07,
        1.09700487e-05, -6.23305555e-08, -3.01173574e-08,  2.06894914e-07,
       -1.23118783e-08,  1.42802785e-08, -4.25795169e-08,  2.62939756e-07,
       -3.66185193e-07,  4.35464864e-07,  3.97484912e-07, -4.36903764e-07,
        1.51994928e-08, -1.66853412e-08, -5.32862302e-09,  2.49384079e-08,
       -1.45868349e-08,  2.48452998e-08,  5.78710267e-08, -2.31279196e-08,
       -5.00079178e-08], dtype=float64),
                   'Te_l': Array([  3382.40077678, -11235.65693495,  -1812.68971871,  -1103.61957615,
         -136.20901835], dtype=float64),
                   'Ti_l': Array([  2272.63141801, -12224.4340814 ,  -2403.59825153,  -1128.41366972,
         -205.56140699], dtype=float64),
                   'Z_lmn': Array([ 2.10981230e-05, -1.82836672e-05, -2.24071253e-06,  5.33043294e-06,
        2.48192841e-05, -2.65248505e-05, -1.39536171e-05,  1.05823443e-06,
       -1.87352881e-05,  6.02530794e-06,  2.91738347e-05, -6.08514838e-06,
       -6.40324433e-06, -5.98287549e-06,  2.02880243e-05, -2.33368881e-06,
       -1.25615413e-05, -2.61561388e-06,  6.09435311e-06, -3.86465617e-08,
        1.46891150e-06, -4.13287659e-07, -1.55936368e-06,  2.38370658e-06,
        6.67861106e-10,  7.34212562e-05,  1.29400730e-05, -7.26159981e-06,
        7.82250513e-05,  4.23013909e-05, -2.11242876e-05, -7.85446875e-05,
       -5.80079043e-05, -8.52367763e-05, -5.48304658e-05,  5.04267952e-05,
       -2.65817637e-05,  8.77146357e-06, -3.51388950e-05,  9.92055674e-05,
        4.95512444e-06, -4.11450277e-07, -2.93137635e-05,  2.64057771e-05,
       -6.28097362e-07,  3.78391106e-06,  1.48362513e-05, -1.41352165e-05,
       -4.54453087e-06,  1.01218931e-07,  3.79963803e-04, -1.13139853e-04,
       -1.59272237e-04,  6.74406183e-04,  2.49756726e-04,  1.43310137e-04,
       -3.27746200e-04, -6.07257634e-04, -2.14918610e-05, -1.24479706e-04,
       -7.23581059e-05,  9.37787947e-06,  1.45535102e-04, -4.33623191e-05,
        1.25004891e-05,  4.85075957e-06, -1.24276179e-06, -6.85367083e-05,
       -7.98992518e-06,  9.77583701e-08, -3.94828720e-05, -2.00338344e-05,
        8.25571570e-06, -1.04427431e-05, -2.18333742e-07,  2.54034099e-05,
       -1.46654234e-03,  5.98570604e-05,  3.09190173e-04,  1.37277880e-03,
        8.76394631e-04, -1.28127367e-04, -4.77173114e-04,  8.72984176e-05,
        3.16569325e-05, -8.05312468e-04, -1.38304805e-04, -3.41862876e-06,
        1.53491732e-04,  5.61911963e-05, -5.12903553e-06,  4.00556441e-05,
       -1.56436485e-05,  1.00004933e-04,  1.67758755e-06,  2.56422645e-05,
        7.17918851e-06, -4.07244687e-05, -3.15845643e-05,  1.69259584e-07,
       -2.00057561e-03, -1.15559683e-02,  1.13994932e-03, -2.86930208e-03,
        9.77259438e-03, -4.09304483e-04,  1.28975951e-03,  3.07342049e-03,
        1.03620944e-03,  1.13733775e-03,  1.72289047e-03, -1.33879021e-04,
       -6.99430640e-05, -6.86818001e-04, -5.76391584e-04, -5.42706182e-05,
        3.29543283e-04, -1.81929171e-04, -2.19776529e-05,  2.80661878e-06,
       -7.73215709e-05,  3.83587831e-06, -3.10740964e-05, -1.34277612e-05,
       -7.97767962e-07, -1.06906396e-02, -2.18585716e-02,  8.50925274e-03,
       -2.18668951e-02,  3.34939108e-02,  5.50463280e-03,  5.61516418e-04,
        1.82775628e-04,  2.50508024e-03,  6.06242985e-04,  3.59736976e-03,
       -1.52747736e-03,  9.71455609e-04,  2.74241035e-03,  5.16408387e-04,
       -8.54817234e-05, -3.23211579e-04,  4.25786635e-04,  1.99447027e-04,
        4.93742710e-07,  3.54442234e-04, -7.27217812e-06, -1.14316632e-05,
        2.15816730e-05,  5.31329350e-07, -1.38140498e-01,  6.20342059e-02,
        3.79996465e-02, -6.56945672e-02,  7.51601295e-02, -8.38651677e-03,
        3.96499392e-03, -8.94893871e-03,  6.54663486e-03, -1.09744844e-02,
        1.11915763e-02,  1.58529888e-03,  2.58503607e-03, -5.68408500e-04,
        2.37630068e-03, -1.62001414e-04, -1.22193774e-04,  6.63133279e-04,
       -2.71317621e-04, -8.44289910e-06, -1.79696013e-04, -1.78949908e-05,
       -1.90498024e-04,  4.93372174e-05,  1.61386969e-06, -1.41930707e+00,
        2.70657057e-01,  6.54397587e-02, -5.91043209e-02,  2.87273683e-01,
        5.98494999e-03,  2.32549696e-03,  7.66997535e-03, -5.91962017e-03,
       -5.16684259e-02, -5.16417068e-03, -4.98358975e-04,  3.88138203e-03,
       -8.34395207e-03,  3.36304134e-03, -1.46118111e-04,  9.21690170e-04,
        8.77232646e-05, -6.10942091e-04,  4.20413498e-07,  1.22266130e-03,
       -1.30846664e-04, -4.92790716e-04,  7.04068053e-05, -2.93315065e-06,
       -2.18473824e+00, -3.55919640e-01,  1.46669807e-02,  6.44355746e-02,
        8.52795635e-03,  5.40329235e-02,  1.20287428e-03,  5.72506738e-03,
       -1.66352570e-02,  5.26990043e-04,  9.54109124e-04,  1.55617395e-02,
       -2.44435602e-05,  2.82685408e-04,  1.44773413e-03, -1.85851377e-03,
        2.37015518e-06,  2.66423990e-06,  4.34903683e-04,  1.25557108e-03,
       -1.25222941e+00,  9.96850813e-02,  6.54902416e-02, -4.18196171e-03,
        2.10038243e-02,  4.30743127e-02,  4.72332974e-03,  1.26291059e-02,
        1.20807831e-02, -1.43101543e-04, -7.53872454e-03,  3.88857514e-03,
        8.77350041e-06, -5.22773073e-04, -7.27642346e-04,  1.08557053e-03,
       -2.11018435e-07, -6.59959558e-05, -1.74167978e-04,  3.03490000e-04,
       -2.41342208e-01,  5.76756986e-02,  2.20398001e-02,  7.57832368e-03,
       -5.97983433e-03,  1.13929714e-02, -2.74878000e-04, -1.01777201e-02,
       -1.83835689e-03, -1.68812524e-04, -5.56713642e-04,  4.39979656e-03,
        1.26875131e-05,  8.57794300e-05, -1.67146301e-04,  4.30863431e-04,
       -2.78839241e-06, -3.54193123e-05,  1.42462035e-05, -5.45211871e-04,
       -3.16029333e-02,  1.00273332e-02, -7.92858174e-03,  1.44224041e-03,
       -2.41289752e-03,  1.03370058e-02,  1.60220327e-03,  3.79706087e-03,
        1.17126413e-03, -1.25936008e-04, -4.32576102e-04, -3.53360091e-03,
       -9.41548526e-07, -4.13444182e-04, -4.66189314e-04,  1.25348986e-03,
       -9.65354071e-07,  1.01401096e-04, -1.19411032e-04, -7.39724725e-05,
       -2.64174510e-03, -3.25483748e-03,  3.10191061e-04,  2.83445063e-03,
       -1.46652291e-03,  2.91151416e-03,  1.92351059e-04, -6.86799526e-04,
       -1.17368784e-03,  3.13673155e-05,  1.08994587e-03,  5.94393251e-04,
       -8.96800032e-07, -3.20707651e-05, -1.17771735e-04,  2.23425360e-04,
        3.79900140e-07, -1.05468270e-05, -8.96436095e-06, -2.13533985e-04,
       -4.15962088e-04, -1.49062910e-03, -1.15535852e-03,  7.05291460e-04,
       -1.10254092e-05,  1.78350473e-03,  1.57609168e-04,  1.30094530e-03,
       -3.73933378e-04,  4.98785850e-06, -9.81698463e-05, -4.44260857e-04,
       -1.04689042e-06, -1.24408595e-04, -1.19108544e-04,  1.18556685e-04,
       -2.71825669e-08,  2.11397716e-05,  2.79503928e-05,  4.48951043e-05,
       -3.03828166e-04, -5.56549437e-04, -2.72471090e-04,  3.20821848e-04,
        3.80578743e-05,  3.83584545e-04, -3.39805941e-05,  2.74352276e-04,
       -2.98212945e-05, -1.05507409e-05, -1.69538110e-05,  1.94633985e-04,
        7.47708178e-08,  3.48375075e-05, -2.45958996e-06,  1.12044315e-05,
        1.18892031e-07,  5.30754026e-06, -2.49830435e-05, -2.38581408e-05,
       -8.04862776e-05, -5.34308356e-05,  1.07160997e-06,  9.80485499e-05,
        1.30038217e-04,  5.27195862e-05,  2.07795371e-05,  8.10755590e-06,
       -1.03242902e-05, -4.38875314e-07, -1.35250931e-04,  1.08556375e-05,
       -7.71283820e-07, -2.11348745e-05, -9.38089034e-06, -7.31972389e-06,
        1.87579844e-07,  4.29465683e-07,  5.42381718e-06, -1.02049520e-05,
       -1.26106836e-07, -1.10299288e-05,  1.70755802e-05,  4.65944749e-06,
        1.79053962e-05,  1.69859814e-05,  1.12465220e-06, -1.27773144e-05,
       -1.15557736e-05,  8.53612537e-07, -1.73463138e-05, -7.18161293e-06,
       -1.20721454e-08, -1.12565141e-06, -4.29716519e-06,  7.02549689e-06,
       -1.34574245e-08, -8.16586872e-07, -5.49259219e-07,  1.20471583e-06],      dtype=float64),
                   'Za_n': Array([ 1.72573743e-05, -2.84938394e-06,  2.64718657e-05, -1.33520124e-04,
       -1.85814392e-03, -1.92553893e-02, -1.74939882e-01, -1.48508005e+00],      dtype=float64),
                   'Zb_lmn': Array([-3.05394012e-08, -6.16440230e-10, -7.49578132e-09,  3.33702675e-08,
       -6.62745854e-09,  9.20473031e-09,  5.00177700e-08, -3.86465617e-08,
        6.67861106e-10,  1.70343581e-07, -4.52145851e-10, -8.54965817e-08,
       -1.12558827e-08, -1.66425389e-07, -1.75986651e-07,  4.10593569e-07,
       -6.28097362e-07,  1.01218931e-07, -1.00240310e-06,  1.08944045e-05,
        3.75239546e-06,  2.41532233e-06, -7.35656184e-07,  1.38795429e-06,
       -5.59198357e-06,  9.77583701e-08, -2.18333742e-07, -2.06432609e-05,
       -2.20509615e-05, -7.31202046e-06,  5.54385150e-05,  1.02765145e-04,
       -3.82998728e-05, -3.67135998e-05,  1.67758755e-06,  1.69259584e-07,
        2.81868582e-04, -3.16492873e-04, -4.78863713e-04,  1.13165682e-03,
        4.28743764e-04, -1.55856673e-04, -6.76983795e-05,  2.80661878e-06,
       -7.97767962e-07, -2.93972643e-04,  1.19183706e-02, -1.89489813e-02,
        9.52778920e-03,  3.01005696e-03, -1.32803033e-03, -6.39000504e-05,
        4.93742710e-07,  5.31329350e-07, -9.37705174e-02,  1.26097657e-01,
       -7.52298094e-02,  3.46819280e-03,  8.73243752e-03,  1.31398126e-03,
       -1.12664197e-04, -8.44289910e-06,  1.61386969e-06, -1.34643777e+00,
        5.07184004e-01, -5.99091443e-02,  9.08502576e-04, -3.04936954e-03,
       -1.10930107e-03, -7.57113057e-05,  4.20413498e-07, -2.93315065e-06,
        2.37015518e-06, -2.44435602e-05,  5.29654283e-04,  1.48555969e-03,
        9.91696915e-03,  2.18397822e-02, -2.85069406e-01, -2.13879644e+00,
       -2.11018435e-07,  8.77350041e-06, -2.09097499e-04,  4.20055666e-03,
        1.32909317e-02,  7.73917052e-02,  1.46951459e-01, -1.24324502e+00,
       -2.78839241e-06,  1.26875131e-05, -2.04231836e-04, -1.89098570e-04,
       -6.52230177e-03,  1.16949337e-02,  7.29232546e-02, -2.35171378e-01,
       -9.65354071e-07, -9.41548526e-07, -2.45349121e-05,  1.18875909e-03,
       -2.96488465e-03, -4.59771018e-03,  1.67567656e-02, -2.77359389e-02,
        3.79900140e-07, -8.96800032e-07,  2.08204886e-05,  1.60280294e-04,
       -3.85541401e-04, -4.94380199e-04,  3.75359510e-05, -7.57556955e-04,
       -2.71825669e-08, -1.04689042e-06,  2.61276301e-05,  3.32005726e-05,
       -8.12448627e-05,  2.64782319e-05, -1.06490120e-04,  3.39526791e-05,
        1.18892031e-07,  7.47708178e-08, -5.24320069e-06,  8.56913391e-07,
       -3.87898014e-06, -5.78404451e-07, -2.18904740e-06, -1.62318085e-06,
        1.87579844e-07, -7.71283820e-07, -9.40963079e-09, -3.55337373e-07,
        2.11102909e-07, -2.01724470e-07, -6.05639149e-08, -8.17418315e-08,
       -1.34574245e-08, -1.20721454e-08,  3.70256651e-08, -9.99218583e-10,
        9.82317966e-09,  1.10056177e-09, -2.08444139e-08,  3.06390232e-09],      dtype=float64),
                   'Zeff_l': Array([0.9077323 , 0.22500126, 0.09352025, 0.07087177, 0.05394242],      dtype=float64),
                   'a_lmn': Array([], shape=(0,), dtype=float64),
                   'c_l': Array([0., 0., 0., 0., 0.], dtype=float64),
                   'i_l': Array([], shape=(0,), dtype=float64),
                   'ne_l': Array([ 1.91367012e+20, -1.97733497e-21, -1.83688802e-21, -1.65336888e-21,
       -1.60028947e-21, -3.98193965e+20], dtype=float64),
                   'ni_l': Array([], shape=(0,), dtype=float64),
                   'p_l': Array([], shape=(0,), dtype=float64)}],
               [ { 'G': Array([], shape=(0,), dtype=float64),
                   'I': Array([], shape=(0,), dtype=float64),
                   'L_lmn': Array([ 2.08430374e-06,  1.05857427e-05,  8.67755266e-06, -4.58875922e-06,
       -9.19113870e-06, -9.78168595e-06, -1.29661363e-05,  7.76642363e-06,
       -1.28603453e-06, -8.01910800e-06,  7.11860420e-06,  1.66659355e-05,
        1.83286345e-06, -8.25898031e-07, -2.32833126e-06,  1.29841106e-05,
        1.71496776e-05, -2.75424073e-06, -6.03495242e-06, -3.66255025e-06,
       -1.07145221e-05,  8.96389507e-06,  7.21827743e-06,  5.10255668e-06,
        5.81125980e-07,  3.79811625e-05,  2.00951481e-05, -4.14599691e-05,
        6.36355520e-06, -4.12366061e-05,  1.54907370e-05, -7.13630090e-06,
       -4.74985188e-06, -6.44047782e-08,  3.27060020e-05, -1.32537338e-05,
       -1.21356536e-05, -5.93937959e-06,  1.84633199e-05, -5.20507525e-06,
        7.07531542e-05, -1.18612893e-05, -2.34500694e-05, -4.70173080e-05,
        1.04074581e-05,  1.59263020e-05, -1.66234209e-07, -1.79992408e-05,
       -2.17197186e-05, -1.85071854e-05,  2.77049786e-05, -4.62265595e-04,
       -1.93492298e-04,  6.12155569e-05,  6.10136553e-04, -7.70528036e-05,
        1.22439178e-04, -1.08154255e-04, -1.74991012e-05, -2.94153369e-04,
        7.21373556e-06, -4.85395084e-05,  8.52840434e-05,  1.10227353e-04,
       -1.24840253e-04, -9.38245659e-05,  1.29578068e-04,  7.45977128e-05,
        9.94023138e-05,  5.30981922e-05, -6.22373235e-05, -4.62235227e-05,
        2.28651149e-05,  5.12828652e-05,  1.40447365e-05, -3.50148035e-04,
       -8.90339320e-04,  4.90073955e-04, -6.41404924e-04,  9.27405469e-04,
        4.07752702e-04, -3.23534252e-04,  2.60222020e-04, -1.23932691e-04,
        2.44294018e-04, -1.72591060e-04, -8.62284998e-05,  1.02893315e-04,
        2.77930731e-04,  2.52158483e-04,  9.02047783e-05, -9.59599024e-05,
       -1.54502964e-04, -2.11002383e-04,  1.15870678e-05,  2.55144923e-05,
       -8.91655325e-05, -8.66201288e-05, -6.06651908e-05, -5.49160718e-05,
        2.46133278e-03,  2.20799684e-03, -2.04769528e-03, -4.24312990e-04,
       -1.82680615e-03, -1.06504020e-03,  2.85781626e-04,  2.09952741e-03,
        8.50321942e-04, -9.39697953e-04, -2.79681139e-04,  3.57284711e-04,
       -4.64034724e-04, -1.33222808e-03, -5.13872553e-04, -2.25590097e-04,
        3.10294228e-04,  7.93437655e-05,  9.98419995e-05,  9.93131345e-05,
        1.96986044e-04,  3.57995445e-04,  2.79397586e-04,  3.35660348e-05,
        4.54490774e-05,  1.58137575e-02,  2.68271142e-03, -1.25596867e-02,
        4.06568962e-06,  4.65929723e-03,  2.45209232e-03, -2.28062439e-03,
       -4.29851949e-03, -3.96511475e-03, -4.04385557e-03,  6.79614090e-04,
       -4.99290511e-04, -4.72264969e-04,  3.42356722e-05,  9.04633670e-04,
        1.44063035e-03, -2.97676462e-05, -1.48792636e-03,  5.95332461e-05,
       -3.31114223e-04, -5.28723765e-05, -6.35131154e-04, -3.35963932e-04,
       -1.12951312e-04, -1.57394798e-04, -4.62394343e-04, -2.43623667e-02,
        6.40536610e-03,  9.19001260e-03,  1.26088496e-02, -4.79709458e-04,
       -1.10166582e-03, -3.56177521e-04,  8.83432859e-03, -1.16859281e-02,
       -2.48613994e-03,  1.63895133e-03,  2.01625013e-03,  3.42032346e-03,
       -3.57388097e-03,  1.27519990e-03, -2.27193287e-03,  4.37610944e-04,
       -1.71337545e-04,  7.01054915e-05,  8.47798123e-04, -7.43500301e-04,
       -8.20686852e-04, -7.71088634e-05, -2.53139614e-05,  2.02509826e-01,
       -9.21174968e-02, -2.18498148e-01,  4.97172860e-03,  5.96110948e-02,
       -1.42804211e-02,  2.78264695e-02, -2.32049416e-02, -1.91101920e-02,
       -6.03869714e-02, -1.00039836e-02, -2.03654785e-03, -4.87781444e-03,
       -8.73077073e-03,  4.65207890e-03,  1.38878940e-03,  3.18835585e-02,
        7.81701795e-03,  3.02821207e-04, -3.74269465e-05,  6.47359959e-03,
        2.31872798e-03, -2.79115628e-04, -6.74831442e-05, -5.90950384e-05,
        2.12685838e-01, -3.95692962e-02,  1.46055032e-02,  3.40860883e-01,
       -3.57282566e-03,  4.57528971e-02, -4.52796145e-03, -1.43243486e-02,
       -1.32585860e-01, -1.33354896e-03, -1.50585052e-03, -7.39456744e-03,
       -2.37110465e-04, -2.01436519e-04, -3.74751044e-04, -2.33292613e-02,
        1.51764424e-06, -2.19566165e-04,  9.00102597e-05, -2.75530521e-03,
       -1.80495356e-01, -2.53668960e-02,  1.82311164e-03,  5.40081448e-02,
        1.33242739e-02, -9.43697281e-03,  1.94016011e-03,  5.43070272e-03,
       -2.59538656e-04, -1.18915074e-03, -4.29564385e-03,  1.33885062e-02,
        5.66542131e-04,  1.04478988e-03, -4.51839649e-03, -1.25210399e-02,
        2.94926635e-04,  9.26010545e-05,  1.12519099e-03,  4.89971788e-04,
        2.86702285e-02, -1.58401901e-02,  3.59022329e-03, -9.22433809e-04,
       -9.46754000e-03, -2.12322617e-03, -4.52864339e-04, -2.87227948e-03,
       -1.89302962e-03, -1.05099445e-03,  5.62149526e-03, -8.30678814e-04,
       -1.80482192e-04, -2.95933108e-04,  9.73157506e-05,  3.21754769e-03,
        8.58878501e-06, -2.74193527e-04, -2.75080078e-04, -6.68234453e-04,
        2.10456846e-03,  5.86182986e-03, -3.44555867e-03, -6.74810458e-03,
        4.66724097e-03, -9.44195639e-04,  6.21927658e-04,  1.59964926e-03,
        2.01800045e-03, -1.50563379e-03, -1.84924801e-03, -2.39320181e-03,
        2.54996727e-04, -5.40406857e-04,  8.76121233e-04, -8.93588442e-04,
        1.67139650e-04,  1.08224975e-04,  4.51137619e-04,  7.53073581e-04,
        1.08231366e-04, -8.21748372e-04,  2.11892530e-03,  1.47075224e-03,
       -1.12319109e-03, -2.21167619e-04, -3.78689806e-04, -1.28673404e-03,
       -1.75264139e-03,  2.82237455e-04,  8.46125026e-04,  7.04817096e-04,
       -7.24698624e-05, -2.20587328e-05,  2.29278755e-04,  1.77895236e-04,
       -4.31387406e-05, -3.17682955e-05, -4.95550310e-04, -4.95063772e-04,
        1.11406792e-03,  9.42651374e-04, -7.18595816e-04, -1.37587778e-03,
        1.15265249e-04, -5.87543650e-04,  1.01304622e-04,  4.33085413e-04,
        9.91288230e-05, -2.97432933e-05, -2.97140695e-04, -4.16037326e-04,
        3.88119541e-06,  2.04014790e-04,  9.03318710e-05,  3.72772620e-05,
        5.58369922e-05,  5.56745978e-05,  1.15282398e-04,  1.85097137e-04,
       -3.59658734e-05,  3.01604030e-05,  1.07286411e-04,  2.19252451e-04,
        4.06718383e-05, -9.25297877e-05,  5.98131743e-05, -4.86243750e-05,
       -1.93311734e-04,  9.20573789e-05,  5.50065013e-05,  8.49061203e-05,
       -6.39893078e-05, -1.24269579e-04, -1.09797112e-04, -1.01727720e-05,
       -2.04148512e-05, -4.92828974e-05, -5.60149582e-05, -1.15632332e-04,
       -1.69701397e-05, -5.64382284e-05, -7.68572839e-05, -1.10766437e-05,
        4.65933831e-06,  3.32330029e-05,  2.00152460e-06,  6.27277662e-05,
        1.54335251e-05, -6.64787549e-05, -1.85113739e-05, -1.09908940e-06,
       -9.10243460e-06,  4.70096660e-05,  2.19881610e-05, -9.13255660e-06,
        1.96370486e-05,  2.02698510e-05,  2.38035680e-05,  1.31878623e-05,
        2.53222546e-05,  1.23303020e-05,  1.07287231e-05, -3.15158894e-05,
       -1.47106202e-06, -1.12837934e-05, -1.55066488e-05, -5.97705521e-06,
        8.42006539e-06, -1.18970555e-05,  5.56874428e-06, -9.05126772e-06,
        4.08195532e-06,  3.53526462e-06, -5.31739169e-06, -4.07595012e-06,
       -9.27153481e-07, -4.07051109e-06, -1.10011884e-05, -7.91657243e-06],      dtype=float64),
                   'Phi_mn': Array([], shape=(0,), dtype=float64),
                   'Psi': Array([50.20413129], dtype=float64),
                   'R_lmn': Array([ 4.97229585e-06, -1.93224454e-05,  1.88204173e-05,  4.09255534e-06,
        3.98203156e-05,  3.40596205e-05,  3.24024026e-06, -5.81816537e-06,
       -1.54767650e-05,  9.18417426e-07, -3.07519105e-05, -1.56217298e-05,
       -2.01436610e-08, -3.24068460e-06, -1.29631906e-05,  6.46220682e-06,
       -7.36358192e-09, -9.42501804e-07, -9.08568081e-06,  8.96358263e-07,
       -1.50940263e-04, -1.20181001e-04, -3.32910376e-05,  1.35772876e-04,
        3.74622961e-05,  1.23648623e-04, -4.30055818e-05,  1.26182125e-05,
        3.90003816e-05, -1.54574323e-05, -6.13418430e-05,  2.06224387e-05,
       -4.48348087e-07,  4.36078554e-05,  2.09235863e-05, -2.35627465e-05,
        3.95592910e-08,  1.57492059e-05,  2.37764310e-05, -2.39165208e-05,
       -7.73953704e-05, -4.37137044e-04, -3.79656466e-04,  2.05999280e-04,
        1.28021134e-04,  4.06125867e-04,  5.45710118e-05,  4.74291360e-04,
       -1.51366768e-04,  3.05530317e-05, -4.23597602e-05, -2.97880792e-06,
        1.76295799e-06, -5.97642049e-05, -8.28646287e-05,  3.12523142e-05,
       -2.62397635e-07, -2.30035504e-05, -8.19423757e-05,  2.36922324e-05,
        7.50462844e-04, -8.91128659e-04,  4.15493880e-04, -2.86608259e-04,
       -1.20600980e-04,  5.75088945e-04,  3.60017028e-05, -7.11283274e-04,
       -4.71416203e-04, -6.19307429e-05,  1.00857639e-04,  2.39384953e-04,
        1.41095229e-06,  1.85556335e-05,  7.70554758e-06,  8.24261045e-05,
        1.79961820e-07,  5.68758447e-05,  1.39825428e-04,  9.60132705e-06,
       -3.44727692e-03, -2.61585701e-03, -5.29058165e-04,  1.01537803e-03,
       -1.75573679e-03,  3.46618263e-03,  1.27227246e-03,  7.84977662e-04,
        1.11976073e-03,  9.56017787e-05,  5.11175381e-04, -5.62360498e-04,
        6.57429840e-06, -3.78192355e-04, -2.13192733e-04,  1.91445792e-04,
        4.11316250e-07, -9.35111793e-05, -1.36720819e-04, -2.16513006e-04,
       -3.98695245e-02, -9.06835468e-03,  3.63231454e-03,  1.73735669e-02,
        5.23399629e-04,  1.75733322e-02, -6.72314656e-04, -9.15677002e-04,
       -2.96173277e-04, -1.71289607e-04, -1.15148232e-03, -1.05381599e-03,
        5.83648524e-07,  3.33946007e-04,  4.20965238e-04,  1.08217782e-03,
        7.85516721e-07,  8.20780379e-05,  2.95189067e-05, -1.97996317e-04,
       -2.46920489e-01,  1.28309882e-01, -1.04492223e-02, -4.31669140e-02,
        7.25769183e-04,  5.53807263e-03,  2.49411629e-03,  2.21124278e-04,
        8.77201513e-03,  2.86598883e-05, -1.13644002e-03,  4.00561519e-03,
       -4.52644125e-06, -8.14376653e-05, -1.85016368e-03, -1.30821197e-03,
        3.12576019e-07, -5.14990580e-05,  5.16017498e-04,  3.00051927e-04,
       -1.63001851e+00, -3.79803577e-02,  8.01936082e-02,  1.79765325e-01,
       -3.63104802e-03,  1.00429760e-01, -4.54123572e-03, -3.34057794e-03,
       -1.76658812e-02,  3.92131049e-04, -3.76204167e-04,  7.62337806e-05,
        3.76205481e-06,  1.85929952e-04, -1.73831589e-03,  2.44889652e-03,
        5.33933641e-07,  5.71479321e-05, -1.70069738e-04, -7.28836919e-04,
        1.00929261e+01,  1.55678776e+00, -2.94894412e-01,  3.84609087e-01,
        1.49780393e-01, -1.01220166e-02,  9.84340579e-02, -4.17463287e-02,
       -1.88233445e-02, -1.79603699e-02, -1.77600206e-02,  3.80689704e-04,
       -1.95867263e-04, -1.28691040e-02, -1.42134920e-03, -1.59240119e-04,
        4.61439095e-03, -1.37743526e-03, -6.30550555e-04, -1.01392829e-05,
        2.04576128e-04, -8.26573772e-04, -3.90899886e-04, -4.50578952e-05,
       -1.37361371e-06,  1.89468659e+00, -7.53114628e-01,  7.06901500e-02,
        2.05656653e-02, -1.77832513e-02,  2.47574979e-02, -3.57674060e-02,
        2.46628665e-02, -1.50228941e-02,  1.21510453e-02, -6.50940560e-03,
       -3.68909575e-03,  2.00618797e-04,  3.59049850e-03,  5.04061174e-03,
        1.22440515e-05, -2.61470857e-04,  1.41405576e-03,  9.20055906e-04,
       -1.86039886e-05, -9.93286828e-04, -3.25921121e-04,  2.64536098e-04,
        2.19412926e-04, -1.85142547e-06,  1.43298561e-01, -7.79961182e-02,
       -4.62204110e-02,  1.33442458e-01, -9.49403724e-02, -2.32535808e-02,
        3.03803838e-03,  5.96916501e-03, -1.05977354e-03,  2.42429810e-02,
        1.59497425e-03,  1.24734319e-03, -3.21804173e-04,  4.50362645e-03,
       -3.16809059e-03,  1.26612509e-04, -2.24156470e-03, -2.70512898e-03,
       -1.97481969e-05, -1.77716764e-05,  5.16959430e-05, -1.78039667e-04,
        4.45934652e-04,  5.91028318e-05,  1.09196208e-06,  7.88055650e-03,
       -4.49225823e-03, -8.79556706e-03,  3.76154121e-03, -6.12239611e-03,
        4.42395652e-03,  2.08331510e-03,  7.04869834e-03,  2.99051047e-04,
        2.18945048e-03, -6.73785393e-03, -8.39077338e-04, -1.47517042e-03,
       -2.46939988e-03, -1.23571186e-03,  1.08930428e-04,  1.22273122e-03,
        5.62803926e-04,  5.27062560e-04, -1.09118017e-06, -2.11085723e-04,
        2.95285819e-04,  1.57989604e-04, -9.64833232e-05,  1.32472812e-06,
        1.13087535e-03,  1.09069451e-02, -1.46375610e-03,  1.41394962e-03,
       -1.11125449e-02,  2.22658446e-04, -1.53282934e-04, -9.41913143e-04,
       -1.36061164e-03, -1.34700985e-04, -1.05419897e-03,  1.22578861e-03,
        5.00985899e-04,  5.46552426e-04, -4.76040311e-05,  7.01757927e-05,
        6.16203101e-05,  1.34529520e-05, -3.09988971e-04,  2.51667473e-06,
       -1.11037006e-04, -2.21818618e-04,  8.18380241e-06, -6.87909406e-05,
        1.48360610e-06,  1.17206535e-04,  2.35287368e-03, -1.80927324e-04,
        1.33669562e-03, -1.98960214e-03,  4.36534288e-04, -1.04775033e-04,
       -1.79101916e-03, -1.07795550e-04, -2.48773296e-05, -8.46277848e-04,
       -6.97457781e-05,  1.01393659e-04,  4.57631396e-04,  2.78162756e-05,
       -4.11320262e-05, -2.25808364e-04,  7.97884221e-05,  1.34426396e-04,
        3.38193793e-06,  6.44661098e-05,  1.12662317e-05,  1.57143189e-04,
        6.37062961e-05, -7.05269840e-07,  4.83475505e-05,  7.72215522e-05,
       -3.07439409e-05, -4.18115367e-04, -1.02709151e-04, -2.11794541e-04,
       -2.31298876e-05,  4.17626564e-04,  1.56308011e-04, -5.98777707e-05,
        2.86464705e-04,  8.74033283e-05,  2.09610520e-05, -4.05266361e-05,
       -8.33600483e-05,  5.13289663e-05,  8.15692549e-05, -6.98825414e-05,
       -8.66771344e-05, -6.23305555e-08, -1.10887240e-05,  3.03190277e-05,
       -6.40525970e-05, -3.97908329e-05, -3.01173574e-08, -1.24933824e-04,
        2.92326943e-05,  8.81878572e-05, -8.32654259e-05, -6.09997181e-05,
       -2.26324206e-05,  9.24279542e-05,  8.80093047e-05,  1.30149332e-05,
        5.33350053e-05, -3.21064968e-05, -4.58449788e-05, -8.60090843e-05,
        6.41510685e-06, -4.94067560e-05, -1.97016055e-05, -2.15802934e-05,
        5.46963379e-05,  4.54787936e-05,  3.97484912e-07,  3.05339922e-05,
       -1.11447055e-05,  3.66547626e-05,  2.01370704e-05, -4.36903764e-07,
       -3.04901010e-05, -1.39925918e-06, -3.40391392e-06, -1.68540204e-05,
       -1.57691239e-05,  3.89578014e-05,  3.41905420e-05,  4.47072162e-06,
        3.18236108e-05,  1.04281536e-05, -3.69253424e-05,  8.78577917e-06,
        6.71423806e-06,  1.82764499e-05, -2.67543774e-05,  1.75699503e-06,
        6.72354406e-06, -2.00752063e-06, -8.76093387e-06, -2.31279196e-08,
       -6.99556566e-06, -5.89847973e-06, -5.08382027e-06, -1.69912400e-06,
       -5.00079178e-08], dtype=float64),
                   'Ra_n': Array([ 1.04866550e+01,  1.78703513e+00,  1.92930511e-01,  2.00235233e-02,
        1.82932561e-03,  1.56431277e-04,  2.39118277e-05, -4.15065088e-06,
       -6.60544880e-06], dtype=float64),
                   'Rb_lmn': Array([-7.36358192e-09, -2.01436610e-08, -2.40843781e-08, -4.44338448e-10,
       -1.72757938e-08,  3.90612572e-08,  1.18035005e-08,  5.02929924e-08,
        3.95592910e-08, -4.48348087e-07,  2.91773553e-07,  6.02273595e-07,
       -1.03115983e-07,  2.50761260e-07,  1.73539979e-07,  2.70248261e-07,
       -2.62397635e-07,  1.76295799e-06,  7.54948132e-06, -5.19319302e-06,
        3.71899791e-06,  1.17702653e-05, -1.02977532e-05,  8.48945550e-06,
        1.79961820e-07,  1.41095229e-06, -5.05489820e-06,  5.45573364e-05,
        1.20082088e-04, -2.88083846e-04, -6.70534333e-05,  7.48644861e-05,
        4.11316250e-07,  6.57429840e-06,  2.09059944e-06,  8.94080100e-04,
       -1.38128223e-03,  4.27267636e-05,  7.14521239e-05, -1.12069237e-03,
        7.85516721e-07,  5.83648524e-07, -8.92115691e-05, -3.38368649e-04,
       -5.98563789e-04,  3.13760277e-03,  7.25316519e-03, -2.17099531e-02,
        3.12576019e-07, -4.52644125e-06, -2.28391696e-05,  2.41267862e-03,
        1.05346661e-04, -1.20782617e-02,  1.38153622e-01, -2.82623600e-01,
        5.33933641e-07,  3.76205481e-06,  4.49278981e-04, -4.35530577e-03,
       -4.17732192e-03,  7.51147144e-02,  6.17967988e-02, -1.46547017e+00,
        9.89647447e+00,  1.69322217e+00,  3.29167081e-01, -2.92594725e-02,
       -2.06355936e-02, -2.49860851e-04, -2.04298014e-04, -1.01392829e-05,
       -1.37361371e-06,  1.92881666e+00, -7.59008305e-01,  4.84931091e-02,
        1.96621481e-02, -9.71774628e-03, -2.76903985e-03,  2.31656978e-04,
       -1.86039886e-05, -1.85142547e-06,  9.98460806e-02, -1.50935074e-01,
        1.43737210e-01, -2.43637356e-02, -3.78192948e-03,  1.22759499e-03,
        1.85715340e-04, -1.77716764e-05,  1.09196208e-06, -5.17951602e-04,
       -7.20247265e-03,  8.63612549e-03, -1.75109348e-03, -7.78671204e-04,
       -3.12014777e-04,  1.24471046e-05, -1.09118017e-06,  1.32472812e-06,
       -9.62147824e-05, -2.78680460e-04,  7.96770282e-04, -8.18087574e-04,
       -1.40003187e-03,  9.15799644e-04,  1.38485216e-06,  2.51667473e-06,
        1.48360610e-06, -2.63605379e-06,  1.12585848e-04,  1.45740903e-05,
       -3.29955137e-04,  7.71639139e-05,  6.46806183e-05,  2.25742699e-05,
        3.38193793e-06, -7.05269840e-07,  4.34604992e-06, -3.79611487e-06,
       -1.06964113e-05,  4.78762261e-06,  8.89536526e-06,  7.26193890e-07,
        1.15381334e-05, -6.23305555e-08, -3.01173574e-08,  2.06894914e-07,
       -1.23118783e-08,  1.42802785e-08, -4.25795169e-08,  2.62939756e-07,
       -3.66185193e-07,  4.35464864e-07,  3.97484912e-07, -4.36903764e-07,
        1.51994928e-08, -1.66853412e-08, -5.32862302e-09,  2.49384079e-08,
       -1.45868349e-08,  2.48452998e-08,  5.78710267e-08, -2.31279196e-08,
       -5.00079178e-08], dtype=float64),
                   'Te_l': Array([  3233.86400046, -11296.8906962 ,  -1815.75636419,  -1082.17216537,
         -108.2558615 ], dtype=float64),
                   'Ti_l': Array([  2022.59284384, -12396.71507054,  -2477.65371215,  -1129.90488972,
         -175.40638821], dtype=float64),
                   'Z_lmn': Array([ 2.13135070e-05, -1.36939556e-05, -3.75574026e-06,  8.60027024e-07,
        2.52289041e-05, -2.78644138e-05, -1.36576184e-05,  4.53088988e-06,
       -1.92911885e-05,  6.50903359e-07,  3.31596293e-05, -7.22336879e-06,
       -4.66331583e-06, -5.05938769e-06,  2.01626600e-05, -2.29526668e-06,
       -1.21864682e-05, -5.26184520e-06,  7.23257352e-06, -3.86465617e-08,
        7.32628151e-07, -3.39024995e-07, -8.78098959e-07,  2.34528445e-06,
        6.67861106e-10,  9.03304276e-05, -7.78157048e-06, -1.68161819e-05,
        9.42670279e-05,  7.96735668e-05, -2.06275050e-05, -9.26258408e-05,
       -7.66003041e-05, -8.48636117e-05, -6.75301175e-05,  5.65827049e-05,
       -2.89434055e-05,  1.73555688e-05, -3.60817979e-05,  1.00476532e-04,
        3.83988983e-06, -4.36233097e-06, -3.59664558e-05,  2.87674188e-05,
       -6.28097362e-07,  1.92636980e-06,  1.83295775e-05, -1.57793452e-05,
       -3.42929627e-06,  1.01218931e-07,  3.34384728e-04,  1.20998717e-05,
       -1.73975464e-04,  6.25411108e-04,  1.61111779e-04,  1.49994370e-04,
       -2.72682247e-04, -5.27910190e-04, -2.55939545e-05, -1.68945065e-04,
       -6.15320621e-05,  1.60000635e-05,  1.58122877e-04, -7.11092974e-05,
        1.66136622e-05,  6.17315923e-06,  8.63829887e-06, -8.62163467e-05,
       -1.45033693e-05,  9.77583701e-08, -4.68694562e-05, -2.27983161e-05,
        8.22086604e-06, -1.14407269e-05, -2.18333742e-07,  1.16659803e-04,
       -1.77052717e-03,  5.59235618e-05,  4.18686463e-04,  1.54716424e-03,
        9.39966985e-04, -2.21197178e-04, -6.15090749e-04,  5.66783544e-05,
        1.76537932e-04, -8.73909630e-04, -1.44501396e-04, -3.06159569e-06,
        1.90585741e-04,  9.16626958e-05, -3.55380537e-06,  2.36207124e-05,
       -1.24302303e-05,  1.09585631e-04,  1.67758755e-06,  3.08239157e-05,
       -1.17713884e-06, -4.53860813e-05, -3.38914558e-05,  1.69259584e-07,
       -2.14663757e-03, -1.20237485e-02,  1.11805934e-03, -3.21249568e-03,
        1.01034013e-02, -4.52536329e-04,  1.46528617e-03,  3.49958997e-03,
        1.09505331e-03,  1.24935197e-03,  1.79272291e-03, -1.24901339e-04,
       -5.57535329e-05, -7.83071103e-04, -6.39697411e-04, -4.80408287e-05,
        3.53383556e-04, -2.06119275e-04, -3.36881860e-05,  2.80661878e-06,
       -9.91340150e-05,  1.76576206e-05, -2.79225315e-05, -1.89957086e-05,
       -7.97767962e-07, -1.04002570e-02, -2.52152547e-02,  8.39088003e-03,
       -2.22614025e-02,  3.63737190e-02,  4.79932665e-03,  1.65615016e-04,
        4.48490854e-04,  2.44923336e-03,  1.13947254e-03,  4.30348636e-03,
       -1.55156264e-03,  1.16529153e-03,  2.89801961e-03,  5.77978635e-04,
       -9.27929179e-05, -3.76841660e-04,  4.27473346e-04,  2.24459751e-04,
        4.93742710e-07,  3.84421546e-04, -3.55872021e-05, -1.71425294e-05,
        2.60598518e-05,  5.31329350e-07, -1.39323774e-01,  6.78686010e-02,
        3.81155813e-02, -6.68166009e-02,  7.05130084e-02, -7.43427671e-03,
        4.79961927e-03, -8.01987621e-03,  6.26100327e-03, -1.21250325e-02,
        1.02445301e-02,  1.59148330e-03,  2.83620156e-03, -3.46788956e-04,
        2.69156240e-03, -1.61542868e-04, -1.61429878e-04,  6.57631131e-04,
       -2.81980828e-04, -8.44289910e-06, -1.93830625e-04, -4.98676793e-05,
       -2.11505709e-04,  5.53002926e-05,  1.61386969e-06, -1.41436775e+00,
        2.61922513e-01,  6.69568358e-02, -5.32879057e-02,  2.96410999e-01,
        5.43614679e-03, -4.04284846e-03,  2.12540569e-03, -5.69178736e-03,
       -5.21066715e-02, -4.65808641e-03, -4.35062330e-04,  3.76301574e-03,
       -8.53703682e-03,  3.14235371e-03, -1.33836974e-04,  9.53388556e-04,
        1.16017011e-04, -6.73949537e-04,  4.20413498e-07,  1.25975523e-03,
       -1.88526213e-04, -5.04692969e-04,  6.00733824e-05, -2.93315065e-06,
       -2.19272613e+00, -3.56894507e-01,  1.38779613e-02,  7.11925636e-02,
        8.45557186e-03,  5.49060966e-02,  1.24528520e-03,  6.44057426e-03,
       -1.53581665e-02,  4.96566681e-04,  1.07930753e-03,  1.56075306e-02,
       -2.44435602e-05,  2.79737990e-04,  1.51445909e-03, -2.09467632e-03,
        2.37015518e-06,  1.95271190e-05,  4.16344882e-04,  1.29177644e-03,
       -1.25563455e+00,  9.55807136e-02,  6.62721820e-02, -2.08420555e-04,
        2.09797550e-02,  4.72704018e-02,  4.76072344e-03,  1.18839696e-02,
        1.15099290e-02, -1.27302095e-04, -7.55677367e-03,  3.82197661e-03,
        8.77350041e-06, -5.30158838e-04, -7.87816410e-04,  1.09520630e-03,
       -2.11018435e-07, -7.37073268e-05, -1.48481856e-04,  3.25194635e-04,
       -2.42274634e-01,  5.72825990e-02,  2.15766398e-02,  9.35071576e-03,
       -5.60119881e-03,  1.14221058e-02, -2.42023606e-04, -9.68541855e-03,
       -2.56998540e-03, -1.52265348e-04, -9.18055421e-04,  4.76124226e-03,
        1.26875131e-05,  4.34387003e-05, -1.96397700e-04,  3.21660123e-04,
       -2.78839241e-06, -5.37237118e-05,  5.87268462e-06, -5.48475589e-04,
       -3.18445668e-02,  9.41758553e-03, -7.96096102e-03,  1.25231321e-03,
       -2.51302641e-03,  1.12663635e-02,  1.61613044e-03,  3.83350302e-03,
        1.52069224e-03, -1.27637648e-04, -3.19511594e-04, -3.89842936e-03,
       -9.41548526e-07, -4.29421245e-04, -4.67630786e-04,  1.33667149e-03,
       -9.65354071e-07,  1.00726969e-04, -1.29351153e-04, -3.22194717e-05,
       -2.53042800e-03, -3.64959681e-03,  4.02677685e-04,  2.99351646e-03,
       -1.50999525e-03,  3.28440522e-03,  1.93182458e-04, -7.89499754e-04,
       -1.48896775e-03,  2.86043939e-05,  1.14001250e-03,  6.42455276e-04,
       -8.96800032e-07, -3.29070338e-05, -1.07088502e-04,  2.67756506e-04,
        3.79900140e-07, -6.12042552e-06, -1.76412711e-05, -2.38936105e-04,
       -4.13864821e-04, -1.63803159e-03, -1.28197476e-03,  6.91573435e-04,
        1.48990572e-05,  1.96338475e-03,  1.71788092e-04,  1.43513854e-03,
       -3.68305823e-04,  8.65154649e-06, -1.26678250e-04, -4.90282953e-04,
       -1.04689042e-06, -1.36807425e-04, -1.27142629e-04,  1.24397448e-04,
       -2.71825669e-08,  1.70330324e-05,  3.00921363e-05,  5.89518019e-05,
       -3.26586672e-04, -6.43027277e-04, -2.83731269e-04,  3.29702693e-04,
        2.36132983e-05,  4.69314720e-04, -4.75660820e-05,  2.78607915e-04,
       -2.33444370e-05, -1.18638869e-05,  8.70205824e-07,  1.97170763e-04,
        7.47708178e-08,  4.83714922e-05,  4.35371730e-06,  1.90358091e-05,
        1.18892031e-07,  6.52723776e-06, -2.80089756e-05, -2.58490756e-05,
       -8.39261380e-05, -7.78262904e-05, -6.44495218e-06,  9.81477433e-05,
        1.36125793e-04,  8.47039746e-05,  2.17243087e-05,  1.49871159e-05,
       -6.15552453e-06,  1.68605364e-06, -1.40254618e-04,  3.38586425e-06,
       -7.71283820e-07, -2.20796461e-05, -8.74388824e-06, -8.14782257e-06,
        1.87579844e-07, -1.69546327e-06,  4.33992827e-06, -1.03241124e-05,
       -3.91563016e-06, -1.10439505e-05,  1.61209452e-05,  7.21697461e-06,
        2.06095516e-05,  1.93448508e-05,  1.82624982e-06, -1.26987014e-05,
       -1.12198898e-05,  9.19533503e-07, -2.02462525e-05, -9.62256536e-06,
       -1.20721454e-08, -1.82724904e-06, -3.42114320e-06,  7.92160925e-06,
       -1.34574245e-08, -8.82507838e-07, -3.53475992e-07,  1.30082066e-06],      dtype=float64),
                   'Za_n': Array([ 1.68075728e-05, -9.08430271e-07,  3.06856120e-05, -1.26575425e-04,
       -1.84279122e-03, -1.94063920e-02, -1.75669769e-01, -1.48787070e+00],      dtype=float64),
                   'Zb_lmn': Array([-3.05394012e-08, -6.16440230e-10, -7.49578132e-09,  3.33702675e-08,
       -6.62745854e-09,  9.20473031e-09,  5.00177700e-08, -3.86465617e-08,
        6.67861106e-10,  1.70343581e-07, -4.52145851e-10, -8.54965817e-08,
       -1.12558827e-08, -1.66425389e-07, -1.75986651e-07,  4.10593569e-07,
       -6.28097362e-07,  1.01218931e-07, -1.01956087e-06,  1.29048845e-05,
        3.59330432e-06,  2.24596077e-06, -7.59426286e-07,  1.49669413e-06,
       -5.26756769e-06,  9.77583701e-08, -2.18333742e-07, -2.08514931e-05,
       -2.32042878e-05, -6.99568419e-06,  5.36271246e-05,  1.02954969e-04,
       -3.49157644e-05, -3.74452612e-05,  1.67758755e-06,  1.69259584e-07,
        2.81820388e-04, -3.17611672e-04, -4.78319196e-04,  1.13406731e-03,
        4.27433369e-04, -1.58589525e-04, -6.70365373e-05,  2.80661878e-06,
       -7.97767962e-07, -2.94048870e-04,  1.19210951e-02, -1.89504792e-02,
        9.53028636e-03,  3.01006947e-03, -1.32710289e-03, -6.67330661e-05,
        4.93742710e-07,  5.31329350e-07, -9.37662029e-02,  1.26095147e-01,
       -7.52331337e-02,  3.46788452e-03,  8.74105996e-03,  1.30950247e-03,
       -1.06242575e-04, -8.44289910e-06,  1.61386969e-06, -1.34643099e+00,
        5.07180230e-01, -5.98880630e-02,  8.94077390e-04, -3.05412662e-03,
       -1.10901187e-03, -7.37635916e-05,  4.20413498e-07, -2.93315065e-06,
        2.37015518e-06, -2.44435602e-05,  5.16093800e-04,  1.52502319e-03,
        9.95122426e-03,  2.18329947e-02, -2.85089103e-01, -2.13898641e+00,
       -2.11018435e-07,  8.77350041e-06, -2.01009422e-04,  4.23056460e-03,
        1.32744994e-02,  7.73683351e-02,  1.46998287e-01, -1.24323784e+00,
       -2.78839241e-06,  1.26875131e-05, -2.05989060e-04, -1.98584906e-04,
       -6.51338155e-03,  1.16948235e-02,  7.29174715e-02, -2.35172244e-01,
       -9.65354071e-07, -9.41548526e-07, -2.69106791e-05,  1.18670920e-03,
       -2.96188915e-03, -4.59508879e-03,  1.67533002e-02, -2.77348899e-02,
        3.79900140e-07, -8.96800032e-07,  2.24839684e-05,  1.60275424e-04,
       -3.87624027e-04, -4.93910572e-04,  3.83275827e-05, -7.58122782e-04,
       -2.71825669e-08, -1.04689042e-06,  2.56845789e-05,  3.49806669e-05,
       -8.16870567e-05,  2.60211522e-05, -1.05977989e-04,  3.38002390e-05,
        1.18892031e-07,  7.47708178e-08, -5.33664918e-06,  8.05410279e-07,
       -3.52547147e-06, -7.69636749e-07, -2.39087006e-06, -1.19260692e-06,
        1.87579844e-07, -7.71283820e-07, -9.40963079e-09, -3.55337373e-07,
        2.11102909e-07, -2.01724470e-07, -6.05639149e-08, -8.17418315e-08,
       -1.34574245e-08, -1.20721454e-08,  3.70256651e-08, -9.99218583e-10,
        9.82317966e-09,  1.10056177e-09, -2.08444139e-08,  3.06390232e-09],      dtype=float64),
                   'Zeff_l': Array([0.89005224, 0.21376079, 0.09107589, 0.0731901 , 0.05758494],      dtype=float64),
                   'a_lmn': Array([], shape=(0,), dtype=float64),
                   'c_l': Array([0., 0., 0., 0., 0.], dtype=float64),
                   'i_l': Array([], shape=(0,), dtype=float64),
                   'ne_l': Array([ 1.82950279e+20, -2.50930871e-21, -2.31472556e-21, -2.07516621e-21,
       -2.00553293e-21, -3.99868377e+20], dtype=float64),
                   'ni_l': Array([], shape=(0,), dtype=float64),
                   'p_l': Array([], shape=(0,), dtype=float64)}],
               [ { 'G': Array([], shape=(0,), dtype=float64),
                   'I': Array([], shape=(0,), dtype=float64),
                   'L_lmn': Array([ 4.98306320e-07,  1.63062658e-05,  9.51731030e-06, -8.42464380e-06,
       -1.41036741e-05, -1.09428974e-05, -1.22588105e-05,  1.26122424e-05,
       -9.01665392e-07, -1.12878130e-05,  7.64928018e-06,  1.82487989e-05,
        2.48943699e-06, -2.34721250e-06, -4.37036577e-06,  1.29312717e-05,
        1.78829121e-05, -4.21793373e-06, -5.81061080e-06, -3.64249165e-06,
       -1.27501827e-05,  7.66782991e-06,  7.66756712e-06,  5.73084780e-06,
        1.15083447e-06,  5.24325956e-05, -1.38105072e-05, -4.89289684e-05,
        3.37095689e-05, -3.30670223e-06,  1.13217416e-05, -1.75787980e-05,
       -4.34639312e-05, -1.30977204e-07,  3.68359371e-05, -1.66009257e-06,
       -1.36070915e-05, -3.91223928e-06,  3.22541926e-05, -7.51560158e-06,
        7.31609211e-05, -1.59786644e-05, -2.75882749e-05, -4.98214097e-05,
        7.96111925e-06,  1.76765783e-05, -9.37094069e-07, -1.86288708e-05,
       -2.11654943e-05, -1.87424542e-05, -3.64884363e-05, -3.45228586e-04,
       -1.77549919e-04, -2.67427265e-05,  4.80857942e-04, -6.77759272e-05,
        1.79040911e-04,  2.98962845e-06, -7.76604170e-06, -3.06466732e-04,
       -2.20214449e-05, -5.50239221e-05,  7.19384542e-05,  1.01505976e-04,
       -1.40577852e-04, -9.26849835e-05,  1.50667048e-04,  9.48472037e-05,
        1.02561981e-04,  5.65496538e-05, -6.62575095e-05, -5.10341165e-05,
        2.54565891e-05,  5.09002080e-05,  1.23109326e-05, -1.96951891e-04,
       -1.16923316e-03,  4.17468344e-04, -5.44634394e-04,  1.18257266e-03,
        4.19442176e-04, -4.34355890e-04,  1.18504269e-04, -1.84720732e-04,
        2.97323418e-04, -1.52646913e-04, -7.53029723e-05,  1.32840319e-04,
        3.30808165e-04,  3.01821276e-04,  8.80413887e-05, -1.27641096e-04,
       -1.70139453e-04, -2.08626207e-04,  1.54359683e-05,  2.93972962e-05,
       -8.01109184e-05, -9.68265583e-05, -6.06615203e-05, -5.38798903e-05,
        1.81461940e-03,  2.58673026e-03, -1.36043692e-03, -5.95115269e-04,
       -2.27487792e-03, -1.01551914e-03,  2.66290421e-04,  2.32215109e-03,
        9.22822445e-04, -8.48843627e-04, -3.75032756e-04,  3.54797592e-04,
       -4.81365531e-04, -1.39549004e-03, -5.97861491e-04, -2.08530376e-04,
        3.16308718e-04,  1.05907328e-04,  1.10070553e-04,  9.22728211e-05,
        1.68140689e-04,  3.51610136e-04,  2.95942337e-04,  3.56986581e-05,
        4.12549924e-05,  1.71877044e-02,  2.95276826e-03, -1.36170093e-02,
        8.85403714e-04,  4.70997670e-03,  2.12732196e-03, -2.54429997e-03,
       -4.99533413e-03, -4.05541644e-03, -4.33979527e-03,  9.81561410e-04,
       -5.10400771e-04, -4.93490315e-04, -1.85245429e-05,  8.70530080e-04,
        1.47340449e-03, -1.19707935e-04, -1.64420445e-03,  6.59091998e-05,
       -3.17640193e-04, -4.28629903e-05, -5.78865453e-04, -3.45051003e-04,
       -1.24498012e-04, -1.50270201e-04, -4.64854216e-03, -2.08521941e-02,
        1.01475624e-02,  7.76888204e-03,  8.99955869e-03,  8.92448308e-04,
       -9.06345752e-04,  1.18587815e-03,  8.51895669e-03, -1.12112830e-02,
       -3.33420930e-03,  1.45960845e-03,  1.76407476e-03,  2.95013527e-03,
       -3.31468460e-03,  1.30767003e-03, -2.13283022e-03,  5.55244383e-04,
       -2.32642468e-04,  6.94450710e-05,  7.73466901e-04, -7.74338317e-04,
       -8.75250956e-04, -1.07149139e-04, -3.30375002e-05,  2.08070664e-01,
       -9.97930448e-02, -2.25494087e-01,  5.84326918e-03,  6.50775233e-02,
       -1.64133189e-02,  2.73124483e-02, -2.61785131e-02, -1.86238357e-02,
       -6.16420962e-02, -9.42063270e-03, -1.77074346e-03, -3.83656219e-03,
       -7.72533473e-03,  4.49458886e-03,  1.45347268e-03,  3.19116684e-02,
        7.67808774e-03,  3.96163744e-04, -4.00544895e-05,  6.53681971e-03,
        2.50220375e-03, -2.05571304e-04, -4.52430255e-05, -5.92986839e-05,
        2.33249015e-01, -3.11604560e-02,  1.71324163e-02,  3.43604224e-01,
       -3.74586535e-03,  4.53360422e-02, -4.66117523e-03, -1.43479149e-02,
       -1.34717719e-01, -1.34419477e-03, -1.56516663e-03, -8.14842811e-03,
       -2.26043061e-04, -2.71428575e-04, -5.28741645e-04, -2.30820329e-02,
        2.08493896e-06, -2.14864412e-04,  1.11368559e-04, -2.68291221e-03,
       -1.75564604e-01, -2.69717438e-02,  2.46757078e-03,  5.29809621e-02,
        1.19845898e-02, -8.52872424e-03,  1.50655004e-03,  4.86253707e-03,
       -1.38367205e-03, -1.17961793e-03, -3.96792501e-03,  1.33717293e-02,
        5.86769423e-04,  1.07918580e-03, -4.42125804e-03, -1.21213459e-02,
        2.97683565e-04,  6.30687345e-05,  1.09261510e-03,  4.28188966e-04,
        2.90716492e-02, -1.51951976e-02,  2.45858930e-03, -1.90218135e-03,
       -9.16449793e-03, -2.76647791e-03, -2.13178892e-04, -2.15767456e-03,
       -1.87399138e-03, -1.06133330e-03,  5.43166000e-03, -6.04055173e-04,
       -1.82404663e-04, -3.16128308e-04, -5.52348338e-05,  3.17146348e-03,
        1.53243706e-05, -2.76655978e-04, -2.37498164e-04, -7.55331956e-04,
        2.07962027e-03,  5.80179422e-03, -3.09029548e-03, -6.89891229e-03,
        4.82165574e-03, -8.25849338e-04,  6.41174097e-04,  1.34150069e-03,
        2.23906406e-03, -1.52828566e-03, -1.87613620e-03, -2.60126282e-03,
        2.47138352e-04, -5.50309002e-04,  9.54011917e-04, -9.97446543e-04,
        1.60316503e-04,  1.17645430e-04,  4.81976004e-04,  8.25860221e-04,
        6.01208782e-04, -9.67244345e-04,  2.19904812e-03,  1.00874340e-03,
       -1.22309563e-03, -4.50196135e-05, -3.81543525e-04, -1.35237805e-03,
       -1.81406781e-03,  2.71429757e-04,  9.49773134e-04,  6.54421409e-04,
       -6.15879951e-05, -2.17667489e-05,  2.47409210e-04,  2.08409571e-04,
       -3.96817575e-05, -3.33436278e-05, -5.24820303e-04, -4.88496562e-04,
        1.15293053e-03,  9.93569969e-04, -7.86595434e-04, -1.45588168e-03,
        1.79193980e-04, -6.02633098e-04,  8.78187835e-05,  4.88371559e-04,
        1.52737600e-04, -1.84514604e-05, -3.64526936e-04, -4.50707182e-04,
        2.78206768e-06,  2.00531944e-04,  8.33014441e-05,  2.37999597e-05,
        5.46501157e-05,  5.29167153e-05,  1.39148142e-04,  2.00518455e-04,
        3.92532394e-06,  3.72316963e-05,  1.45736225e-04,  1.69092349e-04,
        2.68080088e-05, -9.33322717e-05,  6.59672812e-05, -7.65261391e-05,
       -1.74861261e-04,  9.05855424e-05,  7.22102573e-05,  6.96436550e-05,
       -6.70796110e-05, -1.25759693e-04, -1.17108136e-04, -1.49743061e-05,
       -1.92008675e-05, -4.90934846e-05, -6.72836226e-05, -1.14556306e-04,
       -1.33337533e-05, -6.99261236e-05, -8.13507218e-05, -2.03138350e-05,
        8.23197196e-06,  5.44698406e-05,  2.94711409e-06,  6.28115378e-05,
        1.68904187e-05, -6.79383173e-05, -2.08390121e-05, -9.64530567e-06,
       -6.68114898e-06,  4.96394059e-05,  2.30396549e-05, -8.89592791e-06,
        1.97759410e-05,  1.94910336e-05,  2.76501581e-05,  1.82369181e-05,
        2.49686949e-05,  1.74050419e-05,  1.03096410e-05, -3.01728477e-05,
       -2.23274725e-06, -2.03719202e-05, -1.74420921e-05, -1.93143926e-06,
        8.49642851e-06, -1.18420251e-05,  8.05178957e-06, -4.62132962e-06,
        4.17346968e-06,  4.05094731e-06, -6.20556940e-06, -3.19047882e-06,
       -1.50881060e-06, -4.79645688e-06, -1.17099331e-05, -8.53806801e-06],      dtype=float64),
                   'Phi_mn': Array([], shape=(0,), dtype=float64),
                   'Psi': Array([50.20413129], dtype=float64),
                   'R_lmn': Array([ 4.96680529e-06, -2.05347589e-05,  1.84418149e-05, -1.07198726e-07,
        4.16650519e-05,  3.73706542e-05,  4.25472904e-06, -5.90089562e-06,
       -1.01232425e-05,  1.19630844e-06, -3.20013448e-05, -1.91578722e-05,
       -2.01436610e-08, -4.25517338e-06, -1.25018580e-05,  5.31392888e-06,
       -7.36358192e-09, -1.22039282e-06, -9.68098289e-06,  2.33378045e-06,
       -1.44162297e-04, -1.46487963e-04, -3.58742174e-05,  1.34554499e-04,
        3.04248446e-05,  1.50731776e-04, -4.85336531e-05,  1.28853632e-05,
        3.16002138e-05, -1.46481922e-05, -5.34265139e-05,  2.18445155e-05,
       -4.48348087e-07,  4.91359267e-05,  2.32396154e-05, -2.17221672e-05,
        3.95592910e-08,  1.49399657e-05,  2.28985533e-05, -2.59147892e-05,
       -6.32382616e-05, -4.54752322e-04, -3.82637336e-04,  1.60830430e-04,
        1.44381994e-04,  4.30474067e-04,  5.46254033e-05,  4.84633688e-04,
       -1.04211417e-04,  3.11883223e-05, -5.68189607e-05, -1.33625983e-05,
        1.76295799e-06, -6.05545753e-05, -9.09225882e-05,  1.47939847e-05,
       -2.62397635e-07, -2.20030944e-05, -8.31869115e-05,  2.72681642e-05,
        6.13851140e-04, -1.06796093e-03,  4.87427930e-04, -8.29656305e-05,
       -1.66195895e-04,  7.71773985e-04,  5.97631990e-05, -7.79908343e-04,
       -5.66018935e-04, -6.49728317e-05,  1.48868841e-04,  2.25014304e-04,
        1.41095229e-06, -5.01583291e-06,  5.96097069e-06,  1.08279803e-04,
        1.79961820e-07,  5.95973171e-05,  1.33642889e-04,  6.25266236e-06,
       -2.89269723e-03, -2.27497388e-03, -6.46460349e-04,  2.25682184e-04,
       -1.74029923e-03,  3.15541028e-03,  1.24352647e-03,  8.73396013e-04,
        1.38521585e-03,  1.01407509e-04,  5.03952110e-04, -5.95681095e-04,
        6.57429840e-06, -3.49287749e-04, -1.83477777e-04,  1.61595623e-04,
        4.11316250e-07, -1.00313742e-04, -1.45399279e-04, -2.12856156e-04,
       -4.19250654e-02, -9.92854614e-03,  3.36722542e-03,  1.95581139e-02,
        6.02656585e-04,  1.83377626e-02, -6.51931890e-04, -5.41019258e-04,
       -4.18915860e-04, -1.66973364e-04, -1.23666872e-03, -9.61052668e-04,
        5.83648524e-07,  3.26460234e-04,  3.11290128e-04,  1.08645777e-03,
        7.85516721e-07,  7.65532179e-05,  3.48410862e-05, -1.98201273e-04,
       -2.43082789e-01,  1.26865148e-01, -1.04303834e-02, -4.65473642e-02,
        4.95533812e-04,  6.85766149e-03,  2.50878371e-03,  1.99447583e-04,
        8.33169810e-03,  1.10913313e-05, -9.44303092e-04,  4.15144939e-03,
       -4.52644125e-06, -9.76225360e-05, -1.85145792e-03, -1.33314167e-03,
        3.12576019e-07, -3.79058225e-05,  5.47119055e-04,  2.82693267e-04,
       -1.63864926e+00, -3.65742928e-02,  8.05797664e-02,  1.87057745e-01,
       -3.54319133e-03,  9.94845223e-02, -4.53298718e-03, -3.75245659e-03,
       -1.61418733e-02,  3.84870349e-04, -5.07823513e-04, -4.72388606e-04,
        3.76205481e-06,  1.50927569e-04, -1.67925413e-03,  2.25412578e-03,
        5.33933641e-07,  5.74234448e-05, -2.24098435e-04, -6.86387339e-04,
        1.00859878e+01,  1.55020592e+00, -2.86302362e-01,  3.85114598e-01,
        1.55782063e-01, -9.57828654e-03,  9.70529951e-02, -4.21937062e-02,
       -1.86045228e-02, -1.73955629e-02, -1.84967975e-02,  4.06964783e-04,
       -4.59631213e-04, -1.28237743e-02, -1.53828630e-03, -1.65829910e-04,
        4.68786602e-03, -1.28855264e-03, -6.48632287e-04, -1.01392829e-05,
        1.95667733e-04, -7.83620260e-04, -3.89344601e-04, -4.77591357e-05,
       -1.37361371e-06,  1.89612277e+00, -7.50655791e-01,  6.75790539e-02,
        2.15645111e-02, -2.04829316e-02,  2.54227297e-02, -3.43452104e-02,
        2.37850860e-02, -1.48426370e-02,  1.24685458e-02, -7.35975296e-03,
       -3.68187302e-03,  3.55259909e-04,  3.51728339e-03,  4.96536822e-03,
        5.46020700e-06, -3.52765373e-04,  1.57461843e-03,  9.19450253e-04,
       -1.86039886e-05, -9.66139499e-04, -3.46558607e-04,  2.34832713e-04,
        2.25565889e-04, -1.85142547e-06,  1.41922032e-01, -7.53170486e-02,
       -4.70434521e-02,  1.32596187e-01, -9.74982766e-02, -2.30635747e-02,
        5.09613766e-03,  6.94032450e-03, -1.23076835e-03,  2.42710759e-02,
        1.42552539e-03,  1.27517542e-03, -1.51140039e-04,  4.35690537e-03,
       -2.99924154e-03,  1.13195079e-04, -2.39675677e-03, -2.70510127e-03,
       -4.83042256e-05, -1.77716764e-05,  3.82471208e-05, -1.69305694e-04,
        4.63524293e-04,  7.73206754e-05,  1.09196208e-06,  8.59296954e-03,
       -6.30951831e-03, -8.82043988e-03,  3.68171550e-03, -4.44592006e-03,
        4.61678243e-03,  1.47860619e-03,  7.07807140e-03,  4.42101597e-04,
        2.25993280e-03, -6.88594836e-03, -8.38176597e-04, -1.54196505e-03,
       -2.45864870e-03, -1.40110670e-03,  1.18094095e-04,  1.29229750e-03,
        5.16444129e-04,  5.36312896e-04, -1.09118017e-06, -2.25901578e-04,
        3.31551962e-04,  1.80233460e-04, -1.01719491e-04,  1.32472812e-06,
        1.02556408e-03,  1.14719136e-02, -1.45168895e-03,  2.09028702e-03,
       -1.17875191e-02,  1.83004753e-04, -4.84867106e-05, -1.62305212e-03,
       -1.33614242e-03, -1.71200803e-05, -1.06764331e-03,  1.20477577e-03,
        4.86545260e-04,  5.82364930e-04, -7.15235124e-05,  7.00293115e-05,
        5.64827621e-05,  6.18376321e-05, -2.84784230e-04,  2.51667473e-06,
       -1.10029343e-04, -2.49393737e-04,  8.92556891e-06, -7.23242340e-05,
        1.48360610e-06,  2.18356540e-04,  2.03334982e-03, -1.91199099e-04,
        1.29414102e-03, -1.58226939e-03,  5.31441722e-04, -2.08917651e-04,
       -1.71932808e-03, -1.54374008e-04, -1.21757602e-04, -9.41386490e-04,
       -5.75080559e-05,  1.10086445e-04,  4.19968049e-04,  7.95609912e-05,
       -4.48036427e-05, -2.16567309e-04,  7.91596750e-05,  1.22786015e-04,
        3.38193793e-06,  6.89529496e-05,  2.16774018e-05,  1.52815682e-04,
        6.62442416e-05, -7.05269840e-07, -5.22179821e-06,  1.38804463e-04,
       -2.07284440e-05, -4.40100689e-04, -1.60783706e-04, -1.87179873e-04,
        2.89806704e-05,  4.11671501e-04,  1.81538798e-04, -7.55181530e-05,
        2.64998706e-04,  9.51173894e-05,  1.26637364e-05, -1.10395544e-05,
       -1.09792040e-04,  4.95874838e-05,  9.29774092e-05, -7.11857360e-05,
       -9.50339372e-05, -6.23305555e-08, -1.08808456e-05,  2.75667696e-05,
       -6.32690578e-05, -3.70204288e-05, -3.01173574e-08, -1.06320310e-04,
       -1.52093078e-05,  8.54414609e-05, -6.66048599e-05, -2.41765530e-05,
       -3.87944747e-05,  7.11112890e-05,  7.10093742e-05,  1.27964847e-05,
        6.71606327e-05, -1.99753405e-05, -5.15613164e-05, -8.28501953e-05,
        5.85380176e-06, -5.11609029e-05, -1.83972348e-05, -2.77870838e-05,
        5.87272357e-05,  5.11951312e-05,  3.97484912e-07,  3.28246501e-05,
       -1.02440357e-05,  3.86273579e-05,  1.88326997e-05, -4.36903764e-07,
       -3.46626371e-05, -6.35560782e-07, -1.31958991e-06, -2.02426414e-05,
       -2.09683608e-05,  4.60566703e-05,  3.84613893e-05,  9.95340173e-06,
        3.15567027e-05,  1.25836164e-05, -4.59545461e-05,  1.03161664e-05,
        4.38167904e-06,  1.76050384e-05, -2.56207027e-05,  1.55101826e-06,
        9.00361985e-06, -7.71857772e-08, -1.02913211e-05, -2.31279196e-08,
       -6.84564181e-06, -7.32112739e-06, -5.95058687e-06, -1.49314723e-06,
       -5.00079178e-08], dtype=float64),
                   'Ra_n': Array([ 1.04699985e+01,  1.79287711e+00,  1.94251009e-01,  2.02080791e-02,
        1.83219172e-03,  1.59504493e-04,  2.09427342e-05, -4.97563628e-06,
       -6.10897877e-06], dtype=float64),
                   'Rb_lmn': Array([-7.36358192e-09, -2.01436610e-08, -2.40843781e-08, -4.44338448e-10,
       -1.72757938e-08,  3.90612572e-08,  1.18035005e-08,  5.02929924e-08,
        3.95592910e-08, -4.48348087e-07,  2.91773553e-07,  6.02273595e-07,
       -1.03115983e-07,  2.50761260e-07,  1.73539979e-07,  2.70248261e-07,
       -2.62397635e-07,  1.76295799e-06,  9.18522789e-06, -5.92917202e-06,
        4.37612132e-06,  1.10737642e-05, -1.03726900e-05,  8.17473611e-06,
        1.79961820e-07,  1.41095229e-06, -5.37551456e-06,  5.47473660e-05,
        1.16315835e-04, -2.86519442e-04, -6.49199770e-05,  7.31463772e-05,
        4.11316250e-07,  6.57429840e-06,  1.09376663e-06,  8.94238722e-04,
       -1.38174640e-03,  4.34578862e-05,  7.18991541e-05, -1.12020358e-03,
        7.85516721e-07,  5.83648524e-07, -9.04201465e-05, -3.25471656e-04,
       -5.99171051e-04,  3.13749629e-03,  7.24996249e-03, -2.16994096e-02,
        3.12576019e-07, -4.52644125e-06, -2.68144912e-05,  2.41116117e-03,
        9.83497755e-05, -1.20823937e-02,  1.38156952e-01, -2.82631597e-01,
        5.33933641e-07,  3.76205481e-06,  4.42293794e-04, -4.38205962e-03,
       -4.27511328e-03,  7.51480557e-02,  6.17514536e-02, -1.46547926e+00,
        9.89647447e+00,  1.69328029e+00,  3.29313498e-01, -2.93636367e-02,
       -2.05321537e-02, -2.41667504e-04, -2.13589046e-04, -1.01392829e-05,
       -1.37361371e-06,  1.92874574e+00, -7.59022942e-01,  4.85203219e-02,
        1.96375952e-02, -9.64243606e-03, -2.76242277e-03,  2.31026096e-04,
       -1.86039886e-05, -1.85142547e-06,  9.98618249e-02, -1.50941006e-01,
        1.43724111e-01, -2.43431506e-02, -3.76648560e-03,  1.22687119e-03,
        1.90515754e-04, -1.77716764e-05,  1.09196208e-06, -5.16730772e-04,
       -7.20320807e-03,  8.63269017e-03, -1.75272180e-03, -7.78771647e-04,
       -3.01863701e-04,  1.63746042e-05, -1.09118017e-06,  1.32472812e-06,
       -9.80956609e-05, -2.76242837e-04,  8.00206093e-04, -8.22800923e-04,
       -1.39874036e-03,  9.19991544e-04, -2.29492257e-06,  2.51667473e-06,
        1.48360610e-06, -2.72081587e-06,  1.12755523e-04,  1.64583926e-05,
       -3.30785093e-04,  7.80026651e-05,  6.52779591e-05,  2.14405989e-05,
        3.38193793e-06, -7.05269840e-07,  4.81331898e-06, -4.51998620e-06,
       -1.19019723e-05,  6.63309772e-06,  8.47769944e-06,  8.34522024e-08,
        1.25670551e-05, -6.23305555e-08, -3.01173574e-08,  2.06894914e-07,
       -1.23118783e-08,  1.42802785e-08, -4.25795169e-08,  2.62939756e-07,
       -3.66185193e-07,  4.35464864e-07,  3.97484912e-07, -4.36903764e-07,
        1.51994928e-08, -1.66853412e-08, -5.32862302e-09,  2.49384079e-08,
       -1.45868349e-08,  2.48452998e-08,  5.78710267e-08, -2.31279196e-08,
       -5.00079178e-08], dtype=float64),
                   'Te_l': Array([  3128.39180541, -11305.58246346,  -1774.59253582,  -1030.44148816,
          -60.42930563], dtype=float64),
                   'Ti_l': Array([  1814.40674989, -12495.22535144,  -2474.77595999,  -1072.74879568,
         -107.4703142 ], dtype=float64),
                   'Z_lmn': Array([ 2.11255925e-05, -8.68494117e-06, -5.04573067e-06, -1.39943431e-06,
        2.36717867e-05, -3.12703057e-05, -1.32846812e-05,  5.58630273e-06,
       -1.95462655e-05, -2.30265396e-06,  3.80103635e-05, -7.26557560e-06,
       -2.85815243e-06, -4.13194715e-06,  1.93973822e-05, -2.40494560e-06,
       -1.26848081e-05, -6.70668759e-06,  7.27478033e-06, -3.86465617e-08,
        3.24324108e-08, -6.24170547e-08,  1.42255761e-07,  2.45496337e-06,
        6.67861106e-10,  9.82354806e-05, -1.45713370e-05, -1.87637268e-05,
        1.04577077e-04,  9.19696238e-05, -2.47056471e-05, -9.95019481e-05,
       -8.82075601e-05, -8.58443975e-05, -7.02016593e-05,  6.30047396e-05,
       -3.06529174e-05,  1.86025729e-05, -3.72940531e-05,  1.02448059e-04,
        3.12767192e-06, -7.19707971e-06, -3.83103484e-05,  3.04769308e-05,
       -6.28097362e-07,  1.59796498e-06,  2.08390396e-05, -1.67700864e-05,
       -2.71707835e-06,  1.01218931e-07,  3.08389329e-04,  1.39741330e-04,
       -1.76866184e-04,  5.81042093e-04,  7.60159510e-05,  1.62549753e-04,
       -2.38574978e-04, -4.54282499e-04, -2.58054010e-05, -2.13582232e-04,
       -6.14157493e-05,  2.00831203e-05,  1.59394970e-04, -9.86945084e-05,
        1.66486903e-05,  6.80792211e-06,  1.28005388e-05, -9.97522596e-05,
       -1.78127154e-05,  9.77583701e-08, -5.34022560e-05, -2.45547076e-05,
        8.44298339e-06, -1.19793141e-05, -2.18333742e-07,  2.03653302e-04,
       -1.85851590e-03,  5.13789040e-05,  4.99565546e-04,  1.54511602e-03,
        9.55084959e-04, -3.09436723e-04, -7.00521804e-04,  3.25439510e-05,
        2.85632439e-04, -8.78253483e-04, -1.45913640e-04, -2.07858601e-06,
        1.97373686e-04,  1.16631533e-04, -1.76416818e-06,  3.04433416e-06,
       -2.40048072e-05,  1.13623988e-04,  1.67758755e-06,  3.53815311e-05,
       -3.05955630e-06, -4.64280344e-05, -3.58903616e-05,  1.69259584e-07,
       -2.37847908e-03, -1.14246570e-02,  1.10398531e-03, -3.45590715e-03,
        9.38441862e-03, -4.72196004e-04,  1.70581266e-03,  3.76776929e-03,
        1.13129969e-03,  1.37077937e-03,  1.82511857e-03, -1.29423317e-04,
       -4.00606804e-05, -8.13705826e-04, -6.76578124e-04, -3.97939651e-05,
        3.50401505e-04, -2.15941356e-04, -3.22444226e-05,  2.80661878e-06,
       -1.09667622e-04,  2.39666778e-05, -2.83253126e-05, -2.68007888e-05,
       -7.97767962e-07, -1.06870392e-02, -2.63891655e-02,  8.39001226e-03,
       -2.29321266e-02,  3.71988590e-02,  4.34140415e-03,  3.69157212e-04,
        1.11778735e-03,  2.42247020e-03,  1.51230175e-03,  4.77175743e-03,
       -1.55748917e-03,  1.23881490e-03,  2.90812918e-03,  6.16596553e-04,
       -9.49079565e-05, -3.97091054e-04,  4.20285185e-04,  2.29154126e-04,
        4.93742710e-07,  3.96376195e-04, -4.67825679e-05, -2.68331224e-05,
        2.67517602e-05,  5.31329350e-07, -1.40509010e-01,  7.12636575e-02,
        3.86069363e-02, -6.76617743e-02,  6.73049609e-02, -6.91200797e-03,
        5.46844765e-03, -7.51254699e-03,  6.05747557e-03, -1.22401522e-02,
        9.70284586e-03,  1.58165730e-03,  2.84949768e-03,  1.47385184e-05,
        2.91438359e-03, -1.60688818e-04, -2.30956853e-04,  6.69948059e-04,
       -2.69405391e-04, -8.44289910e-06, -1.74822989e-04, -7.73205418e-05,
       -2.23290977e-04,  5.89794639e-05,  1.61386969e-06, -1.41207911e+00,
        2.54150626e-01,  6.86482902e-02, -5.03007185e-02,  3.04130741e-01,
        5.24425416e-03, -7.84625680e-03, -7.44463461e-04, -5.47499669e-03,
       -5.20685935e-02, -4.44253161e-03, -4.17669705e-04,  3.52616420e-03,
       -8.57770263e-03,  2.93346564e-03, -1.32109560e-04,  9.51787079e-04,
        7.56977750e-05, -7.07077750e-04,  4.20413498e-07,  1.25254668e-03,
       -2.29339409e-04, -5.10488723e-04,  5.89702117e-05, -2.93315065e-06,
       -2.19677477e+00, -3.57525886e-01,  1.34206478e-02,  7.34964316e-02,
        8.34831863e-03,  5.59187971e-02,  1.28313646e-03,  6.90582899e-03,
       -1.36904359e-02,  4.75618988e-04,  1.20494944e-03,  1.52237460e-02,
       -2.44435602e-05,  2.84378518e-04,  1.49126153e-03, -2.15983869e-03,
        2.37015518e-06,  3.05529115e-05,  4.08863283e-04,  1.31042661e-03,
       -1.25805648e+00,  9.28829095e-02,  6.64732933e-02,  2.02792664e-03,
        2.08840438e-02,  5.00321786e-02,  4.78169349e-03,  1.16293146e-02,
        1.17480137e-02, -1.15533680e-04, -7.47593989e-03,  3.79812743e-03,
        8.77350041e-06, -5.23081089e-04, -7.53908055e-04,  1.03727387e-03,
       -2.11018435e-07, -8.68974713e-05, -1.43507727e-04,  3.34896715e-04,
       -2.42773901e-01,  5.60481770e-02,  2.10525194e-02,  1.05499663e-02,
       -5.45880572e-03,  1.25710476e-02, -2.07796043e-04, -9.09154169e-03,
       -3.24573122e-03, -1.40440996e-04, -1.04892527e-03,  4.81380339e-03,
        1.26875131e-05,  5.85873237e-06, -2.73703059e-04,  3.00621665e-04,
       -2.78839241e-06, -6.50682444e-05,  2.55632701e-06, -5.17150105e-04,
       -3.21032653e-02,  8.94285770e-03, -8.01745793e-03,  1.23420338e-03,
       -2.53198053e-03,  1.18803746e-02,  1.61215796e-03,  3.89848811e-03,
        1.78889844e-03, -1.23118397e-04, -2.89552333e-04, -4.07259118e-03,
       -9.41548526e-07, -4.30736201e-04, -4.72347522e-04,  1.34547955e-03,
       -9.65354071e-07,  9.58284311e-05, -1.34541079e-04, -2.95075416e-06,
       -2.46872156e-03, -4.10555241e-03,  4.81130218e-04,  3.08834917e-03,
       -1.56693808e-03,  3.73829970e-03,  2.02105639e-04, -8.64196554e-04,
       -1.65787020e-03,  2.54641944e-05,  1.19695263e-03,  6.44663702e-04,
       -8.96800032e-07, -4.19229922e-05, -1.10014631e-04,  2.79413911e-04,
        3.79900140e-07, -2.37434094e-06, -1.90865767e-05, -2.38646116e-04,
       -4.19824042e-04, -1.74213394e-03, -1.35717149e-03,  6.12808350e-04,
        3.87721757e-05,  2.12011662e-03,  1.79339914e-04,  1.50465490e-03,
       -2.87941853e-04,  1.12319927e-05, -1.49323866e-04, -5.51856896e-04,
       -1.04689042e-06, -1.42334314e-04, -1.21725161e-04,  1.28682031e-04,
       -2.71825669e-08,  1.46791542e-05,  2.74303748e-05,  6.85226278e-05,
       -3.32701257e-04, -7.28774312e-04, -2.76494878e-04,  3.25212435e-04,
        6.77260216e-07,  5.45287342e-04, -5.56527332e-05,  2.66655032e-04,
       -1.39007364e-05, -1.12206728e-05,  2.73329440e-05,  2.06770294e-04,
        7.47708178e-08,  5.61915165e-05,  8.97277863e-06,  2.04785598e-05,
        1.18892031e-07,  5.64924859e-06, -3.10559627e-05, -2.57555295e-05,
       -7.25289930e-05, -9.60522122e-05, -7.31971966e-06,  7.97844580e-05,
        1.37000612e-04,  1.08117689e-04,  2.14953600e-05,  1.61564820e-05,
        9.52903489e-07,  2.76559435e-06, -1.40467483e-04, -3.86248150e-06,
       -7.71283820e-07, -2.18506974e-05, -9.03848678e-06, -8.29011035e-06,
        1.87579844e-07, -2.77500398e-06,  3.67797409e-06, -8.26355942e-06,
       -3.79628289e-06, -1.08622836e-05,  1.64498727e-05,  5.95075464e-06,
        2.24840774e-05,  1.86903769e-05,  1.79545242e-06, -1.33946507e-05,
       -9.75561729e-06,  1.39297002e-06, -2.20044759e-05, -9.84980134e-06,
       -1.20721454e-08, -1.79645164e-06, -3.05412148e-06,  7.60420944e-06,
       -1.34574245e-08, -1.35594435e-06, -4.69778372e-07,  2.00086360e-06],      dtype=float64),
                   'Za_n': Array([ 1.57772268e-05,  4.92651472e-07,  3.38833092e-05, -1.19702208e-04,
       -1.84625868e-03, -1.95503330e-02, -1.76671819e-01, -1.49084727e+00],      dtype=float64),
                   'Zb_lmn': Array([-3.05394012e-08, -6.16440230e-10, -7.49578132e-09,  3.33702675e-08,
       -6.62745854e-09,  9.20473031e-09,  5.00177700e-08, -3.86465617e-08,
        6.67861106e-10,  1.70343581e-07, -4.52145851e-10, -8.54965817e-08,
       -1.12558827e-08, -1.66425389e-07, -1.75986651e-07,  4.10593569e-07,
       -6.28097362e-07,  1.01218931e-07, -1.05911935e-06,  1.49755876e-05,
        3.51037845e-06,  1.38174429e-06, -7.13727390e-07,  2.27040484e-06,
       -5.17139199e-06,  9.77583701e-08, -2.18333742e-07, -2.11015720e-05,
       -2.47231115e-05, -6.64212760e-06,  5.28266688e-05,  1.02747449e-04,
       -3.22896521e-05, -3.76545297e-05,  1.67758755e-06,  1.69259584e-07,
        2.81590590e-04, -3.19057515e-04, -4.77877009e-04,  1.13698121e-03,
        4.26396249e-04, -1.61667740e-04, -6.65947539e-05,  2.80661878e-06,
       -7.97767962e-07, -2.92678648e-04,  1.19249042e-02, -1.89529927e-02,
        9.53344677e-03,  3.01223363e-03, -1.32833504e-03, -6.81561963e-05,
        4.93742710e-07,  5.31329350e-07, -9.37589509e-02,  1.26097509e-01,
       -7.52369033e-02,  3.46078595e-03,  8.74856819e-03,  1.31225191e-03,
       -1.01709354e-04, -8.44289910e-06,  1.61386969e-06, -1.34649836e+00,
        5.07164561e-01, -5.98522240e-02,  8.77420323e-04, -3.05201977e-03,
       -1.12474746e-03, -7.31393486e-05,  4.20413498e-07, -2.93315065e-06,
        2.37015518e-06, -2.44435602e-05,  5.06171900e-04,  1.56751498e-03,
        9.96213135e-03,  2.18177383e-02, -2.85072916e-01, -2.13912861e+00,
       -2.11018435e-07,  8.77350041e-06, -2.02431151e-04,  4.25861240e-03,
        1.32645961e-02,  7.73486999e-02,  1.47048112e-01, -1.24324327e+00,
       -2.78839241e-06,  1.26875131e-05, -2.05509241e-04, -2.01937310e-04,
       -6.50517466e-03,  1.16872746e-02,  7.29158778e-02, -2.35169045e-01,
       -9.65354071e-07, -9.41548526e-07, -2.72899657e-05,  1.18142176e-03,
       -2.95607394e-03, -4.59131734e-03,  1.67476904e-02, -2.77346839e-02,
        3.79900140e-07, -8.96800032e-07,  2.30898535e-05,  1.60182647e-04,
       -3.89072028e-04, -4.93080968e-04,  3.87648759e-05, -7.58828686e-04,
       -2.71825669e-08, -1.04689042e-06,  2.59111469e-05,  3.70055996e-05,
       -8.31213159e-05,  2.57582493e-05, -1.05351579e-04,  3.37244859e-05,
        1.18892031e-07,  7.47708178e-08, -5.57142418e-06,  5.38783297e-07,
       -3.04575842e-06, -8.67067306e-07, -2.47220566e-06, -9.10998531e-07,
        1.87579844e-07, -7.71283820e-07, -9.40963079e-09, -3.55337373e-07,
        2.11102909e-07, -2.01724470e-07, -6.05639149e-08, -8.17418315e-08,
       -1.34574245e-08, -1.20721454e-08,  3.70256651e-08, -9.99218583e-10,
        9.82317966e-09,  1.10056177e-09, -2.08444139e-08,  3.06390232e-09],      dtype=float64),
                   'Zeff_l': Array([0.87982907, 0.21065711, 0.09497694, 0.0796549 , 0.06386343],      dtype=float64),
                   'a_lmn': Array([], shape=(0,), dtype=float64),
                   'c_l': Array([0., 0., 0., 0., 0.], dtype=float64),
                   'i_l': Array([], shape=(0,), dtype=float64),
                   'ne_l': Array([ 1.74810752e+20, -3.03897724e-21, -2.76258108e-21, -2.41612498e-21,
       -2.29176945e-21, -4.00787377e+20], dtype=float64),
                   'ni_l': Array([], shape=(0,), dtype=float64),
                   'p_l': Array([], shape=(0,), dtype=float64)}],
               [ { 'G': Array([], shape=(0,), dtype=float64),
                   'I': Array([], shape=(0,), dtype=float64),
                   'L_lmn': Array([-1.36260221e-06,  2.88659356e-05,  9.67493800e-06, -2.04804938e-05,
       -2.73829192e-05, -1.42821801e-05, -9.15515972e-06,  2.71159879e-05,
       -6.79991947e-07, -1.33549067e-05,  8.85463634e-06,  2.17480009e-05,
        1.51294697e-07, -8.38566756e-06, -6.49205697e-06,  1.30202950e-05,
        1.50487417e-05, -4.14143234e-06, -3.69513245e-06, -2.02872822e-06,
       -1.30694022e-05,  9.12106114e-06,  1.11758642e-05,  5.67215559e-06,
        2.44920486e-06,  8.57873020e-05, -9.89187658e-05, -5.90715757e-05,
        7.26833748e-05,  8.60266842e-05,  2.04457642e-05, -5.57714358e-05,
       -9.45112681e-05,  2.13378187e-06,  4.93656899e-05, -3.01782920e-06,
       -1.30063358e-05,  1.72903899e-05,  4.57251972e-05, -9.75405207e-06,
        7.71237837e-05, -2.71755176e-05, -3.99958166e-05, -5.91866673e-05,
        2.85226977e-06,  1.13194282e-05, -1.77781249e-06, -2.61393429e-05,
       -2.32315354e-05, -1.82970996e-05, -1.05821108e-04, -1.25526614e-04,
       -2.23936341e-04, -1.05132354e-04,  2.71509480e-04, -1.21048726e-04,
        3.20089222e-04,  1.20851979e-04,  2.26826687e-05, -3.66535890e-04,
        7.48397927e-06, -7.06642582e-05,  4.15774482e-05,  7.64785425e-05,
       -1.84042136e-04, -9.69200864e-05,  2.04327678e-04,  1.08527199e-04,
        1.10246714e-04,  6.37247730e-05, -7.01541137e-05, -5.14539613e-05,
        3.24911281e-05,  5.00563638e-05,  2.04586182e-05, -1.65372404e-04,
       -1.08574541e-03,  4.72834002e-04, -5.25656118e-04,  1.04796470e-03,
        5.15091857e-04, -5.24512920e-04,  4.98626381e-05, -2.74166845e-04,
        3.94914108e-04, -1.67167075e-04, -6.18425958e-05,  1.14872382e-04,
        3.59255960e-04,  3.91176129e-04,  9.97721354e-05, -1.61665252e-04,
       -1.89244514e-04, -2.29198504e-04,  1.07593804e-05,  5.72376538e-05,
       -7.11810124e-05, -1.28116641e-04, -6.44060315e-05, -5.12364664e-05,
        1.87302359e-03,  2.40008409e-03, -1.27237724e-03, -1.03441284e-03,
       -2.28434521e-03, -1.00785142e-03,  1.19164597e-04,  2.95418625e-03,
        1.03964440e-03, -7.10881257e-04, -5.87940243e-04,  4.14919682e-04,
       -4.67697537e-04, -1.61912019e-03, -6.29681045e-04, -2.36032445e-04,
        3.12944815e-04,  1.79419648e-04,  1.40127101e-04,  9.25424296e-05,
        1.86481275e-04,  4.23663940e-04,  3.25313056e-04,  5.79346383e-05,
        3.80678021e-05,  1.75654143e-02,  1.58454604e-03, -1.38733843e-02,
        2.01566399e-03,  6.72075570e-03,  1.43921905e-03, -2.73672514e-03,
       -6.56091900e-03, -4.28013262e-03, -4.73914816e-03,  1.83221569e-03,
       -5.12324206e-04, -3.24817171e-04,  4.85725007e-04,  9.53574617e-04,
        1.40639522e-03, -7.14720323e-05, -1.96911428e-03,  1.44604630e-04,
       -3.25717692e-04, -3.14118138e-05, -7.96878894e-04, -3.48467151e-04,
       -8.62515303e-05, -1.50046836e-04, -1.72846257e-02, -1.48307695e-02,
        2.27342761e-02,  6.28321494e-03,  5.87623433e-04,  1.54683288e-03,
       -7.61606147e-04,  2.82136559e-03,  9.34817304e-03, -7.65235030e-03,
       -3.00732681e-03,  1.65107902e-03,  9.84680734e-04,  2.71793913e-03,
       -3.62962645e-03,  1.34915987e-03, -2.72645397e-03,  4.74675895e-04,
       -4.04183972e-04,  7.00190015e-05,  1.31483714e-03, -9.49492983e-04,
       -8.63416972e-04, -1.51935474e-04, -3.80432147e-05,  2.16984424e-01,
       -9.77641933e-02, -2.34995941e-01,  8.17394585e-03,  6.49584419e-02,
       -1.71481652e-02,  2.86690625e-02, -2.57117459e-02, -1.79828940e-02,
       -6.76871060e-02, -9.55551516e-03, -1.88154558e-03, -4.93988972e-03,
       -1.07393514e-02,  3.92585360e-03,  1.33489221e-03,  3.43221151e-02,
        7.70662133e-03,  4.21160799e-04, -7.18387899e-05,  7.25861543e-03,
        2.97091727e-03, -6.26161256e-05, -3.34916505e-05, -6.18290289e-05,
        2.33404347e-01, -3.38153360e-02,  1.65531041e-02,  3.65449307e-01,
       -3.45830950e-03,  4.88737798e-02, -4.33585972e-03, -1.43110918e-02,
       -1.40186537e-01, -1.40004058e-03, -2.04942182e-03, -8.29601048e-03,
       -2.55526164e-04, -3.71637632e-04, -5.32802057e-04, -2.52254460e-02,
       -1.94505442e-06, -1.92344684e-04,  1.72643196e-04, -3.11103507e-03,
       -1.75916619e-01, -2.97209432e-02,  2.36001388e-03,  5.80946732e-02,
        1.18356894e-02, -1.00088316e-02,  1.53343436e-03,  5.24980797e-03,
       -2.59911879e-03, -1.22552942e-03, -3.76586624e-03,  1.42803300e-02,
        6.10862137e-04,  1.25533450e-03, -4.69603449e-03, -1.27599070e-02,
        3.08780159e-04,  6.64232631e-05,  1.15971387e-03,  2.94362848e-04,
        2.76768509e-02, -1.45238953e-02,  2.17024820e-03, -6.84995717e-04,
       -1.01567695e-02, -3.62470495e-03, -3.89992277e-04, -2.70158361e-03,
       -2.77837192e-03, -1.10659225e-03,  6.06403616e-03, -7.40761873e-04,
       -1.81050442e-04, -2.32162162e-04,  1.12812271e-04,  3.31830479e-03,
        2.09787027e-05, -2.74185552e-04, -2.99313950e-04, -6.22272330e-04,
        2.98811859e-03,  5.32617698e-03, -2.95855750e-03, -8.80275169e-03,
        5.16094997e-03,  9.59950749e-05,  6.56696946e-04,  1.23680556e-03,
        3.34605153e-03, -1.45166799e-03, -2.11326993e-03, -3.09787341e-03,
        2.71688510e-04, -6.21306122e-04,  1.09371978e-03, -1.53540169e-03,
        1.65062311e-04,  9.31413151e-05,  5.55783211e-04,  1.08268341e-03,
        1.31580437e-03, -1.25340634e-03,  2.52764089e-03,  4.74578212e-04,
       -1.33905401e-03,  2.75183040e-04, -4.65540961e-04, -1.55962911e-03,
       -2.00125294e-03,  2.82184875e-04,  1.00022498e-03,  5.83207407e-04,
       -6.67732773e-05, -3.69233766e-05,  2.43321610e-04,  2.71729819e-04,
       -3.80367052e-05, -6.25428533e-05, -6.04453006e-04, -5.50966010e-04,
        8.73712122e-04,  1.29292859e-03, -1.02511743e-03, -1.20440056e-03,
        2.82312979e-04, -9.12393343e-04,  8.15704685e-05,  7.06587330e-04,
        1.90705299e-04, -2.33218934e-05, -4.82381843e-04, -4.27762907e-04,
        8.32635652e-06,  2.05788383e-04,  3.32054380e-05, -1.74766900e-05,
        5.24811407e-05,  5.47711807e-05,  1.92382642e-04,  1.95238154e-04,
        1.58242364e-04,  1.98360208e-07,  2.41592316e-04, -7.65957614e-06,
       -6.64399213e-06, -4.22897458e-05,  7.66256227e-05, -1.61981351e-04,
       -1.47757188e-04,  9.09152121e-05,  1.14079595e-04,  4.34243463e-05,
       -7.30002623e-05, -1.26508980e-04, -1.22077235e-04, -2.46606626e-05,
       -2.73932208e-05, -4.73205773e-05, -8.51148823e-05, -1.19979144e-04,
        1.04046104e-05, -9.78449505e-05, -9.85186714e-05, -5.94567860e-05,
        8.86631611e-06,  8.96518552e-05,  4.75947657e-07,  7.51385416e-05,
        3.14043741e-05, -7.13216719e-05, -2.25023881e-05, -2.30918670e-05,
       -1.78219920e-06,  5.89759466e-05,  2.96715507e-05, -7.58155509e-06,
        1.93307425e-05,  2.12040972e-05,  4.14396726e-05,  3.09187868e-05,
        1.22907630e-05,  2.63761574e-05,  9.02936875e-06, -1.05165986e-05,
       -2.78034879e-06, -3.28356223e-05, -2.06021086e-05,  5.46985855e-06,
        1.57038315e-06, -1.22134197e-05,  9.35728720e-06,  2.03982744e-06,
        2.34653865e-06,  2.27269042e-06, -8.39933069e-06,  3.08619470e-06,
       -2.86833015e-06, -5.15519002e-06, -1.47018983e-05, -1.12136595e-05],      dtype=float64),
                   'Phi_mn': Array([], shape=(0,), dtype=float64),
                   'Psi': Array([50.20413129], dtype=float64),
                   'R_lmn': Array([-1.34791893e-06, -3.28961141e-05,  2.68131789e-05, -6.84136370e-07,
        5.21924530e-05,  5.58145284e-05,  9.87096747e-06, -1.47954461e-05,
       -5.35459937e-06,  9.06968787e-08, -4.18952853e-05, -2.52357256e-05,
       -2.01436610e-08, -9.87141181e-06, -1.19786715e-05,  7.43694766e-06,
       -7.36358192e-09, -1.14781257e-07, -1.03144435e-05,  2.32911474e-06,
       -1.35731347e-04, -1.53678778e-04, -5.49241437e-05,  9.99896604e-05,
        1.23369389e-05,  1.78171867e-04, -6.34860181e-05,  2.32826872e-05,
        5.01076325e-05, -1.33357699e-05, -3.87799415e-05,  7.59537428e-06,
       -4.48348087e-07,  6.40882917e-05,  3.18922178e-05, -1.40956977e-05,
        3.95592910e-08,  1.36275434e-05,  2.63398866e-05, -3.19149239e-05,
       -8.12310121e-05, -4.26700330e-04, -4.54336390e-04,  1.81439073e-04,
        1.83995958e-04,  3.57607957e-04,  6.31219489e-05,  5.85161213e-04,
       -6.24863003e-05,  4.11857674e-05, -9.97076912e-05,  1.81716359e-05,
        1.76295799e-06, -6.96883177e-05, -1.20419117e-04, -2.97900091e-05,
       -2.62397635e-07, -3.00123450e-05, -7.94841449e-05,  4.03942373e-05,
        7.12995418e-04, -1.51433668e-03,  6.07704270e-04, -8.13382941e-05,
       -2.78638263e-04,  1.22786500e-03,  8.64242549e-05, -9.26773444e-04,
       -6.89194821e-04, -7.10117779e-05,  2.57549300e-04,  2.31438578e-04,
        1.41095229e-06, -3.23638768e-05,  3.52447801e-05,  1.30303979e-04,
        1.79961820e-07,  6.55173786e-05,  1.35019074e-04, -9.52537389e-06,
       -3.31443346e-03, -1.61103626e-03, -5.75835413e-04, -9.54586418e-05,
       -1.80435311e-03,  2.78543837e-03,  1.26134050e-03,  7.47813187e-04,
        2.22417722e-03,  1.02920451e-04,  5.99747650e-04, -8.93569552e-04,
        6.57429840e-06, -3.69850921e-04, -1.28446212e-04,  6.48703267e-05,
        4.11316250e-07, -1.02271470e-04, -1.75740675e-04, -2.07916958e-04,
       -4.46165509e-02, -8.59317985e-03,  2.81946119e-03,  2.22100326e-02,
        8.35242711e-04,  1.69711977e-02, -5.47482877e-04,  4.27933291e-06,
       -4.59946301e-04, -1.78228902e-04, -1.43263993e-03, -1.00849248e-03,
        5.83648524e-07,  2.40595327e-04,  3.10558507e-04,  1.17150475e-03,
        7.85516721e-07,  8.50296793e-05, -9.02783379e-06, -1.17599875e-04,
       -2.31048937e-01,  1.29790630e-01, -1.05071809e-02, -5.89048889e-02,
        4.90120421e-04,  2.76141223e-03,  2.52224962e-03,  1.69553725e-04,
        8.70834822e-03,  1.78254107e-05, -1.06694842e-03,  5.39053965e-03,
       -4.52644125e-06, -1.10090916e-04, -1.75452228e-03, -1.37445200e-03,
        3.12576019e-07, -4.49909488e-05,  6.66360257e-04,  2.23330200e-04,
       -1.64653999e+00, -4.39137150e-02,  7.97913951e-02,  1.93168578e-01,
       -3.43368160e-03,  1.07183701e-01, -4.75342644e-03, -2.75068231e-03,
       -1.47770600e-02,  3.77734111e-04, -6.75165870e-04, -6.36847918e-04,
        3.76205481e-06,  3.57427354e-04, -1.85232791e-03,  2.63735832e-03,
        5.33933641e-07,  7.12620949e-05, -2.38735798e-04, -9.24423514e-04,
        1.00853578e+01,  1.54637904e+00, -2.92403234e-01,  3.84205972e-01,
        1.60017200e-01, -8.86856361e-03,  1.04139763e-01, -3.98127266e-02,
       -1.85569122e-02, -1.81900439e-02, -1.91568671e-02,  3.81767854e-04,
       -8.09783036e-04, -1.42330273e-02, -1.48781541e-03, -1.51019591e-04,
        5.17646216e-03, -1.43231725e-03, -6.42127798e-04, -1.01392829e-05,
        1.89881185e-04, -7.55335672e-04, -3.83861049e-04, -6.45662485e-05,
       -1.37361371e-06,  1.89495248e+00, -7.42195564e-01,  6.97893309e-02,
        1.82240587e-02, -2.97022007e-02,  2.54666383e-02, -3.56730213e-02,
        2.68018089e-02, -1.49321846e-02,  1.34730344e-02, -7.55056783e-03,
       -3.77973689e-03,  6.87841793e-04,  3.93543501e-03,  5.06450438e-03,
       -1.08227653e-05, -5.98460473e-04,  1.68312614e-03,  1.02415896e-03,
       -1.86039886e-05, -1.03277603e-03, -4.41100914e-04,  2.88600064e-04,
        2.38845431e-04, -1.85142547e-06,  1.43587666e-01, -7.16083209e-02,
       -4.69681676e-02,  1.34628842e-01, -1.02053256e-01, -2.28856889e-02,
        3.00163842e-03,  3.77509655e-03, -9.41713016e-04,  2.54868190e-02,
        1.37946016e-03,  1.29722580e-03,  2.30504674e-04,  5.55560034e-03,
       -3.32360510e-03,  9.59129197e-05, -2.76666205e-03, -2.82505142e-03,
       -6.14344625e-05, -1.77716764e-05,  1.82397344e-05, -2.45184188e-04,
        5.14974986e-04,  9.58171188e-05,  1.09196208e-06,  1.00582415e-02,
       -1.34248973e-02, -8.58610078e-03,  4.96023344e-03,  2.96768090e-03,
        4.71078424e-03,  1.21630013e-05,  6.32553969e-03,  5.20869904e-04,
        1.72893519e-03, -7.05727048e-03, -8.44485623e-04, -1.75385356e-03,
       -3.11745009e-03, -1.47062717e-03,  1.23131100e-04,  1.52522547e-03,
        5.94541228e-04,  5.44506486e-04, -1.09118017e-06, -2.48536101e-04,
        4.60011475e-04,  1.72693669e-04, -1.03190665e-04,  1.32472812e-06,
        5.86905682e-04,  1.11016827e-02, -1.37236066e-03,  2.68079174e-03,
       -1.16341852e-02,  1.61726008e-04,  3.66786762e-04, -2.02395033e-03,
       -1.34022571e-03,  1.61915790e-04, -1.11356888e-03,  1.29063653e-03,
        4.27916090e-04,  4.06804895e-04, -2.67106904e-05,  5.84946990e-05,
        9.50041136e-05,  1.28006594e-04, -3.69174399e-04,  2.51667473e-06,
       -1.08027554e-04, -2.61667020e-04, -3.35711901e-05, -6.32797873e-05,
        1.48360610e-06,  2.50376217e-04,  1.85986011e-03, -2.38816203e-04,
        9.36000733e-04, -1.18022395e-03,  6.60741285e-04, -2.36404941e-04,
       -1.33197343e-03, -2.57949063e-04, -3.62966756e-04, -1.08351006e-03,
       -4.40188478e-05,  1.59419807e-04,  3.74710500e-04,  1.81078136e-04,
       -4.76403506e-05, -2.04043171e-04,  9.08962980e-05,  1.09861860e-04,
        3.38193793e-06,  6.28874660e-05,  4.03274283e-05,  1.56486484e-04,
        6.80177512e-05, -7.05269840e-07, -3.28182946e-05,  1.16805646e-04,
       -2.75041490e-05, -3.89182385e-04, -1.45171372e-04, -1.79218005e-04,
        6.28191534e-05,  3.21697437e-04,  2.18058604e-04, -7.16693590e-05,
        2.85238460e-04,  1.13558289e-04,  1.60018872e-05,  2.59754661e-05,
       -1.52102809e-04,  5.53834813e-05,  9.52995827e-05, -9.86167852e-05,
       -1.13182551e-04, -6.23305555e-08, -1.36121670e-05,  2.91008809e-05,
       -5.74265136e-05, -4.23867670e-05, -3.01173574e-08, -5.96329157e-05,
       -8.19678240e-05,  9.10295643e-05, -6.71846852e-06, -2.10807615e-06,
       -7.68131649e-05,  1.87534566e-05,  1.97336996e-05,  2.68962355e-06,
        1.21414096e-04,  7.27830151e-06, -6.88010280e-05, -8.63541740e-05,
       -1.10145846e-06, -4.56557106e-05, -1.65869416e-05, -3.73505080e-05,
        6.94922839e-05,  6.84348428e-05,  3.97484912e-07,  3.64109637e-05,
       -1.18994924e-05,  4.32290268e-05,  1.70224064e-05, -4.36903764e-07,
       -3.62056411e-05,  9.15015714e-06, -2.35785487e-06, -3.59069213e-05,
       -3.70111626e-05,  5.78224012e-05,  4.26783872e-05,  3.08369920e-05,
        3.65918095e-05,  9.88903626e-06, -5.85842508e-05,  1.67012352e-05,
        3.89501440e-06,  1.60150471e-05, -2.78685362e-05,  1.75897518e-07,
        1.79552838e-05,  7.86787992e-07, -1.66763899e-05, -2.31279196e-08,
       -7.99470613e-06, -1.09504464e-05, -8.73786011e-06, -1.18026492e-07,
       -5.00079178e-08], dtype=float64),
                   'Ra_n': Array([ 1.04829005e+01,  1.78776951e+00,  1.93345207e-01,  2.01618227e-02,
        1.79010946e-03,  1.56255138e-04,  2.78909536e-05, -9.14388576e-06,
       -3.05911956e-06], dtype=float64),
                   'Rb_lmn': Array([-7.36358192e-09, -2.01436610e-08, -2.40843781e-08, -4.44338448e-10,
       -1.72757938e-08,  3.90612572e-08,  1.18035005e-08,  5.02929924e-08,
        3.95592910e-08, -4.48348087e-07,  2.91773553e-07,  6.02273595e-07,
       -1.03115983e-07,  2.50761260e-07,  1.73539979e-07,  2.70248261e-07,
       -2.62397635e-07,  1.76295799e-06,  1.11734224e-05, -6.56636877e-06,
        4.80412166e-06,  1.04057061e-05, -1.05264994e-05,  7.93175108e-06,
        1.79961820e-07,  1.41095229e-06, -5.49439925e-06,  5.40603780e-05,
        1.13930110e-04, -2.83824394e-04, -6.45584746e-05,  7.27662818e-05,
        4.11316250e-07,  6.57429840e-06,  6.48981394e-07,  8.91489578e-04,
       -1.38034614e-03,  4.35315608e-05,  7.29156077e-05, -1.12084456e-03,
        7.85516721e-07,  5.83648524e-07, -9.31992224e-05, -3.06887550e-04,
       -6.06425049e-04,  3.13429903e-03,  7.25192554e-03, -2.16949599e-02,
        3.12576019e-07, -4.52644125e-06, -2.71655381e-05,  2.41215871e-03,
        8.95322556e-05, -1.20921495e-02,  1.38165912e-01, -2.82619930e-01,
        5.33933641e-07,  3.76205481e-06,  4.48996206e-04, -4.39599908e-03,
       -4.34758327e-03,  7.51883848e-02,  6.17087142e-02, -1.46551111e+00,
        9.89647447e+00,  1.69338266e+00,  3.29404882e-01, -2.94577480e-02,
       -2.04285887e-02, -2.60359944e-04, -2.15585840e-04, -1.01392829e-05,
       -1.37361371e-06,  1.92872386e+00, -7.59023191e-01,  4.85202017e-02,
        1.95991966e-02, -9.57908021e-03, -2.75557792e-03,  2.28022666e-04,
       -1.86039886e-05, -1.85142547e-06,  9.98698809e-02, -1.50941420e-01,
        1.43714355e-01, -2.43312801e-02, -3.75034313e-03,  1.23579133e-03,
        1.91730038e-04, -1.77716764e-05,  1.09196208e-06, -5.18085943e-04,
       -7.20305571e-03,  8.62833452e-03, -1.75194501e-03, -7.77063598e-04,
       -2.99979136e-04,  1.99404354e-05, -1.09118017e-06,  1.32472812e-06,
       -9.87796835e-05, -2.75582575e-04,  8.01979280e-04, -8.23836279e-04,
       -1.40050759e-03,  9.21462129e-04, -4.78508831e-06,  2.51667473e-06,
        1.48360610e-06, -2.53765436e-06,  1.12626229e-04,  1.90652293e-05,
       -3.31872477e-04,  7.96155575e-05,  6.58430122e-05,  2.03774006e-05,
        3.38193793e-06, -7.05269840e-07,  4.88642993e-06, -4.73550224e-06,
       -1.24086004e-05,  7.40366992e-06,  8.52928085e-06,  3.75737398e-07,
        1.29967143e-05, -6.23305555e-08, -3.01173574e-08,  2.06894914e-07,
       -1.23118783e-08,  1.42802785e-08, -4.25795169e-08,  2.62939756e-07,
       -3.66185193e-07,  4.35464864e-07,  3.97484912e-07, -4.36903764e-07,
        1.51994928e-08, -1.66853412e-08, -5.32862302e-09,  2.49384079e-08,
       -1.45868349e-08,  2.48452998e-08,  5.78710267e-08, -2.31279196e-08,
       -5.00079178e-08], dtype=float64),
                   'Te_l': Array([  2910.81216337, -11415.96745956,  -1809.292455  ,  -1031.35821947,
          -49.61324827], dtype=float64),
                   'Ti_l': Array([  1453.28172236, -12747.07715476,  -2603.87080758,  -1113.72689666,
         -107.29287876], dtype=float64),
                   'Z_lmn': Array([ 1.75303857e-05, -1.08403147e-06, -5.37671746e-06, -1.12631348e-06,
        2.37348677e-05, -3.30318938e-05, -1.05999139e-05,  1.81049151e-07,
       -2.06158371e-05, -6.51279223e-06,  3.86762342e-05, -9.77280225e-06,
       -1.46399477e-06, -7.55856462e-07,  1.81450102e-05, -2.71397498e-06,
       -1.61386604e-05, -5.61097021e-06,  9.78200698e-06, -3.86465617e-08,
       -1.20298941e-07,  1.69362501e-06,  2.46419950e-06,  2.76399275e-06,
        6.67861106e-10,  1.03955390e-04, -3.71873889e-05, -2.44266217e-05,
        1.13953528e-04,  1.26783649e-04, -1.59812439e-05, -1.05322631e-04,
       -1.08190021e-04, -9.84839193e-05, -7.35362064e-05,  5.46612041e-05,
       -3.81260168e-05,  2.20769094e-05, -3.30464401e-05,  1.18331886e-04,
        2.13712115e-06, -1.60605055e-05, -3.86912161e-05,  3.79500301e-05,
       -6.28097362e-07,  3.88729734e-06,  2.71974364e-05, -2.00143917e-05,
       -1.72652758e-06,  1.01218931e-07,  1.89579511e-04,  3.25786155e-04,
       -1.78635883e-04,  4.81472643e-04, -1.63939606e-06,  1.68188092e-04,
       -1.11563946e-04, -3.20403755e-04,  1.09358014e-05, -3.19555059e-04,
       -6.55140446e-05,  2.55445753e-05,  1.57916781e-04, -1.25619686e-04,
       -2.13598326e-05, -1.75950260e-07,  1.23073276e-05, -1.01574567e-04,
       -2.26118464e-05,  9.77583701e-08, -5.84073659e-05, -3.20342575e-05,
        9.65463219e-06, -4.78278884e-06, -2.18333742e-07,  1.43075347e-04,
       -1.83411019e-03,  9.66377881e-05,  4.33387547e-04,  1.45405937e-03,
        1.04657829e-03, -2.62036243e-04, -6.75123457e-04,  2.44036386e-05,
        3.83169851e-04, -9.66927589e-04, -1.56994407e-04, -5.21852408e-05,
        2.51818259e-04,  1.26995922e-04, -1.15917502e-05, -2.84422869e-05,
       -2.71095955e-05,  1.27120435e-04,  1.67758755e-06,  5.35452695e-05,
       -1.68012575e-05, -4.84302573e-05, -2.65861028e-05,  1.69259584e-07,
       -2.22444825e-03, -1.05371413e-02,  1.15747310e-03, -3.58082643e-03,
        8.26912614e-03, -3.46393465e-04,  1.58273310e-03,  4.00513855e-03,
        1.30462241e-03,  1.62597335e-03,  1.73405366e-03, -1.16812178e-04,
       -1.17666103e-04, -8.91648693e-04, -8.49027617e-04, -3.62608170e-05,
        3.21509857e-04, -2.49232983e-04, -4.82618606e-05,  2.80661878e-06,
       -1.17011507e-04, -9.77089830e-06, -3.00471248e-05, -2.99432009e-05,
       -7.97767962e-07, -1.07826531e-02, -2.26855547e-02,  8.07732061e-03,
       -2.27637467e-02,  3.33653203e-02,  4.02739074e-03,  4.95778544e-04,
        4.26455235e-04,  2.72274074e-03,  1.79934337e-03,  5.03099032e-03,
       -1.49935094e-03,  1.46329884e-03,  3.47099816e-03,  2.94458509e-04,
       -7.55154439e-05, -5.53797532e-04,  4.77756684e-04,  1.70140653e-04,
        4.93742710e-07,  4.52462799e-04, -8.70804103e-05, -4.76250115e-06,
        7.84326726e-06,  5.31329350e-07, -1.44554515e-01,  8.66154448e-02,
        3.81558981e-02, -6.92012236e-02,  5.15317050e-02, -7.19888778e-03,
        9.92203809e-03, -6.58356392e-03,  5.99272787e-03, -1.18821227e-02,
        9.87259619e-03,  1.56441643e-03,  2.88373911e-03,  5.57583106e-04,
        2.96050947e-03, -1.32383036e-04, -1.65739685e-04,  7.88233949e-04,
       -2.50140477e-04, -8.44289910e-06, -1.55726698e-04, -1.67443636e-05,
       -1.98778856e-04,  3.53435489e-05,  1.61386969e-06, -1.41517668e+00,
        2.45910893e-01,  6.76106042e-02, -5.68982623e-02,  3.12692771e-01,
        3.28115955e-03, -3.43163148e-03,  6.91329966e-03, -5.53679044e-03,
       -5.27061971e-02, -2.40742323e-03, -4.81570770e-04,  3.15401877e-03,
       -9.63003346e-03,  3.03797501e-03, -1.37682186e-04,  1.26349780e-03,
       -1.70150890e-06, -6.41104323e-04,  4.20413498e-07,  1.35327609e-03,
       -2.22612618e-04, -5.59577822e-04,  5.65367402e-05, -2.93315065e-06,
       -2.19271233e+00, -3.59570806e-01,  1.26556201e-02,  6.89695332e-02,
        8.52527446e-03,  5.72407967e-02,  1.28944381e-03,  7.63746426e-03,
       -1.34413528e-02,  4.60559868e-04,  1.04977558e-03,  1.59127340e-02,
       -2.44435602e-05,  2.97326500e-04,  1.50178651e-03, -2.10299561e-03,
        2.37015518e-06,  3.60138086e-05,  4.19150635e-04,  1.33179813e-03,
       -1.25478570e+00,  9.20486790e-02,  6.65792464e-02, -1.08118431e-03,
        2.14317274e-02,  5.02092818e-02,  4.84318218e-03,  1.14827633e-02,
        1.15365476e-02, -9.74094391e-05, -8.03339587e-03,  4.54912133e-03,
        8.77350041e-06, -5.64863701e-04, -7.22588729e-04,  1.09095268e-03,
       -2.11018435e-07, -1.07926478e-04, -1.42808875e-04,  2.63851710e-04,
       -2.42686300e-01,  5.69236972e-02,  2.15228133e-02,  1.06402148e-02,
       -5.46172069e-03,  1.17451608e-02, -1.52483805e-04, -9.48968213e-03,
       -3.30210076e-03, -1.43097143e-04, -1.05932906e-03,  4.68791507e-03,
        1.26875131e-05, -5.32559769e-05, -3.44551097e-04,  1.79434194e-04,
       -2.78839241e-06, -6.01723822e-05,  2.08686406e-05, -4.50507618e-04,
       -3.23381863e-02,  9.09835045e-03, -8.32914675e-03, -3.19177123e-05,
       -2.68614103e-03,  1.21988100e-02,  1.56293855e-03,  4.26496646e-03,
        3.34207067e-03, -1.36794913e-04, -1.01077257e-04, -4.63513179e-03,
       -9.41548526e-07, -3.85752353e-04, -5.23696389e-04,  1.29281804e-03,
       -9.65354071e-07,  1.08133700e-04, -1.64527992e-04,  8.30946185e-05,
       -2.56105069e-03, -4.64012416e-03,  5.97545109e-04,  3.12318052e-03,
       -1.81830340e-03,  4.18285999e-03,  1.55661842e-04, -1.00458031e-03,
       -1.55156041e-03,  3.15391900e-05,  1.45459173e-03,  7.46663496e-04,
       -8.96800032e-07,  4.73221957e-06, -8.65654614e-05,  2.30597756e-04,
        3.79900140e-07, -7.98581593e-06, -2.58977276e-05, -2.49485303e-04,
       -4.93438846e-04, -1.61879730e-03, -1.57057528e-03,  5.36097886e-04,
        5.37980529e-05,  2.04469365e-03,  1.97939979e-04,  1.70232912e-03,
       -1.04037509e-04,  2.20922962e-05, -1.69007569e-04, -6.32498471e-04,
       -1.04689042e-06, -1.58984485e-04, -1.06327110e-04,  9.51570978e-05,
       -2.71825669e-08,  4.05036243e-06,  3.08644649e-05,  1.01523415e-04,
       -2.57860713e-04, -8.64243804e-04, -2.82149487e-04,  2.31496770e-04,
       -4.81481020e-05,  6.48843932e-04, -6.49583284e-05,  2.68178406e-04,
        1.99166345e-06, -3.79574403e-06,  7.52260157e-05,  2.40826092e-04,
        7.47708178e-08,  6.49927551e-05,  1.33224124e-05,  2.35289820e-05,
        1.18892031e-07, -1.95250400e-06, -2.99284618e-05, -2.78916406e-05,
       -5.86552443e-05, -1.20425494e-04, -1.13493139e-05,  5.15134784e-05,
        1.52126069e-04,  1.54253905e-04,  2.91468298e-05,  2.37213835e-05,
        1.11812207e-05,  4.48689294e-06, -1.59126956e-04, -2.71419611e-05,
       -7.71283820e-07, -2.95021671e-05, -1.25737941e-05, -4.12119659e-06,
        1.87579844e-07, -4.49630258e-06,  7.21198964e-06, -6.74701357e-06,
       -1.16148156e-05, -1.02268382e-05,  1.86797933e-05,  8.85093399e-06,
        2.74957219e-05,  2.22209138e-05,  4.64646907e-06, -1.58277131e-05,
       -7.66384785e-06,  2.06314066e-06, -2.70183024e-05, -1.40153231e-05,
       -1.20721454e-08, -4.64746828e-06, -2.85097969e-06,  1.04307934e-05,
       -1.34574245e-08, -2.02611500e-06, -4.67596315e-07,  2.00040307e-06],      dtype=float64),
                   'Za_n': Array([ 1.36508851e-05,  4.86976826e-06,  4.03273012e-05, -1.09868174e-04,
       -1.79853365e-03, -1.93750312e-02, -1.75827841e-01, -1.48801966e+00],      dtype=float64),
                   'Zb_lmn': Array([-3.05394012e-08, -6.16440230e-10, -7.49578132e-09,  3.33702675e-08,
       -6.62745854e-09,  9.20473031e-09,  5.00177700e-08, -3.86465617e-08,
        6.67861106e-10,  1.70343581e-07, -4.52145851e-10, -8.54965817e-08,
       -1.12558827e-08, -1.66425389e-07, -1.75986651e-07,  4.10593569e-07,
       -6.28097362e-07,  1.01218931e-07, -1.11090299e-06,  1.68990270e-05,
        3.41494543e-06,  1.09948072e-06, -7.69398950e-07,  2.93272890e-06,
       -4.95873910e-06,  9.77583701e-08, -2.18333742e-07, -2.09630792e-05,
       -2.53232569e-05, -6.71890939e-06,  5.25411016e-05,  1.02969303e-04,
       -2.98739723e-05, -3.81778530e-05,  1.67758755e-06,  1.69259584e-07,
        2.81080346e-04, -3.20531954e-04, -4.77107474e-04,  1.13842721e-03,
        4.25547672e-04, -1.65074039e-04, -6.62040179e-05,  2.80661878e-06,
       -7.97767962e-07, -2.93792305e-04,  1.19253114e-02, -1.89533737e-02,
        9.53613774e-03,  3.01243675e-03, -1.32921029e-03, -6.76721766e-05,
        4.93742710e-07,  5.31329350e-07, -9.37485668e-02,  1.26099288e-01,
       -7.52439488e-02,  3.46194236e-03,  8.75445849e-03,  1.31427596e-03,
       -9.70394869e-05, -8.44289910e-06,  1.61386969e-06, -1.34649042e+00,
        5.07160965e-01, -5.98376087e-02,  8.72034810e-04, -3.05839325e-03,
       -1.12267509e-03, -8.11454459e-05,  4.20413498e-07, -2.93315065e-06,
        2.37015518e-06, -2.44435602e-05,  4.96573677e-04,  1.58677031e-03,
        9.99420068e-03,  2.17948709e-02, -2.85085477e-01, -2.13928715e+00,
       -2.11018435e-07,  8.77350041e-06, -2.05335917e-04,  4.27831848e-03,
        1.32555226e-02,  7.73394209e-02,  1.47070934e-01, -1.24323938e+00,
       -2.78839241e-06,  1.26875131e-05, -2.03269525e-04, -2.05739782e-04,
       -6.50018111e-03,  1.16885801e-02,  7.29062654e-02, -2.35168752e-01,
       -9.65354071e-07, -9.41548526e-07, -2.86612129e-05,  1.17718620e-03,
       -2.95174628e-03, -4.58787667e-03,  1.67451233e-02, -2.77352153e-02,
        3.79900140e-07, -8.96800032e-07,  2.35533741e-05,  1.60394062e-04,
       -3.89609401e-04, -4.93600659e-04,  3.99140201e-05, -7.58832828e-04,
       -2.71825669e-08, -1.04689042e-06,  2.61426587e-05,  3.89554941e-05,
       -8.43450514e-05,  2.54267397e-05, -1.05078703e-04,  3.37786284e-05,
        1.18892031e-07,  7.47708178e-08, -5.74824803e-06,  3.44267389e-08,
       -2.85054812e-06, -6.48668062e-07, -2.46541939e-06, -8.43297250e-07,
        1.87579844e-07, -7.71283820e-07, -9.40963079e-09, -3.55337373e-07,
        2.11102909e-07, -2.01724470e-07, -6.05639149e-08, -8.17418315e-08,
       -1.34574245e-08, -1.20721454e-08,  3.70256651e-08, -9.99218583e-10,
        9.82317966e-09,  1.10056177e-09, -2.08444139e-08,  3.06390232e-09],      dtype=float64),
                   'Zeff_l': Array([0.85594104, 0.19427703, 0.08775473, 0.0783037 , 0.06501731],      dtype=float64),
                   'a_lmn': Array([], shape=(0,), dtype=float64),
                   'c_l': Array([0., 0., 0., 0., 0.], dtype=float64),
                   'i_l': Array([], shape=(0,), dtype=float64),
                   'ne_l': Array([ 1.63367302e+20, -3.81320710e-21, -3.49005007e-21, -3.06849944e-21,
       -2.90671118e-21, -4.03456806e+20], dtype=float64),
                   'ni_l': Array([], shape=(0,), dtype=float64),
                   'p_l': Array([], shape=(0,), dtype=float64)}],
               [ { 'G': Array([], shape=(0,), dtype=float64),
                   'I': Array([], shape=(0,), dtype=float64),
                   'L_lmn': Array([ 4.94479131e-07,  2.77278480e-05,  8.23599549e-06, -1.89259666e-05,
       -2.34609625e-05, -1.80809512e-05, -1.07876757e-05,  2.31949549e-05,
        1.48412657e-06, -1.88556924e-05,  1.08893642e-05,  2.35812007e-05,
        2.99719925e-06, -7.84039090e-06, -1.17717886e-05,  1.38560227e-05,
        1.64494672e-05, -8.03242338e-06, -3.79560357e-06, -2.64159252e-06,
       -1.65429465e-05,  3.95510874e-06,  1.03893128e-05,  6.37966482e-06,
        3.09332944e-06,  6.92415956e-05, -6.55078960e-05, -3.42277405e-05,
        8.06545792e-05,  4.90074590e-05,  3.06794131e-05, -6.10696378e-05,
       -1.05954692e-04, -3.74056488e-06,  5.89818740e-05, -7.48625966e-06,
       -1.33972120e-05,  1.13511326e-05,  5.31318070e-05, -3.58408496e-06,
        8.16424031e-05, -2.77524281e-05, -4.81059010e-05, -6.54060510e-05,
        3.86201758e-06,  1.45386011e-05, -1.94851357e-06, -3.08218793e-05,
       -2.47325959e-05, -1.90376872e-05, -1.09685544e-04, -2.40248775e-04,
       -2.29392433e-04, -1.47767194e-04,  3.25898257e-04, -9.55968222e-05,
        3.18999781e-04,  1.70245300e-04,  1.86527255e-05, -3.18479580e-04,
       -4.00657075e-05, -7.82770455e-05,  5.65213425e-05,  6.48239018e-05,
       -1.85118489e-04, -1.04814010e-04,  2.08265017e-04,  1.35331458e-04,
        1.15281016e-04,  6.58879290e-05, -7.09344814e-05, -3.80307146e-05,
        3.76104146e-05,  5.46720936e-05,  1.81322275e-05, -1.12932216e-04,
       -1.28963611e-03,  4.34119274e-04, -4.73669504e-04,  1.34385141e-03,
        3.50435109e-04, -5.76925409e-04, -1.18953659e-04, -2.56288361e-04,
        3.13401565e-04,  1.87510185e-05, -6.95005109e-05,  1.59802894e-04,
        5.01998455e-04,  3.59113083e-04,  9.37009008e-05, -1.44766452e-04,
       -2.15275897e-04, -2.15304195e-04,  1.65575238e-05,  4.15131425e-05,
       -1.34673416e-04, -1.19993755e-04, -5.74810641e-05, -5.21684675e-05,
        4.36028295e-04,  3.13626155e-03,  3.03207288e-04, -1.09832922e-03,
       -3.45363668e-03, -9.80014900e-04,  8.51762149e-05,  3.15081893e-03,
        1.04641442e-03, -1.96036121e-04, -5.96454590e-04,  3.82299441e-04,
       -5.70438060e-04, -1.73833122e-03, -6.57097708e-04, -2.28325533e-04,
        2.16644854e-04,  1.32950506e-04,  1.57051585e-04,  8.60324607e-05,
        2.24954912e-04,  4.70975019e-04,  3.30070820e-04,  4.31024724e-05,
        3.98512548e-05,  1.92019317e-02,  3.17100125e-03, -1.53501907e-02,
        1.68356295e-03,  5.78294960e-03,  1.85851117e-03, -2.81680651e-03,
       -5.89090425e-03, -4.35223539e-03, -5.37654689e-03,  1.38181104e-03,
       -4.77177513e-04, -4.24319899e-04, -3.53167144e-05,  1.03539292e-03,
        1.50861404e-03,  4.22082864e-06, -1.87828061e-03,  1.41564025e-04,
       -3.21588088e-04, -6.94529238e-05, -7.48076135e-04, -3.81108494e-04,
       -1.01537976e-04, -1.54293930e-04, -1.46631433e-02, -1.55732804e-02,
        2.06394103e-02,  7.71255179e-03,  2.62023464e-03,  1.27497683e-03,
       -1.66926557e-03,  1.68879272e-03,  9.28569959e-03, -8.91677414e-03,
       -2.87290026e-03,  1.79228949e-03,  1.26808148e-03,  2.72821016e-03,
       -3.77897687e-03,  1.36838204e-03, -3.09177106e-03,  1.29851901e-04,
       -4.19994977e-04,  3.13995030e-05,  1.03655113e-03, -1.03444730e-03,
       -9.13758648e-04, -1.51794439e-04, -4.57813253e-05,  2.17132463e-01,
       -1.01609270e-01, -2.38941766e-01,  7.20743335e-03,  6.75016814e-02,
       -1.70671375e-02,  3.09911553e-02, -2.72959836e-02, -1.86690761e-02,
       -6.92141952e-02, -1.02984532e-02, -1.85379659e-03, -5.12938671e-03,
       -9.28833742e-03,  4.35793899e-03,  1.46570894e-03,  3.63504323e-02,
        8.22225717e-03,  4.75686041e-04, -5.00501518e-05,  7.73386855e-03,
        3.10315608e-03, -1.34684852e-04, -4.39798602e-05, -6.48135157e-05,
        2.56493854e-01, -2.97114390e-02,  1.76050668e-02,  3.63109754e-01,
       -3.84339732e-03,  5.11822299e-02, -4.69800977e-03, -1.46535663e-02,
       -1.44042337e-01, -1.42445051e-03, -1.87824675e-03, -9.49556798e-03,
       -2.28435666e-04, -3.20394213e-04, -5.12406114e-04, -2.54047902e-02,
        2.30225808e-06, -1.98254390e-04,  1.60832634e-04, -2.97807660e-03,
       -1.75160601e-01, -2.96813078e-02,  1.71826873e-03,  6.00526551e-02,
        1.18366246e-02, -1.00618566e-02,  1.49311355e-03,  5.78221881e-03,
       -3.64100265e-03, -1.19919751e-03, -3.75659945e-03,  1.47301549e-02,
        6.15839540e-04,  1.17023827e-03, -5.00009152e-03, -1.27684468e-02,
        3.08975409e-04,  3.41686344e-05,  1.18849417e-03,  2.97097472e-04,
        2.89591716e-02, -1.45756543e-02,  2.31660171e-03, -2.52227140e-03,
       -9.91993302e-03, -3.59689541e-03, -4.46457499e-04, -2.48108361e-03,
       -2.55035278e-03, -1.11955993e-03,  6.04918053e-03, -6.97102998e-04,
       -1.71553491e-04, -3.04731981e-04,  9.82236029e-05,  3.49174179e-03,
        1.96362422e-05, -2.88969199e-04, -3.13782786e-04, -7.56913582e-04,
        4.05482787e-03,  5.45451539e-03, -3.08894592e-03, -9.89565900e-03,
        5.20747809e-03,  1.91968194e-04,  5.90314201e-04,  1.31458864e-03,
        3.26570856e-03, -1.53498850e-03, -2.12987098e-03, -3.36848296e-03,
        2.81830719e-04, -5.58871133e-04,  1.03531060e-03, -1.44984085e-03,
        1.70741883e-04,  1.08128806e-04,  5.75427481e-04,  1.13623358e-03,
        5.55468661e-04, -8.84618012e-04,  2.50739691e-03,  1.39738071e-03,
       -1.38422408e-03, -2.43710399e-04, -4.33557168e-04, -1.53806812e-03,
       -2.19915595e-03,  2.89313191e-04,  1.07251727e-03,  6.97129551e-04,
       -5.98523172e-05, -5.88053316e-05,  2.70613352e-04,  3.28565598e-04,
       -4.17989964e-05, -5.56482325e-05, -6.19178569e-04, -5.56657594e-04,
        1.22559576e-03,  1.22429197e-03, -9.02252561e-04, -1.68378431e-03,
        2.76959533e-04, -7.34430845e-04,  9.14444427e-05,  5.83521362e-04,
        3.36342444e-04, -1.32001841e-05, -4.68965795e-04, -5.37729865e-04,
        3.03216821e-06,  1.91272871e-04,  3.40989810e-05, -5.63753054e-05,
        5.23913674e-05,  5.01753980e-05,  1.78255629e-04,  2.29931871e-04,
        2.27500987e-04, -8.76893428e-06,  2.46848303e-04, -5.78340253e-05,
       -4.87546224e-06, -3.01033001e-05,  7.88109091e-05, -1.54409301e-04,
       -1.70339310e-04,  1.00517479e-04,  1.15291076e-04,  3.27142559e-05,
       -7.45381679e-05, -1.27966097e-04, -1.42264821e-04, -1.52770015e-05,
       -2.52796498e-05, -5.24725925e-05, -9.29350287e-05, -1.26282905e-04,
       -6.75633080e-06, -1.00070286e-04, -1.10687459e-04, -5.73342435e-05,
        1.77593762e-05,  9.69721601e-05,  2.80923555e-06,  8.44143925e-05,
        4.91615530e-05, -7.49092290e-05, -3.10654334e-05, -3.05459234e-05,
       -2.72620430e-06,  6.46938235e-05,  3.64545667e-05, -1.74066713e-05,
        1.97340398e-05,  2.21061162e-05,  4.50498965e-05,  3.24330383e-05,
        1.83738698e-05,  3.19493049e-05,  1.25608500e-05, -1.98295436e-05,
       -6.41898477e-06, -4.13984352e-05, -2.35020029e-05,  4.02136560e-06,
        7.20449979e-06, -1.31173583e-05,  1.62896438e-05,  5.85006913e-06,
        2.93711208e-06,  2.96799946e-06, -7.90587071e-06, -2.86964288e-06,
       -3.49682484e-06, -5.79651790e-06, -1.50594209e-05, -9.18705135e-06],      dtype=float64),
                   'Phi_mn': Array([], shape=(0,), dtype=float64),
                   'Psi': Array([50.20413129], dtype=float64),
                   'R_lmn': Array([ 1.44705940e-06, -2.92248381e-05,  2.77095246e-05, -7.07017613e-06,
        5.42423292e-05,  5.17003928e-05,  1.04004599e-05, -1.44013505e-05,
        9.84965084e-07,  8.73455583e-07, -4.26050521e-05, -2.87294538e-05,
       -2.01436610e-08, -1.04009043e-05, -1.32691129e-05,  4.68844463e-06,
       -7.36358192e-09, -8.97539961e-07, -1.16545530e-05,  6.26570256e-06,
       -1.31509462e-04, -2.24525778e-04, -3.69367996e-05,  1.08819740e-04,
       -4.17848334e-06,  2.44486166e-04, -6.45893742e-05,  4.32490477e-06,
        4.05679460e-05, -1.62799793e-05, -2.46118460e-05,  1.66412297e-05,
       -4.48348087e-07,  6.51916478e-05,  3.28626561e-05, -1.76079755e-05,
        3.95592910e-08,  1.65717528e-05,  2.86872133e-05, -3.64280783e-05,
       -4.24805881e-05, -3.88523586e-04, -4.98147221e-04,  1.07467257e-04,
        1.66750254e-04,  3.84217520e-04,  7.30239784e-05,  6.18913577e-04,
       -2.56923546e-05,  4.00952748e-05, -7.00529239e-05, -4.39596883e-05,
        1.76295799e-06, -7.95938493e-05, -1.10502968e-04, -3.13290874e-05,
       -2.62397635e-07, -2.85394011e-05, -9.17659988e-05,  3.76627134e-05,
        1.52405744e-04, -1.23117891e-03,  5.09361186e-04,  3.75435499e-04,
       -1.92969535e-04,  8.86166234e-04,  8.49258512e-05, -8.20662200e-04,
       -5.94785875e-04, -7.25650212e-05,  1.86383358e-04,  2.83862439e-04,
        1.41095229e-06, -3.11529850e-05,  2.84384960e-05,  1.39539161e-04,
        1.79961820e-07,  6.70149384e-05,  1.19892428e-04, -3.28389053e-06,
       -1.68989018e-03, -1.89072900e-03, -5.92081816e-04, -1.57120568e-03,
       -1.86779671e-03,  2.97984255e-03,  1.27330816e-03,  8.07193414e-04,
        2.03875701e-03,  1.11037605e-04,  6.49478480e-04, -8.00335319e-04,
        6.57429840e-06, -3.81967711e-04, -1.72256618e-04,  1.01628061e-04,
        4.11316250e-07, -1.10092201e-04, -1.61608358e-04, -2.15804564e-04,
       -4.60374988e-02, -1.07384191e-02,  2.93623201e-03,  2.34493240e-02,
        8.63254090e-04,  1.93081114e-02, -5.77759848e-04, -7.58604208e-05,
       -3.33239109e-04, -1.72947920e-04, -1.45453008e-03, -1.14200718e-03,
        5.83648524e-07,  2.73438089e-04,  2.73780095e-04,  1.22609999e-03,
        7.85516721e-07,  7.87370658e-05, -1.83196946e-05, -1.75287352e-04,
       -2.34317135e-01,  1.29405446e-01, -1.14399553e-02, -5.65391299e-02,
        3.79552519e-04,  2.76612238e-03,  2.51619394e-03,  1.14672733e-03,
        9.76508634e-03,  9.47634330e-07, -9.39379587e-04,  5.74365396e-03,
       -4.52644125e-06, -1.02399120e-04, -1.80493021e-03, -1.52513904e-03,
        3.12576019e-07, -2.71310460e-05,  6.49915503e-04,  2.51652115e-04,
       -1.64588781e+00, -4.38564667e-02,  8.07731064e-02,  1.93793419e-01,
       -3.50989717e-03,  1.07550627e-01, -4.66603982e-03, -3.68877367e-03,
       -1.57887741e-02,  3.93006669e-04, -6.15379798e-04, -1.13309706e-03,
        3.76205481e-06,  2.67485923e-04, -1.87314534e-03,  2.35475036e-03,
        5.33933641e-07,  5.66936487e-05, -2.34445809e-04, -8.72665566e-04,
        1.00768226e+01,  1.54543160e+00, -2.84964512e-01,  3.86773318e-01,
        1.61847077e-01, -8.55516603e-03,  1.05428783e-01, -4.26037471e-02,
       -1.84662473e-02, -1.91159449e-02, -1.96987407e-02,  3.76908631e-04,
       -1.00997571e-03, -1.39312919e-02, -1.54152735e-03, -1.56360046e-04,
        5.23141288e-03, -1.23860241e-03, -6.42975696e-04, -1.01392829e-05,
        1.97608420e-04, -8.08362106e-04, -3.86743288e-04, -5.94607199e-05,
       -1.37361371e-06,  1.89924693e+00, -7.45332121e-01,  6.68039094e-02,
        1.73390357e-02, -2.78027392e-02,  2.56920930e-02, -3.70662180e-02,
        2.77987643e-02, -1.47899273e-02,  1.47780988e-02, -7.72252979e-03,
       -3.73201663e-03,  8.02411153e-04,  3.76731037e-03,  4.93545830e-03,
       -2.06020520e-05, -6.71110822e-04,  1.61034824e-03,  9.77884669e-04,
       -1.86039886e-05, -1.05986660e-03, -3.88566862e-04,  2.90754274e-04,
        2.48607339e-04, -1.85142547e-06,  1.42476183e-01, -7.30095789e-02,
       -4.73010676e-02,  1.34045770e-01, -1.01538021e-01, -2.25441204e-02,
        4.53861241e-03,  4.64351384e-03, -9.04249698e-04,  2.64633518e-02,
        1.07544934e-03,  1.26802709e-03,  9.76735035e-05,  5.25167624e-03,
       -3.36006951e-03,  1.01271253e-04, -2.85635194e-03, -2.85981314e-03,
       -3.11592214e-05, -1.77716764e-05,  6.01640516e-05, -2.28453456e-04,
        5.16107798e-04,  8.96751191e-05,  1.09196208e-06,  9.25250843e-03,
       -1.04927958e-02, -8.67382482e-03,  5.00388341e-03,  1.54825034e-04,
        5.25355516e-03,  9.19525783e-04,  6.29833252e-03,  5.88352792e-04,
        1.57537359e-03, -7.70218565e-03, -8.71363538e-04, -1.73240525e-03,
       -3.11052509e-03, -1.57964238e-03,  1.18325734e-04,  1.56013476e-03,
        6.96308776e-04,  5.71605235e-04, -1.09118017e-06, -2.84506780e-04,
        4.36760706e-04,  2.15281951e-04, -9.70366099e-05,  1.32472812e-06,
        1.20906114e-03,  1.20542275e-02, -1.42654833e-03,  2.59858001e-03,
       -1.26849901e-02,  3.02204587e-04, -2.53340830e-04, -2.15094113e-03,
       -1.28670862e-03,  2.81291337e-04, -1.18486288e-03,  1.28682650e-03,
        4.75682661e-04,  6.25305670e-04, -8.98594447e-05,  5.74729639e-05,
        7.38727742e-05,  5.90146875e-05, -3.65422233e-04,  2.51667473e-06,
       -1.03665431e-04, -2.71375057e-04, -2.39712747e-05, -6.30023904e-05,
        1.48360610e-06,  3.55200788e-04,  1.11722087e-03, -2.23513015e-04,
        1.34252891e-03, -3.96191191e-04,  6.72834160e-04, -3.46230799e-04,
       -1.72166199e-03, -1.93856840e-04, -4.36608167e-04, -1.11439289e-03,
       -4.98806953e-05,  1.37129882e-04,  3.55111597e-04,  1.17280707e-04,
       -4.36297436e-05, -1.71821664e-04,  1.09362565e-04,  1.15993717e-04,
        3.38193793e-06,  7.48773917e-05,  4.37699391e-05,  1.56157383e-04,
        6.39989099e-05, -7.05269840e-07, -8.51932542e-05,  1.23693297e-04,
       -1.79165033e-05, -3.59081687e-04, -1.74857862e-04, -2.24518073e-04,
        1.12245719e-04,  3.20775247e-04,  2.13271766e-04, -5.71461291e-05,
        3.06196591e-04,  1.24531463e-04,  9.73419697e-06, -5.08754011e-06,
       -1.39319446e-04,  5.15610458e-05,  1.03463906e-04, -7.40003099e-05,
       -1.24236613e-04, -6.23305555e-08, -1.39103381e-05,  3.06811682e-05,
       -6.52433193e-05, -3.84870064e-05, -3.01173574e-08, -7.24965522e-05,
       -1.19916504e-04,  9.38612004e-05, -6.36449466e-05,  5.29230300e-05,
       -6.94123629e-05,  2.82076444e-05,  6.03418173e-05, -1.02812320e-05,
        1.05888250e-04, -1.48288590e-06, -6.52693238e-05, -8.94125705e-05,
        1.81999968e-05, -3.56412944e-05, -1.98394035e-05, -3.89070878e-05,
        7.08526693e-05,  6.49031386e-05,  3.97484912e-07,  4.00471728e-05,
       -1.48825872e-05,  4.61854661e-05,  2.02748684e-05, -4.36903764e-07,
       -3.78192324e-05, -3.02931909e-06, -4.05772425e-06, -3.26570185e-05,
       -2.49069359e-05,  6.75358287e-05,  4.42420290e-05,  2.98851591e-05,
        4.14854567e-05,  9.69217208e-06, -6.93365866e-05,  1.73963514e-05,
        7.07998007e-06,  1.22543768e-05, -3.26333197e-05,  8.20401522e-07,
        1.82273976e-05,  1.82569632e-06, -1.73715061e-05, -2.31279196e-08,
       -9.42985290e-06, -9.48784597e-06, -8.86672384e-06, -7.62530496e-07,
       -5.00079178e-08], dtype=float64),
                   'Ra_n': Array([ 1.04684234e+01,  1.79351452e+00,  1.94278354e-01,  2.02937575e-02,
        1.80292054e-03,  1.70230514e-04,  2.13244334e-05, -8.69036502e-06,
       -6.02931216e-06], dtype=float64),
                   'Rb_lmn': Array([-7.36358192e-09, -2.01436610e-08, -2.40843781e-08, -4.44338448e-10,
       -1.72757938e-08,  3.90612572e-08,  1.18035005e-08,  5.02929924e-08,
        3.95592910e-08, -4.48348087e-07,  2.91773553e-07,  6.02273595e-07,
       -1.03115983e-07,  2.50761260e-07,  1.73539979e-07,  2.70248261e-07,
       -2.62397635e-07,  1.76295799e-06,  1.15558737e-05, -6.56987089e-06,
        4.93133167e-06,  1.02633887e-05, -1.06030409e-05,  7.96522660e-06,
        1.79961820e-07,  1.41095229e-06, -5.55008276e-06,  5.37728662e-05,
        1.13306251e-04, -2.82862518e-04, -6.44341321e-05,  7.25945303e-05,
        4.11316250e-07,  6.57429840e-06,  9.45403675e-07,  8.91340446e-04,
       -1.37992659e-03,  4.28549802e-05,  7.29736698e-05, -1.12071078e-03,
        7.85516721e-07,  5.83648524e-07, -9.42108539e-05, -3.04321759e-04,
       -6.09595683e-04,  3.13415169e-03,  7.25239773e-03, -2.16953139e-02,
        3.12576019e-07, -4.52644125e-06, -2.61834117e-05,  2.41379482e-03,
        9.00884352e-05, -1.20981581e-02,  1.38166875e-01, -2.82616318e-01,
        5.33933641e-07,  3.76205481e-06,  4.49700318e-04, -4.39855390e-03,
       -4.35972278e-03,  7.52111873e-02,  6.16883981e-02, -1.46552841e+00,
        9.89647447e+00,  1.69339415e+00,  3.29429917e-01, -2.94925092e-02,
       -2.03945180e-02, -2.66067065e-04, -2.15820766e-04, -1.01392829e-05,
       -1.37361371e-06,  1.92872717e+00, -7.59027872e-01,  4.85165435e-02,
        1.95799115e-02, -9.56371469e-03, -2.75413196e-03,  2.28005287e-04,
       -1.86039886e-05, -1.85142547e-06,  9.98715653e-02, -1.50940600e-01,
        1.43712507e-01, -2.43284842e-02, -3.74821141e-03,  1.23686787e-03,
        1.90946372e-04, -1.77716764e-05,  1.09196208e-06, -5.18702636e-04,
       -7.20246241e-03,  8.62845155e-03, -1.75232172e-03, -7.76007636e-04,
       -2.99758303e-04,  2.12891243e-05, -1.09118017e-06,  1.32472812e-06,
       -9.88107933e-05, -2.75598411e-04,  8.01569491e-04, -8.23643608e-04,
       -1.40053934e-03,  9.21404262e-04, -5.52942649e-06,  2.51667473e-06,
        1.48360610e-06, -2.53575183e-06,  1.12599849e-04,  1.97484592e-05,
       -3.32196169e-04,  7.95812506e-05,  6.61130213e-05,  2.03691663e-05,
        3.38193793e-06, -7.05269840e-07,  4.95982073e-06, -4.84678799e-06,
       -1.27128119e-05,  7.67820787e-06,  8.70900055e-06,  2.94849399e-07,
        1.30740394e-05, -6.23305555e-08, -3.01173574e-08,  2.06894914e-07,
       -1.23118783e-08,  1.42802785e-08, -4.25795169e-08,  2.62939756e-07,
       -3.66185193e-07,  4.35464864e-07,  3.97484912e-07, -4.36903764e-07,
        1.51994928e-08, -1.66853412e-08, -5.32862302e-09,  2.49384079e-08,
       -1.45868349e-08,  2.48452998e-08,  5.78710267e-08, -2.31279196e-08,
       -5.00079178e-08], dtype=float64),
                   'Te_l': Array([  2870.17709795, -11435.82681684,  -1816.12756504,  -1031.74455369,
          -47.88418219], dtype=float64),
                   'Ti_l': Array([  1391.59918857, -12786.47111304,  -2626.83395319,  -1121.44859658,
         -107.6322471 ], dtype=float64),
                   'Z_lmn': Array([ 1.85172856e-05,  2.71299888e-06, -5.96898280e-06, -1.61477367e-06,
        1.78830692e-05, -4.46378585e-05, -1.04240579e-05,  2.50680769e-06,
       -2.22741069e-05, -2.69513298e-06,  5.16292810e-05, -1.09288060e-05,
       -1.44311566e-06, -8.81648846e-07,  1.92632008e-05, -2.35128867e-06,
       -1.79015515e-05, -6.95805220e-06,  1.09380108e-05, -3.86465617e-08,
       -7.11668705e-07, -1.78809476e-08,  3.00427865e-06,  2.40130644e-06,
        6.67861106e-10,  1.04598209e-04, -5.52658762e-06, -1.82873154e-05,
        1.22383932e-04,  9.15383191e-05, -2.21768951e-05, -1.06817603e-04,
       -1.17416311e-04, -1.10813298e-04, -6.81542040e-05,  6.54814847e-05,
       -4.73709656e-05,  1.61034797e-05, -3.25270774e-05,  1.30225868e-04,
        7.20567528e-07, -1.78579796e-05, -4.33158455e-05,  4.71949789e-05,
       -6.28097362e-07,  4.57357380e-06,  2.74739597e-05, -1.95789956e-05,
       -3.09973959e-07,  1.01218931e-07,  2.74739150e-04,  4.56684543e-04,
       -1.78846513e-04,  5.43769138e-04, -1.30104674e-04,  2.20294279e-04,
       -1.86928073e-04, -3.33184880e-04,  2.53362667e-05, -3.17106452e-04,
       -8.98529987e-05,  2.58329718e-05,  1.54739025e-04, -1.75168562e-04,
       -3.28640535e-05,  3.68215457e-06,  7.97754424e-06, -1.29391633e-04,
       -2.27390613e-05,  9.77583701e-08, -6.48034941e-05, -3.20575512e-05,
        6.81019491e-06, -8.66692396e-06, -2.18333742e-07,  1.71681207e-04,
       -1.47120359e-03,  6.94944077e-05,  4.85098960e-04,  1.10105805e-03,
        1.08180613e-03, -2.86220505e-04, -8.01685036e-04,  8.02996192e-05,
        4.00475473e-04, -9.77932730e-04, -1.51318498e-04, -3.24227797e-05,
        3.27389387e-04,  6.73894850e-05, -7.85641089e-06, -5.58353713e-05,
       -5.13898212e-05,  1.21863406e-04,  1.67758755e-06,  5.64912897e-05,
       -1.75023606e-05, -4.47272841e-05, -3.02652316e-05,  1.69259584e-07,
       -2.82266452e-03, -9.42624131e-03,  1.15061206e-03, -3.83013709e-03,
        6.92917012e-03, -3.54612167e-04,  2.18326355e-03,  4.30208266e-03,
        1.29627636e-03,  1.85168089e-03,  1.74565910e-03, -1.27040251e-04,
       -9.65175094e-05, -9.42531433e-04, -8.37940080e-04, -2.76475247e-05,
        3.24464068e-04, -2.52326376e-04, -3.88001391e-05,  2.80661878e-06,
       -1.33568390e-04, -6.42866145e-06, -3.28397313e-05, -3.87862238e-05,
       -7.97767962e-07, -1.14087662e-02, -2.60309480e-02,  8.03202169e-03,
       -2.46959279e-02,  3.64663936e-02,  3.70971923e-03,  1.05660838e-03,
        2.39333072e-03,  2.56662864e-03,  2.04906194e-03,  5.34910930e-03,
       -1.53300103e-03,  1.56384362e-03,  3.43145963e-03,  4.69400436e-04,
       -7.48757946e-05, -5.59362417e-04,  4.77820355e-04,  2.03859282e-04,
        4.93742710e-07,  4.61638261e-04, -8.19659345e-05, -2.44144341e-05,
        7.84297338e-06,  5.31329350e-07, -1.44361674e-01,  8.09370460e-02,
        3.86299356e-02, -6.90724028e-02,  5.65119172e-02, -8.41872091e-03,
        9.18304969e-03, -6.95188196e-03,  5.73562249e-03, -1.11431365e-02,
        1.10877930e-02,  1.60065507e-03,  2.94203297e-03,  8.17855240e-04,
        3.22698691e-03, -1.39847320e-04, -2.04901276e-04,  7.93220758e-04,
       -2.86373425e-04, -8.44289910e-06, -1.36590724e-04, -4.03437995e-05,
       -2.04903430e-04,  4.32424811e-05,  1.61386969e-06, -1.41451515e+00,
        2.45393559e-01,  6.83746598e-02, -5.41068150e-02,  3.16054325e-01,
        4.28545120e-03, -5.20586744e-03,  4.25634159e-03, -5.60760050e-03,
       -5.54875780e-02, -3.43399489e-03, -4.28857492e-04,  3.51210882e-03,
       -9.69977281e-03,  3.11947151e-03, -1.33187893e-04,  1.20153844e-03,
        2.16171803e-05, -6.94541348e-04,  4.20413498e-07,  1.34649500e-03,
       -2.85725544e-04, -5.75452897e-04,  5.03019795e-05, -2.93315065e-06,
       -2.19268528e+00, -3.62378228e-01,  1.28308959e-02,  6.88064529e-02,
        8.53213072e-03,  6.00111438e-02,  1.29130760e-03,  7.51186254e-03,
       -1.31938425e-02,  4.58242543e-04,  1.04459807e-03,  1.58957895e-02,
       -2.44435602e-05,  2.99115016e-04,  1.44054328e-03, -2.26912526e-03,
        2.37015518e-06,  3.59938229e-05,  4.33072589e-04,  1.38470494e-03,
       -1.25751943e+00,  9.15344916e-02,  6.59176585e-02, -1.16594898e-04,
        2.13986063e-02,  5.05719258e-02,  4.82430107e-03,  1.21847952e-02,
        1.35752129e-02, -9.77602415e-05, -7.99966733e-03,  4.65380171e-03,
        8.77350041e-06, -5.42503984e-04, -7.64768604e-04,  8.25221079e-04,
       -2.11018435e-07, -1.06882804e-04, -1.49336767e-04,  3.16955651e-04,
       -2.43209074e-01,  5.49615856e-02,  2.13311106e-02,  1.10747266e-02,
       -5.38285801e-03,  1.34515735e-02, -1.75182399e-04, -9.25829782e-03,
       -3.30961905e-03, -1.37067968e-04, -1.13365883e-03,  4.93260653e-03,
        1.26875131e-05, -3.22807020e-05, -3.83021748e-04,  2.75191251e-04,
       -2.78839241e-06, -6.64035252e-05,  1.87983396e-05, -4.42470368e-04,
       -3.21296127e-02,  7.83806112e-03, -8.52988984e-03,  1.46301587e-04,
       -2.63605014e-03,  1.36030310e-02,  1.59143482e-03,  4.51687933e-03,
        2.84907240e-03, -1.27458385e-04, -1.40019212e-04, -4.73196558e-03,
       -9.41548526e-07, -4.15199707e-04, -5.73899509e-04,  1.39867378e-03,
       -9.65354071e-07,  9.89353346e-05, -1.75431688e-04,  3.57766144e-05,
       -2.90678782e-03, -4.58117815e-03,  4.66233304e-04,  3.48118178e-03,
       -1.88176431e-03,  4.15095081e-03,  1.73720370e-04, -8.59382761e-04,
       -1.60110235e-03,  3.14139655e-05,  1.51450434e-03,  6.99612167e-04,
       -8.96800032e-07, -1.30889889e-05, -1.00702794e-04,  2.67974755e-04,
        3.79900140e-07, -8.14302285e-06, -2.21642703e-05, -2.29348512e-04,
       -5.42468709e-04, -1.81246256e-03, -1.70863864e-03,  4.28199709e-04,
        3.88275177e-06,  2.29273603e-03,  1.92704204e-04,  1.83548556e-03,
        2.98504973e-05,  1.90919296e-05, -1.10034243e-04, -6.89000324e-04,
       -1.04689042e-06, -1.53486552e-04, -1.01452071e-04,  1.18155918e-04,
       -2.71825669e-08,  7.20730516e-06,  2.14280653e-05,  1.03807396e-04,
       -3.01373270e-04, -9.65018604e-04, -3.09006512e-04,  2.75454339e-04,
       -7.75172719e-05,  7.48826711e-04, -6.94111992e-05,  2.89954708e-04,
        6.02927599e-06, -4.32600706e-06,  1.07892525e-04,  2.47480998e-04,
        7.47708178e-08,  6.94065368e-05,  1.84128036e-05,  1.91024357e-05,
        1.18892031e-07, -1.51342091e-06, -3.30805616e-05, -3.38425300e-05,
       -5.08941245e-05, -1.34883685e-04, -1.05166525e-05,  3.32664402e-05,
        1.57771649e-04,  1.77628632e-04,  3.43717156e-05,  1.85484980e-05,
        2.30882828e-05,  5.97664019e-06, -1.63250299e-04, -4.11535380e-05,
       -7.71283820e-07, -3.47270530e-05, -8.23357002e-06, -5.54234032e-06,
        1.87579844e-07, -5.98604982e-06,  5.68975219e-06, -1.65197357e-06,
       -5.83630817e-06, -1.17913830e-05,  2.46261097e-05,  1.50872145e-06,
        2.72060671e-05,  1.97621583e-05,  5.33917827e-06, -2.11190472e-05,
       -4.30352715e-06,  1.89504321e-06, -2.59395730e-05, -1.25174664e-05,
       -1.20721454e-08, -5.34017749e-06, -3.50596194e-06,  8.63417778e-06,
       -1.34574245e-08, -1.85801755e-06, -1.25667100e-06,  4.52584678e-06],      dtype=float64),
                   'Za_n': Array([ 1.47936575e-05,  4.53801490e-06,  4.71150707e-05, -9.51196370e-05,
       -1.82706392e-03, -1.94863848e-02, -1.76887184e-01, -1.49026129e+00],      dtype=float64),
                   'Zb_lmn': Array([-3.05394012e-08, -6.16440230e-10, -7.49578132e-09,  3.33702675e-08,
       -6.62745854e-09,  9.20473031e-09,  5.00177700e-08, -3.86465617e-08,
        6.67861106e-10,  1.70343581e-07, -4.52145851e-10, -8.54965817e-08,
       -1.12558827e-08, -1.66425389e-07, -1.75986651e-07,  4.10593569e-07,
       -6.28097362e-07,  1.01218931e-07, -1.09990472e-06,  1.74509610e-05,
        3.35814507e-06,  1.04964693e-06, -7.17591875e-07,  3.09391045e-06,
       -4.98476939e-06,  9.77583701e-08, -2.18333742e-07, -2.09763811e-05,
       -2.55054406e-05, -6.69905022e-06,  5.24835784e-05,  1.02961820e-04,
       -2.94550916e-05, -3.81216425e-05,  1.67758755e-06,  1.69259584e-07,
        2.81125188e-04, -3.20926229e-04, -4.77014525e-04,  1.13872055e-03,
        4.25496552e-04, -1.65840390e-04, -6.64337486e-05,  2.80661878e-06,
       -7.97767962e-07, -2.94654214e-04,  1.19251451e-02, -1.89531034e-02,
        9.53664889e-03,  3.01161464e-03, -1.32914174e-03, -6.70328213e-05,
        4.93742710e-07,  5.31329350e-07, -9.37432466e-02,  1.26100925e-01,
       -7.52467733e-02,  3.46229285e-03,  8.75770597e-03,  1.31428164e-03,
       -9.66048389e-05, -8.44289910e-06,  1.61386969e-06, -1.34648776e+00,
        5.07161844e-01, -5.98359718e-02,  8.73073492e-04, -3.06358189e-03,
       -1.12339884e-03, -8.28859134e-05,  4.20413498e-07, -2.93315065e-06,
        2.37015518e-06, -2.44435602e-05,  4.94236366e-04,  1.59042261e-03,
        1.00098014e-02,  2.17833017e-02, -2.85086590e-01, -2.13934180e+00,
       -2.11018435e-07,  8.77350041e-06, -2.04643045e-04,  4.28179708e-03,
        1.32496022e-02,  7.73376852e-02,  1.47077175e-01, -1.24323559e+00,
       -2.78839241e-06,  1.26875131e-05, -2.03471493e-04, -2.07463101e-04,
       -6.49771850e-03,  1.16897910e-02,  7.29032953e-02, -2.35168775e-01,
       -9.65354071e-07, -9.41548526e-07, -2.85230508e-05,  1.17623511e-03,
       -2.95150104e-03, -4.58691003e-03,  1.67449031e-02, -2.77355649e-02,
        3.79900140e-07, -8.96800032e-07,  2.32709427e-05,  1.60631381e-04,
       -3.89424239e-04, -4.93852251e-04,  4.00363144e-05, -7.58733635e-04,
       -2.71825669e-08, -1.04689042e-06,  2.62992347e-05,  3.92176521e-05,
       -8.47234257e-05,  2.53948480e-05, -1.04919451e-04,  3.37374147e-05,
        1.18892031e-07,  7.47708178e-08, -5.83942798e-06, -4.66233157e-09,
       -2.70530827e-06, -6.39000177e-07, -2.55342486e-06, -7.87219326e-07,
        1.87579844e-07, -7.71283820e-07, -9.40963079e-09, -3.55337373e-07,
        2.11102909e-07, -2.01724470e-07, -6.05639149e-08, -8.17418315e-08,
       -1.34574245e-08, -1.20721454e-08,  3.70256651e-08, -9.99218583e-10,
        9.82317966e-09,  1.10056177e-09, -2.08444139e-08,  3.06390232e-09],      dtype=float64),
                   'Zeff_l': Array([0.85260836, 0.19170513, 0.08656741, 0.07801512, 0.06518223],      dtype=float64),
                   'a_lmn': Array([], shape=(0,), dtype=float64),
                   'c_l': Array([0., 0., 0., 0., 0.], dtype=float64),
                   'i_l': Array([], shape=(0,), dtype=float64),
                   'ne_l': Array([ 1.61267216e+20, -3.98030088e-21, -3.65019835e-21, -3.20836263e-21,
       -3.03449648e-21, -4.03943776e+20], dtype=float64),
                   'ni_l': Array([], shape=(0,), dtype=float64),
                   'p_l': Array([], shape=(0,), dtype=float64)}],
               [ { 'G': Array([], shape=(0,), dtype=float64),
                   'I': Array([], shape=(0,), dtype=float64),
                   'L_lmn': Array([ 9.29609056e-07,  2.75196154e-05,  8.13358287e-06, -1.90552571e-05,
       -2.22438517e-05, -1.90096085e-05, -1.18944727e-05,  2.27577314e-05,
        2.36207409e-06, -2.05478153e-05,  1.12350351e-05,  2.41324920e-05,
        4.23181666e-06, -7.89729601e-06, -1.33405116e-05,  1.45624096e-05,
        1.67793004e-05, -8.73363002e-06, -4.12748068e-06, -2.71904283e-06,
       -1.79906578e-05,  2.29619885e-06,  1.04393740e-05,  6.55725983e-06,
        3.27030097e-06,  6.68190919e-05, -6.00863544e-05, -2.99484200e-05,
        8.45341065e-05,  4.17810975e-05,  3.16693491e-05, -6.19464511e-05,
       -1.11268146e-04, -6.19853771e-06,  6.30155464e-05, -6.77491882e-06,
       -1.35073294e-05,  9.47768402e-06,  5.61552669e-05, -2.22189008e-06,
        8.33359197e-05, -2.88611499e-05, -5.04151847e-05, -6.74516255e-05,
        4.71334361e-06,  1.60475598e-05, -1.43930113e-06, -3.22210922e-05,
       -2.53652979e-05, -1.90657942e-05, -1.17036107e-04, -2.54847441e-04,
       -2.33231771e-04, -1.62690265e-04,  3.30408407e-04, -8.80626406e-05,
        3.29680775e-04,  1.86662672e-04,  1.89618812e-05, -3.14597706e-04,
       -5.22672781e-05, -8.19834360e-05,  5.76662019e-05,  6.55643030e-05,
       -1.90245849e-04, -1.08548458e-04,  2.13952007e-04,  1.43727292e-04,
        1.17636388e-04,  6.57930530e-05, -7.36207873e-05, -3.79239070e-05,
        3.98608384e-05,  5.67341260e-05,  1.79151715e-05, -7.11999628e-05,
       -1.34771896e-03,  4.18818321e-04, -4.67558915e-04,  1.40850694e-03,
        3.10676355e-04, -6.15804911e-04, -1.47785955e-04, -2.56738265e-04,
        3.15199502e-04,  6.80637875e-05, -7.22665708e-05,  1.71929131e-04,
        5.27674914e-04,  3.57268287e-04,  9.55793483e-05, -1.49272453e-04,
       -2.25894562e-04, -2.13408726e-04,  1.85909204e-05,  4.33940428e-05,
       -1.41580400e-04, -1.17947607e-04, -5.76333161e-05, -5.24502091e-05,
        4.46567986e-05,  3.34497965e-03,  7.27655162e-04, -1.16238150e-03,
       -3.79813149e-03, -9.63184105e-04,  7.60531431e-05,  3.25425067e-03,
        1.05264991e-03, -4.08410884e-05, -6.22913299e-04,  3.74064462e-04,
       -5.91068987e-04, -1.78360213e-03, -6.66815826e-04, -2.33875602e-04,
        1.98874592e-04,  1.39973143e-04,  1.68498809e-04,  8.59257768e-05,
        2.30978477e-04,  4.85837064e-04,  3.37170550e-04,  4.46400930e-05,
        4.05954121e-05,  1.95796067e-02,  3.56196282e-03, -1.56182853e-02,
        1.77710734e-03,  5.61191094e-03,  1.93361030e-03, -2.90283025e-03,
       -5.91995880e-03, -4.38259683e-03, -5.54656095e-03,  1.30718229e-03,
       -4.44387247e-04, -4.53175067e-04, -1.30187800e-04,  1.06650604e-03,
        1.53064340e-03,  5.90138160e-07, -1.91637043e-03,  1.33997891e-04,
       -3.23366583e-04, -7.18334179e-05, -7.43335666e-04, -3.93194806e-04,
       -1.08551790e-04, -1.55831059e-04, -1.44623004e-02, -1.53438554e-02,
        2.04428155e-02,  7.98374726e-03,  2.69341651e-03,  1.26631114e-03,
       -1.78193322e-03,  1.58389047e-03,  9.24915506e-03, -9.27330599e-03,
       -2.86211178e-03,  1.80326103e-03,  1.32167552e-03,  2.74635977e-03,
       -3.85310253e-03,  1.37653448e-03, -3.13275530e-03,  6.97452733e-05,
       -4.14817896e-04,  2.45106135e-05,  9.81066078e-04, -1.06366689e-03,
       -9.19809356e-04, -1.50032240e-04, -4.82173602e-05,  2.15961645e-01,
       -1.02434793e-01, -2.38762112e-01,  6.94927589e-03,  6.69539770e-02,
       -1.72730478e-02,  3.12982322e-02, -2.77513938e-02, -1.87850716e-02,
       -6.87502075e-02, -1.04266231e-02, -1.84872594e-03, -5.18876865e-03,
       -9.19188267e-03,  4.39731749e-03,  1.49025637e-03,  3.68076985e-02,
        8.37695508e-03,  4.93922969e-04, -4.49451266e-05,  7.88761454e-03,
        3.19056561e-03, -1.21804147e-04, -4.86889126e-05, -6.53498866e-05,
        2.64153118e-01, -2.69750422e-02,  1.84556771e-02,  3.62907752e-01,
       -3.89028865e-03,  5.11907888e-02, -4.78966885e-03, -1.46768217e-02,
       -1.46054707e-01, -1.43374513e-03, -1.80905940e-03, -9.69389451e-03,
       -2.20150272e-04, -3.09350506e-04, -6.15025884e-04, -2.55365380e-02,
        3.45104472e-06, -2.00623013e-04,  1.60480387e-04, -3.00344124e-03,
       -1.74026312e-01, -2.99433294e-02,  1.59851398e-03,  6.00287851e-02,
        1.15439811e-02, -9.74166407e-03,  1.40196907e-03,  5.71523936e-03,
       -3.85774929e-03, -1.21371081e-03, -3.69854212e-03,  1.50294973e-02,
        6.17259013e-04,  1.16624851e-03, -5.04890233e-03, -1.28890455e-02,
        3.08887478e-04,  3.12767415e-05,  1.19832897e-03,  2.84162295e-04,
        2.92876315e-02, -1.46937127e-02,  2.27003844e-03, -3.13540111e-03,
       -9.82277729e-03, -3.57007547e-03, -4.15935260e-04, -2.37690463e-03,
       -2.31444268e-03, -1.11504642e-03,  6.08772065e-03, -7.62944986e-04,
       -1.64755173e-04, -3.24742713e-04,  8.72124341e-05,  3.44896466e-03,
        2.14770780e-05, -2.97244054e-04, -3.13704458e-04, -7.90265902e-04,
        4.59025522e-03,  5.46375661e-03, -3.05539071e-03, -1.04935086e-02,
        5.24775471e-03,  2.96581105e-04,  5.52831567e-04,  1.28831814e-03,
        3.26000084e-03, -1.56240694e-03, -2.16848803e-03, -3.51233230e-03,
        2.83677682e-04, -5.48042372e-04,  1.05400798e-03, -1.43371072e-03,
        1.72056161e-04,  1.14166275e-04,  5.85179113e-04,  1.17088340e-03,
        3.88945327e-04, -8.08804512e-04,  2.49070303e-03,  1.59717109e-03,
       -1.39606367e-03, -3.56933028e-04, -4.29280633e-04, -1.51288165e-03,
       -2.23631192e-03,  2.99413840e-04,  1.08988314e-03,  7.29621479e-04,
       -5.69619812e-05, -6.34977668e-05,  2.73319835e-04,  3.34891890e-04,
       -4.23616751e-05, -5.78091888e-05, -6.21561331e-04, -5.61851220e-04,
        1.32729606e-03,  1.21594929e-03, -8.62719988e-04, -1.81836405e-03,
        2.76504243e-04, -6.94637146e-04,  9.33453692e-05,  5.40254637e-04,
        3.77759996e-04, -1.32946400e-05, -4.70219882e-04, -5.70739276e-04,
        1.55874889e-06,  1.88026794e-04,  3.92112294e-05, -7.12148526e-05,
        5.24771663e-05,  4.97632962e-05,  1.74654840e-04,  2.39327586e-04,
        2.50397985e-04, -8.14824986e-06,  2.48573125e-04, -8.24993944e-05,
       -3.89808782e-06, -2.65997748e-05,  8.15146514e-05, -1.52116437e-04,
       -1.68967100e-04,  1.03931235e-04,  1.17251290e-04,  2.48689661e-05,
       -7.46585273e-05, -1.30197592e-04, -1.49536745e-04, -1.35539386e-05,
       -2.53167356e-05, -5.45413549e-05, -9.57599552e-05, -1.25869151e-04,
       -1.16214084e-05, -1.04236525e-04, -1.12781166e-04, -5.50404040e-05,
        2.04400163e-05,  1.02426483e-04,  2.83271295e-06,  8.50607474e-05,
        5.18461884e-05, -7.62756661e-05, -3.24371552e-05, -3.24421679e-05,
       -3.40258886e-06,  6.71382926e-05,  3.89537361e-05, -1.87206203e-05,
        1.97680306e-05,  2.23970407e-05,  4.63952624e-05,  3.34230925e-05,
        1.93446280e-05,  3.40123843e-05,  1.33675248e-05, -2.12755505e-05,
       -7.67640110e-06, -4.41558684e-05, -2.42729611e-05,  4.31642391e-06,
        8.31060075e-06, -1.37817940e-05,  1.81865698e-05,  6.85941908e-06,
        3.00498341e-06,  3.42236403e-06, -8.16064518e-06, -3.86851508e-06,
       -3.69742191e-06, -6.03316512e-06, -1.52061558e-05, -8.31995426e-06],      dtype=float64),
                   'Phi_mn': Array([], shape=(0,), dtype=float64),
                   'Psi': Array([50.20413129], dtype=float64),
                   'R_lmn': Array([ 2.42648228e-06, -2.82134098e-05,  2.81764849e-05, -9.69739285e-06,
        5.48385055e-05,  5.06394877e-05,  1.10536825e-05, -1.50998459e-05,
        3.43529359e-06,  1.18596617e-06, -4.27374193e-05, -2.94286945e-05,
       -2.01436610e-08, -1.10541269e-05, -1.30375778e-05,  3.88590998e-06,
       -7.36358192e-09, -1.21005055e-06, -1.21183620e-05,  7.01442015e-06,
       -1.30129250e-04, -2.46052925e-04, -3.26415911e-05,  1.10307045e-04,
       -8.98221800e-06,  2.65491164e-04, -6.49052988e-05, -7.32900807e-07,
        3.84934202e-05, -1.65039608e-05, -2.07515400e-05,  1.81649616e-05,
       -4.48348087e-07,  6.55075724e-05,  3.36252532e-05, -1.84009665e-05,
        3.95592910e-08,  1.67957344e-05,  2.96306420e-05, -3.74296607e-05,
       -1.86025798e-05, -3.93174724e-04, -5.15769991e-04,  7.93323276e-05,
        1.62804092e-04,  4.02997273e-04,  7.44082687e-05,  6.36618652e-04,
       -2.04917867e-05,  4.05312683e-05, -6.23354274e-05, -5.84620739e-05,
        1.76295799e-06, -8.11352874e-05, -1.10680061e-04, -3.23878000e-05,
       -2.62397635e-07, -2.84105537e-05, -9.54387957e-05,  3.80412788e-05,
       -2.93576271e-05, -1.17813287e-03,  5.01416376e-04,  5.09738313e-04,
       -1.79117215e-04,  8.19922743e-04,  8.89481013e-05, -8.10796183e-04,
       -5.44688249e-04, -7.28203825e-05,  1.72924148e-04,  2.97165950e-04,
        1.41095229e-06, -3.50630689e-05,  2.73151350e-05,  1.36711986e-04,
        1.79961820e-07,  6.72562927e-05,  1.18537607e-04, -3.15854994e-06,
       -1.28093385e-03, -2.01044328e-03, -5.77407976e-04, -1.96407123e-03,
       -1.87812780e-03,  3.12879047e-03,  1.27565229e-03,  7.97863867e-04,
        2.00340463e-03,  1.13415620e-04,  6.64669577e-04, -8.24239105e-04,
        6.57429840e-06, -3.84833709e-04, -1.78025748e-04,  1.21090493e-04,
        4.11316250e-07, -1.12529202e-04, -1.65866271e-04, -2.21070491e-04,
       -4.64538941e-02, -1.11525829e-02,  2.91285559e-03,  2.37632364e-02,
        8.59078015e-04,  1.97323314e-02, -5.79027173e-04, -4.92603297e-05,
       -2.24696185e-04, -1.73778084e-04, -1.45813881e-03, -1.14642460e-03,
        5.83648524e-07,  2.78389547e-04,  2.70263420e-04,  1.22074301e-03,
        7.85516721e-07,  7.87862646e-05, -1.37911358e-05, -1.80829873e-04,
       -2.35081389e-01,  1.29273879e-01, -1.17051056e-02, -5.58013434e-02,
        3.90624613e-04,  2.79456154e-03,  2.51708958e-03,  1.44340991e-03,
        9.82478508e-03, -1.64485433e-06, -9.46248577e-04,  5.84070635e-03,
       -4.52644125e-06, -1.00811586e-04, -1.84012415e-03, -1.55705894e-03,
        3.12576019e-07, -2.39357460e-05,  6.45839412e-04,  2.57850238e-04,
       -1.64563503e+00, -4.34116754e-02,  8.09620267e-02,  1.93653289e-01,
       -3.52893217e-03,  1.06992625e-01, -4.65429250e-03, -3.88067876e-03,
       -1.58748785e-02,  3.96310741e-04, -6.17178330e-04, -1.02507981e-03,
        3.76205481e-06,  2.48406330e-04, -1.84955745e-03,  2.31488168e-03,
        5.33933641e-07,  5.36051645e-05, -2.29035797e-04, -8.85706474e-04,
        1.00737690e+01,  1.54512402e+00, -2.81855516e-01,  3.86875295e-01,
        1.62123634e-01, -8.37228633e-03,  1.05385166e-01, -4.26056333e-02,
       -1.84417383e-02, -1.90862572e-02, -1.99636048e-02,  3.66445861e-04,
       -1.03416520e-03, -1.39734012e-02, -1.53724026e-03, -1.57180648e-04,
        5.24112689e-03, -1.18483870e-03, -6.37863469e-04, -1.01392829e-05,
        2.09986126e-04, -8.31895711e-04, -3.91347836e-04, -5.93928248e-05,
       -1.37361371e-06,  1.90026165e+00, -7.45487813e-01,  6.56863692e-02,
        1.74413543e-02, -2.78780890e-02,  2.58781737e-02, -3.69672563e-02,
        2.76522206e-02, -1.47178490e-02,  1.49859227e-02, -7.93361144e-03,
       -3.71727009e-03,  8.23335547e-04,  3.79596158e-03,  4.87662255e-03,
       -2.44212791e-05, -6.54364387e-04,  1.61822894e-03,  9.64841268e-04,
       -1.86039886e-05, -1.08088391e-03, -3.73095169e-04,  2.91307963e-04,
        2.51443840e-04, -1.85142547e-06,  1.42352653e-01, -7.38998659e-02,
       -4.75835333e-02,  1.33971565e-01, -1.00716637e-01, -2.25715612e-02,
        4.92301105e-03,  4.75012399e-03, -8.96536339e-04,  2.65810381e-02,
        1.11888035e-03,  1.25295433e-03,  1.28447754e-04,  5.20951926e-03,
       -3.37261307e-03,  9.67659054e-05, -2.90519532e-03, -2.87253425e-03,
       -1.64139751e-05, -1.77716764e-05,  5.31583364e-05, -2.20512978e-04,
        5.23682198e-04,  9.44419748e-05,  1.09196208e-06,  9.04663565e-03,
       -1.01864079e-02, -8.67282529e-03,  5.28064384e-03, -2.51037050e-04,
        5.45741888e-03,  1.16483596e-03,  6.03548521e-03,  6.07756044e-04,
        1.67215357e-03, -7.93562941e-03, -8.68010861e-04, -1.76748203e-03,
       -3.12647400e-03, -1.60662186e-03,  1.18378200e-04,  1.56315335e-03,
        7.25384805e-04,  5.68654797e-04, -1.09118017e-06, -2.90026841e-04,
        4.38185317e-04,  2.24751755e-04, -9.58183068e-05,  1.32472812e-06,
        1.38154223e-03,  1.22323317e-02, -1.42521261e-03,  2.56454140e-03,
       -1.28730215e-02,  3.52610726e-04, -4.21958308e-04, -2.12011381e-03,
       -1.28381772e-03,  2.81501460e-04, -1.23410623e-03,  1.28527997e-03,
        4.71698267e-04,  6.28041620e-04, -9.19582673e-05,  5.62977477e-05,
        8.38159665e-05,  5.76082664e-05, -3.63219085e-04,  2.51667473e-06,
       -1.05068652e-04, -2.70788217e-04, -2.50879945e-05, -6.26133436e-05,
        1.48360610e-06,  3.81127951e-04,  8.83894444e-04, -2.22790852e-04,
        1.44438447e-03, -1.58035345e-04,  6.92763372e-04, -3.75111703e-04,
       -1.82517834e-03, -1.81563420e-04, -4.47895310e-04, -1.13600784e-03,
       -4.82981924e-05,  1.34749775e-04,  3.58678912e-04,  1.05528837e-04,
       -4.40367924e-05, -1.65350924e-04,  1.10653037e-04,  1.14474561e-04,
        3.38193793e-06,  7.94506243e-05,  4.24543678e-05,  1.55965173e-04,
        6.42600258e-05, -7.05269840e-07, -9.96610648e-05,  1.40061931e-04,
       -1.74142367e-05, -3.51063544e-04, -1.89690746e-04, -2.39917416e-04,
        1.26683951e-04,  3.12258566e-04,  2.14842745e-04, -6.47751451e-05,
        3.17770667e-04,  1.28002504e-04,  1.05911087e-05, -6.21100724e-06,
       -1.38412332e-04,  5.16499358e-05,  1.09465081e-04, -6.98782758e-05,
       -1.27777248e-04, -6.23305555e-08, -1.51661995e-05,  3.21079409e-05,
       -6.77355443e-05, -3.85038921e-05, -3.01173574e-08, -7.10059855e-05,
       -1.33283542e-04,  9.44664918e-05, -7.68845623e-05,  6.89061176e-05,
       -6.82448068e-05,  2.51825325e-05,  7.07896166e-05, -1.41950377e-05,
        1.05618782e-04, -4.51271521e-06, -6.48412989e-05, -9.01116602e-05,
        2.22708915e-05, -3.32743897e-05, -2.05014693e-05, -4.12536691e-05,
        7.27149425e-05,  6.44751138e-05,  3.97484912e-07,  4.16755163e-05,
       -1.61616655e-05,  4.77323672e-05,  2.09369342e-05, -4.36903764e-07,
       -3.83553347e-05, -5.73975918e-06, -4.48387732e-06, -3.18591490e-05,
       -2.37642178e-05,  7.02079443e-05,  4.49369418e-05,  2.96755343e-05,
        4.25221322e-05,  1.08991592e-05, -7.26985119e-05,  1.80614290e-05,
        7.71883302e-06,  1.17651588e-05, -3.33792332e-05,  1.09021027e-06,
        1.85881324e-05,  2.51550607e-06, -1.80365837e-05, -2.31279196e-08,
       -9.80136331e-06, -9.58687280e-06, -9.15748582e-06, -1.03233924e-06,
       -5.00079178e-08], dtype=float64),
                   'Ra_n': Array([ 1.04622538e+01,  1.79570380e+00,  1.94783908e-01,  2.03617521e-02,
        1.80802961e-03,  1.73507950e-04,  1.86798147e-05, -8.50276831e-06,
       -6.45471191e-06], dtype=float64),
                   'Rb_lmn': Array([-7.36358192e-09, -2.01436610e-08, -2.40843781e-08, -4.44338448e-10,
       -1.72757938e-08,  3.90612572e-08,  1.18035005e-08,  5.02929924e-08,
        3.95592910e-08, -4.48348087e-07,  2.91773553e-07,  6.02273595e-07,
       -1.03115983e-07,  2.50761260e-07,  1.73539979e-07,  2.70248261e-07,
       -2.62397635e-07,  1.76295799e-06,  1.21207146e-05, -6.72701864e-06,
        5.02986847e-06,  1.01686001e-05, -1.05982455e-05,  7.85016112e-06,
        1.79961820e-07,  1.41095229e-06, -5.56408978e-06,  5.38850324e-05,
        1.12344541e-04, -2.82064672e-04, -6.42027281e-05,  7.24044223e-05,
        4.11316250e-07,  6.57429840e-06,  8.86417478e-07,  8.90818577e-04,
       -1.37932450e-03,  4.24301432e-05,  7.30375934e-05, -1.12050996e-03,
        7.85516721e-07,  5.83648524e-07, -9.49918190e-05, -3.00637626e-04,
       -6.12851929e-04,  3.13385868e-03,  7.25249406e-03, -2.16946108e-02,
        3.12576019e-07, -4.52644125e-06, -2.55806004e-05,  2.41627799e-03,
        9.02154470e-05, -1.21018198e-02,  1.38166997e-01, -2.82615007e-01,
        5.33933641e-07,  3.76205481e-06,  4.49915905e-04, -4.40588617e-03,
       -4.37514629e-03,  7.52317904e-02,  6.16701632e-02, -1.46554173e+00,
        9.89647447e+00,  1.69340252e+00,  3.29464365e-01, -2.95207298e-02,
       -2.03703264e-02, -2.71417608e-04, -2.16573473e-04, -1.01392829e-05,
       -1.37361371e-06,  1.92872321e+00, -7.59034344e-01,  4.85164413e-02,
        1.95627912e-02, -9.54991851e-03, -2.75242882e-03,  2.27022561e-04,
       -1.86039886e-05, -1.85142547e-06,  9.98737366e-02, -1.50940660e-01,
        1.43710695e-01, -2.43252150e-02, -3.74546721e-03,  1.23654035e-03,
        1.91207880e-04, -1.77716764e-05,  1.09196208e-06, -5.18862548e-04,
       -7.20213807e-03,  8.62784037e-03, -1.75282572e-03, -7.74114064e-04,
       -2.99356064e-04,  2.25598935e-05, -1.09118017e-06,  1.32472812e-06,
       -9.89990722e-05, -2.75372431e-04,  8.01680998e-04, -8.23887243e-04,
       -1.40086398e-03,  9.22060888e-04, -6.31559592e-06,  2.51667473e-06,
        1.48360610e-06, -2.57420526e-06,  1.12612866e-04,  2.03394151e-05,
       -3.32591433e-04,  7.99305890e-05,  6.61763687e-05,  2.02232333e-05,
        3.38193793e-06, -7.05269840e-07,  5.03355870e-06, -4.93887963e-06,
       -1.29080445e-05,  7.97497522e-06,  8.69486950e-06,  2.25256778e-07,
        1.31460438e-05, -6.23305555e-08, -3.01173574e-08,  2.06894914e-07,
       -1.23118783e-08,  1.42802785e-08, -4.25795169e-08,  2.62939756e-07,
       -3.66185193e-07,  4.35464864e-07,  3.97484912e-07, -4.36903764e-07,
        1.51994928e-08, -1.66853412e-08, -5.32862302e-09,  2.49384079e-08,
       -1.45868349e-08,  2.48452998e-08,  5.78710267e-08, -2.31279196e-08,
       -5.00079178e-08], dtype=float64),
                   'Te_l': Array([  2827.15687597, -11456.5442693 ,  -1822.34823373,  -1030.94010245,
          -44.88982056], dtype=float64),
                   'Ti_l': Array([  1325.76799761, -12830.34672499,  -2650.21602769,  -1127.90458604,
         -106.18972277], dtype=float64),
                   'Z_lmn': Array([ 1.87220970e-05,  4.16609283e-06, -6.19633488e-06, -1.83300070e-06,
        1.69184025e-05, -4.76802834e-05, -1.04868900e-05,  2.90871198e-06,
       -2.26213410e-05, -2.71485027e-06,  5.52896221e-05, -1.14795400e-05,
       -1.17453401e-06, -9.25196523e-07,  1.94278748e-05, -2.26380061e-06,
       -1.83702615e-05, -7.57596844e-06,  1.14887447e-05, -3.86465617e-08,
       -8.94877574e-07, -1.58010530e-07,  3.18683868e-06,  2.31381838e-06,
        6.67861106e-10,  1.03844564e-04,  1.41921796e-06, -1.66095776e-05,
        1.25734396e-04,  8.55039749e-05, -2.29930366e-05, -1.06026775e-04,
       -1.20354730e-04, -1.13361484e-04, -6.90712206e-05,  6.82474037e-05,
       -4.99445664e-05,  1.43890242e-05, -3.41320800e-05,  1.32751448e-04,
        9.22966552e-08, -1.78524244e-05, -4.52656230e-05,  4.97685797e-05,
       -6.28097362e-07,  4.57310755e-06,  2.86669173e-05, -1.95563893e-05,
        3.18296914e-07,  1.01218931e-07,  2.87058859e-04,  4.94807910e-04,
       -1.80077306e-04,  5.49085609e-04, -1.63026003e-04,  2.34064350e-04,
       -1.95592110e-04, -3.23410824e-04,  3.05195539e-05, -3.21958190e-04,
       -9.48146416e-05,  2.74368379e-05,  1.54390276e-04, -1.90499895e-04,
       -3.78403950e-05,  4.08694271e-06,  8.09287498e-06, -1.38300794e-04,
       -2.41477058e-05,  9.77583701e-08, -6.69279761e-05, -3.18140551e-05,
        6.56583687e-06, -9.02471227e-06, -2.18333742e-07,  1.77285872e-04,
       -1.40142834e-03,  7.33503304e-05,  4.88129524e-04,  1.01421533e-03,
        1.09635783e-03, -2.92020073e-04, -8.15771483e-04,  9.51779349e-05,
        4.29691778e-04, -9.86956684e-04, -1.50804030e-04, -3.84371386e-05,
        3.39712623e-04,  5.21964999e-05, -7.05133527e-06, -6.82398773e-05,
       -5.69437271e-05,  1.21871947e-04,  1.67758755e-06,  5.88436852e-05,
       -1.87436986e-05, -4.44146566e-05, -3.11258847e-05,  1.69259584e-07,
       -2.99035355e-03, -9.02385949e-03,  1.14513893e-03, -3.91444460e-03,
        6.47791027e-03, -3.42593614e-04,  2.35382801e-03,  4.41272726e-03,
        1.31190913e-03,  1.90892070e-03,  1.74036129e-03, -1.25110539e-04,
       -8.72063959e-05, -9.69691086e-04, -8.56093978e-04, -2.55591081e-05,
        3.15690103e-04, -2.58438677e-04, -4.18591068e-05,  2.80661878e-06,
       -1.40348113e-04, -5.49493797e-06, -3.04779209e-05, -4.08488038e-05,
       -7.97767962e-07, -1.16046952e-02, -2.66016816e-02,  7.99692256e-03,
       -2.52226667e-02,  3.69313383e-02,  3.55689527e-03,  1.21590686e-03,
        2.86641885e-03,  2.52889498e-03,  2.17619904e-03,  5.49665386e-03,
       -1.54365152e-03,  1.62718835e-03,  3.48926868e-03,  5.10290044e-04,
       -7.22838140e-05, -5.80289599e-04,  4.83140367e-04,  2.14952719e-04,
        4.93742710e-07,  4.69908174e-04, -8.63154203e-05, -2.75516715e-05,
        5.34986731e-06,  5.31329350e-07, -1.44528408e-01,  8.06788207e-02,
        3.87969719e-02, -6.93264490e-02,  5.66947427e-02, -8.68295589e-03,
        9.13694695e-03, -6.76233388e-03,  5.70539984e-03, -1.10560901e-02,
        1.13579033e-02,  1.60519240e-03,  2.98838919e-03,  8.86220174e-04,
        3.26253015e-03, -1.37538956e-04, -2.15446663e-04,  7.87405261e-04,
       -2.91598501e-04, -8.44289910e-06, -1.33624544e-04, -4.62029681e-05,
       -2.07486232e-04,  4.15203683e-05,  1.61386969e-06, -1.41456019e+00,
        2.46729470e-01,  6.89483121e-02, -5.33260643e-02,  3.15271481e-01,
        4.58326719e-03, -5.77061692e-03,  3.48954609e-03, -5.60335755e-03,
       -5.59977150e-02, -3.75080279e-03, -4.13342023e-04,  3.51493206e-03,
       -9.70640331e-03,  3.11098873e-03, -1.29018131e-04,  1.15804480e-03,
        3.79719909e-05, -7.10145974e-04,  4.20413498e-07,  1.37702669e-03,
       -2.88532118e-04, -5.74970660e-04,  4.51950956e-05, -2.93315065e-06,
       -2.19366938e+00, -3.63050895e-01,  1.27591354e-02,  6.96874088e-02,
        8.55253433e-03,  6.05206190e-02,  1.29771798e-03,  7.57305073e-03,
       -1.30586044e-02,  4.55504679e-04,  1.02588415e-03,  1.60470542e-02,
       -2.44435602e-05,  2.97731741e-04,  1.44337205e-03, -2.35822416e-03,
        2.37015518e-06,  3.60572470e-05,  4.41959374e-04,  1.39707544e-03,
       -1.25850687e+00,  9.10091421e-02,  6.58339783e-02,  5.10878354e-04,
        2.14130957e-02,  5.10730009e-02,  4.83093994e-03,  1.22925794e-02,
        1.39806314e-02, -9.66802030e-05, -8.02517900e-03,  4.67616225e-03,
        8.77350041e-06, -5.42947349e-04, -7.94104144e-04,  7.82436146e-04,
       -2.11018435e-07, -1.07658411e-04, -1.43811686e-04,  3.29175443e-04,
       -2.43425517e-01,  5.43659802e-02,  2.13096176e-02,  1.12954216e-02,
       -5.35308645e-03,  1.39742717e-02, -1.77098590e-04, -9.22691313e-03,
       -3.29926036e-03, -1.34451370e-04, -1.15371715e-03,  5.00217977e-03,
        1.26875131e-05, -3.29178856e-05, -3.92617188e-04,  2.60775032e-04,
       -2.78839241e-06, -6.88496624e-05,  1.15204866e-05, -4.40906780e-04,
       -3.20631307e-02,  7.32162292e-03, -8.61006363e-03,  1.47454915e-04,
       -2.63708013e-03,  1.42144847e-02,  1.59891726e-03,  4.61085175e-03,
        2.74370412e-03, -1.28221933e-04, -1.35161963e-04, -4.82781832e-03,
       -9.41548526e-07, -4.23348755e-04, -5.86998861e-04,  1.43625575e-03,
       -9.65354071e-07,  9.96026327e-05, -1.78200483e-04,  3.58708272e-05,
       -2.98759025e-03, -4.61750478e-03,  4.47151290e-04,  3.53412578e-03,
       -1.89987682e-03,  4.19858938e-03,  1.75093774e-04, -8.42700818e-04,
       -1.58344352e-03,  3.22103509e-05,  1.53378643e-03,  6.84614888e-04,
       -8.96800032e-07, -1.46286187e-05, -9.83081626e-05,  2.78133465e-04,
        3.79900140e-07, -8.96981522e-06, -2.33415949e-05, -2.25630194e-04,
       -5.51174498e-04, -1.88967552e-03, -1.74338327e-03,  3.86402092e-04,
       -1.70940959e-05,  2.38800448e-03,  1.93757728e-04,  1.86809290e-03,
        7.56007234e-05,  1.91804534e-05, -8.84988993e-05, -7.10560829e-04,
       -1.04689042e-06, -1.54176378e-04, -9.93073705e-05,  1.22879429e-04,
       -2.71825669e-08,  7.15518945e-06,  2.05075304e-05,  1.07482952e-04,
       -3.06583698e-04, -1.00220378e-03, -3.19245919e-04,  2.79154104e-04,
       -8.96394306e-05,  7.86717325e-04, -7.24806376e-05,  2.97657675e-04,
        7.20953269e-06, -4.09277096e-06,  1.21506622e-04,  2.47261796e-04,
        7.47708178e-08,  7.24549159e-05,  2.09410942e-05,  1.94840110e-05,
        1.18892031e-07, -1.76819071e-06, -3.45007150e-05, -3.43705784e-05,
       -4.54632320e-05, -1.42206372e-04, -9.10675014e-06,  2.50642331e-05,
        1.59346673e-04,  1.86776404e-04,  3.62019760e-05,  1.55240705e-05,
        2.66322714e-05,  6.85982152e-06, -1.64316594e-04, -4.40514742e-05,
       -7.71283820e-07, -3.65573134e-05, -6.61904487e-06, -6.31501437e-06,
        1.87579844e-07, -6.86923115e-06,  5.18102374e-06, -5.79121564e-07,
       -4.60672723e-06, -1.19723390e-05,  2.63141510e-05, -5.54880330e-07,
        2.72569302e-05,  1.90596576e-05,  5.78424429e-06, -2.29849161e-05,
       -3.03659952e-06,  1.89202260e-06, -2.58699214e-05, -1.21525812e-05,
       -1.20721454e-08, -5.78524351e-06, -3.32813432e-06,  8.20127097e-06,
       -1.34574245e-08, -1.85499694e-06, -1.37718556e-06,  5.04441829e-06],      dtype=float64),
                   'Za_n': Array([ 1.47111984e-05,  4.61145031e-06,  5.02258032e-05, -9.08037078e-05,
       -1.83480619e-03, -1.95429911e-02, -1.77310446e-01, -1.49141703e+00],      dtype=float64),
                   'Zb_lmn': Array([-3.05394012e-08, -6.16440230e-10, -7.49578132e-09,  3.33702675e-08,
       -6.62745854e-09,  9.20473031e-09,  5.00177700e-08, -3.86465617e-08,
        6.67861106e-10,  1.70343581e-07, -4.52145851e-10, -8.54965817e-08,
       -1.12558827e-08, -1.66425389e-07, -1.75986651e-07,  4.10593569e-07,
       -6.28097362e-07,  1.01218931e-07, -1.14825724e-06,  1.79165924e-05,
        3.36083523e-06,  9.48914208e-07, -7.55004219e-07,  3.28913216e-06,
       -4.93776957e-06,  9.77583701e-08, -2.18333742e-07, -2.09773241e-05,
       -2.57611024e-05, -6.67303467e-06,  5.24574142e-05,  1.02959778e-04,
       -2.89320831e-05, -3.81772200e-05,  1.67758755e-06,  1.69259584e-07,
        2.81058870e-04, -3.21338422e-04, -4.76903365e-04,  1.13932900e-03,
        4.25337227e-04, -1.66969646e-04, -6.64079119e-05,  2.80661878e-06,
       -7.97767962e-07, -2.94769296e-04,  1.19255661e-02, -1.89532946e-02,
        9.53668950e-03,  3.01163335e-03, -1.32869880e-03, -6.69339467e-05,
        4.93742710e-07,  5.31329350e-07, -9.37397241e-02,  1.26102027e-01,
       -7.52487656e-02,  3.46235265e-03,  8.76044376e-03,  1.31359390e-03,
       -9.60185875e-05, -8.44289910e-06,  1.61386969e-06, -1.34649054e+00,
        5.07161280e-01, -5.98314536e-02,  8.70436384e-04, -3.06733947e-03,
       -1.12348800e-03, -8.38230356e-05,  4.20413498e-07, -2.93315065e-06,
        2.37015518e-06, -2.44435602e-05,  4.91561926e-04,  1.59544972e-03,
        1.00203778e-02,  2.17755582e-02, -2.85086146e-01, -2.13939880e+00,
       -2.11018435e-07,  8.77350041e-06, -2.04338614e-04,  4.28799259e-03,
        1.32441050e-02,  7.73324536e-02,  1.47087481e-01, -1.24323292e+00,
       -2.78839241e-06,  1.26875131e-05, -2.03301032e-04, -2.10016476e-04,
       -6.49528311e-03,  1.16900873e-02,  7.29015249e-02, -2.35168581e-01,
       -9.65354071e-07, -9.41548526e-07, -2.86193000e-05,  1.17556850e-03,
       -2.95044257e-03, -4.58621074e-03,  1.67441602e-02, -2.77357160e-02,
        3.79900140e-07, -8.96800032e-07,  2.32405357e-05,  1.60465156e-04,
       -3.89431994e-04, -4.93857690e-04,  4.00692904e-05, -7.58774532e-04,
       -2.71825669e-08, -1.04689042e-06,  2.63356429e-05,  3.95813493e-05,
       -8.50854648e-05,  2.54022568e-05, -1.04748913e-04,  3.37077466e-05,
        1.18892031e-07,  7.47708178e-08, -5.86096166e-06, -2.57216833e-08,
       -2.63352379e-06, -6.47149658e-07, -2.59523385e-06, -7.36050967e-07,
        1.87579844e-07, -7.71283820e-07, -9.40963079e-09, -3.55337373e-07,
        2.11102909e-07, -2.01724470e-07, -6.05639149e-08, -8.17418315e-08,
       -1.34574245e-08, -1.20721454e-08,  3.70256651e-08, -9.99218583e-10,
        9.82317966e-09,  1.10056177e-09, -2.08444139e-08,  3.06390232e-09],      dtype=float64),
                   'Zeff_l': Array([0.84869272, 0.18899024, 0.08545244, 0.07789632, 0.06548922],      dtype=float64),
                   'a_lmn': Array([], shape=(0,), dtype=float64),
                   'c_l': Array([0., 0., 0., 0., 0.], dtype=float64),
                   'i_l': Array([], shape=(0,), dtype=float64),
                   'ne_l': Array([ 1.59080592e+20, -4.15681609e-21, -3.81820788e-21, -3.35743380e-21,
       -3.17164176e-21, -4.04442799e+20], dtype=float64),
                   'ni_l': Array([], shape=(0,), dtype=float64),
                   'p_l': Array([], shape=(0,), dtype=float64)}],
               [ { 'G': Array([], shape=(0,), dtype=float64),
                   'I': Array([], shape=(0,), dtype=float64),
                   'L_lmn': Array([ 3.75288618e-07,  2.88448739e-05,  7.96780699e-06, -2.05460518e-05,
       -2.53027247e-05, -1.75250136e-05, -1.00722943e-05,  2.57273501e-05,
        9.36076546e-07, -1.89096953e-05,  1.08305778e-05,  2.35086268e-05,
        2.88320257e-06, -9.78967121e-06, -1.18674132e-05,  1.47531161e-05,
        1.59469611e-05, -8.71105502e-06, -4.11341311e-06, -2.42560282e-06,
       -1.76820081e-05,  4.98347779e-06,  1.03944193e-05,  6.30810127e-06,
        3.17663627e-06,  7.71774311e-05, -7.51070097e-05, -3.94930113e-05,
        8.83567754e-05,  6.53299302e-05,  2.86482658e-05, -6.54319426e-05,
       -1.15366560e-04, -1.39048656e-06,  5.32710681e-05, -3.78447202e-06,
       -1.46271110e-05,  1.36423451e-05,  5.80322347e-05, -5.51677322e-06,
        8.16864439e-05, -2.84329317e-05, -5.06773731e-05, -6.63357201e-05,
        4.25659884e-06,  1.30236140e-05, -4.11175783e-06, -3.34780382e-05,
       -2.52398754e-05, -1.89583544e-05, -1.26325250e-04, -2.04840307e-04,
       -2.27122013e-04, -1.64767893e-04,  2.87531854e-04, -9.36667996e-05,
        3.35184163e-04,  1.92872084e-04,  2.10588536e-05, -3.22409897e-04,
       -4.03878232e-05, -7.37449181e-05,  5.11343696e-05,  5.99985613e-05,
       -1.88759018e-04, -1.04973722e-04,  2.18489888e-04,  1.32401346e-04,
        1.10575195e-04,  6.44914248e-05, -6.73522864e-05, -3.64097127e-05,
        3.69052093e-05,  5.42612352e-05,  1.82096512e-05, -1.73265606e-04,
       -1.24949231e-03,  5.38831192e-04, -5.12994635e-04,  1.23452190e-03,
        3.78832975e-04, -6.26590568e-04, -7.61342175e-05, -2.62546457e-04,
        3.96823589e-04, -2.20578446e-05, -7.26492937e-05,  1.64481207e-04,
        4.86507088e-04,  3.72403835e-04,  1.06949223e-04, -1.56815216e-04,
       -2.01985863e-04, -2.12699294e-04,  1.63846821e-05,  5.45981598e-05,
       -1.21905176e-04, -1.22324816e-04, -5.84241736e-05, -5.40869466e-05,
        3.60660784e-04,  3.13825631e-03,  4.02083939e-04, -1.09759083e-03,
       -3.48131492e-03, -1.06145600e-03,  7.63768094e-05,  3.18142358e-03,
        1.08258671e-03, -1.58163511e-04, -5.27658114e-04,  4.06020937e-04,
       -5.82008577e-04, -1.76756618e-03, -6.84740213e-04, -2.21652721e-04,
        2.11386650e-04,  1.13890569e-04,  1.58943107e-04,  8.65691722e-05,
        2.28920442e-04,  4.64931094e-04,  3.26847202e-04,  4.80921379e-05,
        3.80505852e-05,  1.92945309e-02,  3.14937661e-03, -1.54298986e-02,
        1.80670997e-03,  6.07829746e-03,  1.88772717e-03, -2.78689495e-03,
       -5.99885397e-03, -4.40480823e-03, -5.56883258e-03,  1.42147520e-03,
       -5.02242162e-04, -4.61913895e-04,  2.73648658e-07,  1.02698796e-03,
        1.51678901e-03, -1.95643275e-05, -1.89539114e-03,  1.33741014e-04,
       -3.22677625e-04, -5.09501246e-05, -8.04465911e-04, -3.96079095e-04,
       -1.03126381e-04, -1.56139369e-04, -1.46170377e-02, -1.41068437e-02,
        2.04664428e-02,  7.26237955e-03,  1.13138607e-03,  1.49906551e-03,
       -1.33236890e-03,  2.48021797e-03,  9.42687962e-03, -8.90105415e-03,
       -2.91721185e-03,  1.78323127e-03,  9.63068005e-04,  2.50333960e-03,
       -3.77649504e-03,  1.35298432e-03, -3.08256672e-03,  1.57818687e-04,
       -4.48490423e-04,  2.81691829e-05,  1.14924674e-03, -1.07136664e-03,
       -9.48308688e-04, -1.57658251e-04, -4.72387479e-05,  2.21645307e-01,
       -1.03152874e-01, -2.42530033e-01,  8.65025142e-03,  7.14867943e-02,
       -1.64218336e-02,  3.08198723e-02, -2.68205480e-02, -1.85644748e-02,
       -7.16483301e-02, -1.04808931e-02, -1.90356383e-03, -5.22952940e-03,
       -1.00637795e-02,  4.25798261e-03,  1.44988105e-03,  3.66007944e-02,
        8.23109551e-03,  4.71907400e-04, -4.91663087e-05,  7.98433485e-03,
        3.17770204e-03, -9.61813337e-05, -4.17785473e-05, -6.43120536e-05,
        2.43502601e-01, -3.38807823e-02,  1.74526951e-02,  3.70340344e-01,
       -3.54171346e-03,  5.26093467e-02, -4.62787846e-03, -1.45564835e-02,
       -1.44297297e-01, -1.42144484e-03, -1.85846038e-03, -9.29826690e-03,
       -2.30368295e-04, -3.31911728e-04, -4.58717472e-04, -2.59962088e-02,
        1.73582592e-06, -1.98300069e-04,  1.42287979e-04, -3.10604975e-03,
       -1.74939363e-01, -3.00535744e-02,  1.78168929e-03,  5.91819958e-02,
        1.21043964e-02, -1.03993942e-02,  1.47785378e-03,  5.90481046e-03,
       -2.86032482e-03, -1.22267363e-03, -3.81855032e-03,  1.47495456e-02,
        6.12148936e-04,  1.19178606e-03, -5.03572248e-03, -1.28929285e-02,
        3.08756814e-04,  3.56768993e-05,  1.18120168e-03,  3.45119084e-04,
        2.89062671e-02, -1.43942347e-02,  2.28885107e-03, -1.96377956e-03,
       -1.01115350e-02, -4.01830483e-03, -4.54531470e-04, -2.67412790e-03,
       -3.20845666e-03, -1.08525480e-03,  6.13823173e-03, -7.22004381e-04,
       -1.65215204e-04, -2.76836678e-04,  9.88178767e-05,  3.72445314e-03,
        2.06225744e-05, -2.95075908e-04, -3.16140868e-04, -7.38632138e-04,
        3.97298285e-03,  5.65727284e-03, -3.25007654e-03, -9.92684585e-03,
        5.25586449e-03, -5.52323730e-06,  6.23543210e-04,  1.50309507e-03,
        3.28956849e-03, -1.53945518e-03, -2.11293583e-03, -3.44544211e-03,
        2.78923619e-04, -5.74946894e-04,  9.51629854e-04, -1.47674031e-03,
        1.71593132e-04,  1.04939461e-04,  5.88136034e-04,  1.19085899e-03,
        7.68236619e-04, -9.81094940e-04,  2.60468043e-03,  1.21122300e-03,
       -1.41022842e-03, -1.12476787e-04, -4.59388048e-04, -1.62512393e-03,
       -2.26454518e-03,  2.85801403e-04,  1.10310477e-03,  6.36639325e-04,
       -5.81473095e-05, -5.64438132e-05,  2.82070516e-04,  3.47734206e-04,
       -3.98486030e-05, -6.07233365e-05, -6.26657673e-04, -5.54120880e-04,
        1.26854174e-03,  1.25300166e-03, -9.30635417e-04, -1.70795808e-03,
        2.83625323e-04, -7.52582474e-04,  9.29030081e-05,  6.27110292e-04,
        3.14612279e-04, -2.28066444e-05, -4.87690344e-04, -5.56005424e-04,
        3.72505264e-06,  1.86002745e-04,  1.17718618e-05, -5.54952413e-05,
        5.41593658e-05,  4.97875675e-05,  1.81173346e-04,  2.26357336e-04,
        2.09965246e-04,  5.05021108e-06,  2.46998214e-04, -4.78304456e-05,
       -5.40280534e-06, -4.62297628e-05,  7.43085192e-05, -1.55375744e-04,
       -1.61931458e-04,  1.00343633e-04,  1.14945619e-04,  3.81613058e-05,
       -7.36380786e-05, -1.24104601e-04, -1.44013599e-04, -2.30867616e-05,
       -2.58171528e-05, -5.21689076e-05, -9.58245012e-05, -1.30424443e-04,
       -4.49368290e-06, -1.05357443e-04, -1.12885219e-04, -6.29634194e-05,
        1.50965597e-05,  9.91304625e-05,  3.04432785e-06,  8.62021720e-05,
        5.18644052e-05, -7.47133712e-05, -3.02077239e-05, -3.11938863e-05,
       -3.34599431e-06,  6.54544169e-05,  3.49596251e-05, -1.78846747e-05,
        1.96447657e-05,  2.23440101e-05,  4.74954774e-05,  3.37970103e-05,
        1.85338634e-05,  3.39273464e-05,  1.18043666e-05, -1.93144626e-05,
       -6.43840169e-06, -4.40369848e-05, -2.34349556e-05,  4.23636635e-06,
        6.73135773e-06, -1.39336788e-05,  1.68687513e-05,  6.58399776e-06,
        2.73975785e-06,  3.47892306e-06, -7.95135230e-06, -2.74851669e-06,
       -3.60697148e-06, -5.76784120e-06, -1.52247296e-05, -1.05161196e-05],      dtype=float64),
                   'Phi_mn': Array([], shape=(0,), dtype=float64),
                   'Psi': Array([50.20413129], dtype=float64),
                   'R_lmn': Array([ 3.19472652e-06, -2.73028608e-05,  2.56646563e-05, -8.24389282e-06,
        5.64768123e-05,  5.27632582e-05,  1.05853394e-05, -1.19660380e-05,
        2.49771688e-07,  8.77873748e-07, -4.45361909e-05, -3.15649854e-05,
       -2.01436610e-08, -1.05857838e-05, -1.36595570e-05,  4.84968760e-06,
       -7.36358192e-09, -9.01958126e-07, -1.19578972e-05,  6.11639147e-06,
       -1.47155291e-04, -2.14618507e-04, -5.01694795e-05,  1.15576467e-04,
       -3.26397525e-06,  2.36151044e-04, -6.70629921e-05,  1.73824366e-05,
        5.19114644e-05, -1.55253379e-05, -2.57861409e-05,  1.43846060e-05,
       -4.48348087e-07,  6.76652657e-05,  3.30378042e-05, -2.00623921e-05,
        3.95592910e-08,  1.58171114e-05,  2.89470002e-05, -3.57436030e-05,
       -5.87549350e-05, -4.14333249e-04, -5.02724241e-04,  1.30361279e-04,
        1.65107252e-04,  3.99952387e-04,  7.58361379e-05,  6.35695877e-04,
       -2.35529740e-05,  3.76117435e-05, -7.01954692e-05, -3.46844089e-05,
        1.76295799e-06, -8.25883873e-05, -1.22831588e-04, -4.02476182e-05,
       -2.62397635e-07, -2.53381806e-05, -8.98859507e-05,  3.84789887e-05,
        1.70348944e-04, -1.32695329e-03,  5.41697763e-04,  3.42981188e-04,
       -2.01742073e-04,  1.00358978e-03,  8.98318814e-05, -8.60921821e-04,
       -5.89989437e-04, -7.28531697e-05,  2.01440786e-04,  2.72676963e-04,
        1.41095229e-06, -3.59375555e-05,  3.73683264e-05,  1.49014827e-04,
        1.79961820e-07,  6.72868122e-05,  1.12407158e-04, -1.34542739e-05,
       -1.77346036e-03, -1.76525926e-03, -7.56619394e-04, -1.61110955e-03,
       -1.80629380e-03,  2.88684291e-03,  1.26740630e-03,  9.77480856e-04,
        2.16003774e-03,  1.11561773e-04,  5.92418523e-04, -8.41263779e-04,
        6.57429840e-06, -3.76690589e-04, -1.78515947e-04,  1.04097735e-04,
        4.11316250e-07, -1.10716073e-04, -1.65337463e-04, -2.07281200e-04,
       -4.60156527e-02, -1.09728229e-02,  2.73502683e-03,  2.35145483e-02,
        8.49901229e-04,  1.93450442e-02, -5.60653440e-04,  1.47734698e-04,
       -3.88267852e-04, -1.77562040e-04, -1.44687424e-03, -9.40980746e-04,
        5.83648524e-07,  2.61076949e-04,  2.50968651e-04,  1.19495355e-03,
        7.85516721e-07,  8.23511704e-05, -1.67049409e-05, -1.78726558e-04,
       -2.32929388e-01,  1.28205711e-01, -1.14425572e-02, -5.79424373e-02,
        3.08108731e-04,  4.00983042e-03,  2.50129007e-03,  1.18814585e-03,
        9.79639414e-03, -2.79879497e-07, -8.80955778e-04,  5.70453940e-03,
       -4.52644125e-06, -8.44018237e-05, -1.84816297e-03, -1.53937998e-03,
        3.12576019e-07, -2.50016563e-05,  6.62968890e-04,  2.46796992e-04,
       -1.64733684e+00, -4.48614805e-02,  8.06009091e-02,  1.94576986e-01,
       -3.53097704e-03,  1.08642505e-01, -4.68272667e-03, -3.45993951e-03,
       -1.52474388e-02,  3.92420796e-04, -6.10785676e-04, -1.18392610e-03,
        3.76205481e-06,  2.74910341e-04, -1.90354445e-03,  2.46294554e-03,
        5.33933641e-07,  5.75366159e-05, -2.36901640e-04, -9.31597667e-04,
        1.00825962e+01,  1.54338755e+00, -2.91808614e-01,  3.86313692e-01,
        1.63757240e-01, -8.61501107e-03,  1.06596385e-01, -4.17726484e-02,
       -1.84018405e-02, -1.90715096e-02, -1.96599257e-02,  3.62777572e-04,
       -1.09278710e-03, -1.42662842e-02, -1.59071165e-03, -1.57056740e-04,
        5.33142141e-03, -1.25145303e-03, -6.35720955e-04, -1.01392829e-05,
        1.83299923e-04, -8.01096164e-04, -3.74859233e-04, -5.97491418e-05,
       -1.37361371e-06,  1.89654810e+00, -7.45221235e-01,  6.95630803e-02,
        1.71103005e-02, -2.80043939e-02,  2.59497407e-02, -3.70479963e-02,
        2.80166327e-02, -1.47281421e-02,  1.48337608e-02, -8.04103981e-03,
       -3.74199430e-03,  7.20236602e-04,  3.80355884e-03,  4.87596479e-03,
       -2.20203463e-05, -6.44336322e-04,  1.64966377e-03,  9.89796930e-04,
       -1.86039886e-05, -1.06221989e-03, -4.13304002e-04,  3.04936305e-04,
        2.48720352e-04, -1.85142547e-06,  1.42126124e-01, -7.06279846e-02,
       -4.69896807e-02,  1.33755790e-01, -1.03818102e-01, -2.24846719e-02,
        4.39331638e-03,  4.75805369e-03, -9.01888458e-04,  2.64559859e-02,
        1.07453245e-03,  1.26141078e-03,  2.87229151e-04,  5.44433444e-03,
       -3.37826346e-03,  9.28554668e-05, -2.95070287e-03, -2.91428661e-03,
       -2.50041926e-05, -1.77716764e-05,  5.74358380e-05, -2.48138891e-04,
        5.35688970e-04,  9.84364680e-05,  1.09196208e-06,  9.59057190e-03,
       -1.04297881e-02, -8.60215945e-03,  5.22222004e-03, -5.11154459e-05,
        5.36307457e-03,  5.06155119e-04,  5.92723702e-03,  6.51664021e-04,
        1.73994261e-03, -7.79520666e-03, -8.72855727e-04, -1.73533720e-03,
       -2.96346982e-03, -1.64535716e-03,  1.20909890e-04,  1.53892379e-03,
        6.79205821e-04,  5.73703495e-04, -1.09118017e-06, -2.78126434e-04,
        4.41688974e-04,  2.20059025e-04, -9.80101797e-05,  1.32472812e-06,
        1.21676489e-03,  1.22434025e-02, -1.38289379e-03,  2.85487056e-03,
       -1.29447853e-02,  2.81412952e-04, -2.65318846e-04, -2.37437067e-03,
       -1.21594164e-03,  3.30251802e-04, -1.18371393e-03,  1.27937517e-03,
        4.38028247e-04,  5.91146826e-04, -1.70395150e-04,  5.66108569e-05,
        9.58147562e-05,  7.83192939e-05, -3.57163605e-04,  2.51667473e-06,
       -1.05624912e-04, -2.69950890e-04, -1.45649132e-05, -6.31270055e-05,
        1.48360610e-06,  3.54839830e-04,  1.10828894e-03, -2.36004769e-04,
        1.36105084e-03, -3.45556355e-04,  7.26931340e-04, -3.47570998e-04,
       -1.73661776e-03, -1.95066687e-04, -4.80672555e-04, -1.18266413e-03,
       -4.83164649e-05,  1.47989557e-04,  3.55888405e-04,  1.23070095e-04,
       -4.44825131e-05, -1.69431383e-04,  1.23017317e-04,  1.14526610e-04,
        3.38193793e-06,  7.81523632e-05,  4.01816820e-05,  1.52019630e-04,
        6.46514487e-05, -7.05269840e-07, -6.34676769e-05,  6.49973758e-05,
       -2.14518709e-05, -3.60126737e-04, -1.09479033e-04, -2.19509634e-04,
        9.16807809e-05,  2.99925810e-04,  2.16823503e-04, -6.76971129e-05,
        3.09511804e-04,  1.31685158e-04,  1.19559620e-05,  1.52103428e-05,
       -1.46471451e-04,  4.91134386e-05,  1.07218354e-04, -8.19454187e-05,
       -1.31494751e-04, -6.23305555e-08, -1.36644094e-05,  3.20444281e-05,
       -6.16585789e-05, -3.59393956e-05, -3.01173574e-08, -6.80172172e-05,
       -1.43850851e-04,  9.59419418e-05, -4.51263790e-05,  7.03992376e-05,
       -7.86519899e-05,  2.38022819e-05,  4.29189035e-05, -8.32563422e-06,
        1.13563589e-04,  5.01963807e-06, -6.79373784e-05, -9.21718134e-05,
        1.70445000e-05, -3.94645309e-05, -1.91726893e-05, -4.01242876e-05,
        7.35897723e-05,  6.75711932e-05,  3.97484912e-07,  4.06517018e-05,
       -1.48227443e-05,  4.80531049e-05,  1.96081542e-05, -4.36903764e-07,
       -3.95636689e-05, -1.60200892e-06, -3.57989994e-06, -3.19232290e-05,
       -2.68242234e-05,  6.75874560e-05,  4.61935918e-05,  3.16347657e-05,
        4.36153672e-05,  8.63074236e-06, -7.02701978e-05,  1.77590889e-05,
        6.65904738e-06,  1.07440669e-05, -3.47996875e-05,  6.96703287e-07,
        1.97788046e-05,  2.70768020e-06, -1.77342436e-05, -2.31279196e-08,
       -9.69387085e-06, -1.04609323e-05, -8.83026650e-06, -6.38832260e-07,
       -5.00079178e-08], dtype=float64),
                   'Ra_n': Array([ 1.04822773e+01,  1.78815457e+00,  1.93279328e-01,  2.01560972e-02,
        1.79068668e-03,  1.73436406e-04,  2.40446036e-05, -7.33336196e-06,
       -6.14309540e-06], dtype=float64),
                   'Rb_lmn': Array([-7.36358192e-09, -2.01436610e-08, -2.40843781e-08, -4.44338448e-10,
       -1.72757938e-08,  3.90612572e-08,  1.18035005e-08,  5.02929924e-08,
        3.95592910e-08, -4.48348087e-07,  2.91773553e-07,  6.02273595e-07,
       -1.03115983e-07,  2.50761260e-07,  1.73539979e-07,  2.70248261e-07,
       -2.62397635e-07,  1.76295799e-06,  1.22735628e-05, -6.75224943e-06,
        5.02583179e-06,  1.01400470e-05, -1.05862827e-05,  7.80575157e-06,
        1.79961820e-07,  1.41095229e-06, -5.56635755e-06,  5.38943259e-05,
        1.12105872e-04, -2.81855731e-04, -6.41408250e-05,  7.23555213e-05,
        4.11316250e-07,  6.57429840e-06,  8.45699792e-07,  8.90715709e-04,
       -1.37921274e-03,  4.23455150e-05,  7.30386709e-05, -1.12043443e-03,
        7.85516721e-07,  5.83648524e-07, -9.52108697e-05, -2.99576491e-04,
       -6.13677951e-04,  3.13373018e-03,  7.25251402e-03, -2.16944187e-02,
        3.12576019e-07, -4.52644125e-06, -2.52815358e-05,  2.41688825e-03,
        9.01218434e-05, -1.21025743e-02,  1.38166878e-01, -2.82614811e-01,
        5.33933641e-07,  3.76205481e-06,  4.49957412e-04, -4.40781633e-03,
       -4.37866436e-03,  7.52374251e-02,  6.16655011e-02, -1.46554435e+00,
        9.89647447e+00,  1.69340470e+00,  3.29473663e-01, -2.95263898e-02,
       -2.03674114e-02, -2.72943383e-04, -2.16805882e-04, -1.01392829e-05,
       -1.37361371e-06,  1.92872120e+00, -7.59036204e-01,  4.85171881e-02,
        1.95583646e-02, -9.54724105e-03, -2.75219737e-03,  2.26700006e-04,
       -1.86039886e-05, -1.85142547e-06,  9.98744247e-02, -1.50940804e-01,
        1.43710039e-01, -2.43244261e-02, -3.74446295e-03,  1.23640659e-03,
        1.91291935e-04, -1.77716764e-05,  1.09196208e-06, -5.18896071e-04,
       -7.20203717e-03,  8.62767622e-03, -1.75292626e-03, -7.73634115e-04,
       -2.99152233e-04,  2.28997104e-05, -1.09118017e-06,  1.32472812e-06,
       -9.90444092e-05, -2.75316227e-04,  8.01695821e-04, -8.23981680e-04,
       -1.40090170e-03,  9.22211567e-04, -6.51614854e-06,  2.51667473e-06,
        1.48360610e-06, -2.59401596e-06,  1.12628643e-04,  2.05031619e-05,
       -3.32715469e-04,  8.00230373e-05,  6.62101451e-05,  2.01689356e-05,
        3.38193793e-06, -7.05269840e-07,  5.05278581e-06, -4.96041556e-06,
       -1.29461562e-05,  8.05675151e-06,  8.69347319e-06,  1.90407424e-07,
        1.31740430e-05, -6.23305555e-08, -3.01173574e-08,  2.06894914e-07,
       -1.23118783e-08,  1.42802785e-08, -4.25795169e-08,  2.62939756e-07,
       -3.66185193e-07,  4.35464864e-07,  3.97484912e-07, -4.36903764e-07,
        1.51994928e-08, -1.66853412e-08, -5.32862302e-09,  2.49384079e-08,
       -1.45868349e-08,  2.48452998e-08,  5.78710267e-08, -2.31279196e-08,
       -5.00079178e-08], dtype=float64),
                   'Te_l': Array([  2819.05535162, -11459.71988309,  -1822.65827732,  -1030.05107606,
          -43.7304211 ], dtype=float64),
                   'Ti_l': Array([  1311.95917196, -12838.79657279,  -2653.7130758 ,  -1127.98619811,
         -105.00967205], dtype=float64),
                   'Z_lmn': Array([ 1.86684746e-05,  3.52757790e-06, -6.11189873e-06, -4.83775787e-06,
        1.79204671e-05, -4.39565551e-05, -1.08745468e-05,  4.28999349e-06,
       -2.39990049e-05, -2.53922378e-06,  5.15462976e-05, -1.12431077e-05,
       -9.51562032e-07,  3.59833196e-07,  2.11034761e-05, -2.35849007e-06,
       -1.89094377e-05, -7.55637232e-06,  1.12523125e-05, -3.86465617e-08,
       -7.61006498e-07,  1.80435403e-07,  2.88890140e-06,  2.40850784e-06,
        6.67861106e-10,  1.04852922e-04,  8.88876353e-07, -2.05236991e-05,
        1.13147210e-04,  8.87150510e-05, -2.35124613e-05, -1.07139862e-04,
       -1.10312320e-04, -1.14674980e-04, -7.05676770e-05,  6.72986773e-05,
       -4.88563172e-05,  1.79273279e-05, -3.11468809e-05,  1.35212558e-04,
        8.06300876e-07, -1.90367026e-05, -4.37974719e-05,  4.86803305e-05,
       -6.28097362e-07,  5.05365520e-06,  2.82264935e-05, -2.07040034e-05,
       -3.95707308e-07,  1.01218931e-07,  2.54595811e-04,  5.42740204e-04,
       -1.79512500e-04,  5.14504582e-04, -1.98027044e-04,  2.28647263e-04,
       -1.66552203e-04, -2.92120676e-04,  1.90726078e-05, -3.30812317e-04,
       -9.41135736e-05,  2.39945049e-05,  1.55217138e-04, -1.85783182e-04,
       -2.49634465e-05,  3.51986325e-06,  4.12930637e-06, -1.33619401e-04,
       -2.06406532e-05,  9.77583701e-08, -6.49140269e-05, -3.32342962e-05,
        5.12144533e-06, -8.44943220e-06, -2.18333742e-07,  1.42299994e-04,
       -1.34515960e-03,  8.29888148e-05,  4.44559766e-04,  9.43681040e-04,
        1.11063370e-03, -2.58732247e-04, -7.33301348e-04,  7.68138106e-05,
        4.35162753e-04, -1.00512227e-03, -1.60521036e-04, -4.38129114e-05,
        3.00121556e-04,  7.42514711e-05, -5.12565790e-06, -5.95224217e-05,
       -5.30375069e-05,  1.31709228e-04,  1.67758755e-06,  5.62765868e-05,
       -1.80442415e-05, -4.81112998e-05, -3.30581252e-05,  1.69259584e-07,
       -2.90372005e-03, -9.42494109e-03,  1.12047879e-03, -3.92458671e-03,
        6.84043807e-03, -3.97714715e-04,  2.27559263e-03,  4.40069213e-03,
        1.28996972e-03,  1.93617327e-03,  1.80188451e-03, -1.21269372e-04,
       -7.62387813e-05, -9.51329990e-04, -8.32555373e-04, -2.56888415e-05,
        3.26898025e-04, -2.64673042e-04, -4.60035546e-05,  2.80661878e-06,
       -1.35067524e-04, -1.65642986e-06, -3.21121413e-05, -4.07184811e-05,
       -7.97767962e-07, -1.17713274e-02, -2.66063202e-02,  7.87992329e-03,
       -2.51417152e-02,  3.69806992e-02,  3.60794431e-03,  1.47684446e-03,
        2.76822412e-03,  2.49440789e-03,  2.08945141e-03,  5.42713008e-03,
       -1.52716907e-03,  1.65060325e-03,  3.50151992e-03,  5.46467731e-04,
       -7.04290014e-05, -5.38134686e-04,  5.01590977e-04,  1.98557998e-04,
        4.93742710e-07,  4.69186439e-04, -8.13915870e-05, -2.91802872e-05,
        3.52937854e-06,  5.31329350e-07, -1.44953722e-01,  7.92102244e-02,
        3.81299105e-02, -7.03772033e-02,  5.81985361e-02, -8.47796588e-03,
        1.03182060e-02, -5.54737636e-03,  5.65126817e-03, -1.12029263e-02,
        1.11161345e-02,  1.58845564e-03,  2.92066855e-03,  7.21381359e-04,
        3.32470201e-03, -1.36685278e-04, -1.03469778e-04,  8.24112922e-04,
       -2.74939515e-04, -8.44289910e-06, -1.53860392e-04, -4.60785678e-05,
       -2.14821547e-04,  4.07581566e-05,  1.61386969e-06, -1.41371546e+00,
        2.38878410e-01,  6.73023238e-02, -5.54960002e-02,  3.22130627e-01,
        4.01221545e-03, -4.71485744e-03,  6.00355938e-03, -5.60756708e-03,
       -5.51215885e-02, -3.16780239e-03, -4.42100464e-04,  3.28529945e-03,
       -1.00603683e-02,  3.11705071e-03, -1.32697733e-04,  1.27335800e-03,
        2.53054573e-05, -6.81565163e-04,  4.20413498e-07,  1.34988437e-03,
       -2.77096050e-04, -5.77854423e-04,  4.86281437e-05, -2.93315065e-06,
       -2.19109072e+00, -3.62455444e-01,  1.27395224e-02,  6.68231719e-02,
        8.51505452e-03,  5.99131121e-02,  1.29786044e-03,  7.57356038e-03,
       -1.28955980e-02,  4.53889307e-04,  1.07502194e-03,  1.60669602e-02,
       -2.44435602e-05,  2.98821206e-04,  1.46030910e-03, -2.25003824e-03,
        2.37015518e-06,  3.69391024e-05,  4.32768610e-04,  1.39002207e-03,
       -1.25514550e+00,  9.08216233e-02,  6.56495254e-02, -2.55835910e-03,
        2.13938010e-02,  5.12577983e-02,  4.84029998e-03,  1.24745775e-02,
        1.35572822e-02, -9.64423348e-05, -7.99910876e-03,  4.69869587e-03,
        8.77350041e-06, -5.50695064e-04, -7.92979223e-04,  9.14050124e-04,
       -2.11018435e-07, -1.07848095e-04, -1.52069729e-04,  3.12209094e-04,
       -2.42591651e-01,  5.46149604e-02,  2.12479049e-02,  1.07947667e-02,
       -5.35833459e-03,  1.36981870e-02, -1.70361786e-04, -9.13578209e-03,
       -3.59185915e-03, -1.35835391e-04, -1.15687605e-03,  5.02695505e-03,
        1.26875131e-05, -4.02204975e-05, -4.22083449e-04,  2.20289234e-04,
       -2.78839241e-06, -6.74246177e-05,  2.05451386e-05, -4.38936895e-04,
       -3.21895543e-02,  7.75170927e-03, -8.83203619e-03,  1.12494902e-04,
       -2.61350205e-03,  1.37264321e-02,  1.58986484e-03,  4.85860739e-03,
        2.94670806e-03, -1.30834018e-04, -1.61418428e-04, -4.78961421e-03,
       -9.41548526e-07, -4.14516783e-04, -6.12605481e-04,  1.39458606e-03,
       -9.65354071e-07,  1.02221006e-04, -1.75179421e-04,  5.54167491e-05,
       -2.94709539e-03, -4.83733005e-03,  3.97938975e-04,  3.53227755e-03,
       -1.88289418e-03,  4.41890395e-03,  1.66051464e-04, -7.82153043e-04,
       -1.62846375e-03,  3.14234213e-05,  1.52289620e-03,  6.97194343e-04,
       -8.96800032e-07, -5.63573422e-06, -1.09635828e-04,  2.84495921e-04,
        3.79900140e-07, -8.20167274e-06, -2.94211754e-05, -2.38714584e-04,
       -5.89569704e-04, -1.91028662e-03, -1.75948173e-03,  4.65940141e-04,
       -1.55213308e-06,  2.38948968e-03,  2.01556076e-04,  1.89977343e-03,
        4.64504748e-05,  1.84264901e-05, -1.05331767e-04, -6.89371927e-04,
       -1.04689042e-06, -1.61890067e-04, -1.14875112e-04,  1.10875263e-04,
       -2.71825669e-08,  7.92935999e-06,  2.16907027e-05,  1.05470566e-04,
       -3.32421156e-04, -9.69053900e-04, -3.27593780e-04,  2.87259628e-04,
       -7.66723308e-05,  7.52786754e-04, -7.05935831e-05,  3.11168797e-04,
        2.80047537e-05, -3.91999022e-06,  1.07264575e-04,  2.46244996e-04,
        7.47708178e-08,  7.05640962e-05,  1.57748364e-05,  1.64334767e-05,
        1.18892031e-07, -1.94982158e-06, -3.32085648e-05, -3.25819002e-05,
       -5.31311756e-05, -1.27765452e-04, -1.33308462e-05,  3.19060247e-05,
        1.62335474e-04,  1.72850255e-04,  3.57973637e-05,  2.48694471e-05,
        2.90579573e-05,  6.45037074e-06, -1.68031918e-04, -4.46895028e-05,
       -7.71283820e-07, -3.61527010e-05, -1.17403254e-05, -7.91454827e-06,
        1.87579844e-07, -6.45978037e-06,  5.90754640e-06, -4.55864062e-07,
       -5.78702966e-06, -8.38261670e-06,  2.30023223e-05,  6.24106879e-07,
        2.88820028e-05,  1.83331139e-05,  5.57081019e-06, -1.96376114e-05,
       -3.51323276e-06,  1.93073837e-06, -2.77246200e-05, -1.45790984e-05,
       -1.20721454e-08, -5.57180941e-06, -3.36361031e-06,  8.67921944e-06,
       -1.34574245e-08, -1.89371270e-06, -1.14755964e-06,  4.60775685e-06],      dtype=float64),
                   'Za_n': Array([ 1.40963821e-05,  5.36308583e-06,  4.74249433e-05, -9.93315698e-05,
       -1.80743494e-03, -1.93558231e-02, -1.75839956e-01, -1.48766806e+00],      dtype=float64),
                   'Zb_lmn': Array([-3.05394012e-08, -6.16440230e-10, -7.49578132e-09,  3.33702675e-08,
       -6.62745854e-09,  9.20473031e-09,  5.00177700e-08, -3.86465617e-08,
        6.67861106e-10,  1.70343581e-07, -4.52145851e-10, -8.54965817e-08,
       -1.12558827e-08, -1.66425389e-07, -1.75986651e-07,  4.10593569e-07,
       -6.28097362e-07,  1.01218931e-07, -1.16578142e-06,  1.80301491e-05,
        3.36642778e-06,  9.14288328e-07, -7.69393406e-07,  3.35385175e-06,
       -4.92956895e-06,  9.77583701e-08, -2.18333742e-07, -2.09797630e-05,
       -2.58382284e-05, -6.66426701e-06,  5.24739226e-05,  1.02953982e-04,
       -2.88118077e-05, -3.81837831e-05,  1.67758755e-06,  1.69259584e-07,
        2.81045064e-04, -3.21431723e-04, -4.76880999e-04,  1.13949675e-03,
        4.25302209e-04, -1.67272927e-04, -6.64073226e-05,  2.80661878e-06,
       -7.97767962e-07, -2.94769975e-04,  1.19256957e-02, -1.89533628e-02,
        9.53666537e-03,  3.01169533e-03, -1.32861107e-03, -6.68996229e-05,
        4.93742710e-07,  5.31329350e-07, -9.37387975e-02,  1.26102364e-01,
       -7.52492769e-02,  3.46228151e-03,  8.76114863e-03,  1.31351613e-03,
       -9.59271218e-05, -8.44289910e-06,  1.61386969e-06, -1.34649281e+00,
        5.07160806e-01, -5.98299052e-02,  8.69718522e-04, -3.06837080e-03,
       -1.12366563e-03, -8.40695888e-05,  4.20413498e-07, -2.93315065e-06,
        2.37015518e-06, -2.44435602e-05,  4.90828409e-04,  1.59668165e-03,
        1.00228451e-02,  2.17733919e-02, -2.85085349e-01, -2.13941319e+00,
       -2.11018435e-07,  8.77350041e-06, -2.04290430e-04,  4.28960491e-03,
        1.32426225e-02,  7.73311236e-02,  1.47090326e-01, -1.24323253e+00,
       -2.78839241e-06,  1.26875131e-05, -2.03260009e-04, -2.10582284e-04,
       -6.49466550e-03,  1.16900394e-02,  7.29011656e-02, -2.35168454e-01,
       -9.65354071e-07, -9.41548526e-07, -2.86130125e-05,  1.17534806e-03,
       -2.95009990e-03, -4.58603428e-03,  1.67439439e-02, -2.77357653e-02,
        3.79900140e-07, -8.96800032e-07,  2.32217486e-05,  1.60415730e-04,
       -3.89419157e-04, -4.93849897e-04,  4.00536607e-05, -7.58785671e-04,
       -2.71825669e-08, -1.04689042e-06,  2.63558501e-05,  3.96660087e-05,
       -8.51931978e-05,  2.54165822e-05, -1.04698299e-04,  3.36961756e-05,
        1.18892031e-07,  7.47708178e-08, -5.86981179e-06, -2.94868627e-08,
       -2.61632039e-06, -6.50147089e-07, -2.60405028e-06, -7.23298322e-07,
        1.87579844e-07, -7.71283820e-07, -9.40963079e-09, -3.55337373e-07,
        2.11102909e-07, -2.01724470e-07, -6.05639149e-08, -8.17418315e-08,
       -1.34574245e-08, -1.20721454e-08,  3.70256651e-08, -9.99218583e-10,
        9.82317966e-09,  1.10056177e-09, -2.08444139e-08,  3.06390232e-09],      dtype=float64),
                   'Zeff_l': Array([0.8478691 , 0.18851412, 0.0853404 , 0.07795972, 0.06560563],      dtype=float64),
                   'a_lmn': Array([], shape=(0,), dtype=float64),
                   'c_l': Array([0., 0., 0., 0., 0.], dtype=float64),
                   'i_l': Array([], shape=(0,), dtype=float64),
                   'ne_l': Array([ 1.58622612e+20, -4.20075030e-21, -3.86001746e-21, -3.39360913e-21,
       -3.20375097e-21, -4.04524727e+20], dtype=float64),
                   'ni_l': Array([], shape=(0,), dtype=float64),
                   'p_l': Array([], shape=(0,), dtype=float64)}]],
  'message': 'A bad approximation caused failure to predict improvement.',
  'nfev': 41,
  'nit': 14,
  'njev': 13,
  'optimality': Array(1.03990311, dtype=float64),
  'penalty_param': Array([10.], dtype=float64),
  's': Array([], shape=(0,), dtype=float64),
  'success': False,
  'v': Array([1., 1., 1., 1., 1., 1., 1., 1., 1., 1., 1., 1., 1., 1., 1., 1., 1.,
       1., 1., 1., 1., 1., 1., 1., 1., 1., 1., 1., 1., 1., 1., 1., 1., 1.,
       1., 1., 1., 1., 1., 1., 1., 1., 1., 1., 1., 1., 1., 1., 1., 1., 1.,
       1., 1., 1., 1., 1., 1., 1., 1., 1., 1., 1., 1., 1., 1., 1., 1., 1.,
       1., 1., 1., 1., 1., 1., 1., 1., 1., 1., 1., 1., 1., 1., 1., 1., 1.,
       1., 1., 1., 1., 1., 1., 1., 1., 1., 1., 1., 1., 1., 1., 1., 1., 1.,
       1., 1., 1., 1., 1., 1., 1., 1., 1., 1., 1., 1., 1., 1., 1., 1., 1.,
       1., 1., 1., 1., 1., 1., 1., 1., 1., 1., 1., 1., 1., 1., 1., 1., 1.,
       1., 1., 1., 1., 1., 1., 1., 1., 1., 1., 1., 1., 1., 1., 1., 1., 1.,
       1., 1., 1., 1., 1., 1., 1., 1., 1., 1., 1., 1., 1., 1., 1., 1., 1.,
       1., 1., 1., 1., 1., 1., 1., 1., 1., 1., 1., 1., 1., 1., 1., 1., 1.,
       1., 1.], dtype=float64),
  'x': Array([ 6.85445960e-01, -1.08197837e+00, -1.15250921e+00, -8.86755159e-01,
       -1.58494958e-01,  7.43008247e-01, -4.20075030e-21, -3.86001746e-21,
       -3.39360913e-21, -3.20375097e-21, -1.04727943e+00,  3.83501236e-01,
       -1.19503342e+00, -1.99244621e+00, -1.25498490e+00, -3.03263822e-01,
        8.47869096e-01,  1.88514122e-01,  8.53404001e-02,  7.79597225e-02,
        6.56056290e-02,  1.22735628e-05, -6.75224943e-06,  5.02583179e-06,
        1.01400470e-05, -1.05862827e-05,  7.80575157e-06, -5.56635755e-06,
        5.38943259e-05,  1.12105872e-04, -2.81855731e-04, -6.41408250e-05,
        7.23555213e-05,  8.45699792e-07,  8.90715709e-04, -1.37921274e-03,
        4.23455150e-05,  7.30386709e-05, -1.12043443e-03, -9.52108697e-05,
       -2.99576491e-04, -6.13677951e-04,  3.13373018e-03,  7.25251402e-03,
       -2.16944187e-02, -2.52815358e-05,  2.41688825e-03,  9.01218434e-05,
       -1.21025743e-02,  1.38166878e-01, -2.82614811e-01,  4.49957412e-04,
       -4.40781633e-03, -4.37866436e-03,  7.52374251e-02,  6.16655011e-02,
       -1.46554435e+00,  1.69340470e+00,  3.29473663e-01, -2.95263898e-02,
       -2.03674114e-02, -2.72943383e-04, -2.16805882e-04,  1.92872120e+00,
       -7.59036204e-01,  4.85171881e-02,  1.95583646e-02, -9.54724105e-03,
       -2.75219737e-03,  2.26700006e-04,  9.98744247e-02, -1.50940804e-01,
        1.43710039e-01, -2.43244261e-02, -3.74446295e-03,  1.23640659e-03,
        1.91291935e-04, -5.18896071e-04, -7.20203717e-03,  8.62767622e-03,
       -1.75292626e-03, -7.73634115e-04, -2.99152233e-04,  2.28997104e-05,
       -9.90444092e-05, -2.75316227e-04,  8.01695821e-04, -8.23981680e-04,
       -1.40090170e-03,  9.22211567e-04, -6.51614854e-06, -2.59401596e-06,
        1.12628643e-04,  2.05031619e-05, -3.32715469e-04,  8.00230373e-05,
        6.62101451e-05,  2.01689356e-05,  5.05278581e-06, -4.96041556e-06,
       -1.29461562e-05,  8.05675151e-06,  8.69347319e-06,  1.90407424e-07,
        1.31740430e-05, -1.16578142e-06,  1.80301491e-05,  3.36642778e-06,
        9.14288328e-07, -7.69393406e-07,  3.35385175e-06, -4.92956895e-06,
       -2.09797630e-05, -2.58382284e-05, -6.66426701e-06,  5.24739226e-05,
        1.02953982e-04, -2.88118077e-05, -3.81837831e-05,  2.81045064e-04,
       -3.21431723e-04, -4.76880999e-04,  1.13949675e-03,  4.25302209e-04,
       -1.67272927e-04, -6.64073226e-05, -2.94769975e-04,  1.19256957e-02,
       -1.89533628e-02,  9.53666537e-03,  3.01169533e-03, -1.32861107e-03,
       -6.68996229e-05, -9.37387975e-02,  1.26102364e-01, -7.52492769e-02,
        3.46228151e-03,  8.76114863e-03,  1.31351613e-03, -9.59271218e-05,
       -1.34649281e+00,  5.07160806e-01, -5.98299052e-02,  8.69718522e-04,
       -3.06837080e-03, -1.12366563e-03, -8.40695888e-05,  4.90828409e-04,
        1.59668165e-03,  1.00228451e-02,  2.17733919e-02, -2.85085349e-01,
       -2.13941319e+00, -2.04290430e-04,  4.28960491e-03,  1.32426225e-02,
        7.73311236e-02,  1.47090326e-01, -1.24323253e+00, -2.03260009e-04,
       -2.10582284e-04, -6.49466550e-03,  1.16900394e-02,  7.29011656e-02,
       -2.35168454e-01, -2.86130125e-05,  1.17534806e-03, -2.95009990e-03,
       -4.58603428e-03,  1.67439439e-02, -2.77357653e-02,  2.32217486e-05,
        1.60415730e-04, -3.89419157e-04, -4.93849897e-04,  4.00536607e-05,
       -7.58785671e-04,  2.63558501e-05,  3.96660087e-05, -8.51931978e-05,
        2.54165822e-05, -1.04698299e-04,  3.36961756e-05, -5.86981179e-06,
       -2.94868627e-08, -2.61632039e-06, -6.50147089e-07, -2.60405028e-06,
       -7.23298322e-07], dtype=float64),
  'x_scale': 'auto',
  'y': Array([0.], dtype=float64)}
